experiment	validation	fold	class_label	transformed_feature	coefficient	absolute_coefficient
bound_geometry	receptor_grouped_5fold	0	Gi/o	numeric__bound__activation_consensus_score	0.0	0.0
bound_geometry	receptor_grouped_5fold	0	Gi/o	numeric__bound__tm6_r350_634_distance	-0.15761559093475216	0.15761559093475216
bound_geometry	receptor_grouped_5fold	0	Gi/o	numeric__bound__tm6_aligned_displacement	-0.11702345054243771	0.11702345054243771
bound_geometry	receptor_grouped_5fold	0	Gi/o	numeric__bound__tm7_displacement	0.0	0.0
bound_geometry	receptor_grouped_5fold	0	Gi/o	numeric__bound__tm3_tm7_distance	0.08083445570502658	0.08083445570502658
bound_geometry	receptor_grouped_5fold	0	Gi/o	numeric__bound__tm6_r350_630_distance	-0.05147298887260961	0.05147298887260961
bound_geometry	receptor_grouped_5fold	0	Gi/o	numeric__bound__dry_r350_630_min_distance	-0.11829122385427991	0.11829122385427991
bound_geometry	receptor_grouped_5fold	0	Gi/o	numeric__bound__dry_r350_630_ca_distance	-0.05147298887260961	0.05147298887260961
bound_geometry	receptor_grouped_5fold	0	Gi/o	numeric__bound__dry_d349_r350_min_distance	0.0035198581006641873	0.0035198581006641873
bound_geometry	receptor_grouped_5fold	0	Gi/o	numeric__bound__r350_chi1	0.0	0.0
bound_geometry	receptor_grouped_5fold	0	Gi/o	numeric__bound__r350_chi2	0.0	0.0
bound_geometry	receptor_grouped_5fold	0	Gi/o	numeric__bound__pif_550_340_distance	0.0	0.0
bound_geometry	receptor_grouped_5fold	0	Gi/o	numeric__bound__pif_340_644_distance	0.04366413174294939	0.04366413174294939
bound_geometry	receptor_grouped_5fold	0	Gi/o	numeric__bound__pif_550_644_distance	0.0	0.0
bound_geometry	receptor_grouped_5fold	0	Gi/o	numeric__bound__pif_550_340_min_distance	0.0	0.0
bound_geometry	receptor_grouped_5fold	0	Gi/o	numeric__bound__pif_340_644_min_distance	0.11438356923784782	0.11438356923784782
bound_geometry	receptor_grouped_5fold	0	Gi/o	numeric__bound__pif_550_644_min_distance	0.0	0.0
bound_geometry	receptor_grouped_5fold	0	Gi/o	numeric__bound__pif_triangle_perimeter	0.0	0.0
bound_geometry	receptor_grouped_5fold	0	Gi/o	numeric__bound__position_644_chi1	-0.14798310639980292	0.14798310639980292
bound_geometry	receptor_grouped_5fold	0	Gi/o	numeric__bound__position_644_chi2	-0.15759382059604338	0.15759382059604338
bound_geometry	receptor_grouped_5fold	0	Gi/o	numeric__bound__w648_chi1	0.0	0.0
bound_geometry	receptor_grouped_5fold	0	Gi/o	numeric__bound__w648_chi2	0.0	0.0
bound_geometry	receptor_grouped_5fold	0	Gi/o	numeric__bound__w648_displacement	0.0	0.0
bound_geometry	receptor_grouped_5fold	0	Gi/o	numeric__bound__w648_to_644_distance	0.0	0.0
bound_geometry	receptor_grouped_5fold	0	Gi/o	numeric__bound__cwxp_647_650_distance	0.0	0.0
bound_geometry	receptor_grouped_5fold	0	Gi/o	numeric__bound__y753_chi1	0.0	0.0
bound_geometry	receptor_grouped_5fold	0	Gi/o	numeric__bound__y753_chi2	0.0	0.0
bound_geometry	receptor_grouped_5fold	0	Gi/o	numeric__bound__y753_y558_distance	0.0	0.0
bound_geometry	receptor_grouped_5fold	0	Gi/o	numeric__bound__y753_y558_min_distance	0.0	0.0
bound_geometry	receptor_grouped_5fold	0	Gi/o	numeric__bound__n749_y753_distance	0.0	0.0
bound_geometry	receptor_grouped_5fold	0	Gi/o	numeric__bound__npxxy_local_spread	0.0	0.0
bound_geometry	receptor_grouped_5fold	0	Gi/o	numeric__bound__y753_displacement	0.0	0.0
bound_geometry	receptor_grouped_5fold	0	Gi/o	numeric__bound__sodium_d250_s339_distance	0.0	0.0
bound_geometry	receptor_grouped_5fold	0	Gi/o	numeric__bound__sodium_d250_n745_distance	0.0	0.0
bound_geometry	receptor_grouped_5fold	0	Gi/o	numeric__bound__sodium_d250_s746_distance	0.05570754249583156	0.05570754249583156
bound_geometry	receptor_grouped_5fold	0	Gi/o	numeric__bound__sodium_d250_n749_distance	0.0	0.0
bound_geometry	receptor_grouped_5fold	0	Gi/o	numeric__bound__sodium_pocket_volume	0.0	0.0
bound_geometry	receptor_grouped_5fold	0	Gi/o	numeric__bound__sodium_pocket_spread	0.0	0.0
bound_geometry	receptor_grouped_5fold	0	Gi/o	numeric__bound__tm7_rotation	0.0	0.0
bound_geometry	receptor_grouped_5fold	0	Gi/o	numeric__bound__icl2_generic_ca_count	0.0	0.0
bound_geometry	receptor_grouped_5fold	0	Gi/o	numeric__bound__icl2_end_to_end_distance	0.04412597828404892	0.04412597828404892
bound_geometry	receptor_grouped_5fold	0	Gi/o	numeric__bound__icl2_centroid_to_r350	0.0	0.0
bound_geometry	receptor_grouped_5fold	0	Gi/o	numeric__bound__icl2_centroid_to_tm5_561	0.0	0.0
bound_geometry	receptor_grouped_5fold	0	Gi/o	numeric__bound__icl2_centroid_to_tm6_634	-0.09965060434273675	0.09965060434273675
bound_geometry	receptor_grouped_5fold	0	Gi/o	numeric__bound__icl2_centroid_to_tm7_753	0.13617073800746854	0.13617073800746854
bound_geometry	receptor_grouped_5fold	0	Gi/o	numeric__bound__icl2_axis_tm3_angle	0.0	0.0
bound_geometry	receptor_grouped_5fold	0	Gi/o	numeric__bound__icl2_axis_tm5_angle	0.08209918451733693	0.08209918451733693
bound_geometry	receptor_grouped_5fold	0	Gi/o	numeric__bound__icl2_active_reference_displacement	0.0	0.0
bound_geometry	receptor_grouped_5fold	0	Gi/o	numeric__bound__tm5_cytoplasmic_extension	0.0	0.0
bound_geometry	receptor_grouped_5fold	0	Gi/o	numeric__bound__tm5_cytoplasmic_kink	0.0	0.0
bound_geometry	receptor_grouped_5fold	0	Gi/o	numeric__bound__tm5_r350_561_distance	0.0	0.0
bound_geometry	receptor_grouped_5fold	0	Gi/o	numeric__bound__tm5_r350_564_distance	0.0	0.0
bound_geometry	receptor_grouped_5fold	0	Gi/o	numeric__bound__tm5_tm6_cavity_distance	0.0	0.0
bound_geometry	receptor_grouped_5fold	0	Gi/o	numeric__bound__tm5_axis_tm3_angle	0.0	0.0
bound_geometry	receptor_grouped_5fold	0	Gi/o	numeric__bound__tm6_lower_upper_kink	0.0	0.0
bound_geometry	receptor_grouped_5fold	0	Gi/o	numeric__bound__tm6_axis_tm3_angle	-0.21204717555057803	0.21204717555057803
bound_geometry	receptor_grouped_5fold	0	Gi/o	numeric__bound__tm6_tm7_cavity_distance	0.0	0.0
bound_geometry	receptor_grouped_5fold	0	Gi/o	numeric__bound__tm7_h8_angle	0.0	0.0
bound_geometry	receptor_grouped_5fold	0	Gi/o	numeric__bound__h8_end_to_end_distance	0.0	0.0
bound_geometry	receptor_grouped_5fold	0	Gi/o	numeric__bound__h8_r350_distance	0.0	0.0
bound_geometry	receptor_grouped_5fold	0	Gi/o	numeric__bound__h8_tm6_distance	0.0	0.0
bound_geometry	receptor_grouped_5fold	0	Gi/o	numeric__bound__icl2_helix_fraction	0.0	0.0
bound_geometry	receptor_grouped_5fold	0	Gi/o	numeric__bound__icl2_longest_helix	0.0	0.0
bound_geometry	receptor_grouped_5fold	0	Gi/o	numeric__bound__icl2_mean_phi	0.26857322076936946	0.26857322076936946
bound_geometry	receptor_grouped_5fold	0	Gi/o	numeric__bound__icl2_mean_psi	0.0	0.0
bound_geometry	receptor_grouped_5fold	0	Gi/o	numeric__bound__intracellular_cavity_core_volume	0.0	0.0
bound_geometry	receptor_grouped_5fold	0	Gi/o	numeric__bound__intracellular_cavity_core_mouth_area	0.0	0.0
bound_geometry	receptor_grouped_5fold	0	Gi/o	numeric__bound__intracellular_cavity_core_depth	0.0	0.0
bound_geometry	receptor_grouped_5fold	0	Gi/o	numeric__bound__intracellular_cavity_core_maximum_width	0.0	0.0
bound_geometry	receptor_grouped_5fold	0	Gi/o	numeric__bound__intracellular_cavity_core_average_cross_section	0.0	0.0
bound_geometry	receptor_grouped_5fold	0	Gi/o	numeric__bound__intracellular_cavity_core_bottleneck_area	0.0	0.0
bound_geometry	receptor_grouped_5fold	0	Gi/o	numeric__bound__intracellular_cavity_core_bottleneck_radius	0.0	0.0
bound_geometry	receptor_grouped_5fold	0	Gi/o	numeric__bound__intracellular_cavity_core_max_inscribed_radius	0.0	0.0
bound_geometry	receptor_grouped_5fold	0	Gi/o	numeric__bound__intracellular_cavity_core_surface_area	0.0	0.0
bound_geometry	receptor_grouped_5fold	0	Gi/o	numeric__bound__intracellular_cavity_core_centroid_x	0.0	0.0
bound_geometry	receptor_grouped_5fold	0	Gi/o	numeric__bound__intracellular_cavity_core_centroid_y	0.0	0.0
bound_geometry	receptor_grouped_5fold	0	Gi/o	numeric__bound__intracellular_cavity_core_centroid_z	0.0	0.0
bound_geometry	receptor_grouped_5fold	0	Gi/o	numeric__bound__intracellular_cavity_core_principal_length_1	0.0	0.0
bound_geometry	receptor_grouped_5fold	0	Gi/o	numeric__bound__intracellular_cavity_core_principal_length_2	0.0005885016580125845	0.0005885016580125845
bound_geometry	receptor_grouped_5fold	0	Gi/o	numeric__bound__intracellular_cavity_core_principal_length_3	-0.06849167490049675	0.06849167490049675
bound_geometry	receptor_grouped_5fold	0	Gi/o	numeric__bound__intracellular_cavity_core_principal_axis_1_z_alignment	0.0	0.0
bound_geometry	receptor_grouped_5fold	0	Gi/o	numeric__bound__intracellular_cavity_core_eccentricity	0.041466963911263005	0.041466963911263005
bound_geometry	receptor_grouped_5fold	0	Gi/o	numeric__bound__intracellular_cavity_core_sphericity	-0.014212123922995742	0.014212123922995742
bound_geometry	receptor_grouped_5fold	0	Gi/o	numeric__bound__intracellular_cavity_core_asymmetry	0.0	0.0
bound_geometry	receptor_grouped_5fold	0	Gi/o	numeric__bound__intracellular_cavity_core_tm3_side_fraction	0.0	0.0
bound_geometry	receptor_grouped_5fold	0	Gi/o	numeric__bound__intracellular_cavity_core_tm6_side_fraction	0.0	0.0
bound_geometry	receptor_grouped_5fold	0	Gi/o	numeric__bound__intracellular_cavity_core_tm5_side_fraction	0.0	0.0
bound_geometry	receptor_grouped_5fold	0	Gi/o	numeric__bound__intracellular_cavity_core_tm7_side_fraction	0.0	0.0
bound_geometry	receptor_grouped_5fold	0	Gi/o	numeric__bound__intracellular_cavity_core_wall_fraction_h8	0.0	0.0
bound_geometry	receptor_grouped_5fold	0	Gi/o	numeric__bound__intracellular_cavity_core_wall_fraction_icl2	0.0	0.0
bound_geometry	receptor_grouped_5fold	0	Gi/o	numeric__bound__intracellular_cavity_core_wall_fraction_tm3	0.013149842889130408	0.013149842889130408
bound_geometry	receptor_grouped_5fold	0	Gi/o	numeric__bound__intracellular_cavity_core_wall_fraction_tm7	0.0	0.0
bound_geometry	receptor_grouped_5fold	0	Gq/11	numeric__bound__activation_consensus_score	0.0	0.0
bound_geometry	receptor_grouped_5fold	0	Gq/11	numeric__bound__tm6_r350_634_distance	0.0	0.0
bound_geometry	receptor_grouped_5fold	0	Gq/11	numeric__bound__tm6_aligned_displacement	0.0	0.0
bound_geometry	receptor_grouped_5fold	0	Gq/11	numeric__bound__tm7_displacement	0.0	0.0
bound_geometry	receptor_grouped_5fold	0	Gq/11	numeric__bound__tm3_tm7_distance	-0.0017643648694900553	0.0017643648694900553
bound_geometry	receptor_grouped_5fold	0	Gq/11	numeric__bound__tm6_r350_630_distance	0.0	0.0
bound_geometry	receptor_grouped_5fold	0	Gq/11	numeric__bound__dry_r350_630_min_distance	0.0	0.0
bound_geometry	receptor_grouped_5fold	0	Gq/11	numeric__bound__dry_r350_630_ca_distance	0.0	0.0
bound_geometry	receptor_grouped_5fold	0	Gq/11	numeric__bound__dry_d349_r350_min_distance	0.0	0.0
bound_geometry	receptor_grouped_5fold	0	Gq/11	numeric__bound__r350_chi1	0.0	0.0
bound_geometry	receptor_grouped_5fold	0	Gq/11	numeric__bound__r350_chi2	0.0	0.0
bound_geometry	receptor_grouped_5fold	0	Gq/11	numeric__bound__pif_550_340_distance	0.009473102303249232	0.009473102303249232
bound_geometry	receptor_grouped_5fold	0	Gq/11	numeric__bound__pif_340_644_distance	-0.29366730433755794	0.29366730433755794
bound_geometry	receptor_grouped_5fold	0	Gq/11	numeric__bound__pif_550_644_distance	0.0	0.0
bound_geometry	receptor_grouped_5fold	0	Gq/11	numeric__bound__pif_550_340_min_distance	0.0	0.0
bound_geometry	receptor_grouped_5fold	0	Gq/11	numeric__bound__pif_340_644_min_distance	0.0	0.0
bound_geometry	receptor_grouped_5fold	0	Gq/11	numeric__bound__pif_550_644_min_distance	0.1321808332349306	0.1321808332349306
bound_geometry	receptor_grouped_5fold	0	Gq/11	numeric__bound__pif_triangle_perimeter	0.0	0.0
bound_geometry	receptor_grouped_5fold	0	Gq/11	numeric__bound__position_644_chi1	0.0	0.0
bound_geometry	receptor_grouped_5fold	0	Gq/11	numeric__bound__position_644_chi2	0.1557423578744513	0.1557423578744513
bound_geometry	receptor_grouped_5fold	0	Gq/11	numeric__bound__w648_chi1	0.13410913249059506	0.13410913249059506
bound_geometry	receptor_grouped_5fold	0	Gq/11	numeric__bound__w648_chi2	0.0	0.0
bound_geometry	receptor_grouped_5fold	0	Gq/11	numeric__bound__w648_displacement	0.0	0.0
bound_geometry	receptor_grouped_5fold	0	Gq/11	numeric__bound__w648_to_644_distance	-0.033218434316883795	0.033218434316883795
bound_geometry	receptor_grouped_5fold	0	Gq/11	numeric__bound__cwxp_647_650_distance	0.09018200839616124	0.09018200839616124
bound_geometry	receptor_grouped_5fold	0	Gq/11	numeric__bound__y753_chi1	0.0	0.0
bound_geometry	receptor_grouped_5fold	0	Gq/11	numeric__bound__y753_chi2	0.009335278682420083	0.009335278682420083
bound_geometry	receptor_grouped_5fold	0	Gq/11	numeric__bound__y753_y558_distance	0.0	0.0
bound_geometry	receptor_grouped_5fold	0	Gq/11	numeric__bound__y753_y558_min_distance	0.0	0.0
bound_geometry	receptor_grouped_5fold	0	Gq/11	numeric__bound__n749_y753_distance	0.0	0.0
bound_geometry	receptor_grouped_5fold	0	Gq/11	numeric__bound__npxxy_local_spread	0.0	0.0
bound_geometry	receptor_grouped_5fold	0	Gq/11	numeric__bound__y753_displacement	0.0	0.0
bound_geometry	receptor_grouped_5fold	0	Gq/11	numeric__bound__sodium_d250_s339_distance	0.0	0.0
bound_geometry	receptor_grouped_5fold	0	Gq/11	numeric__bound__sodium_d250_n745_distance	0.0	0.0
bound_geometry	receptor_grouped_5fold	0	Gq/11	numeric__bound__sodium_d250_s746_distance	-0.1513746347861659	0.1513746347861659
bound_geometry	receptor_grouped_5fold	0	Gq/11	numeric__bound__sodium_d250_n749_distance	0.0	0.0
bound_geometry	receptor_grouped_5fold	0	Gq/11	numeric__bound__sodium_pocket_volume	0.0	0.0
bound_geometry	receptor_grouped_5fold	0	Gq/11	numeric__bound__sodium_pocket_spread	0.0	0.0
bound_geometry	receptor_grouped_5fold	0	Gq/11	numeric__bound__tm7_rotation	0.0	0.0
bound_geometry	receptor_grouped_5fold	0	Gq/11	numeric__bound__icl2_generic_ca_count	0.0	0.0
bound_geometry	receptor_grouped_5fold	0	Gq/11	numeric__bound__icl2_end_to_end_distance	0.0	0.0
bound_geometry	receptor_grouped_5fold	0	Gq/11	numeric__bound__icl2_centroid_to_r350	0.0	0.0
bound_geometry	receptor_grouped_5fold	0	Gq/11	numeric__bound__icl2_centroid_to_tm5_561	0.07537491795761796	0.07537491795761796
bound_geometry	receptor_grouped_5fold	0	Gq/11	numeric__bound__icl2_centroid_to_tm6_634	0.0	0.0
bound_geometry	receptor_grouped_5fold	0	Gq/11	numeric__bound__icl2_centroid_to_tm7_753	-0.030987304598619266	0.030987304598619266
bound_geometry	receptor_grouped_5fold	0	Gq/11	numeric__bound__icl2_axis_tm3_angle	0.06469599919551838	0.06469599919551838
bound_geometry	receptor_grouped_5fold	0	Gq/11	numeric__bound__icl2_axis_tm5_angle	0.0	0.0
bound_geometry	receptor_grouped_5fold	0	Gq/11	numeric__bound__icl2_active_reference_displacement	0.0	0.0
bound_geometry	receptor_grouped_5fold	0	Gq/11	numeric__bound__tm5_cytoplasmic_extension	0.0	0.0
bound_geometry	receptor_grouped_5fold	0	Gq/11	numeric__bound__tm5_cytoplasmic_kink	-0.010624622759419094	0.010624622759419094
bound_geometry	receptor_grouped_5fold	0	Gq/11	numeric__bound__tm5_r350_561_distance	0.0	0.0
bound_geometry	receptor_grouped_5fold	0	Gq/11	numeric__bound__tm5_r350_564_distance	0.2674833353068386	0.2674833353068386
bound_geometry	receptor_grouped_5fold	0	Gq/11	numeric__bound__tm5_tm6_cavity_distance	0.0	0.0
bound_geometry	receptor_grouped_5fold	0	Gq/11	numeric__bound__tm5_axis_tm3_angle	0.0	0.0
bound_geometry	receptor_grouped_5fold	0	Gq/11	numeric__bound__tm6_lower_upper_kink	0.0	0.0
bound_geometry	receptor_grouped_5fold	0	Gq/11	numeric__bound__tm6_axis_tm3_angle	0.0	0.0
bound_geometry	receptor_grouped_5fold	0	Gq/11	numeric__bound__tm6_tm7_cavity_distance	0.0	0.0
bound_geometry	receptor_grouped_5fold	0	Gq/11	numeric__bound__tm7_h8_angle	0.0	0.0
bound_geometry	receptor_grouped_5fold	0	Gq/11	numeric__bound__h8_end_to_end_distance	0.0	0.0
bound_geometry	receptor_grouped_5fold	0	Gq/11	numeric__bound__h8_r350_distance	0.0	0.0
bound_geometry	receptor_grouped_5fold	0	Gq/11	numeric__bound__h8_tm6_distance	0.0	0.0
bound_geometry	receptor_grouped_5fold	0	Gq/11	numeric__bound__icl2_helix_fraction	0.0	0.0
bound_geometry	receptor_grouped_5fold	0	Gq/11	numeric__bound__icl2_longest_helix	0.0	0.0
bound_geometry	receptor_grouped_5fold	0	Gq/11	numeric__bound__icl2_mean_phi	-0.31464421148515853	0.31464421148515853
bound_geometry	receptor_grouped_5fold	0	Gq/11	numeric__bound__icl2_mean_psi	0.0	0.0
bound_geometry	receptor_grouped_5fold	0	Gq/11	numeric__bound__intracellular_cavity_core_volume	0.0	0.0
bound_geometry	receptor_grouped_5fold	0	Gq/11	numeric__bound__intracellular_cavity_core_mouth_area	0.0	0.0
bound_geometry	receptor_grouped_5fold	0	Gq/11	numeric__bound__intracellular_cavity_core_depth	0.0	0.0
bound_geometry	receptor_grouped_5fold	0	Gq/11	numeric__bound__intracellular_cavity_core_maximum_width	0.0	0.0
bound_geometry	receptor_grouped_5fold	0	Gq/11	numeric__bound__intracellular_cavity_core_average_cross_section	0.0	0.0
bound_geometry	receptor_grouped_5fold	0	Gq/11	numeric__bound__intracellular_cavity_core_bottleneck_area	0.0	0.0
bound_geometry	receptor_grouped_5fold	0	Gq/11	numeric__bound__intracellular_cavity_core_bottleneck_radius	0.0	0.0
bound_geometry	receptor_grouped_5fold	0	Gq/11	numeric__bound__intracellular_cavity_core_max_inscribed_radius	0.0	0.0
bound_geometry	receptor_grouped_5fold	0	Gq/11	numeric__bound__intracellular_cavity_core_surface_area	0.0	0.0
bound_geometry	receptor_grouped_5fold	0	Gq/11	numeric__bound__intracellular_cavity_core_centroid_x	0.0	0.0
bound_geometry	receptor_grouped_5fold	0	Gq/11	numeric__bound__intracellular_cavity_core_centroid_y	0.0	0.0
bound_geometry	receptor_grouped_5fold	0	Gq/11	numeric__bound__intracellular_cavity_core_centroid_z	0.0	0.0
bound_geometry	receptor_grouped_5fold	0	Gq/11	numeric__bound__intracellular_cavity_core_principal_length_1	0.0	0.0
bound_geometry	receptor_grouped_5fold	0	Gq/11	numeric__bound__intracellular_cavity_core_principal_length_2	-0.1049399208825714	0.1049399208825714
bound_geometry	receptor_grouped_5fold	0	Gq/11	numeric__bound__intracellular_cavity_core_principal_length_3	0.0	0.0
bound_geometry	receptor_grouped_5fold	0	Gq/11	numeric__bound__intracellular_cavity_core_principal_axis_1_z_alignment	0.01627768213384647	0.01627768213384647
bound_geometry	receptor_grouped_5fold	0	Gq/11	numeric__bound__intracellular_cavity_core_eccentricity	0.0	0.0
bound_geometry	receptor_grouped_5fold	0	Gq/11	numeric__bound__intracellular_cavity_core_sphericity	0.0	0.0
bound_geometry	receptor_grouped_5fold	0	Gq/11	numeric__bound__intracellular_cavity_core_asymmetry	0.0	0.0
bound_geometry	receptor_grouped_5fold	0	Gq/11	numeric__bound__intracellular_cavity_core_tm3_side_fraction	0.0	0.0
bound_geometry	receptor_grouped_5fold	0	Gq/11	numeric__bound__intracellular_cavity_core_tm6_side_fraction	0.0	0.0
bound_geometry	receptor_grouped_5fold	0	Gq/11	numeric__bound__intracellular_cavity_core_tm5_side_fraction	0.0	0.0
bound_geometry	receptor_grouped_5fold	0	Gq/11	numeric__bound__intracellular_cavity_core_tm7_side_fraction	0.0	0.0
bound_geometry	receptor_grouped_5fold	0	Gq/11	numeric__bound__intracellular_cavity_core_wall_fraction_h8	0.0	0.0
bound_geometry	receptor_grouped_5fold	0	Gq/11	numeric__bound__intracellular_cavity_core_wall_fraction_icl2	0.0004252681052171968	0.0004252681052171968
bound_geometry	receptor_grouped_5fold	0	Gq/11	numeric__bound__intracellular_cavity_core_wall_fraction_tm3	0.0	0.0
bound_geometry	receptor_grouped_5fold	0	Gq/11	numeric__bound__intracellular_cavity_core_wall_fraction_tm7	0.0	0.0
bound_geometry	receptor_grouped_5fold	0	Gs	numeric__bound__activation_consensus_score	0.23301164833064006	0.23301164833064006
bound_geometry	receptor_grouped_5fold	0	Gs	numeric__bound__tm6_r350_634_distance	0.0	0.0
bound_geometry	receptor_grouped_5fold	0	Gs	numeric__bound__tm6_aligned_displacement	0.04882892295196777	0.04882892295196777
bound_geometry	receptor_grouped_5fold	0	Gs	numeric__bound__tm7_displacement	0.0	0.0
bound_geometry	receptor_grouped_5fold	0	Gs	numeric__bound__tm3_tm7_distance	0.0	0.0
bound_geometry	receptor_grouped_5fold	0	Gs	numeric__bound__tm6_r350_630_distance	0.2086899422113981	0.2086899422113981
bound_geometry	receptor_grouped_5fold	0	Gs	numeric__bound__dry_r350_630_min_distance	0.1506840191659448	0.1506840191659448
bound_geometry	receptor_grouped_5fold	0	Gs	numeric__bound__dry_r350_630_ca_distance	0.2086899422113981	0.2086899422113981
bound_geometry	receptor_grouped_5fold	0	Gs	numeric__bound__dry_d349_r350_min_distance	0.0	0.0
bound_geometry	receptor_grouped_5fold	0	Gs	numeric__bound__r350_chi1	0.0	0.0
bound_geometry	receptor_grouped_5fold	0	Gs	numeric__bound__r350_chi2	0.0	0.0
bound_geometry	receptor_grouped_5fold	0	Gs	numeric__bound__pif_550_340_distance	0.0	0.0
bound_geometry	receptor_grouped_5fold	0	Gs	numeric__bound__pif_340_644_distance	0.0	0.0
bound_geometry	receptor_grouped_5fold	0	Gs	numeric__bound__pif_550_644_distance	0.0	0.0
bound_geometry	receptor_grouped_5fold	0	Gs	numeric__bound__pif_550_340_min_distance	0.0	0.0
bound_geometry	receptor_grouped_5fold	0	Gs	numeric__bound__pif_340_644_min_distance	0.0	0.0
bound_geometry	receptor_grouped_5fold	0	Gs	numeric__bound__pif_550_644_min_distance	-0.010898956439386947	0.010898956439386947
bound_geometry	receptor_grouped_5fold	0	Gs	numeric__bound__pif_triangle_perimeter	0.0	0.0
bound_geometry	receptor_grouped_5fold	0	Gs	numeric__bound__position_644_chi1	0.0	0.0
bound_geometry	receptor_grouped_5fold	0	Gs	numeric__bound__position_644_chi2	0.0	0.0
bound_geometry	receptor_grouped_5fold	0	Gs	numeric__bound__w648_chi1	-0.28355608094851203	0.28355608094851203
bound_geometry	receptor_grouped_5fold	0	Gs	numeric__bound__w648_chi2	0.0	0.0
bound_geometry	receptor_grouped_5fold	0	Gs	numeric__bound__w648_displacement	0.0	0.0
bound_geometry	receptor_grouped_5fold	0	Gs	numeric__bound__w648_to_644_distance	0.0	0.0
bound_geometry	receptor_grouped_5fold	0	Gs	numeric__bound__cwxp_647_650_distance	-0.09800851564825219	0.09800851564825219
bound_geometry	receptor_grouped_5fold	0	Gs	numeric__bound__y753_chi1	0.0	0.0
bound_geometry	receptor_grouped_5fold	0	Gs	numeric__bound__y753_chi2	0.0	0.0
bound_geometry	receptor_grouped_5fold	0	Gs	numeric__bound__y753_y558_distance	0.0	0.0
bound_geometry	receptor_grouped_5fold	0	Gs	numeric__bound__y753_y558_min_distance	0.0	0.0
bound_geometry	receptor_grouped_5fold	0	Gs	numeric__bound__n749_y753_distance	-0.013223161423645538	0.013223161423645538
bound_geometry	receptor_grouped_5fold	0	Gs	numeric__bound__npxxy_local_spread	0.0	0.0
bound_geometry	receptor_grouped_5fold	0	Gs	numeric__bound__y753_displacement	0.0	0.0
bound_geometry	receptor_grouped_5fold	0	Gs	numeric__bound__sodium_d250_s339_distance	0.0	0.0
bound_geometry	receptor_grouped_5fold	0	Gs	numeric__bound__sodium_d250_n745_distance	0.0	0.0
bound_geometry	receptor_grouped_5fold	0	Gs	numeric__bound__sodium_d250_s746_distance	0.0	0.0
bound_geometry	receptor_grouped_5fold	0	Gs	numeric__bound__sodium_d250_n749_distance	0.0	0.0
bound_geometry	receptor_grouped_5fold	0	Gs	numeric__bound__sodium_pocket_volume	0.0	0.0
bound_geometry	receptor_grouped_5fold	0	Gs	numeric__bound__sodium_pocket_spread	0.0	0.0
bound_geometry	receptor_grouped_5fold	0	Gs	numeric__bound__tm7_rotation	0.0	0.0
bound_geometry	receptor_grouped_5fold	0	Gs	numeric__bound__icl2_generic_ca_count	0.0	0.0
bound_geometry	receptor_grouped_5fold	0	Gs	numeric__bound__icl2_end_to_end_distance	0.0	0.0
bound_geometry	receptor_grouped_5fold	0	Gs	numeric__bound__icl2_centroid_to_r350	0.0	0.0
bound_geometry	receptor_grouped_5fold	0	Gs	numeric__bound__icl2_centroid_to_tm5_561	0.0	0.0
bound_geometry	receptor_grouped_5fold	0	Gs	numeric__bound__icl2_centroid_to_tm6_634	0.0	0.0
bound_geometry	receptor_grouped_5fold	0	Gs	numeric__bound__icl2_centroid_to_tm7_753	0.0	0.0
bound_geometry	receptor_grouped_5fold	0	Gs	numeric__bound__icl2_axis_tm3_angle	-0.10351486256749216	0.10351486256749216
bound_geometry	receptor_grouped_5fold	0	Gs	numeric__bound__icl2_axis_tm5_angle	-0.035655587544018257	0.035655587544018257
bound_geometry	receptor_grouped_5fold	0	Gs	numeric__bound__icl2_active_reference_displacement	0.0	0.0
bound_geometry	receptor_grouped_5fold	0	Gs	numeric__bound__tm5_cytoplasmic_extension	0.0	0.0
bound_geometry	receptor_grouped_5fold	0	Gs	numeric__bound__tm5_cytoplasmic_kink	0.06648339949797004	0.06648339949797004
bound_geometry	receptor_grouped_5fold	0	Gs	numeric__bound__tm5_r350_561_distance	0.0	0.0
bound_geometry	receptor_grouped_5fold	0	Gs	numeric__bound__tm5_r350_564_distance	0.0	0.0
bound_geometry	receptor_grouped_5fold	0	Gs	numeric__bound__tm5_tm6_cavity_distance	0.0	0.0
bound_geometry	receptor_grouped_5fold	0	Gs	numeric__bound__tm5_axis_tm3_angle	0.1787520891991381	0.1787520891991381
bound_geometry	receptor_grouped_5fold	0	Gs	numeric__bound__tm6_lower_upper_kink	0.12250348709232463	0.12250348709232463
bound_geometry	receptor_grouped_5fold	0	Gs	numeric__bound__tm6_axis_tm3_angle	0.19716936030319163	0.19716936030319163
bound_geometry	receptor_grouped_5fold	0	Gs	numeric__bound__tm6_tm7_cavity_distance	0.18390448221669178	0.18390448221669178
bound_geometry	receptor_grouped_5fold	0	Gs	numeric__bound__tm7_h8_angle	0.0	0.0
bound_geometry	receptor_grouped_5fold	0	Gs	numeric__bound__h8_end_to_end_distance	0.0	0.0
bound_geometry	receptor_grouped_5fold	0	Gs	numeric__bound__h8_r350_distance	0.0	0.0
bound_geometry	receptor_grouped_5fold	0	Gs	numeric__bound__h8_tm6_distance	0.0	0.0
bound_geometry	receptor_grouped_5fold	0	Gs	numeric__bound__icl2_helix_fraction	0.0	0.0
bound_geometry	receptor_grouped_5fold	0	Gs	numeric__bound__icl2_longest_helix	0.0	0.0
bound_geometry	receptor_grouped_5fold	0	Gs	numeric__bound__icl2_mean_phi	0.0	0.0
bound_geometry	receptor_grouped_5fold	0	Gs	numeric__bound__icl2_mean_psi	0.0	0.0
bound_geometry	receptor_grouped_5fold	0	Gs	numeric__bound__intracellular_cavity_core_volume	0.0	0.0
bound_geometry	receptor_grouped_5fold	0	Gs	numeric__bound__intracellular_cavity_core_mouth_area	0.0	0.0
bound_geometry	receptor_grouped_5fold	0	Gs	numeric__bound__intracellular_cavity_core_depth	0.0	0.0
bound_geometry	receptor_grouped_5fold	0	Gs	numeric__bound__intracellular_cavity_core_maximum_width	0.0	0.0
bound_geometry	receptor_grouped_5fold	0	Gs	numeric__bound__intracellular_cavity_core_average_cross_section	0.0	0.0
bound_geometry	receptor_grouped_5fold	0	Gs	numeric__bound__intracellular_cavity_core_bottleneck_area	0.0	0.0
bound_geometry	receptor_grouped_5fold	0	Gs	numeric__bound__intracellular_cavity_core_bottleneck_radius	0.0	0.0
bound_geometry	receptor_grouped_5fold	0	Gs	numeric__bound__intracellular_cavity_core_max_inscribed_radius	0.0	0.0
bound_geometry	receptor_grouped_5fold	0	Gs	numeric__bound__intracellular_cavity_core_surface_area	0.0	0.0
bound_geometry	receptor_grouped_5fold	0	Gs	numeric__bound__intracellular_cavity_core_centroid_x	0.0	0.0
bound_geometry	receptor_grouped_5fold	0	Gs	numeric__bound__intracellular_cavity_core_centroid_y	0.0	0.0
bound_geometry	receptor_grouped_5fold	0	Gs	numeric__bound__intracellular_cavity_core_centroid_z	0.0	0.0
bound_geometry	receptor_grouped_5fold	0	Gs	numeric__bound__intracellular_cavity_core_principal_length_1	0.0	0.0
bound_geometry	receptor_grouped_5fold	0	Gs	numeric__bound__intracellular_cavity_core_principal_length_2	0.0	0.0
bound_geometry	receptor_grouped_5fold	0	Gs	numeric__bound__intracellular_cavity_core_principal_length_3	0.0	0.0
bound_geometry	receptor_grouped_5fold	0	Gs	numeric__bound__intracellular_cavity_core_principal_axis_1_z_alignment	0.0	0.0
bound_geometry	receptor_grouped_5fold	0	Gs	numeric__bound__intracellular_cavity_core_eccentricity	-0.08238030762021359	0.08238030762021359
bound_geometry	receptor_grouped_5fold	0	Gs	numeric__bound__intracellular_cavity_core_sphericity	0.0	0.0
bound_geometry	receptor_grouped_5fold	0	Gs	numeric__bound__intracellular_cavity_core_asymmetry	0.0	0.0
bound_geometry	receptor_grouped_5fold	0	Gs	numeric__bound__intracellular_cavity_core_tm3_side_fraction	0.0	0.0
bound_geometry	receptor_grouped_5fold	0	Gs	numeric__bound__intracellular_cavity_core_tm6_side_fraction	0.0	0.0
bound_geometry	receptor_grouped_5fold	0	Gs	numeric__bound__intracellular_cavity_core_tm5_side_fraction	0.0	0.0
bound_geometry	receptor_grouped_5fold	0	Gs	numeric__bound__intracellular_cavity_core_tm7_side_fraction	0.0	0.0
bound_geometry	receptor_grouped_5fold	0	Gs	numeric__bound__intracellular_cavity_core_wall_fraction_h8	0.05528231632385227	0.05528231632385227
bound_geometry	receptor_grouped_5fold	0	Gs	numeric__bound__intracellular_cavity_core_wall_fraction_icl2	-0.04381798612970394	0.04381798612970394
bound_geometry	receptor_grouped_5fold	0	Gs	numeric__bound__intracellular_cavity_core_wall_fraction_tm3	0.0	0.0
bound_geometry	receptor_grouped_5fold	0	Gs	numeric__bound__intracellular_cavity_core_wall_fraction_tm7	0.0	0.0
bound_geometry	receptor_grouped_5fold	1	Gi/o	numeric__bound__activation_consensus_score	-0.0009089526108444705	0.0009089526108444705
bound_geometry	receptor_grouped_5fold	1	Gi/o	numeric__bound__tm6_r350_634_distance	-0.08435441853931613	0.08435441853931613
bound_geometry	receptor_grouped_5fold	1	Gi/o	numeric__bound__tm6_aligned_displacement	-0.035465632611805374	0.035465632611805374
bound_geometry	receptor_grouped_5fold	1	Gi/o	numeric__bound__tm7_displacement	0.0	0.0
bound_geometry	receptor_grouped_5fold	1	Gi/o	numeric__bound__tm3_tm7_distance	0.0	0.0
bound_geometry	receptor_grouped_5fold	1	Gi/o	numeric__bound__tm6_r350_630_distance	-0.04701928321648162	0.04701928321648162
bound_geometry	receptor_grouped_5fold	1	Gi/o	numeric__bound__dry_r350_630_min_distance	-0.010124483286672635	0.010124483286672635
bound_geometry	receptor_grouped_5fold	1	Gi/o	numeric__bound__dry_r350_630_ca_distance	-0.04701928321648162	0.04701928321648162
bound_geometry	receptor_grouped_5fold	1	Gi/o	numeric__bound__dry_d349_r350_min_distance	0.0	0.0
bound_geometry	receptor_grouped_5fold	1	Gi/o	numeric__bound__r350_chi1	0.0	0.0
bound_geometry	receptor_grouped_5fold	1	Gi/o	numeric__bound__r350_chi2	0.0	0.0
bound_geometry	receptor_grouped_5fold	1	Gi/o	numeric__bound__pif_550_340_distance	0.0	0.0
bound_geometry	receptor_grouped_5fold	1	Gi/o	numeric__bound__pif_340_644_distance	0.0	0.0
bound_geometry	receptor_grouped_5fold	1	Gi/o	numeric__bound__pif_550_644_distance	0.0	0.0
bound_geometry	receptor_grouped_5fold	1	Gi/o	numeric__bound__pif_550_340_min_distance	0.0	0.0
bound_geometry	receptor_grouped_5fold	1	Gi/o	numeric__bound__pif_340_644_min_distance	0.07035275173270977	0.07035275173270977
bound_geometry	receptor_grouped_5fold	1	Gi/o	numeric__bound__pif_550_644_min_distance	0.0	0.0
bound_geometry	receptor_grouped_5fold	1	Gi/o	numeric__bound__pif_triangle_perimeter	0.0	0.0
bound_geometry	receptor_grouped_5fold	1	Gi/o	numeric__bound__position_644_chi1	0.0	0.0
bound_geometry	receptor_grouped_5fold	1	Gi/o	numeric__bound__position_644_chi2	-0.09253027179390615	0.09253027179390615
bound_geometry	receptor_grouped_5fold	1	Gi/o	numeric__bound__w648_chi1	0.0	0.0
bound_geometry	receptor_grouped_5fold	1	Gi/o	numeric__bound__w648_chi2	0.0	0.0
bound_geometry	receptor_grouped_5fold	1	Gi/o	numeric__bound__w648_displacement	0.0	0.0
bound_geometry	receptor_grouped_5fold	1	Gi/o	numeric__bound__w648_to_644_distance	0.0	0.0
bound_geometry	receptor_grouped_5fold	1	Gi/o	numeric__bound__cwxp_647_650_distance	0.0	0.0
bound_geometry	receptor_grouped_5fold	1	Gi/o	numeric__bound__y753_chi1	0.0	0.0
bound_geometry	receptor_grouped_5fold	1	Gi/o	numeric__bound__y753_chi2	0.0	0.0
bound_geometry	receptor_grouped_5fold	1	Gi/o	numeric__bound__y753_y558_distance	0.0	0.0
bound_geometry	receptor_grouped_5fold	1	Gi/o	numeric__bound__y753_y558_min_distance	0.0	0.0
bound_geometry	receptor_grouped_5fold	1	Gi/o	numeric__bound__n749_y753_distance	0.0	0.0
bound_geometry	receptor_grouped_5fold	1	Gi/o	numeric__bound__npxxy_local_spread	0.0	0.0
bound_geometry	receptor_grouped_5fold	1	Gi/o	numeric__bound__y753_displacement	0.0	0.0
bound_geometry	receptor_grouped_5fold	1	Gi/o	numeric__bound__sodium_d250_s339_distance	0.0	0.0
bound_geometry	receptor_grouped_5fold	1	Gi/o	numeric__bound__sodium_d250_n745_distance	0.0	0.0
bound_geometry	receptor_grouped_5fold	1	Gi/o	numeric__bound__sodium_d250_s746_distance	0.0	0.0
bound_geometry	receptor_grouped_5fold	1	Gi/o	numeric__bound__sodium_d250_n749_distance	0.0	0.0
bound_geometry	receptor_grouped_5fold	1	Gi/o	numeric__bound__sodium_pocket_volume	0.0	0.0
bound_geometry	receptor_grouped_5fold	1	Gi/o	numeric__bound__sodium_pocket_spread	0.0	0.0
bound_geometry	receptor_grouped_5fold	1	Gi/o	numeric__bound__tm7_rotation	0.0	0.0
bound_geometry	receptor_grouped_5fold	1	Gi/o	numeric__bound__icl2_generic_ca_count	0.0	0.0
bound_geometry	receptor_grouped_5fold	1	Gi/o	numeric__bound__icl2_end_to_end_distance	0.0	0.0
bound_geometry	receptor_grouped_5fold	1	Gi/o	numeric__bound__icl2_centroid_to_r350	0.0	0.0
bound_geometry	receptor_grouped_5fold	1	Gi/o	numeric__bound__icl2_centroid_to_tm5_561	0.0	0.0
bound_geometry	receptor_grouped_5fold	1	Gi/o	numeric__bound__icl2_centroid_to_tm6_634	-0.036043394986719574	0.036043394986719574
bound_geometry	receptor_grouped_5fold	1	Gi/o	numeric__bound__icl2_centroid_to_tm7_753	0.0	0.0
bound_geometry	receptor_grouped_5fold	1	Gi/o	numeric__bound__icl2_axis_tm3_angle	0.0	0.0
bound_geometry	receptor_grouped_5fold	1	Gi/o	numeric__bound__icl2_axis_tm5_angle	0.0	0.0
bound_geometry	receptor_grouped_5fold	1	Gi/o	numeric__bound__icl2_active_reference_displacement	0.0	0.0
bound_geometry	receptor_grouped_5fold	1	Gi/o	numeric__bound__tm5_cytoplasmic_extension	0.0	0.0
bound_geometry	receptor_grouped_5fold	1	Gi/o	numeric__bound__tm5_cytoplasmic_kink	0.0	0.0
bound_geometry	receptor_grouped_5fold	1	Gi/o	numeric__bound__tm5_r350_561_distance	0.0	0.0
bound_geometry	receptor_grouped_5fold	1	Gi/o	numeric__bound__tm5_r350_564_distance	0.0	0.0
bound_geometry	receptor_grouped_5fold	1	Gi/o	numeric__bound__tm5_tm6_cavity_distance	0.0	0.0
bound_geometry	receptor_grouped_5fold	1	Gi/o	numeric__bound__tm5_axis_tm3_angle	0.0	0.0
bound_geometry	receptor_grouped_5fold	1	Gi/o	numeric__bound__tm6_lower_upper_kink	0.0	0.0
bound_geometry	receptor_grouped_5fold	1	Gi/o	numeric__bound__tm6_axis_tm3_angle	-0.09635683672797427	0.09635683672797427
bound_geometry	receptor_grouped_5fold	1	Gi/o	numeric__bound__tm6_tm7_cavity_distance	0.0	0.0
bound_geometry	receptor_grouped_5fold	1	Gi/o	numeric__bound__tm7_h8_angle	0.0	0.0
bound_geometry	receptor_grouped_5fold	1	Gi/o	numeric__bound__h8_end_to_end_distance	0.0	0.0
bound_geometry	receptor_grouped_5fold	1	Gi/o	numeric__bound__h8_r350_distance	0.0	0.0
bound_geometry	receptor_grouped_5fold	1	Gi/o	numeric__bound__h8_tm6_distance	-0.020849825064360724	0.020849825064360724
bound_geometry	receptor_grouped_5fold	1	Gi/o	numeric__bound__icl2_helix_fraction	0.0	0.0
bound_geometry	receptor_grouped_5fold	1	Gi/o	numeric__bound__icl2_longest_helix	0.0	0.0
bound_geometry	receptor_grouped_5fold	1	Gi/o	numeric__bound__icl2_mean_phi	0.04744483007585995	0.04744483007585995
bound_geometry	receptor_grouped_5fold	1	Gi/o	numeric__bound__icl2_mean_psi	0.0	0.0
bound_geometry	receptor_grouped_5fold	1	Gi/o	numeric__bound__intracellular_cavity_core_volume	0.0	0.0
bound_geometry	receptor_grouped_5fold	1	Gi/o	numeric__bound__intracellular_cavity_core_mouth_area	0.0	0.0
bound_geometry	receptor_grouped_5fold	1	Gi/o	numeric__bound__intracellular_cavity_core_depth	0.0	0.0
bound_geometry	receptor_grouped_5fold	1	Gi/o	numeric__bound__intracellular_cavity_core_maximum_width	0.0	0.0
bound_geometry	receptor_grouped_5fold	1	Gi/o	numeric__bound__intracellular_cavity_core_average_cross_section	0.0	0.0
bound_geometry	receptor_grouped_5fold	1	Gi/o	numeric__bound__intracellular_cavity_core_bottleneck_area	0.0	0.0
bound_geometry	receptor_grouped_5fold	1	Gi/o	numeric__bound__intracellular_cavity_core_bottleneck_radius	0.0	0.0
bound_geometry	receptor_grouped_5fold	1	Gi/o	numeric__bound__intracellular_cavity_core_max_inscribed_radius	0.0	0.0
bound_geometry	receptor_grouped_5fold	1	Gi/o	numeric__bound__intracellular_cavity_core_surface_area	0.0	0.0
bound_geometry	receptor_grouped_5fold	1	Gi/o	numeric__bound__intracellular_cavity_core_centroid_x	0.0	0.0
bound_geometry	receptor_grouped_5fold	1	Gi/o	numeric__bound__intracellular_cavity_core_centroid_y	0.013568084717218777	0.013568084717218777
bound_geometry	receptor_grouped_5fold	1	Gi/o	numeric__bound__intracellular_cavity_core_centroid_z	0.0	0.0
bound_geometry	receptor_grouped_5fold	1	Gi/o	numeric__bound__intracellular_cavity_core_principal_length_1	0.0	0.0
bound_geometry	receptor_grouped_5fold	1	Gi/o	numeric__bound__intracellular_cavity_core_principal_length_2	0.0	0.0
bound_geometry	receptor_grouped_5fold	1	Gi/o	numeric__bound__intracellular_cavity_core_principal_length_3	0.0	0.0
bound_geometry	receptor_grouped_5fold	1	Gi/o	numeric__bound__intracellular_cavity_core_principal_axis_1_z_alignment	0.0	0.0
bound_geometry	receptor_grouped_5fold	1	Gi/o	numeric__bound__intracellular_cavity_core_eccentricity	0.039266812405423304	0.039266812405423304
bound_geometry	receptor_grouped_5fold	1	Gi/o	numeric__bound__intracellular_cavity_core_sphericity	0.0	0.0
bound_geometry	receptor_grouped_5fold	1	Gi/o	numeric__bound__intracellular_cavity_core_asymmetry	0.0	0.0
bound_geometry	receptor_grouped_5fold	1	Gi/o	numeric__bound__intracellular_cavity_core_tm3_side_fraction	0.0	0.0
bound_geometry	receptor_grouped_5fold	1	Gi/o	numeric__bound__intracellular_cavity_core_tm6_side_fraction	0.0	0.0
bound_geometry	receptor_grouped_5fold	1	Gi/o	numeric__bound__intracellular_cavity_core_tm5_side_fraction	0.0002985926055979894	0.0002985926055979894
bound_geometry	receptor_grouped_5fold	1	Gi/o	numeric__bound__intracellular_cavity_core_tm7_side_fraction	-0.0002985926055978711	0.0002985926055978711
bound_geometry	receptor_grouped_5fold	1	Gi/o	numeric__bound__intracellular_cavity_core_wall_fraction_h8	0.0	0.0
bound_geometry	receptor_grouped_5fold	1	Gi/o	numeric__bound__intracellular_cavity_core_wall_fraction_icl2	0.0	0.0
bound_geometry	receptor_grouped_5fold	1	Gi/o	numeric__bound__intracellular_cavity_core_wall_fraction_tm3	0.0	0.0
bound_geometry	receptor_grouped_5fold	1	Gi/o	numeric__bound__intracellular_cavity_core_wall_fraction_tm7	0.0	0.0
bound_geometry	receptor_grouped_5fold	1	Gq/11	numeric__bound__activation_consensus_score	0.0	0.0
bound_geometry	receptor_grouped_5fold	1	Gq/11	numeric__bound__tm6_r350_634_distance	0.0	0.0
bound_geometry	receptor_grouped_5fold	1	Gq/11	numeric__bound__tm6_aligned_displacement	0.0	0.0
bound_geometry	receptor_grouped_5fold	1	Gq/11	numeric__bound__tm7_displacement	0.0	0.0
bound_geometry	receptor_grouped_5fold	1	Gq/11	numeric__bound__tm3_tm7_distance	0.0	0.0
bound_geometry	receptor_grouped_5fold	1	Gq/11	numeric__bound__tm6_r350_630_distance	0.0	0.0
bound_geometry	receptor_grouped_5fold	1	Gq/11	numeric__bound__dry_r350_630_min_distance	0.0	0.0
bound_geometry	receptor_grouped_5fold	1	Gq/11	numeric__bound__dry_r350_630_ca_distance	0.0	0.0
bound_geometry	receptor_grouped_5fold	1	Gq/11	numeric__bound__dry_d349_r350_min_distance	0.0	0.0
bound_geometry	receptor_grouped_5fold	1	Gq/11	numeric__bound__r350_chi1	0.0	0.0
bound_geometry	receptor_grouped_5fold	1	Gq/11	numeric__bound__r350_chi2	0.0	0.0
bound_geometry	receptor_grouped_5fold	1	Gq/11	numeric__bound__pif_550_340_distance	0.0	0.0
bound_geometry	receptor_grouped_5fold	1	Gq/11	numeric__bound__pif_340_644_distance	0.0	0.0
bound_geometry	receptor_grouped_5fold	1	Gq/11	numeric__bound__pif_550_644_distance	0.0	0.0
bound_geometry	receptor_grouped_5fold	1	Gq/11	numeric__bound__pif_550_340_min_distance	0.0	0.0
bound_geometry	receptor_grouped_5fold	1	Gq/11	numeric__bound__pif_340_644_min_distance	0.0	0.0
bound_geometry	receptor_grouped_5fold	1	Gq/11	numeric__bound__pif_550_644_min_distance	0.0	0.0
bound_geometry	receptor_grouped_5fold	1	Gq/11	numeric__bound__pif_triangle_perimeter	0.0	0.0
bound_geometry	receptor_grouped_5fold	1	Gq/11	numeric__bound__position_644_chi1	0.0	0.0
bound_geometry	receptor_grouped_5fold	1	Gq/11	numeric__bound__position_644_chi2	0.0	0.0
bound_geometry	receptor_grouped_5fold	1	Gq/11	numeric__bound__w648_chi1	0.0	0.0
bound_geometry	receptor_grouped_5fold	1	Gq/11	numeric__bound__w648_chi2	0.0	0.0
bound_geometry	receptor_grouped_5fold	1	Gq/11	numeric__bound__w648_displacement	0.0	0.0
bound_geometry	receptor_grouped_5fold	1	Gq/11	numeric__bound__w648_to_644_distance	0.0	0.0
bound_geometry	receptor_grouped_5fold	1	Gq/11	numeric__bound__cwxp_647_650_distance	0.0	0.0
bound_geometry	receptor_grouped_5fold	1	Gq/11	numeric__bound__y753_chi1	0.0	0.0
bound_geometry	receptor_grouped_5fold	1	Gq/11	numeric__bound__y753_chi2	0.0	0.0
bound_geometry	receptor_grouped_5fold	1	Gq/11	numeric__bound__y753_y558_distance	0.0	0.0
bound_geometry	receptor_grouped_5fold	1	Gq/11	numeric__bound__y753_y558_min_distance	0.0	0.0
bound_geometry	receptor_grouped_5fold	1	Gq/11	numeric__bound__n749_y753_distance	0.0	0.0
bound_geometry	receptor_grouped_5fold	1	Gq/11	numeric__bound__npxxy_local_spread	0.0	0.0
bound_geometry	receptor_grouped_5fold	1	Gq/11	numeric__bound__y753_displacement	0.0	0.0
bound_geometry	receptor_grouped_5fold	1	Gq/11	numeric__bound__sodium_d250_s339_distance	0.0	0.0
bound_geometry	receptor_grouped_5fold	1	Gq/11	numeric__bound__sodium_d250_n745_distance	0.0	0.0
bound_geometry	receptor_grouped_5fold	1	Gq/11	numeric__bound__sodium_d250_s746_distance	0.0	0.0
bound_geometry	receptor_grouped_5fold	1	Gq/11	numeric__bound__sodium_d250_n749_distance	0.0	0.0
bound_geometry	receptor_grouped_5fold	1	Gq/11	numeric__bound__sodium_pocket_volume	0.0	0.0
bound_geometry	receptor_grouped_5fold	1	Gq/11	numeric__bound__sodium_pocket_spread	0.0	0.0
bound_geometry	receptor_grouped_5fold	1	Gq/11	numeric__bound__tm7_rotation	0.0	0.0
bound_geometry	receptor_grouped_5fold	1	Gq/11	numeric__bound__icl2_generic_ca_count	0.0	0.0
bound_geometry	receptor_grouped_5fold	1	Gq/11	numeric__bound__icl2_end_to_end_distance	0.0	0.0
bound_geometry	receptor_grouped_5fold	1	Gq/11	numeric__bound__icl2_centroid_to_r350	0.0	0.0
bound_geometry	receptor_grouped_5fold	1	Gq/11	numeric__bound__icl2_centroid_to_tm5_561	0.0	0.0
bound_geometry	receptor_grouped_5fold	1	Gq/11	numeric__bound__icl2_centroid_to_tm6_634	0.0	0.0
bound_geometry	receptor_grouped_5fold	1	Gq/11	numeric__bound__icl2_centroid_to_tm7_753	0.0	0.0
bound_geometry	receptor_grouped_5fold	1	Gq/11	numeric__bound__icl2_axis_tm3_angle	0.12356790529591896	0.12356790529591896
bound_geometry	receptor_grouped_5fold	1	Gq/11	numeric__bound__icl2_axis_tm5_angle	0.0	0.0
bound_geometry	receptor_grouped_5fold	1	Gq/11	numeric__bound__icl2_active_reference_displacement	0.0	0.0
bound_geometry	receptor_grouped_5fold	1	Gq/11	numeric__bound__tm5_cytoplasmic_extension	0.0	0.0
bound_geometry	receptor_grouped_5fold	1	Gq/11	numeric__bound__tm5_cytoplasmic_kink	0.0	0.0
bound_geometry	receptor_grouped_5fold	1	Gq/11	numeric__bound__tm5_r350_561_distance	0.0	0.0
bound_geometry	receptor_grouped_5fold	1	Gq/11	numeric__bound__tm5_r350_564_distance	0.0	0.0
bound_geometry	receptor_grouped_5fold	1	Gq/11	numeric__bound__tm5_tm6_cavity_distance	0.0	0.0
bound_geometry	receptor_grouped_5fold	1	Gq/11	numeric__bound__tm5_axis_tm3_angle	0.0	0.0
bound_geometry	receptor_grouped_5fold	1	Gq/11	numeric__bound__tm6_lower_upper_kink	0.0	0.0
bound_geometry	receptor_grouped_5fold	1	Gq/11	numeric__bound__tm6_axis_tm3_angle	0.0	0.0
bound_geometry	receptor_grouped_5fold	1	Gq/11	numeric__bound__tm6_tm7_cavity_distance	0.0	0.0
bound_geometry	receptor_grouped_5fold	1	Gq/11	numeric__bound__tm7_h8_angle	0.0	0.0
bound_geometry	receptor_grouped_5fold	1	Gq/11	numeric__bound__h8_end_to_end_distance	0.0	0.0
bound_geometry	receptor_grouped_5fold	1	Gq/11	numeric__bound__h8_r350_distance	0.0	0.0
bound_geometry	receptor_grouped_5fold	1	Gq/11	numeric__bound__h8_tm6_distance	0.0	0.0
bound_geometry	receptor_grouped_5fold	1	Gq/11	numeric__bound__icl2_helix_fraction	0.0	0.0
bound_geometry	receptor_grouped_5fold	1	Gq/11	numeric__bound__icl2_longest_helix	0.0	0.0
bound_geometry	receptor_grouped_5fold	1	Gq/11	numeric__bound__icl2_mean_phi	-0.09023957290866919	0.09023957290866919
bound_geometry	receptor_grouped_5fold	1	Gq/11	numeric__bound__icl2_mean_psi	0.0	0.0
bound_geometry	receptor_grouped_5fold	1	Gq/11	numeric__bound__intracellular_cavity_core_volume	0.0	0.0
bound_geometry	receptor_grouped_5fold	1	Gq/11	numeric__bound__intracellular_cavity_core_mouth_area	0.0	0.0
bound_geometry	receptor_grouped_5fold	1	Gq/11	numeric__bound__intracellular_cavity_core_depth	0.0	0.0
bound_geometry	receptor_grouped_5fold	1	Gq/11	numeric__bound__intracellular_cavity_core_maximum_width	0.0	0.0
bound_geometry	receptor_grouped_5fold	1	Gq/11	numeric__bound__intracellular_cavity_core_average_cross_section	0.0	0.0
bound_geometry	receptor_grouped_5fold	1	Gq/11	numeric__bound__intracellular_cavity_core_bottleneck_area	0.0	0.0
bound_geometry	receptor_grouped_5fold	1	Gq/11	numeric__bound__intracellular_cavity_core_bottleneck_radius	0.0	0.0
bound_geometry	receptor_grouped_5fold	1	Gq/11	numeric__bound__intracellular_cavity_core_max_inscribed_radius	0.0	0.0
bound_geometry	receptor_grouped_5fold	1	Gq/11	numeric__bound__intracellular_cavity_core_surface_area	0.0	0.0
bound_geometry	receptor_grouped_5fold	1	Gq/11	numeric__bound__intracellular_cavity_core_centroid_x	0.0	0.0
bound_geometry	receptor_grouped_5fold	1	Gq/11	numeric__bound__intracellular_cavity_core_centroid_y	0.0	0.0
bound_geometry	receptor_grouped_5fold	1	Gq/11	numeric__bound__intracellular_cavity_core_centroid_z	0.0	0.0
bound_geometry	receptor_grouped_5fold	1	Gq/11	numeric__bound__intracellular_cavity_core_principal_length_1	0.0	0.0
bound_geometry	receptor_grouped_5fold	1	Gq/11	numeric__bound__intracellular_cavity_core_principal_length_2	0.0	0.0
bound_geometry	receptor_grouped_5fold	1	Gq/11	numeric__bound__intracellular_cavity_core_principal_length_3	0.0	0.0
bound_geometry	receptor_grouped_5fold	1	Gq/11	numeric__bound__intracellular_cavity_core_principal_axis_1_z_alignment	0.0	0.0
bound_geometry	receptor_grouped_5fold	1	Gq/11	numeric__bound__intracellular_cavity_core_eccentricity	0.0	0.0
bound_geometry	receptor_grouped_5fold	1	Gq/11	numeric__bound__intracellular_cavity_core_sphericity	0.0	0.0
bound_geometry	receptor_grouped_5fold	1	Gq/11	numeric__bound__intracellular_cavity_core_asymmetry	0.0	0.0
bound_geometry	receptor_grouped_5fold	1	Gq/11	numeric__bound__intracellular_cavity_core_tm3_side_fraction	0.0	0.0
bound_geometry	receptor_grouped_5fold	1	Gq/11	numeric__bound__intracellular_cavity_core_tm6_side_fraction	0.0	0.0
bound_geometry	receptor_grouped_5fold	1	Gq/11	numeric__bound__intracellular_cavity_core_tm5_side_fraction	0.0	0.0
bound_geometry	receptor_grouped_5fold	1	Gq/11	numeric__bound__intracellular_cavity_core_tm7_side_fraction	0.0	0.0
bound_geometry	receptor_grouped_5fold	1	Gq/11	numeric__bound__intracellular_cavity_core_wall_fraction_h8	0.0	0.0
bound_geometry	receptor_grouped_5fold	1	Gq/11	numeric__bound__intracellular_cavity_core_wall_fraction_icl2	0.09852259070064008	0.09852259070064008
bound_geometry	receptor_grouped_5fold	1	Gq/11	numeric__bound__intracellular_cavity_core_wall_fraction_tm3	0.0	0.0
bound_geometry	receptor_grouped_5fold	1	Gq/11	numeric__bound__intracellular_cavity_core_wall_fraction_tm7	0.0	0.0
bound_geometry	receptor_grouped_5fold	1	Gs	numeric__bound__activation_consensus_score	0.0	0.0
bound_geometry	receptor_grouped_5fold	1	Gs	numeric__bound__tm6_r350_634_distance	0.0	0.0
bound_geometry	receptor_grouped_5fold	1	Gs	numeric__bound__tm6_aligned_displacement	0.042593240215375354	0.042593240215375354
bound_geometry	receptor_grouped_5fold	1	Gs	numeric__bound__tm7_displacement	0.0	0.0
bound_geometry	receptor_grouped_5fold	1	Gs	numeric__bound__tm3_tm7_distance	0.0	0.0
bound_geometry	receptor_grouped_5fold	1	Gs	numeric__bound__tm6_r350_630_distance	0.07600715018322413	0.07600715018322413
bound_geometry	receptor_grouped_5fold	1	Gs	numeric__bound__dry_r350_630_min_distance	0.03793055420193922	0.03793055420193922
bound_geometry	receptor_grouped_5fold	1	Gs	numeric__bound__dry_r350_630_ca_distance	0.07600715018322413	0.07600715018322413
bound_geometry	receptor_grouped_5fold	1	Gs	numeric__bound__dry_d349_r350_min_distance	0.0	0.0
bound_geometry	receptor_grouped_5fold	1	Gs	numeric__bound__r350_chi1	0.0	0.0
bound_geometry	receptor_grouped_5fold	1	Gs	numeric__bound__r350_chi2	0.0	0.0
bound_geometry	receptor_grouped_5fold	1	Gs	numeric__bound__pif_550_340_distance	0.0	0.0
bound_geometry	receptor_grouped_5fold	1	Gs	numeric__bound__pif_340_644_distance	0.0	0.0
bound_geometry	receptor_grouped_5fold	1	Gs	numeric__bound__pif_550_644_distance	0.0	0.0
bound_geometry	receptor_grouped_5fold	1	Gs	numeric__bound__pif_550_340_min_distance	0.0	0.0
bound_geometry	receptor_grouped_5fold	1	Gs	numeric__bound__pif_340_644_min_distance	0.0	0.0
bound_geometry	receptor_grouped_5fold	1	Gs	numeric__bound__pif_550_644_min_distance	0.0	0.0
bound_geometry	receptor_grouped_5fold	1	Gs	numeric__bound__pif_triangle_perimeter	0.0	0.0
bound_geometry	receptor_grouped_5fold	1	Gs	numeric__bound__position_644_chi1	0.01399984854815726	0.01399984854815726
bound_geometry	receptor_grouped_5fold	1	Gs	numeric__bound__position_644_chi2	0.0	0.0
bound_geometry	receptor_grouped_5fold	1	Gs	numeric__bound__w648_chi1	-0.01977788458937999	0.01977788458937999
bound_geometry	receptor_grouped_5fold	1	Gs	numeric__bound__w648_chi2	0.0	0.0
bound_geometry	receptor_grouped_5fold	1	Gs	numeric__bound__w648_displacement	0.0	0.0
bound_geometry	receptor_grouped_5fold	1	Gs	numeric__bound__w648_to_644_distance	0.0	0.0
bound_geometry	receptor_grouped_5fold	1	Gs	numeric__bound__cwxp_647_650_distance	0.0	0.0
bound_geometry	receptor_grouped_5fold	1	Gs	numeric__bound__y753_chi1	0.0	0.0
bound_geometry	receptor_grouped_5fold	1	Gs	numeric__bound__y753_chi2	0.0	0.0
bound_geometry	receptor_grouped_5fold	1	Gs	numeric__bound__y753_y558_distance	0.0	0.0
bound_geometry	receptor_grouped_5fold	1	Gs	numeric__bound__y753_y558_min_distance	0.0	0.0
bound_geometry	receptor_grouped_5fold	1	Gs	numeric__bound__n749_y753_distance	0.0	0.0
bound_geometry	receptor_grouped_5fold	1	Gs	numeric__bound__npxxy_local_spread	0.0	0.0
bound_geometry	receptor_grouped_5fold	1	Gs	numeric__bound__y753_displacement	0.0	0.0
bound_geometry	receptor_grouped_5fold	1	Gs	numeric__bound__sodium_d250_s339_distance	0.0	0.0
bound_geometry	receptor_grouped_5fold	1	Gs	numeric__bound__sodium_d250_n745_distance	0.0	0.0
bound_geometry	receptor_grouped_5fold	1	Gs	numeric__bound__sodium_d250_s746_distance	0.0	0.0
bound_geometry	receptor_grouped_5fold	1	Gs	numeric__bound__sodium_d250_n749_distance	0.0	0.0
bound_geometry	receptor_grouped_5fold	1	Gs	numeric__bound__sodium_pocket_volume	0.0	0.0
bound_geometry	receptor_grouped_5fold	1	Gs	numeric__bound__sodium_pocket_spread	0.0	0.0
bound_geometry	receptor_grouped_5fold	1	Gs	numeric__bound__tm7_rotation	0.0	0.0
bound_geometry	receptor_grouped_5fold	1	Gs	numeric__bound__icl2_generic_ca_count	0.0	0.0
bound_geometry	receptor_grouped_5fold	1	Gs	numeric__bound__icl2_end_to_end_distance	0.0	0.0
bound_geometry	receptor_grouped_5fold	1	Gs	numeric__bound__icl2_centroid_to_r350	0.0	0.0
bound_geometry	receptor_grouped_5fold	1	Gs	numeric__bound__icl2_centroid_to_tm5_561	0.0	0.0
bound_geometry	receptor_grouped_5fold	1	Gs	numeric__bound__icl2_centroid_to_tm6_634	0.0	0.0
bound_geometry	receptor_grouped_5fold	1	Gs	numeric__bound__icl2_centroid_to_tm7_753	0.0	0.0
bound_geometry	receptor_grouped_5fold	1	Gs	numeric__bound__icl2_axis_tm3_angle	-0.07809628872885917	0.07809628872885917
bound_geometry	receptor_grouped_5fold	1	Gs	numeric__bound__icl2_axis_tm5_angle	-0.12501398156005816	0.12501398156005816
bound_geometry	receptor_grouped_5fold	1	Gs	numeric__bound__icl2_active_reference_displacement	0.0	0.0
bound_geometry	receptor_grouped_5fold	1	Gs	numeric__bound__tm5_cytoplasmic_extension	0.0	0.0
bound_geometry	receptor_grouped_5fold	1	Gs	numeric__bound__tm5_cytoplasmic_kink	0.018732552398505048	0.018732552398505048
bound_geometry	receptor_grouped_5fold	1	Gs	numeric__bound__tm5_r350_561_distance	0.0	0.0
bound_geometry	receptor_grouped_5fold	1	Gs	numeric__bound__tm5_r350_564_distance	0.0	0.0
bound_geometry	receptor_grouped_5fold	1	Gs	numeric__bound__tm5_tm6_cavity_distance	0.0	0.0
bound_geometry	receptor_grouped_5fold	1	Gs	numeric__bound__tm5_axis_tm3_angle	0.03338750666351902	0.03338750666351902
bound_geometry	receptor_grouped_5fold	1	Gs	numeric__bound__tm6_lower_upper_kink	0.03754232785311382	0.03754232785311382
bound_geometry	receptor_grouped_5fold	1	Gs	numeric__bound__tm6_axis_tm3_angle	0.02761267122454723	0.02761267122454723
bound_geometry	receptor_grouped_5fold	1	Gs	numeric__bound__tm6_tm7_cavity_distance	0.005778885667336654	0.005778885667336654
bound_geometry	receptor_grouped_5fold	1	Gs	numeric__bound__tm7_h8_angle	0.0	0.0
bound_geometry	receptor_grouped_5fold	1	Gs	numeric__bound__h8_end_to_end_distance	0.0	0.0
bound_geometry	receptor_grouped_5fold	1	Gs	numeric__bound__h8_r350_distance	0.0	0.0
bound_geometry	receptor_grouped_5fold	1	Gs	numeric__bound__h8_tm6_distance	0.0	0.0
bound_geometry	receptor_grouped_5fold	1	Gs	numeric__bound__icl2_helix_fraction	0.0	0.0
bound_geometry	receptor_grouped_5fold	1	Gs	numeric__bound__icl2_longest_helix	0.0	0.0
bound_geometry	receptor_grouped_5fold	1	Gs	numeric__bound__icl2_mean_phi	0.0	0.0
bound_geometry	receptor_grouped_5fold	1	Gs	numeric__bound__icl2_mean_psi	0.0	0.0
bound_geometry	receptor_grouped_5fold	1	Gs	numeric__bound__intracellular_cavity_core_volume	0.0	0.0
bound_geometry	receptor_grouped_5fold	1	Gs	numeric__bound__intracellular_cavity_core_mouth_area	0.0	0.0
bound_geometry	receptor_grouped_5fold	1	Gs	numeric__bound__intracellular_cavity_core_depth	0.0	0.0
bound_geometry	receptor_grouped_5fold	1	Gs	numeric__bound__intracellular_cavity_core_maximum_width	0.0	0.0
bound_geometry	receptor_grouped_5fold	1	Gs	numeric__bound__intracellular_cavity_core_average_cross_section	0.0	0.0
bound_geometry	receptor_grouped_5fold	1	Gs	numeric__bound__intracellular_cavity_core_bottleneck_area	0.0	0.0
bound_geometry	receptor_grouped_5fold	1	Gs	numeric__bound__intracellular_cavity_core_bottleneck_radius	0.0	0.0
bound_geometry	receptor_grouped_5fold	1	Gs	numeric__bound__intracellular_cavity_core_max_inscribed_radius	0.0	0.0
bound_geometry	receptor_grouped_5fold	1	Gs	numeric__bound__intracellular_cavity_core_surface_area	0.0	0.0
bound_geometry	receptor_grouped_5fold	1	Gs	numeric__bound__intracellular_cavity_core_centroid_x	0.0	0.0
bound_geometry	receptor_grouped_5fold	1	Gs	numeric__bound__intracellular_cavity_core_centroid_y	0.0	0.0
bound_geometry	receptor_grouped_5fold	1	Gs	numeric__bound__intracellular_cavity_core_centroid_z	0.0	0.0
bound_geometry	receptor_grouped_5fold	1	Gs	numeric__bound__intracellular_cavity_core_principal_length_1	0.0	0.0
bound_geometry	receptor_grouped_5fold	1	Gs	numeric__bound__intracellular_cavity_core_principal_length_2	0.0	0.0
bound_geometry	receptor_grouped_5fold	1	Gs	numeric__bound__intracellular_cavity_core_principal_length_3	0.0	0.0
bound_geometry	receptor_grouped_5fold	1	Gs	numeric__bound__intracellular_cavity_core_principal_axis_1_z_alignment	0.0	0.0
bound_geometry	receptor_grouped_5fold	1	Gs	numeric__bound__intracellular_cavity_core_eccentricity	0.0	0.0
bound_geometry	receptor_grouped_5fold	1	Gs	numeric__bound__intracellular_cavity_core_sphericity	0.0	0.0
bound_geometry	receptor_grouped_5fold	1	Gs	numeric__bound__intracellular_cavity_core_asymmetry	0.0	0.0
bound_geometry	receptor_grouped_5fold	1	Gs	numeric__bound__intracellular_cavity_core_tm3_side_fraction	0.0	0.0
bound_geometry	receptor_grouped_5fold	1	Gs	numeric__bound__intracellular_cavity_core_tm6_side_fraction	0.0	0.0
bound_geometry	receptor_grouped_5fold	1	Gs	numeric__bound__intracellular_cavity_core_tm5_side_fraction	0.0	0.0
bound_geometry	receptor_grouped_5fold	1	Gs	numeric__bound__intracellular_cavity_core_tm7_side_fraction	0.0	0.0
bound_geometry	receptor_grouped_5fold	1	Gs	numeric__bound__intracellular_cavity_core_wall_fraction_h8	0.0	0.0
bound_geometry	receptor_grouped_5fold	1	Gs	numeric__bound__intracellular_cavity_core_wall_fraction_icl2	-0.0001356847285278382	0.0001356847285278382
bound_geometry	receptor_grouped_5fold	1	Gs	numeric__bound__intracellular_cavity_core_wall_fraction_tm3	0.0	0.0
bound_geometry	receptor_grouped_5fold	1	Gs	numeric__bound__intracellular_cavity_core_wall_fraction_tm7	0.0	0.0
bound_geometry	receptor_grouped_5fold	2	Gi/o	numeric__bound__activation_consensus_score	-0.14216089742887944	0.14216089742887944
bound_geometry	receptor_grouped_5fold	2	Gi/o	numeric__bound__tm6_r350_634_distance	-0.19661784429992452	0.19661784429992452
bound_geometry	receptor_grouped_5fold	2	Gi/o	numeric__bound__tm6_aligned_displacement	-0.1512337389674851	0.1512337389674851
bound_geometry	receptor_grouped_5fold	2	Gi/o	numeric__bound__tm7_displacement	0.0	0.0
bound_geometry	receptor_grouped_5fold	2	Gi/o	numeric__bound__tm3_tm7_distance	0.11205236642927456	0.11205236642927456
bound_geometry	receptor_grouped_5fold	2	Gi/o	numeric__bound__tm6_r350_630_distance	-0.033257806563651064	0.033257806563651064
bound_geometry	receptor_grouped_5fold	2	Gi/o	numeric__bound__dry_r350_630_min_distance	0.0	0.0
bound_geometry	receptor_grouped_5fold	2	Gi/o	numeric__bound__dry_r350_630_ca_distance	-0.033257806563651064	0.033257806563651064
bound_geometry	receptor_grouped_5fold	2	Gi/o	numeric__bound__dry_d349_r350_min_distance	0.0	0.0
bound_geometry	receptor_grouped_5fold	2	Gi/o	numeric__bound__r350_chi1	0.0	0.0
bound_geometry	receptor_grouped_5fold	2	Gi/o	numeric__bound__r350_chi2	0.0	0.0
bound_geometry	receptor_grouped_5fold	2	Gi/o	numeric__bound__pif_550_340_distance	0.0	0.0
bound_geometry	receptor_grouped_5fold	2	Gi/o	numeric__bound__pif_340_644_distance	0.0	0.0
bound_geometry	receptor_grouped_5fold	2	Gi/o	numeric__bound__pif_550_644_distance	0.0	0.0
bound_geometry	receptor_grouped_5fold	2	Gi/o	numeric__bound__pif_550_340_min_distance	0.0	0.0
bound_geometry	receptor_grouped_5fold	2	Gi/o	numeric__bound__pif_340_644_min_distance	0.0	0.0
bound_geometry	receptor_grouped_5fold	2	Gi/o	numeric__bound__pif_550_644_min_distance	0.0	0.0
bound_geometry	receptor_grouped_5fold	2	Gi/o	numeric__bound__pif_triangle_perimeter	0.0	0.0
bound_geometry	receptor_grouped_5fold	2	Gi/o	numeric__bound__position_644_chi1	-0.05547868213701601	0.05547868213701601
bound_geometry	receptor_grouped_5fold	2	Gi/o	numeric__bound__position_644_chi2	-0.12326885401779082	0.12326885401779082
bound_geometry	receptor_grouped_5fold	2	Gi/o	numeric__bound__w648_chi1	0.0	0.0
bound_geometry	receptor_grouped_5fold	2	Gi/o	numeric__bound__w648_chi2	0.0	0.0
bound_geometry	receptor_grouped_5fold	2	Gi/o	numeric__bound__w648_displacement	0.0	0.0
bound_geometry	receptor_grouped_5fold	2	Gi/o	numeric__bound__w648_to_644_distance	0.0	0.0
bound_geometry	receptor_grouped_5fold	2	Gi/o	numeric__bound__cwxp_647_650_distance	0.0	0.0
bound_geometry	receptor_grouped_5fold	2	Gi/o	numeric__bound__y753_chi1	0.0	0.0
bound_geometry	receptor_grouped_5fold	2	Gi/o	numeric__bound__y753_chi2	0.0	0.0
bound_geometry	receptor_grouped_5fold	2	Gi/o	numeric__bound__y753_y558_distance	0.0	0.0
bound_geometry	receptor_grouped_5fold	2	Gi/o	numeric__bound__y753_y558_min_distance	0.0313580524286272	0.0313580524286272
bound_geometry	receptor_grouped_5fold	2	Gi/o	numeric__bound__n749_y753_distance	0.0	0.0
bound_geometry	receptor_grouped_5fold	2	Gi/o	numeric__bound__npxxy_local_spread	0.0	0.0
bound_geometry	receptor_grouped_5fold	2	Gi/o	numeric__bound__y753_displacement	0.0	0.0
bound_geometry	receptor_grouped_5fold	2	Gi/o	numeric__bound__sodium_d250_s339_distance	0.0	0.0
bound_geometry	receptor_grouped_5fold	2	Gi/o	numeric__bound__sodium_d250_n745_distance	0.0	0.0
bound_geometry	receptor_grouped_5fold	2	Gi/o	numeric__bound__sodium_d250_s746_distance	0.0	0.0
bound_geometry	receptor_grouped_5fold	2	Gi/o	numeric__bound__sodium_d250_n749_distance	0.0	0.0
bound_geometry	receptor_grouped_5fold	2	Gi/o	numeric__bound__sodium_pocket_volume	0.0	0.0
bound_geometry	receptor_grouped_5fold	2	Gi/o	numeric__bound__sodium_pocket_spread	0.0	0.0
bound_geometry	receptor_grouped_5fold	2	Gi/o	numeric__bound__tm7_rotation	0.0	0.0
bound_geometry	receptor_grouped_5fold	2	Gi/o	numeric__bound__icl2_generic_ca_count	0.0	0.0
bound_geometry	receptor_grouped_5fold	2	Gi/o	numeric__bound__icl2_end_to_end_distance	0.0	0.0
bound_geometry	receptor_grouped_5fold	2	Gi/o	numeric__bound__icl2_centroid_to_r350	0.0	0.0
bound_geometry	receptor_grouped_5fold	2	Gi/o	numeric__bound__icl2_centroid_to_tm5_561	-0.1553194046222062	0.1553194046222062
bound_geometry	receptor_grouped_5fold	2	Gi/o	numeric__bound__icl2_centroid_to_tm6_634	-0.15815958574941555	0.15815958574941555
bound_geometry	receptor_grouped_5fold	2	Gi/o	numeric__bound__icl2_centroid_to_tm7_753	0.024192784379446556	0.024192784379446556
bound_geometry	receptor_grouped_5fold	2	Gi/o	numeric__bound__icl2_axis_tm3_angle	0.0	0.0
bound_geometry	receptor_grouped_5fold	2	Gi/o	numeric__bound__icl2_axis_tm5_angle	0.05537796695785439	0.05537796695785439
bound_geometry	receptor_grouped_5fold	2	Gi/o	numeric__bound__icl2_active_reference_displacement	0.0	0.0
bound_geometry	receptor_grouped_5fold	2	Gi/o	numeric__bound__tm5_cytoplasmic_extension	0.0	0.0
bound_geometry	receptor_grouped_5fold	2	Gi/o	numeric__bound__tm5_cytoplasmic_kink	0.0	0.0
bound_geometry	receptor_grouped_5fold	2	Gi/o	numeric__bound__tm5_r350_561_distance	-0.13528376715608337	0.13528376715608337
bound_geometry	receptor_grouped_5fold	2	Gi/o	numeric__bound__tm5_r350_564_distance	-0.09324571834561232	0.09324571834561232
bound_geometry	receptor_grouped_5fold	2	Gi/o	numeric__bound__tm5_tm6_cavity_distance	-0.06075053312310081	0.06075053312310081
bound_geometry	receptor_grouped_5fold	2	Gi/o	numeric__bound__tm5_axis_tm3_angle	0.0	0.0
bound_geometry	receptor_grouped_5fold	2	Gi/o	numeric__bound__tm6_lower_upper_kink	0.0	0.0
bound_geometry	receptor_grouped_5fold	2	Gi/o	numeric__bound__tm6_axis_tm3_angle	-0.08050313609012245	0.08050313609012245
bound_geometry	receptor_grouped_5fold	2	Gi/o	numeric__bound__tm6_tm7_cavity_distance	0.0	0.0
bound_geometry	receptor_grouped_5fold	2	Gi/o	numeric__bound__tm7_h8_angle	0.0	0.0
bound_geometry	receptor_grouped_5fold	2	Gi/o	numeric__bound__h8_end_to_end_distance	0.0	0.0
bound_geometry	receptor_grouped_5fold	2	Gi/o	numeric__bound__h8_r350_distance	0.0	0.0
bound_geometry	receptor_grouped_5fold	2	Gi/o	numeric__bound__h8_tm6_distance	-0.02000946356620183	0.02000946356620183
bound_geometry	receptor_grouped_5fold	2	Gi/o	numeric__bound__icl2_helix_fraction	0.0	0.0
bound_geometry	receptor_grouped_5fold	2	Gi/o	numeric__bound__icl2_longest_helix	0.0	0.0
bound_geometry	receptor_grouped_5fold	2	Gi/o	numeric__bound__icl2_mean_phi	0.16107834314151892	0.16107834314151892
bound_geometry	receptor_grouped_5fold	2	Gi/o	numeric__bound__icl2_mean_psi	0.0	0.0
bound_geometry	receptor_grouped_5fold	2	Gi/o	numeric__bound__intracellular_cavity_core_volume	0.0	0.0
bound_geometry	receptor_grouped_5fold	2	Gi/o	numeric__bound__intracellular_cavity_core_mouth_area	0.0	0.0
bound_geometry	receptor_grouped_5fold	2	Gi/o	numeric__bound__intracellular_cavity_core_depth	0.0	0.0
bound_geometry	receptor_grouped_5fold	2	Gi/o	numeric__bound__intracellular_cavity_core_maximum_width	0.0	0.0
bound_geometry	receptor_grouped_5fold	2	Gi/o	numeric__bound__intracellular_cavity_core_average_cross_section	0.0	0.0
bound_geometry	receptor_grouped_5fold	2	Gi/o	numeric__bound__intracellular_cavity_core_bottleneck_area	0.0	0.0
bound_geometry	receptor_grouped_5fold	2	Gi/o	numeric__bound__intracellular_cavity_core_bottleneck_radius	0.0	0.0
bound_geometry	receptor_grouped_5fold	2	Gi/o	numeric__bound__intracellular_cavity_core_max_inscribed_radius	0.0	0.0
bound_geometry	receptor_grouped_5fold	2	Gi/o	numeric__bound__intracellular_cavity_core_surface_area	0.0	0.0
bound_geometry	receptor_grouped_5fold	2	Gi/o	numeric__bound__intracellular_cavity_core_centroid_x	0.0	0.0
bound_geometry	receptor_grouped_5fold	2	Gi/o	numeric__bound__intracellular_cavity_core_centroid_y	0.0	0.0
bound_geometry	receptor_grouped_5fold	2	Gi/o	numeric__bound__intracellular_cavity_core_centroid_z	0.0	0.0
bound_geometry	receptor_grouped_5fold	2	Gi/o	numeric__bound__intracellular_cavity_core_principal_length_1	0.0	0.0
bound_geometry	receptor_grouped_5fold	2	Gi/o	numeric__bound__intracellular_cavity_core_principal_length_2	0.0	0.0
bound_geometry	receptor_grouped_5fold	2	Gi/o	numeric__bound__intracellular_cavity_core_principal_length_3	-0.15879164767503876	0.15879164767503876
bound_geometry	receptor_grouped_5fold	2	Gi/o	numeric__bound__intracellular_cavity_core_principal_axis_1_z_alignment	0.0	0.0
bound_geometry	receptor_grouped_5fold	2	Gi/o	numeric__bound__intracellular_cavity_core_eccentricity	0.15626180291366018	0.15626180291366018
bound_geometry	receptor_grouped_5fold	2	Gi/o	numeric__bound__intracellular_cavity_core_sphericity	0.0	0.0
bound_geometry	receptor_grouped_5fold	2	Gi/o	numeric__bound__intracellular_cavity_core_asymmetry	0.0	0.0
bound_geometry	receptor_grouped_5fold	2	Gi/o	numeric__bound__intracellular_cavity_core_tm3_side_fraction	0.0	0.0
bound_geometry	receptor_grouped_5fold	2	Gi/o	numeric__bound__intracellular_cavity_core_tm6_side_fraction	0.0	0.0
bound_geometry	receptor_grouped_5fold	2	Gi/o	numeric__bound__intracellular_cavity_core_tm5_side_fraction	0.0	0.0
bound_geometry	receptor_grouped_5fold	2	Gi/o	numeric__bound__intracellular_cavity_core_tm7_side_fraction	0.0	0.0
bound_geometry	receptor_grouped_5fold	2	Gi/o	numeric__bound__intracellular_cavity_core_wall_fraction_h8	0.0	0.0
bound_geometry	receptor_grouped_5fold	2	Gi/o	numeric__bound__intracellular_cavity_core_wall_fraction_icl2	-0.026549675698967667	0.026549675698967667
bound_geometry	receptor_grouped_5fold	2	Gi/o	numeric__bound__intracellular_cavity_core_wall_fraction_tm3	0.0	0.0
bound_geometry	receptor_grouped_5fold	2	Gi/o	numeric__bound__intracellular_cavity_core_wall_fraction_tm7	0.0	0.0
bound_geometry	receptor_grouped_5fold	2	Gq/11	numeric__bound__activation_consensus_score	0.0	0.0
bound_geometry	receptor_grouped_5fold	2	Gq/11	numeric__bound__tm6_r350_634_distance	0.0	0.0
bound_geometry	receptor_grouped_5fold	2	Gq/11	numeric__bound__tm6_aligned_displacement	0.0	0.0
bound_geometry	receptor_grouped_5fold	2	Gq/11	numeric__bound__tm7_displacement	0.044734050515912886	0.044734050515912886
bound_geometry	receptor_grouped_5fold	2	Gq/11	numeric__bound__tm3_tm7_distance	-0.12016636918205409	0.12016636918205409
bound_geometry	receptor_grouped_5fold	2	Gq/11	numeric__bound__tm6_r350_630_distance	0.0	0.0
bound_geometry	receptor_grouped_5fold	2	Gq/11	numeric__bound__dry_r350_630_min_distance	0.0	0.0
bound_geometry	receptor_grouped_5fold	2	Gq/11	numeric__bound__dry_r350_630_ca_distance	0.0	0.0
bound_geometry	receptor_grouped_5fold	2	Gq/11	numeric__bound__dry_d349_r350_min_distance	0.0	0.0
bound_geometry	receptor_grouped_5fold	2	Gq/11	numeric__bound__r350_chi1	0.0	0.0
bound_geometry	receptor_grouped_5fold	2	Gq/11	numeric__bound__r350_chi2	-0.012253018845537452	0.012253018845537452
bound_geometry	receptor_grouped_5fold	2	Gq/11	numeric__bound__pif_550_340_distance	0.0	0.0
bound_geometry	receptor_grouped_5fold	2	Gq/11	numeric__bound__pif_340_644_distance	0.0	0.0
bound_geometry	receptor_grouped_5fold	2	Gq/11	numeric__bound__pif_550_644_distance	0.0	0.0
bound_geometry	receptor_grouped_5fold	2	Gq/11	numeric__bound__pif_550_340_min_distance	0.0	0.0
bound_geometry	receptor_grouped_5fold	2	Gq/11	numeric__bound__pif_340_644_min_distance	0.0	0.0
bound_geometry	receptor_grouped_5fold	2	Gq/11	numeric__bound__pif_550_644_min_distance	0.08230599518831082	0.08230599518831082
bound_geometry	receptor_grouped_5fold	2	Gq/11	numeric__bound__pif_triangle_perimeter	0.0	0.0
bound_geometry	receptor_grouped_5fold	2	Gq/11	numeric__bound__position_644_chi1	0.0	0.0
bound_geometry	receptor_grouped_5fold	2	Gq/11	numeric__bound__position_644_chi2	0.08093344069340659	0.08093344069340659
bound_geometry	receptor_grouped_5fold	2	Gq/11	numeric__bound__w648_chi1	0.20670227544976993	0.20670227544976993
bound_geometry	receptor_grouped_5fold	2	Gq/11	numeric__bound__w648_chi2	0.0	0.0
bound_geometry	receptor_grouped_5fold	2	Gq/11	numeric__bound__w648_displacement	0.0	0.0
bound_geometry	receptor_grouped_5fold	2	Gq/11	numeric__bound__w648_to_644_distance	-0.03817794087763226	0.03817794087763226
bound_geometry	receptor_grouped_5fold	2	Gq/11	numeric__bound__cwxp_647_650_distance	0.0	0.0
bound_geometry	receptor_grouped_5fold	2	Gq/11	numeric__bound__y753_chi1	0.0	0.0
bound_geometry	receptor_grouped_5fold	2	Gq/11	numeric__bound__y753_chi2	0.2068716577956788	0.2068716577956788
bound_geometry	receptor_grouped_5fold	2	Gq/11	numeric__bound__y753_y558_distance	0.0	0.0
bound_geometry	receptor_grouped_5fold	2	Gq/11	numeric__bound__y753_y558_min_distance	0.0	0.0
bound_geometry	receptor_grouped_5fold	2	Gq/11	numeric__bound__n749_y753_distance	0.0	0.0
bound_geometry	receptor_grouped_5fold	2	Gq/11	numeric__bound__npxxy_local_spread	0.0	0.0
bound_geometry	receptor_grouped_5fold	2	Gq/11	numeric__bound__y753_displacement	0.0865343365623318	0.0865343365623318
bound_geometry	receptor_grouped_5fold	2	Gq/11	numeric__bound__sodium_d250_s339_distance	0.08008124172397271	0.08008124172397271
bound_geometry	receptor_grouped_5fold	2	Gq/11	numeric__bound__sodium_d250_n745_distance	0.0	0.0
bound_geometry	receptor_grouped_5fold	2	Gq/11	numeric__bound__sodium_d250_s746_distance	-0.12139403344148744	0.12139403344148744
bound_geometry	receptor_grouped_5fold	2	Gq/11	numeric__bound__sodium_d250_n749_distance	0.0	0.0
bound_geometry	receptor_grouped_5fold	2	Gq/11	numeric__bound__sodium_pocket_volume	0.0	0.0
bound_geometry	receptor_grouped_5fold	2	Gq/11	numeric__bound__sodium_pocket_spread	0.0	0.0
bound_geometry	receptor_grouped_5fold	2	Gq/11	numeric__bound__tm7_rotation	0.0	0.0
bound_geometry	receptor_grouped_5fold	2	Gq/11	numeric__bound__icl2_generic_ca_count	0.0	0.0
bound_geometry	receptor_grouped_5fold	2	Gq/11	numeric__bound__icl2_end_to_end_distance	0.0	0.0
bound_geometry	receptor_grouped_5fold	2	Gq/11	numeric__bound__icl2_centroid_to_r350	0.0	0.0
bound_geometry	receptor_grouped_5fold	2	Gq/11	numeric__bound__icl2_centroid_to_tm5_561	0.15493482889281546	0.15493482889281546
bound_geometry	receptor_grouped_5fold	2	Gq/11	numeric__bound__icl2_centroid_to_tm6_634	0.0	0.0
bound_geometry	receptor_grouped_5fold	2	Gq/11	numeric__bound__icl2_centroid_to_tm7_753	0.0	0.0
bound_geometry	receptor_grouped_5fold	2	Gq/11	numeric__bound__icl2_axis_tm3_angle	0.0	0.0
bound_geometry	receptor_grouped_5fold	2	Gq/11	numeric__bound__icl2_axis_tm5_angle	0.0	0.0
bound_geometry	receptor_grouped_5fold	2	Gq/11	numeric__bound__icl2_active_reference_displacement	0.0	0.0
bound_geometry	receptor_grouped_5fold	2	Gq/11	numeric__bound__tm5_cytoplasmic_extension	0.09446414170491571	0.09446414170491571
bound_geometry	receptor_grouped_5fold	2	Gq/11	numeric__bound__tm5_cytoplasmic_kink	0.0	0.0
bound_geometry	receptor_grouped_5fold	2	Gq/11	numeric__bound__tm5_r350_561_distance	0.0	0.0
bound_geometry	receptor_grouped_5fold	2	Gq/11	numeric__bound__tm5_r350_564_distance	0.1298010172689978	0.1298010172689978
bound_geometry	receptor_grouped_5fold	2	Gq/11	numeric__bound__tm5_tm6_cavity_distance	0.0	0.0
bound_geometry	receptor_grouped_5fold	2	Gq/11	numeric__bound__tm5_axis_tm3_angle	-0.052298685090363554	0.052298685090363554
bound_geometry	receptor_grouped_5fold	2	Gq/11	numeric__bound__tm6_lower_upper_kink	0.0	0.0
bound_geometry	receptor_grouped_5fold	2	Gq/11	numeric__bound__tm6_axis_tm3_angle	0.0	0.0
bound_geometry	receptor_grouped_5fold	2	Gq/11	numeric__bound__tm6_tm7_cavity_distance	0.0	0.0
bound_geometry	receptor_grouped_5fold	2	Gq/11	numeric__bound__tm7_h8_angle	-0.06280446880267458	0.06280446880267458
bound_geometry	receptor_grouped_5fold	2	Gq/11	numeric__bound__h8_end_to_end_distance	0.0	0.0
bound_geometry	receptor_grouped_5fold	2	Gq/11	numeric__bound__h8_r350_distance	0.0	0.0
bound_geometry	receptor_grouped_5fold	2	Gq/11	numeric__bound__h8_tm6_distance	0.0	0.0
bound_geometry	receptor_grouped_5fold	2	Gq/11	numeric__bound__icl2_helix_fraction	0.0	0.0
bound_geometry	receptor_grouped_5fold	2	Gq/11	numeric__bound__icl2_longest_helix	0.0	0.0
bound_geometry	receptor_grouped_5fold	2	Gq/11	numeric__bound__icl2_mean_phi	-0.029140731999536335	0.029140731999536335
bound_geometry	receptor_grouped_5fold	2	Gq/11	numeric__bound__icl2_mean_psi	0.0	0.0
bound_geometry	receptor_grouped_5fold	2	Gq/11	numeric__bound__intracellular_cavity_core_volume	0.0	0.0
bound_geometry	receptor_grouped_5fold	2	Gq/11	numeric__bound__intracellular_cavity_core_mouth_area	0.0	0.0
bound_geometry	receptor_grouped_5fold	2	Gq/11	numeric__bound__intracellular_cavity_core_depth	0.0	0.0
bound_geometry	receptor_grouped_5fold	2	Gq/11	numeric__bound__intracellular_cavity_core_maximum_width	0.0	0.0
bound_geometry	receptor_grouped_5fold	2	Gq/11	numeric__bound__intracellular_cavity_core_average_cross_section	0.0	0.0
bound_geometry	receptor_grouped_5fold	2	Gq/11	numeric__bound__intracellular_cavity_core_bottleneck_area	0.0	0.0
bound_geometry	receptor_grouped_5fold	2	Gq/11	numeric__bound__intracellular_cavity_core_bottleneck_radius	0.0	0.0
bound_geometry	receptor_grouped_5fold	2	Gq/11	numeric__bound__intracellular_cavity_core_max_inscribed_radius	0.0	0.0
bound_geometry	receptor_grouped_5fold	2	Gq/11	numeric__bound__intracellular_cavity_core_surface_area	0.0	0.0
bound_geometry	receptor_grouped_5fold	2	Gq/11	numeric__bound__intracellular_cavity_core_centroid_x	0.05108838363247861	0.05108838363247861
bound_geometry	receptor_grouped_5fold	2	Gq/11	numeric__bound__intracellular_cavity_core_centroid_y	0.0	0.0
bound_geometry	receptor_grouped_5fold	2	Gq/11	numeric__bound__intracellular_cavity_core_centroid_z	-0.019425177718461216	0.019425177718461216
bound_geometry	receptor_grouped_5fold	2	Gq/11	numeric__bound__intracellular_cavity_core_principal_length_1	0.0	0.0
bound_geometry	receptor_grouped_5fold	2	Gq/11	numeric__bound__intracellular_cavity_core_principal_length_2	0.0	0.0
bound_geometry	receptor_grouped_5fold	2	Gq/11	numeric__bound__intracellular_cavity_core_principal_length_3	0.0	0.0
bound_geometry	receptor_grouped_5fold	2	Gq/11	numeric__bound__intracellular_cavity_core_principal_axis_1_z_alignment	0.0	0.0
bound_geometry	receptor_grouped_5fold	2	Gq/11	numeric__bound__intracellular_cavity_core_eccentricity	0.0	0.0
bound_geometry	receptor_grouped_5fold	2	Gq/11	numeric__bound__intracellular_cavity_core_sphericity	0.0	0.0
bound_geometry	receptor_grouped_5fold	2	Gq/11	numeric__bound__intracellular_cavity_core_asymmetry	0.0	0.0
bound_geometry	receptor_grouped_5fold	2	Gq/11	numeric__bound__intracellular_cavity_core_tm3_side_fraction	0.0	0.0
bound_geometry	receptor_grouped_5fold	2	Gq/11	numeric__bound__intracellular_cavity_core_tm6_side_fraction	0.0	0.0
bound_geometry	receptor_grouped_5fold	2	Gq/11	numeric__bound__intracellular_cavity_core_tm5_side_fraction	0.0	0.0
bound_geometry	receptor_grouped_5fold	2	Gq/11	numeric__bound__intracellular_cavity_core_tm7_side_fraction	0.0	0.0
bound_geometry	receptor_grouped_5fold	2	Gq/11	numeric__bound__intracellular_cavity_core_wall_fraction_h8	0.0	0.0
bound_geometry	receptor_grouped_5fold	2	Gq/11	numeric__bound__intracellular_cavity_core_wall_fraction_icl2	0.35198661958576644	0.35198661958576644
bound_geometry	receptor_grouped_5fold	2	Gq/11	numeric__bound__intracellular_cavity_core_wall_fraction_tm3	0.0	0.0
bound_geometry	receptor_grouped_5fold	2	Gq/11	numeric__bound__intracellular_cavity_core_wall_fraction_tm7	0.03746637710784453	0.03746637710784453
bound_geometry	receptor_grouped_5fold	2	Gs	numeric__bound__activation_consensus_score	0.010896743992419489	0.010896743992419489
bound_geometry	receptor_grouped_5fold	2	Gs	numeric__bound__tm6_r350_634_distance	0.0	0.0
bound_geometry	receptor_grouped_5fold	2	Gs	numeric__bound__tm6_aligned_displacement	0.0023326948772287304	0.0023326948772287304
bound_geometry	receptor_grouped_5fold	2	Gs	numeric__bound__tm7_displacement	0.0	0.0
bound_geometry	receptor_grouped_5fold	2	Gs	numeric__bound__tm3_tm7_distance	0.0	0.0
bound_geometry	receptor_grouped_5fold	2	Gs	numeric__bound__tm6_r350_630_distance	0.1968434918138353	0.1968434918138353
bound_geometry	receptor_grouped_5fold	2	Gs	numeric__bound__dry_r350_630_min_distance	0.10551422193294578	0.10551422193294578
bound_geometry	receptor_grouped_5fold	2	Gs	numeric__bound__dry_r350_630_ca_distance	0.1968434918138353	0.1968434918138353
bound_geometry	receptor_grouped_5fold	2	Gs	numeric__bound__dry_d349_r350_min_distance	0.0	0.0
bound_geometry	receptor_grouped_5fold	2	Gs	numeric__bound__r350_chi1	0.0	0.0
bound_geometry	receptor_grouped_5fold	2	Gs	numeric__bound__r350_chi2	0.0	0.0
bound_geometry	receptor_grouped_5fold	2	Gs	numeric__bound__pif_550_340_distance	0.0	0.0
bound_geometry	receptor_grouped_5fold	2	Gs	numeric__bound__pif_340_644_distance	0.0	0.0
bound_geometry	receptor_grouped_5fold	2	Gs	numeric__bound__pif_550_644_distance	0.0	0.0
bound_geometry	receptor_grouped_5fold	2	Gs	numeric__bound__pif_550_340_min_distance	0.0	0.0
bound_geometry	receptor_grouped_5fold	2	Gs	numeric__bound__pif_340_644_min_distance	0.0	0.0
bound_geometry	receptor_grouped_5fold	2	Gs	numeric__bound__pif_550_644_min_distance	0.0	0.0
bound_geometry	receptor_grouped_5fold	2	Gs	numeric__bound__pif_triangle_perimeter	0.0	0.0
bound_geometry	receptor_grouped_5fold	2	Gs	numeric__bound__position_644_chi1	0.22568069832147153	0.22568069832147153
bound_geometry	receptor_grouped_5fold	2	Gs	numeric__bound__position_644_chi2	0.0	0.0
bound_geometry	receptor_grouped_5fold	2	Gs	numeric__bound__w648_chi1	-0.35469948823745384	0.35469948823745384
bound_geometry	receptor_grouped_5fold	2	Gs	numeric__bound__w648_chi2	0.0	0.0
bound_geometry	receptor_grouped_5fold	2	Gs	numeric__bound__w648_displacement	0.0	0.0
bound_geometry	receptor_grouped_5fold	2	Gs	numeric__bound__w648_to_644_distance	0.04526276851667529	0.04526276851667529
bound_geometry	receptor_grouped_5fold	2	Gs	numeric__bound__cwxp_647_650_distance	0.0	0.0
bound_geometry	receptor_grouped_5fold	2	Gs	numeric__bound__y753_chi1	0.0	0.0
bound_geometry	receptor_grouped_5fold	2	Gs	numeric__bound__y753_chi2	-0.13411917592843708	0.13411917592843708
bound_geometry	receptor_grouped_5fold	2	Gs	numeric__bound__y753_y558_distance	0.0	0.0
bound_geometry	receptor_grouped_5fold	2	Gs	numeric__bound__y753_y558_min_distance	0.0	0.0
bound_geometry	receptor_grouped_5fold	2	Gs	numeric__bound__n749_y753_distance	0.0	0.0
bound_geometry	receptor_grouped_5fold	2	Gs	numeric__bound__npxxy_local_spread	0.0	0.0
bound_geometry	receptor_grouped_5fold	2	Gs	numeric__bound__y753_displacement	0.0	0.0
bound_geometry	receptor_grouped_5fold	2	Gs	numeric__bound__sodium_d250_s339_distance	0.0	0.0
bound_geometry	receptor_grouped_5fold	2	Gs	numeric__bound__sodium_d250_n745_distance	0.0	0.0
bound_geometry	receptor_grouped_5fold	2	Gs	numeric__bound__sodium_d250_s746_distance	0.0	0.0
bound_geometry	receptor_grouped_5fold	2	Gs	numeric__bound__sodium_d250_n749_distance	0.0	0.0
bound_geometry	receptor_grouped_5fold	2	Gs	numeric__bound__sodium_pocket_volume	0.0	0.0
bound_geometry	receptor_grouped_5fold	2	Gs	numeric__bound__sodium_pocket_spread	0.0	0.0
bound_geometry	receptor_grouped_5fold	2	Gs	numeric__bound__tm7_rotation	0.0	0.0
bound_geometry	receptor_grouped_5fold	2	Gs	numeric__bound__icl2_generic_ca_count	0.0	0.0
bound_geometry	receptor_grouped_5fold	2	Gs	numeric__bound__icl2_end_to_end_distance	0.0	0.0
bound_geometry	receptor_grouped_5fold	2	Gs	numeric__bound__icl2_centroid_to_r350	0.0	0.0
bound_geometry	receptor_grouped_5fold	2	Gs	numeric__bound__icl2_centroid_to_tm5_561	0.0	0.0
bound_geometry	receptor_grouped_5fold	2	Gs	numeric__bound__icl2_centroid_to_tm6_634	0.0	0.0
bound_geometry	receptor_grouped_5fold	2	Gs	numeric__bound__icl2_centroid_to_tm7_753	0.0	0.0
bound_geometry	receptor_grouped_5fold	2	Gs	numeric__bound__icl2_axis_tm3_angle	0.0	0.0
bound_geometry	receptor_grouped_5fold	2	Gs	numeric__bound__icl2_axis_tm5_angle	0.0	0.0
bound_geometry	receptor_grouped_5fold	2	Gs	numeric__bound__icl2_active_reference_displacement	0.0	0.0
bound_geometry	receptor_grouped_5fold	2	Gs	numeric__bound__tm5_cytoplasmic_extension	0.0	0.0
bound_geometry	receptor_grouped_5fold	2	Gs	numeric__bound__tm5_cytoplasmic_kink	0.0	0.0
bound_geometry	receptor_grouped_5fold	2	Gs	numeric__bound__tm5_r350_561_distance	0.0	0.0
bound_geometry	receptor_grouped_5fold	2	Gs	numeric__bound__tm5_r350_564_distance	0.0	0.0
bound_geometry	receptor_grouped_5fold	2	Gs	numeric__bound__tm5_tm6_cavity_distance	0.0	0.0
bound_geometry	receptor_grouped_5fold	2	Gs	numeric__bound__tm5_axis_tm3_angle	0.0	0.0
bound_geometry	receptor_grouped_5fold	2	Gs	numeric__bound__tm6_lower_upper_kink	0.12170801937081693	0.12170801937081693
bound_geometry	receptor_grouped_5fold	2	Gs	numeric__bound__tm6_axis_tm3_angle	0.15115674280800337	0.15115674280800337
bound_geometry	receptor_grouped_5fold	2	Gs	numeric__bound__tm6_tm7_cavity_distance	0.07989619484690634	0.07989619484690634
bound_geometry	receptor_grouped_5fold	2	Gs	numeric__bound__tm7_h8_angle	0.1851832688305837	0.1851832688305837
bound_geometry	receptor_grouped_5fold	2	Gs	numeric__bound__h8_end_to_end_distance	0.0	0.0
bound_geometry	receptor_grouped_5fold	2	Gs	numeric__bound__h8_r350_distance	0.0	0.0
bound_geometry	receptor_grouped_5fold	2	Gs	numeric__bound__h8_tm6_distance	0.013592444120537318	0.013592444120537318
bound_geometry	receptor_grouped_5fold	2	Gs	numeric__bound__icl2_helix_fraction	0.0	0.0
bound_geometry	receptor_grouped_5fold	2	Gs	numeric__bound__icl2_longest_helix	0.0	0.0
bound_geometry	receptor_grouped_5fold	2	Gs	numeric__bound__icl2_mean_phi	0.0	0.0
bound_geometry	receptor_grouped_5fold	2	Gs	numeric__bound__icl2_mean_psi	0.0	0.0
bound_geometry	receptor_grouped_5fold	2	Gs	numeric__bound__intracellular_cavity_core_volume	0.0	0.0
bound_geometry	receptor_grouped_5fold	2	Gs	numeric__bound__intracellular_cavity_core_mouth_area	0.0	0.0
bound_geometry	receptor_grouped_5fold	2	Gs	numeric__bound__intracellular_cavity_core_depth	0.0	0.0
bound_geometry	receptor_grouped_5fold	2	Gs	numeric__bound__intracellular_cavity_core_maximum_width	0.0	0.0
bound_geometry	receptor_grouped_5fold	2	Gs	numeric__bound__intracellular_cavity_core_average_cross_section	0.0	0.0
bound_geometry	receptor_grouped_5fold	2	Gs	numeric__bound__intracellular_cavity_core_bottleneck_area	0.0	0.0
bound_geometry	receptor_grouped_5fold	2	Gs	numeric__bound__intracellular_cavity_core_bottleneck_radius	0.0	0.0
bound_geometry	receptor_grouped_5fold	2	Gs	numeric__bound__intracellular_cavity_core_max_inscribed_radius	0.0	0.0
bound_geometry	receptor_grouped_5fold	2	Gs	numeric__bound__intracellular_cavity_core_surface_area	0.0	0.0
bound_geometry	receptor_grouped_5fold	2	Gs	numeric__bound__intracellular_cavity_core_centroid_x	0.0	0.0
bound_geometry	receptor_grouped_5fold	2	Gs	numeric__bound__intracellular_cavity_core_centroid_y	0.0	0.0
bound_geometry	receptor_grouped_5fold	2	Gs	numeric__bound__intracellular_cavity_core_centroid_z	0.061678966304383666	0.061678966304383666
bound_geometry	receptor_grouped_5fold	2	Gs	numeric__bound__intracellular_cavity_core_principal_length_1	0.0	0.0
bound_geometry	receptor_grouped_5fold	2	Gs	numeric__bound__intracellular_cavity_core_principal_length_2	0.0	0.0
bound_geometry	receptor_grouped_5fold	2	Gs	numeric__bound__intracellular_cavity_core_principal_length_3	0.0	0.0
bound_geometry	receptor_grouped_5fold	2	Gs	numeric__bound__intracellular_cavity_core_principal_axis_1_z_alignment	0.0	0.0
bound_geometry	receptor_grouped_5fold	2	Gs	numeric__bound__intracellular_cavity_core_eccentricity	0.0	0.0
bound_geometry	receptor_grouped_5fold	2	Gs	numeric__bound__intracellular_cavity_core_sphericity	0.0	0.0
bound_geometry	receptor_grouped_5fold	2	Gs	numeric__bound__intracellular_cavity_core_asymmetry	0.0	0.0
bound_geometry	receptor_grouped_5fold	2	Gs	numeric__bound__intracellular_cavity_core_tm3_side_fraction	0.0	0.0
bound_geometry	receptor_grouped_5fold	2	Gs	numeric__bound__intracellular_cavity_core_tm6_side_fraction	0.0	0.0
bound_geometry	receptor_grouped_5fold	2	Gs	numeric__bound__intracellular_cavity_core_tm5_side_fraction	0.0	0.0
bound_geometry	receptor_grouped_5fold	2	Gs	numeric__bound__intracellular_cavity_core_tm7_side_fraction	0.0	0.0
bound_geometry	receptor_grouped_5fold	2	Gs	numeric__bound__intracellular_cavity_core_wall_fraction_h8	0.032914468021378825	0.032914468021378825
bound_geometry	receptor_grouped_5fold	2	Gs	numeric__bound__intracellular_cavity_core_wall_fraction_icl2	0.0	0.0
bound_geometry	receptor_grouped_5fold	2	Gs	numeric__bound__intracellular_cavity_core_wall_fraction_tm3	0.0	0.0
bound_geometry	receptor_grouped_5fold	2	Gs	numeric__bound__intracellular_cavity_core_wall_fraction_tm7	0.0	0.0
bound_geometry	receptor_grouped_5fold	3	Gi/o	numeric__bound__activation_consensus_score	-0.058914051080036646	0.058914051080036646
bound_geometry	receptor_grouped_5fold	3	Gi/o	numeric__bound__tm6_r350_634_distance	-0.17106637023818225	0.17106637023818225
bound_geometry	receptor_grouped_5fold	3	Gi/o	numeric__bound__tm6_aligned_displacement	-0.1293933433525416	0.1293933433525416
bound_geometry	receptor_grouped_5fold	3	Gi/o	numeric__bound__tm7_displacement	0.0	0.0
bound_geometry	receptor_grouped_5fold	3	Gi/o	numeric__bound__tm3_tm7_distance	0.0	0.0
bound_geometry	receptor_grouped_5fold	3	Gi/o	numeric__bound__tm6_r350_630_distance	-0.08470150899118417	0.08470150899118417
bound_geometry	receptor_grouped_5fold	3	Gi/o	numeric__bound__dry_r350_630_min_distance	-0.025284925311102793	0.025284925311102793
bound_geometry	receptor_grouped_5fold	3	Gi/o	numeric__bound__dry_r350_630_ca_distance	-0.08470150899118417	0.08470150899118417
bound_geometry	receptor_grouped_5fold	3	Gi/o	numeric__bound__dry_d349_r350_min_distance	0.0	0.0
bound_geometry	receptor_grouped_5fold	3	Gi/o	numeric__bound__r350_chi1	0.0	0.0
bound_geometry	receptor_grouped_5fold	3	Gi/o	numeric__bound__r350_chi2	0.0	0.0
bound_geometry	receptor_grouped_5fold	3	Gi/o	numeric__bound__pif_550_340_distance	0.0	0.0
bound_geometry	receptor_grouped_5fold	3	Gi/o	numeric__bound__pif_340_644_distance	0.0	0.0
bound_geometry	receptor_grouped_5fold	3	Gi/o	numeric__bound__pif_550_644_distance	0.0	0.0
bound_geometry	receptor_grouped_5fold	3	Gi/o	numeric__bound__pif_550_340_min_distance	0.0	0.0
bound_geometry	receptor_grouped_5fold	3	Gi/o	numeric__bound__pif_340_644_min_distance	0.0	0.0
bound_geometry	receptor_grouped_5fold	3	Gi/o	numeric__bound__pif_550_644_min_distance	0.0	0.0
bound_geometry	receptor_grouped_5fold	3	Gi/o	numeric__bound__pif_triangle_perimeter	0.0	0.0
bound_geometry	receptor_grouped_5fold	3	Gi/o	numeric__bound__position_644_chi1	-0.11718599410359011	0.11718599410359011
bound_geometry	receptor_grouped_5fold	3	Gi/o	numeric__bound__position_644_chi2	-0.23719092507732523	0.23719092507732523
bound_geometry	receptor_grouped_5fold	3	Gi/o	numeric__bound__w648_chi1	0.0	0.0
bound_geometry	receptor_grouped_5fold	3	Gi/o	numeric__bound__w648_chi2	0.0	0.0
bound_geometry	receptor_grouped_5fold	3	Gi/o	numeric__bound__w648_displacement	0.0	0.0
bound_geometry	receptor_grouped_5fold	3	Gi/o	numeric__bound__w648_to_644_distance	0.0	0.0
bound_geometry	receptor_grouped_5fold	3	Gi/o	numeric__bound__cwxp_647_650_distance	0.0	0.0
bound_geometry	receptor_grouped_5fold	3	Gi/o	numeric__bound__y753_chi1	0.0	0.0
bound_geometry	receptor_grouped_5fold	3	Gi/o	numeric__bound__y753_chi2	0.0	0.0
bound_geometry	receptor_grouped_5fold	3	Gi/o	numeric__bound__y753_y558_distance	0.0	0.0
bound_geometry	receptor_grouped_5fold	3	Gi/o	numeric__bound__y753_y558_min_distance	0.0	0.0
bound_geometry	receptor_grouped_5fold	3	Gi/o	numeric__bound__n749_y753_distance	0.0	0.0
bound_geometry	receptor_grouped_5fold	3	Gi/o	numeric__bound__npxxy_local_spread	0.0	0.0
bound_geometry	receptor_grouped_5fold	3	Gi/o	numeric__bound__y753_displacement	0.0	0.0
bound_geometry	receptor_grouped_5fold	3	Gi/o	numeric__bound__sodium_d250_s339_distance	0.0	0.0
bound_geometry	receptor_grouped_5fold	3	Gi/o	numeric__bound__sodium_d250_n745_distance	0.0	0.0
bound_geometry	receptor_grouped_5fold	3	Gi/o	numeric__bound__sodium_d250_s746_distance	0.0	0.0
bound_geometry	receptor_grouped_5fold	3	Gi/o	numeric__bound__sodium_d250_n749_distance	0.0	0.0
bound_geometry	receptor_grouped_5fold	3	Gi/o	numeric__bound__sodium_pocket_volume	0.0	0.0
bound_geometry	receptor_grouped_5fold	3	Gi/o	numeric__bound__sodium_pocket_spread	0.0	0.0
bound_geometry	receptor_grouped_5fold	3	Gi/o	numeric__bound__tm7_rotation	0.0	0.0
bound_geometry	receptor_grouped_5fold	3	Gi/o	numeric__bound__icl2_generic_ca_count	0.0	0.0
bound_geometry	receptor_grouped_5fold	3	Gi/o	numeric__bound__icl2_end_to_end_distance	0.019000129882530654	0.019000129882530654
bound_geometry	receptor_grouped_5fold	3	Gi/o	numeric__bound__icl2_centroid_to_r350	0.0	0.0
bound_geometry	receptor_grouped_5fold	3	Gi/o	numeric__bound__icl2_centroid_to_tm5_561	0.0	0.0
bound_geometry	receptor_grouped_5fold	3	Gi/o	numeric__bound__icl2_centroid_to_tm6_634	-0.10645304913668688	0.10645304913668688
bound_geometry	receptor_grouped_5fold	3	Gi/o	numeric__bound__icl2_centroid_to_tm7_753	0.006038290155180248	0.006038290155180248
bound_geometry	receptor_grouped_5fold	3	Gi/o	numeric__bound__icl2_axis_tm3_angle	0.0	0.0
bound_geometry	receptor_grouped_5fold	3	Gi/o	numeric__bound__icl2_axis_tm5_angle	0.053964619666443205	0.053964619666443205
bound_geometry	receptor_grouped_5fold	3	Gi/o	numeric__bound__icl2_active_reference_displacement	0.0	0.0
bound_geometry	receptor_grouped_5fold	3	Gi/o	numeric__bound__tm5_cytoplasmic_extension	-0.10916600414290299	0.10916600414290299
bound_geometry	receptor_grouped_5fold	3	Gi/o	numeric__bound__tm5_cytoplasmic_kink	0.0	0.0
bound_geometry	receptor_grouped_5fold	3	Gi/o	numeric__bound__tm5_r350_561_distance	-0.012513019940851768	0.012513019940851768
bound_geometry	receptor_grouped_5fold	3	Gi/o	numeric__bound__tm5_r350_564_distance	-0.015642349399587425	0.015642349399587425
bound_geometry	receptor_grouped_5fold	3	Gi/o	numeric__bound__tm5_tm6_cavity_distance	-0.14599224483714818	0.14599224483714818
bound_geometry	receptor_grouped_5fold	3	Gi/o	numeric__bound__tm5_axis_tm3_angle	0.0	0.0
bound_geometry	receptor_grouped_5fold	3	Gi/o	numeric__bound__tm6_lower_upper_kink	0.0	0.0
bound_geometry	receptor_grouped_5fold	3	Gi/o	numeric__bound__tm6_axis_tm3_angle	-0.21146425348475592	0.21146425348475592
bound_geometry	receptor_grouped_5fold	3	Gi/o	numeric__bound__tm6_tm7_cavity_distance	0.0	0.0
bound_geometry	receptor_grouped_5fold	3	Gi/o	numeric__bound__tm7_h8_angle	0.0	0.0
bound_geometry	receptor_grouped_5fold	3	Gi/o	numeric__bound__h8_end_to_end_distance	0.0	0.0
bound_geometry	receptor_grouped_5fold	3	Gi/o	numeric__bound__h8_r350_distance	0.0	0.0
bound_geometry	receptor_grouped_5fold	3	Gi/o	numeric__bound__h8_tm6_distance	-0.00729718185826502	0.00729718185826502
bound_geometry	receptor_grouped_5fold	3	Gi/o	numeric__bound__icl2_helix_fraction	0.0	0.0
bound_geometry	receptor_grouped_5fold	3	Gi/o	numeric__bound__icl2_longest_helix	0.0	0.0
bound_geometry	receptor_grouped_5fold	3	Gi/o	numeric__bound__icl2_mean_phi	0.28075778776898813	0.28075778776898813
bound_geometry	receptor_grouped_5fold	3	Gi/o	numeric__bound__icl2_mean_psi	0.0	0.0
bound_geometry	receptor_grouped_5fold	3	Gi/o	numeric__bound__intracellular_cavity_core_volume	0.0	0.0
bound_geometry	receptor_grouped_5fold	3	Gi/o	numeric__bound__intracellular_cavity_core_mouth_area	0.0	0.0
bound_geometry	receptor_grouped_5fold	3	Gi/o	numeric__bound__intracellular_cavity_core_depth	0.0	0.0
bound_geometry	receptor_grouped_5fold	3	Gi/o	numeric__bound__intracellular_cavity_core_maximum_width	0.0	0.0
bound_geometry	receptor_grouped_5fold	3	Gi/o	numeric__bound__intracellular_cavity_core_average_cross_section	0.0	0.0
bound_geometry	receptor_grouped_5fold	3	Gi/o	numeric__bound__intracellular_cavity_core_bottleneck_area	0.0	0.0
bound_geometry	receptor_grouped_5fold	3	Gi/o	numeric__bound__intracellular_cavity_core_bottleneck_radius	0.0	0.0
bound_geometry	receptor_grouped_5fold	3	Gi/o	numeric__bound__intracellular_cavity_core_max_inscribed_radius	0.0	0.0
bound_geometry	receptor_grouped_5fold	3	Gi/o	numeric__bound__intracellular_cavity_core_surface_area	0.0	0.0
bound_geometry	receptor_grouped_5fold	3	Gi/o	numeric__bound__intracellular_cavity_core_centroid_x	0.0	0.0
bound_geometry	receptor_grouped_5fold	3	Gi/o	numeric__bound__intracellular_cavity_core_centroid_y	0.0	0.0
bound_geometry	receptor_grouped_5fold	3	Gi/o	numeric__bound__intracellular_cavity_core_centroid_z	0.0	0.0
bound_geometry	receptor_grouped_5fold	3	Gi/o	numeric__bound__intracellular_cavity_core_principal_length_1	0.0	0.0
bound_geometry	receptor_grouped_5fold	3	Gi/o	numeric__bound__intracellular_cavity_core_principal_length_2	0.0	0.0
bound_geometry	receptor_grouped_5fold	3	Gi/o	numeric__bound__intracellular_cavity_core_principal_length_3	-0.026299288157422763	0.026299288157422763
bound_geometry	receptor_grouped_5fold	3	Gi/o	numeric__bound__intracellular_cavity_core_principal_axis_1_z_alignment	0.0	0.0
bound_geometry	receptor_grouped_5fold	3	Gi/o	numeric__bound__intracellular_cavity_core_eccentricity	0.00451079835868947	0.00451079835868947
bound_geometry	receptor_grouped_5fold	3	Gi/o	numeric__bound__intracellular_cavity_core_sphericity	0.0	0.0
bound_geometry	receptor_grouped_5fold	3	Gi/o	numeric__bound__intracellular_cavity_core_asymmetry	0.06396756727590622	0.06396756727590622
bound_geometry	receptor_grouped_5fold	3	Gi/o	numeric__bound__intracellular_cavity_core_tm3_side_fraction	0.0	0.0
bound_geometry	receptor_grouped_5fold	3	Gi/o	numeric__bound__intracellular_cavity_core_tm6_side_fraction	0.0	0.0
bound_geometry	receptor_grouped_5fold	3	Gi/o	numeric__bound__intracellular_cavity_core_tm5_side_fraction	0.0	0.0
bound_geometry	receptor_grouped_5fold	3	Gi/o	numeric__bound__intracellular_cavity_core_tm7_side_fraction	0.0	0.0
bound_geometry	receptor_grouped_5fold	3	Gi/o	numeric__bound__intracellular_cavity_core_wall_fraction_h8	0.0	0.0
bound_geometry	receptor_grouped_5fold	3	Gi/o	numeric__bound__intracellular_cavity_core_wall_fraction_icl2	0.0	0.0
bound_geometry	receptor_grouped_5fold	3	Gi/o	numeric__bound__intracellular_cavity_core_wall_fraction_tm3	0.0	0.0
bound_geometry	receptor_grouped_5fold	3	Gi/o	numeric__bound__intracellular_cavity_core_wall_fraction_tm7	0.0	0.0
bound_geometry	receptor_grouped_5fold	3	Gq/11	numeric__bound__activation_consensus_score	0.0	0.0
bound_geometry	receptor_grouped_5fold	3	Gq/11	numeric__bound__tm6_r350_634_distance	0.0	0.0
bound_geometry	receptor_grouped_5fold	3	Gq/11	numeric__bound__tm6_aligned_displacement	0.0	0.0
bound_geometry	receptor_grouped_5fold	3	Gq/11	numeric__bound__tm7_displacement	0.0	0.0
bound_geometry	receptor_grouped_5fold	3	Gq/11	numeric__bound__tm3_tm7_distance	0.0	0.0
bound_geometry	receptor_grouped_5fold	3	Gq/11	numeric__bound__tm6_r350_630_distance	0.0	0.0
bound_geometry	receptor_grouped_5fold	3	Gq/11	numeric__bound__dry_r350_630_min_distance	0.0	0.0
bound_geometry	receptor_grouped_5fold	3	Gq/11	numeric__bound__dry_r350_630_ca_distance	0.0	0.0
bound_geometry	receptor_grouped_5fold	3	Gq/11	numeric__bound__dry_d349_r350_min_distance	0.0	0.0
bound_geometry	receptor_grouped_5fold	3	Gq/11	numeric__bound__r350_chi1	-0.18449948441524788	0.18449948441524788
bound_geometry	receptor_grouped_5fold	3	Gq/11	numeric__bound__r350_chi2	0.0	0.0
bound_geometry	receptor_grouped_5fold	3	Gq/11	numeric__bound__pif_550_340_distance	0.0	0.0
bound_geometry	receptor_grouped_5fold	3	Gq/11	numeric__bound__pif_340_644_distance	0.0	0.0
bound_geometry	receptor_grouped_5fold	3	Gq/11	numeric__bound__pif_550_644_distance	0.0	0.0
bound_geometry	receptor_grouped_5fold	3	Gq/11	numeric__bound__pif_550_340_min_distance	0.0	0.0
bound_geometry	receptor_grouped_5fold	3	Gq/11	numeric__bound__pif_340_644_min_distance	0.0	0.0
bound_geometry	receptor_grouped_5fold	3	Gq/11	numeric__bound__pif_550_644_min_distance	0.0	0.0
bound_geometry	receptor_grouped_5fold	3	Gq/11	numeric__bound__pif_triangle_perimeter	0.0	0.0
bound_geometry	receptor_grouped_5fold	3	Gq/11	numeric__bound__position_644_chi1	0.0	0.0
bound_geometry	receptor_grouped_5fold	3	Gq/11	numeric__bound__position_644_chi2	0.13264570395987574	0.13264570395987574
bound_geometry	receptor_grouped_5fold	3	Gq/11	numeric__bound__w648_chi1	0.0	0.0
bound_geometry	receptor_grouped_5fold	3	Gq/11	numeric__bound__w648_chi2	0.0	0.0
bound_geometry	receptor_grouped_5fold	3	Gq/11	numeric__bound__w648_displacement	0.0	0.0
bound_geometry	receptor_grouped_5fold	3	Gq/11	numeric__bound__w648_to_644_distance	0.0	0.0
bound_geometry	receptor_grouped_5fold	3	Gq/11	numeric__bound__cwxp_647_650_distance	0.0	0.0
bound_geometry	receptor_grouped_5fold	3	Gq/11	numeric__bound__y753_chi1	0.0	0.0
bound_geometry	receptor_grouped_5fold	3	Gq/11	numeric__bound__y753_chi2	0.0	0.0
bound_geometry	receptor_grouped_5fold	3	Gq/11	numeric__bound__y753_y558_distance	0.0	0.0
bound_geometry	receptor_grouped_5fold	3	Gq/11	numeric__bound__y753_y558_min_distance	0.0	0.0
bound_geometry	receptor_grouped_5fold	3	Gq/11	numeric__bound__n749_y753_distance	0.0	0.0
bound_geometry	receptor_grouped_5fold	3	Gq/11	numeric__bound__npxxy_local_spread	0.0	0.0
bound_geometry	receptor_grouped_5fold	3	Gq/11	numeric__bound__y753_displacement	0.0	0.0
bound_geometry	receptor_grouped_5fold	3	Gq/11	numeric__bound__sodium_d250_s339_distance	0.07904550897299557	0.07904550897299557
bound_geometry	receptor_grouped_5fold	3	Gq/11	numeric__bound__sodium_d250_n745_distance	0.0	0.0
bound_geometry	receptor_grouped_5fold	3	Gq/11	numeric__bound__sodium_d250_s746_distance	-0.11589121554840694	0.11589121554840694
bound_geometry	receptor_grouped_5fold	3	Gq/11	numeric__bound__sodium_d250_n749_distance	0.10972799248002359	0.10972799248002359
bound_geometry	receptor_grouped_5fold	3	Gq/11	numeric__bound__sodium_pocket_volume	0.050977479372681836	0.050977479372681836
bound_geometry	receptor_grouped_5fold	3	Gq/11	numeric__bound__sodium_pocket_spread	0.13770839717217065	0.13770839717217065
bound_geometry	receptor_grouped_5fold	3	Gq/11	numeric__bound__tm7_rotation	0.0	0.0
bound_geometry	receptor_grouped_5fold	3	Gq/11	numeric__bound__icl2_generic_ca_count	0.0	0.0
bound_geometry	receptor_grouped_5fold	3	Gq/11	numeric__bound__icl2_end_to_end_distance	0.0	0.0
bound_geometry	receptor_grouped_5fold	3	Gq/11	numeric__bound__icl2_centroid_to_r350	0.0	0.0
bound_geometry	receptor_grouped_5fold	3	Gq/11	numeric__bound__icl2_centroid_to_tm5_561	0.08170903541853139	0.08170903541853139
bound_geometry	receptor_grouped_5fold	3	Gq/11	numeric__bound__icl2_centroid_to_tm6_634	0.0	0.0
bound_geometry	receptor_grouped_5fold	3	Gq/11	numeric__bound__icl2_centroid_to_tm7_753	0.0	0.0
bound_geometry	receptor_grouped_5fold	3	Gq/11	numeric__bound__icl2_axis_tm3_angle	0.0	0.0
bound_geometry	receptor_grouped_5fold	3	Gq/11	numeric__bound__icl2_axis_tm5_angle	0.0	0.0
bound_geometry	receptor_grouped_5fold	3	Gq/11	numeric__bound__icl2_active_reference_displacement	0.0	0.0
bound_geometry	receptor_grouped_5fold	3	Gq/11	numeric__bound__tm5_cytoplasmic_extension	0.0	0.0
bound_geometry	receptor_grouped_5fold	3	Gq/11	numeric__bound__tm5_cytoplasmic_kink	-0.07490907208946193	0.07490907208946193
bound_geometry	receptor_grouped_5fold	3	Gq/11	numeric__bound__tm5_r350_561_distance	0.0	0.0
bound_geometry	receptor_grouped_5fold	3	Gq/11	numeric__bound__tm5_r350_564_distance	0.24103233295576207	0.24103233295576207
bound_geometry	receptor_grouped_5fold	3	Gq/11	numeric__bound__tm5_tm6_cavity_distance	0.0	0.0
bound_geometry	receptor_grouped_5fold	3	Gq/11	numeric__bound__tm5_axis_tm3_angle	0.0	0.0
bound_geometry	receptor_grouped_5fold	3	Gq/11	numeric__bound__tm6_lower_upper_kink	-0.05061949296837318	0.05061949296837318
bound_geometry	receptor_grouped_5fold	3	Gq/11	numeric__bound__tm6_axis_tm3_angle	0.0	0.0
bound_geometry	receptor_grouped_5fold	3	Gq/11	numeric__bound__tm6_tm7_cavity_distance	0.0	0.0
bound_geometry	receptor_grouped_5fold	3	Gq/11	numeric__bound__tm7_h8_angle	0.0	0.0
bound_geometry	receptor_grouped_5fold	3	Gq/11	numeric__bound__h8_end_to_end_distance	0.0	0.0
bound_geometry	receptor_grouped_5fold	3	Gq/11	numeric__bound__h8_r350_distance	0.0	0.0
bound_geometry	receptor_grouped_5fold	3	Gq/11	numeric__bound__h8_tm6_distance	0.0	0.0
bound_geometry	receptor_grouped_5fold	3	Gq/11	numeric__bound__icl2_helix_fraction	0.0	0.0
bound_geometry	receptor_grouped_5fold	3	Gq/11	numeric__bound__icl2_longest_helix	0.0	0.0
bound_geometry	receptor_grouped_5fold	3	Gq/11	numeric__bound__icl2_mean_phi	-0.48640886233850217	0.48640886233850217
bound_geometry	receptor_grouped_5fold	3	Gq/11	numeric__bound__icl2_mean_psi	0.0	0.0
bound_geometry	receptor_grouped_5fold	3	Gq/11	numeric__bound__intracellular_cavity_core_volume	0.0	0.0
bound_geometry	receptor_grouped_5fold	3	Gq/11	numeric__bound__intracellular_cavity_core_mouth_area	0.0	0.0
bound_geometry	receptor_grouped_5fold	3	Gq/11	numeric__bound__intracellular_cavity_core_depth	0.0	0.0
bound_geometry	receptor_grouped_5fold	3	Gq/11	numeric__bound__intracellular_cavity_core_maximum_width	0.0	0.0
bound_geometry	receptor_grouped_5fold	3	Gq/11	numeric__bound__intracellular_cavity_core_average_cross_section	0.0	0.0
bound_geometry	receptor_grouped_5fold	3	Gq/11	numeric__bound__intracellular_cavity_core_bottleneck_area	0.0	0.0
bound_geometry	receptor_grouped_5fold	3	Gq/11	numeric__bound__intracellular_cavity_core_bottleneck_radius	0.0	0.0
bound_geometry	receptor_grouped_5fold	3	Gq/11	numeric__bound__intracellular_cavity_core_max_inscribed_radius	0.0	0.0
bound_geometry	receptor_grouped_5fold	3	Gq/11	numeric__bound__intracellular_cavity_core_surface_area	0.0	0.0
bound_geometry	receptor_grouped_5fold	3	Gq/11	numeric__bound__intracellular_cavity_core_centroid_x	0.0	0.0
bound_geometry	receptor_grouped_5fold	3	Gq/11	numeric__bound__intracellular_cavity_core_centroid_y	0.0	0.0
bound_geometry	receptor_grouped_5fold	3	Gq/11	numeric__bound__intracellular_cavity_core_centroid_z	0.0	0.0
bound_geometry	receptor_grouped_5fold	3	Gq/11	numeric__bound__intracellular_cavity_core_principal_length_1	0.0	0.0
bound_geometry	receptor_grouped_5fold	3	Gq/11	numeric__bound__intracellular_cavity_core_principal_length_2	0.0	0.0
bound_geometry	receptor_grouped_5fold	3	Gq/11	numeric__bound__intracellular_cavity_core_principal_length_3	0.0	0.0
bound_geometry	receptor_grouped_5fold	3	Gq/11	numeric__bound__intracellular_cavity_core_principal_axis_1_z_alignment	0.0	0.0
bound_geometry	receptor_grouped_5fold	3	Gq/11	numeric__bound__intracellular_cavity_core_eccentricity	0.0	0.0
bound_geometry	receptor_grouped_5fold	3	Gq/11	numeric__bound__intracellular_cavity_core_sphericity	0.0	0.0
bound_geometry	receptor_grouped_5fold	3	Gq/11	numeric__bound__intracellular_cavity_core_asymmetry	-0.07283405946065545	0.07283405946065545
bound_geometry	receptor_grouped_5fold	3	Gq/11	numeric__bound__intracellular_cavity_core_tm3_side_fraction	0.0	0.0
bound_geometry	receptor_grouped_5fold	3	Gq/11	numeric__bound__intracellular_cavity_core_tm6_side_fraction	0.0	0.0
bound_geometry	receptor_grouped_5fold	3	Gq/11	numeric__bound__intracellular_cavity_core_tm5_side_fraction	0.0	0.0
bound_geometry	receptor_grouped_5fold	3	Gq/11	numeric__bound__intracellular_cavity_core_tm7_side_fraction	0.0	0.0
bound_geometry	receptor_grouped_5fold	3	Gq/11	numeric__bound__intracellular_cavity_core_wall_fraction_h8	0.0	0.0
bound_geometry	receptor_grouped_5fold	3	Gq/11	numeric__bound__intracellular_cavity_core_wall_fraction_icl2	0.14769390761350445	0.14769390761350445
bound_geometry	receptor_grouped_5fold	3	Gq/11	numeric__bound__intracellular_cavity_core_wall_fraction_tm3	0.0	0.0
bound_geometry	receptor_grouped_5fold	3	Gq/11	numeric__bound__intracellular_cavity_core_wall_fraction_tm7	0.0	0.0
bound_geometry	receptor_grouped_5fold	3	Gs	numeric__bound__activation_consensus_score	0.07752575524657945	0.07752575524657945
bound_geometry	receptor_grouped_5fold	3	Gs	numeric__bound__tm6_r350_634_distance	0.003790235092197983	0.003790235092197983
bound_geometry	receptor_grouped_5fold	3	Gs	numeric__bound__tm6_aligned_displacement	0.05776231319305583	0.05776231319305583
bound_geometry	receptor_grouped_5fold	3	Gs	numeric__bound__tm7_displacement	0.0	0.0
bound_geometry	receptor_grouped_5fold	3	Gs	numeric__bound__tm3_tm7_distance	0.0	0.0
bound_geometry	receptor_grouped_5fold	3	Gs	numeric__bound__tm6_r350_630_distance	0.16740706377948603	0.16740706377948603
bound_geometry	receptor_grouped_5fold	3	Gs	numeric__bound__dry_r350_630_min_distance	0.11715024546682234	0.11715024546682234
bound_geometry	receptor_grouped_5fold	3	Gs	numeric__bound__dry_r350_630_ca_distance	0.16740706377948603	0.16740706377948603
bound_geometry	receptor_grouped_5fold	3	Gs	numeric__bound__dry_d349_r350_min_distance	0.0	0.0
bound_geometry	receptor_grouped_5fold	3	Gs	numeric__bound__r350_chi1	0.0	0.0
bound_geometry	receptor_grouped_5fold	3	Gs	numeric__bound__r350_chi2	0.0	0.0
bound_geometry	receptor_grouped_5fold	3	Gs	numeric__bound__pif_550_340_distance	0.0	0.0
bound_geometry	receptor_grouped_5fold	3	Gs	numeric__bound__pif_340_644_distance	0.0	0.0
bound_geometry	receptor_grouped_5fold	3	Gs	numeric__bound__pif_550_644_distance	0.0	0.0
bound_geometry	receptor_grouped_5fold	3	Gs	numeric__bound__pif_550_340_min_distance	0.0	0.0
bound_geometry	receptor_grouped_5fold	3	Gs	numeric__bound__pif_340_644_min_distance	0.0	0.0
bound_geometry	receptor_grouped_5fold	3	Gs	numeric__bound__pif_550_644_min_distance	0.0	0.0
bound_geometry	receptor_grouped_5fold	3	Gs	numeric__bound__pif_triangle_perimeter	0.0	0.0
bound_geometry	receptor_grouped_5fold	3	Gs	numeric__bound__position_644_chi1	0.0	0.0
bound_geometry	receptor_grouped_5fold	3	Gs	numeric__bound__position_644_chi2	0.0	0.0
bound_geometry	receptor_grouped_5fold	3	Gs	numeric__bound__w648_chi1	-0.06924694786141826	0.06924694786141826
bound_geometry	receptor_grouped_5fold	3	Gs	numeric__bound__w648_chi2	0.0	0.0
bound_geometry	receptor_grouped_5fold	3	Gs	numeric__bound__w648_displacement	0.0	0.0
bound_geometry	receptor_grouped_5fold	3	Gs	numeric__bound__w648_to_644_distance	0.0	0.0
bound_geometry	receptor_grouped_5fold	3	Gs	numeric__bound__cwxp_647_650_distance	0.0	0.0
bound_geometry	receptor_grouped_5fold	3	Gs	numeric__bound__y753_chi1	0.0	0.0
bound_geometry	receptor_grouped_5fold	3	Gs	numeric__bound__y753_chi2	0.0	0.0
bound_geometry	receptor_grouped_5fold	3	Gs	numeric__bound__y753_y558_distance	0.0	0.0
bound_geometry	receptor_grouped_5fold	3	Gs	numeric__bound__y753_y558_min_distance	0.0	0.0
bound_geometry	receptor_grouped_5fold	3	Gs	numeric__bound__n749_y753_distance	0.0	0.0
bound_geometry	receptor_grouped_5fold	3	Gs	numeric__bound__npxxy_local_spread	0.0	0.0
bound_geometry	receptor_grouped_5fold	3	Gs	numeric__bound__y753_displacement	0.0	0.0
bound_geometry	receptor_grouped_5fold	3	Gs	numeric__bound__sodium_d250_s339_distance	0.0	0.0
bound_geometry	receptor_grouped_5fold	3	Gs	numeric__bound__sodium_d250_n745_distance	0.0	0.0
bound_geometry	receptor_grouped_5fold	3	Gs	numeric__bound__sodium_d250_s746_distance	0.0	0.0
bound_geometry	receptor_grouped_5fold	3	Gs	numeric__bound__sodium_d250_n749_distance	0.0	0.0
bound_geometry	receptor_grouped_5fold	3	Gs	numeric__bound__sodium_pocket_volume	0.0	0.0
bound_geometry	receptor_grouped_5fold	3	Gs	numeric__bound__sodium_pocket_spread	-0.04592901407501898	0.04592901407501898
bound_geometry	receptor_grouped_5fold	3	Gs	numeric__bound__tm7_rotation	0.0	0.0
bound_geometry	receptor_grouped_5fold	3	Gs	numeric__bound__icl2_generic_ca_count	0.0	0.0
bound_geometry	receptor_grouped_5fold	3	Gs	numeric__bound__icl2_end_to_end_distance	0.0	0.0
bound_geometry	receptor_grouped_5fold	3	Gs	numeric__bound__icl2_centroid_to_r350	0.0	0.0
bound_geometry	receptor_grouped_5fold	3	Gs	numeric__bound__icl2_centroid_to_tm5_561	0.0	0.0
bound_geometry	receptor_grouped_5fold	3	Gs	numeric__bound__icl2_centroid_to_tm6_634	0.0	0.0
bound_geometry	receptor_grouped_5fold	3	Gs	numeric__bound__icl2_centroid_to_tm7_753	0.0	0.0
bound_geometry	receptor_grouped_5fold	3	Gs	numeric__bound__icl2_axis_tm3_angle	-0.05537574742180111	0.05537574742180111
bound_geometry	receptor_grouped_5fold	3	Gs	numeric__bound__icl2_axis_tm5_angle	0.0	0.0
bound_geometry	receptor_grouped_5fold	3	Gs	numeric__bound__icl2_active_reference_displacement	-0.07340886941200424	0.07340886941200424
bound_geometry	receptor_grouped_5fold	3	Gs	numeric__bound__tm5_cytoplasmic_extension	0.0	0.0
bound_geometry	receptor_grouped_5fold	3	Gs	numeric__bound__tm5_cytoplasmic_kink	0.22733963559289108	0.22733963559289108
bound_geometry	receptor_grouped_5fold	3	Gs	numeric__bound__tm5_r350_561_distance	0.0	0.0
bound_geometry	receptor_grouped_5fold	3	Gs	numeric__bound__tm5_r350_564_distance	0.0	0.0
bound_geometry	receptor_grouped_5fold	3	Gs	numeric__bound__tm5_tm6_cavity_distance	0.0	0.0
bound_geometry	receptor_grouped_5fold	3	Gs	numeric__bound__tm5_axis_tm3_angle	0.09519851503333887	0.09519851503333887
bound_geometry	receptor_grouped_5fold	3	Gs	numeric__bound__tm6_lower_upper_kink	0.22248831443618647	0.22248831443618647
bound_geometry	receptor_grouped_5fold	3	Gs	numeric__bound__tm6_axis_tm3_angle	0.056111499642406464	0.056111499642406464
bound_geometry	receptor_grouped_5fold	3	Gs	numeric__bound__tm6_tm7_cavity_distance	0.06961393437609004	0.06961393437609004
bound_geometry	receptor_grouped_5fold	3	Gs	numeric__bound__tm7_h8_angle	0.0	0.0
bound_geometry	receptor_grouped_5fold	3	Gs	numeric__bound__h8_end_to_end_distance	0.0	0.0
bound_geometry	receptor_grouped_5fold	3	Gs	numeric__bound__h8_r350_distance	0.0	0.0
bound_geometry	receptor_grouped_5fold	3	Gs	numeric__bound__h8_tm6_distance	0.0	0.0
bound_geometry	receptor_grouped_5fold	3	Gs	numeric__bound__icl2_helix_fraction	0.0	0.0
bound_geometry	receptor_grouped_5fold	3	Gs	numeric__bound__icl2_longest_helix	0.0	0.0
bound_geometry	receptor_grouped_5fold	3	Gs	numeric__bound__icl2_mean_phi	0.0	0.0
bound_geometry	receptor_grouped_5fold	3	Gs	numeric__bound__icl2_mean_psi	0.0	0.0
bound_geometry	receptor_grouped_5fold	3	Gs	numeric__bound__intracellular_cavity_core_volume	0.0	0.0
bound_geometry	receptor_grouped_5fold	3	Gs	numeric__bound__intracellular_cavity_core_mouth_area	0.0	0.0
bound_geometry	receptor_grouped_5fold	3	Gs	numeric__bound__intracellular_cavity_core_depth	0.0	0.0
bound_geometry	receptor_grouped_5fold	3	Gs	numeric__bound__intracellular_cavity_core_maximum_width	0.0	0.0
bound_geometry	receptor_grouped_5fold	3	Gs	numeric__bound__intracellular_cavity_core_average_cross_section	0.0	0.0
bound_geometry	receptor_grouped_5fold	3	Gs	numeric__bound__intracellular_cavity_core_bottleneck_area	0.0	0.0
bound_geometry	receptor_grouped_5fold	3	Gs	numeric__bound__intracellular_cavity_core_bottleneck_radius	0.0	0.0
bound_geometry	receptor_grouped_5fold	3	Gs	numeric__bound__intracellular_cavity_core_max_inscribed_radius	0.0	0.0
bound_geometry	receptor_grouped_5fold	3	Gs	numeric__bound__intracellular_cavity_core_surface_area	0.0	0.0
bound_geometry	receptor_grouped_5fold	3	Gs	numeric__bound__intracellular_cavity_core_centroid_x	0.0	0.0
bound_geometry	receptor_grouped_5fold	3	Gs	numeric__bound__intracellular_cavity_core_centroid_y	0.0	0.0
bound_geometry	receptor_grouped_5fold	3	Gs	numeric__bound__intracellular_cavity_core_centroid_z	0.0	0.0
bound_geometry	receptor_grouped_5fold	3	Gs	numeric__bound__intracellular_cavity_core_principal_length_1	0.0	0.0
bound_geometry	receptor_grouped_5fold	3	Gs	numeric__bound__intracellular_cavity_core_principal_length_2	0.0	0.0
bound_geometry	receptor_grouped_5fold	3	Gs	numeric__bound__intracellular_cavity_core_principal_length_3	0.15581657040177432	0.15581657040177432
bound_geometry	receptor_grouped_5fold	3	Gs	numeric__bound__intracellular_cavity_core_principal_axis_1_z_alignment	0.005375633690637419	0.005375633690637419
bound_geometry	receptor_grouped_5fold	3	Gs	numeric__bound__intracellular_cavity_core_eccentricity	-0.25823429525598746	0.25823429525598746
bound_geometry	receptor_grouped_5fold	3	Gs	numeric__bound__intracellular_cavity_core_sphericity	0.0	0.0
bound_geometry	receptor_grouped_5fold	3	Gs	numeric__bound__intracellular_cavity_core_asymmetry	0.0	0.0
bound_geometry	receptor_grouped_5fold	3	Gs	numeric__bound__intracellular_cavity_core_tm3_side_fraction	0.0	0.0
bound_geometry	receptor_grouped_5fold	3	Gs	numeric__bound__intracellular_cavity_core_tm6_side_fraction	0.0	0.0
bound_geometry	receptor_grouped_5fold	3	Gs	numeric__bound__intracellular_cavity_core_tm5_side_fraction	0.0	0.0
bound_geometry	receptor_grouped_5fold	3	Gs	numeric__bound__intracellular_cavity_core_tm7_side_fraction	0.0	0.0
bound_geometry	receptor_grouped_5fold	3	Gs	numeric__bound__intracellular_cavity_core_wall_fraction_h8	0.0	0.0
bound_geometry	receptor_grouped_5fold	3	Gs	numeric__bound__intracellular_cavity_core_wall_fraction_icl2	-0.09698705811005884	0.09698705811005884
bound_geometry	receptor_grouped_5fold	3	Gs	numeric__bound__intracellular_cavity_core_wall_fraction_tm3	0.0	0.0
bound_geometry	receptor_grouped_5fold	3	Gs	numeric__bound__intracellular_cavity_core_wall_fraction_tm7	0.0	0.0
bound_geometry	receptor_grouped_5fold	4	Gi/o	numeric__bound__activation_consensus_score	0.0	0.0
bound_geometry	receptor_grouped_5fold	4	Gi/o	numeric__bound__tm6_r350_634_distance	-0.1180984664144297	0.1180984664144297
bound_geometry	receptor_grouped_5fold	4	Gi/o	numeric__bound__tm6_aligned_displacement	-0.06330223329906064	0.06330223329906064
bound_geometry	receptor_grouped_5fold	4	Gi/o	numeric__bound__tm7_displacement	0.0	0.0
bound_geometry	receptor_grouped_5fold	4	Gi/o	numeric__bound__tm3_tm7_distance	0.0	0.0
bound_geometry	receptor_grouped_5fold	4	Gi/o	numeric__bound__tm6_r350_630_distance	-0.0069368014996972075	0.0069368014996972075
bound_geometry	receptor_grouped_5fold	4	Gi/o	numeric__bound__dry_r350_630_min_distance	0.0	0.0
bound_geometry	receptor_grouped_5fold	4	Gi/o	numeric__bound__dry_r350_630_ca_distance	-0.0069368014996972075	0.0069368014996972075
bound_geometry	receptor_grouped_5fold	4	Gi/o	numeric__bound__dry_d349_r350_min_distance	0.0	0.0
bound_geometry	receptor_grouped_5fold	4	Gi/o	numeric__bound__r350_chi1	0.0	0.0
bound_geometry	receptor_grouped_5fold	4	Gi/o	numeric__bound__r350_chi2	0.0	0.0
bound_geometry	receptor_grouped_5fold	4	Gi/o	numeric__bound__pif_550_340_distance	0.0	0.0
bound_geometry	receptor_grouped_5fold	4	Gi/o	numeric__bound__pif_340_644_distance	0.0	0.0
bound_geometry	receptor_grouped_5fold	4	Gi/o	numeric__bound__pif_550_644_distance	0.0	0.0
bound_geometry	receptor_grouped_5fold	4	Gi/o	numeric__bound__pif_550_340_min_distance	0.0	0.0
bound_geometry	receptor_grouped_5fold	4	Gi/o	numeric__bound__pif_340_644_min_distance	0.0	0.0
bound_geometry	receptor_grouped_5fold	4	Gi/o	numeric__bound__pif_550_644_min_distance	0.0	0.0
bound_geometry	receptor_grouped_5fold	4	Gi/o	numeric__bound__pif_triangle_perimeter	0.0	0.0
bound_geometry	receptor_grouped_5fold	4	Gi/o	numeric__bound__position_644_chi1	0.0	0.0
bound_geometry	receptor_grouped_5fold	4	Gi/o	numeric__bound__position_644_chi2	-0.06706197182576037	0.06706197182576037
bound_geometry	receptor_grouped_5fold	4	Gi/o	numeric__bound__w648_chi1	0.0	0.0
bound_geometry	receptor_grouped_5fold	4	Gi/o	numeric__bound__w648_chi2	0.0	0.0
bound_geometry	receptor_grouped_5fold	4	Gi/o	numeric__bound__w648_displacement	0.0	0.0
bound_geometry	receptor_grouped_5fold	4	Gi/o	numeric__bound__w648_to_644_distance	0.0	0.0
bound_geometry	receptor_grouped_5fold	4	Gi/o	numeric__bound__cwxp_647_650_distance	0.0	0.0
bound_geometry	receptor_grouped_5fold	4	Gi/o	numeric__bound__y753_chi1	0.0	0.0
bound_geometry	receptor_grouped_5fold	4	Gi/o	numeric__bound__y753_chi2	0.0	0.0
bound_geometry	receptor_grouped_5fold	4	Gi/o	numeric__bound__y753_y558_distance	0.0	0.0
bound_geometry	receptor_grouped_5fold	4	Gi/o	numeric__bound__y753_y558_min_distance	0.0	0.0
bound_geometry	receptor_grouped_5fold	4	Gi/o	numeric__bound__n749_y753_distance	0.0	0.0
bound_geometry	receptor_grouped_5fold	4	Gi/o	numeric__bound__npxxy_local_spread	0.0	0.0
bound_geometry	receptor_grouped_5fold	4	Gi/o	numeric__bound__y753_displacement	0.0	0.0
bound_geometry	receptor_grouped_5fold	4	Gi/o	numeric__bound__sodium_d250_s339_distance	0.0	0.0
bound_geometry	receptor_grouped_5fold	4	Gi/o	numeric__bound__sodium_d250_n745_distance	0.0	0.0
bound_geometry	receptor_grouped_5fold	4	Gi/o	numeric__bound__sodium_d250_s746_distance	0.0	0.0
bound_geometry	receptor_grouped_5fold	4	Gi/o	numeric__bound__sodium_d250_n749_distance	0.0	0.0
bound_geometry	receptor_grouped_5fold	4	Gi/o	numeric__bound__sodium_pocket_volume	0.0	0.0
bound_geometry	receptor_grouped_5fold	4	Gi/o	numeric__bound__sodium_pocket_spread	0.0	0.0
bound_geometry	receptor_grouped_5fold	4	Gi/o	numeric__bound__tm7_rotation	0.0	0.0
bound_geometry	receptor_grouped_5fold	4	Gi/o	numeric__bound__icl2_generic_ca_count	0.0	0.0
bound_geometry	receptor_grouped_5fold	4	Gi/o	numeric__bound__icl2_end_to_end_distance	0.0	0.0
bound_geometry	receptor_grouped_5fold	4	Gi/o	numeric__bound__icl2_centroid_to_r350	0.0	0.0
bound_geometry	receptor_grouped_5fold	4	Gi/o	numeric__bound__icl2_centroid_to_tm5_561	0.0	0.0
bound_geometry	receptor_grouped_5fold	4	Gi/o	numeric__bound__icl2_centroid_to_tm6_634	-0.0726502716794792	0.0726502716794792
bound_geometry	receptor_grouped_5fold	4	Gi/o	numeric__bound__icl2_centroid_to_tm7_753	0.022135754170730874	0.022135754170730874
bound_geometry	receptor_grouped_5fold	4	Gi/o	numeric__bound__icl2_axis_tm3_angle	0.0	0.0
bound_geometry	receptor_grouped_5fold	4	Gi/o	numeric__bound__icl2_axis_tm5_angle	0.0	0.0
bound_geometry	receptor_grouped_5fold	4	Gi/o	numeric__bound__icl2_active_reference_displacement	0.0	0.0
bound_geometry	receptor_grouped_5fold	4	Gi/o	numeric__bound__tm5_cytoplasmic_extension	0.0	0.0
bound_geometry	receptor_grouped_5fold	4	Gi/o	numeric__bound__tm5_cytoplasmic_kink	0.0	0.0
bound_geometry	receptor_grouped_5fold	4	Gi/o	numeric__bound__tm5_r350_561_distance	0.0	0.0
bound_geometry	receptor_grouped_5fold	4	Gi/o	numeric__bound__tm5_r350_564_distance	0.0	0.0
bound_geometry	receptor_grouped_5fold	4	Gi/o	numeric__bound__tm5_tm6_cavity_distance	0.0	0.0
bound_geometry	receptor_grouped_5fold	4	Gi/o	numeric__bound__tm5_axis_tm3_angle	0.0	0.0
bound_geometry	receptor_grouped_5fold	4	Gi/o	numeric__bound__tm6_lower_upper_kink	0.0	0.0
bound_geometry	receptor_grouped_5fold	4	Gi/o	numeric__bound__tm6_axis_tm3_angle	-0.09889452863053884	0.09889452863053884
bound_geometry	receptor_grouped_5fold	4	Gi/o	numeric__bound__tm6_tm7_cavity_distance	0.0	0.0
bound_geometry	receptor_grouped_5fold	4	Gi/o	numeric__bound__tm7_h8_angle	0.0	0.0
bound_geometry	receptor_grouped_5fold	4	Gi/o	numeric__bound__h8_end_to_end_distance	0.0	0.0
bound_geometry	receptor_grouped_5fold	4	Gi/o	numeric__bound__h8_r350_distance	0.0	0.0
bound_geometry	receptor_grouped_5fold	4	Gi/o	numeric__bound__h8_tm6_distance	0.0	0.0
bound_geometry	receptor_grouped_5fold	4	Gi/o	numeric__bound__icl2_helix_fraction	0.0	0.0
bound_geometry	receptor_grouped_5fold	4	Gi/o	numeric__bound__icl2_longest_helix	0.0	0.0
bound_geometry	receptor_grouped_5fold	4	Gi/o	numeric__bound__icl2_mean_phi	0.10710087031689607	0.10710087031689607
bound_geometry	receptor_grouped_5fold	4	Gi/o	numeric__bound__icl2_mean_psi	0.0	0.0
bound_geometry	receptor_grouped_5fold	4	Gi/o	numeric__bound__intracellular_cavity_core_volume	0.0	0.0
bound_geometry	receptor_grouped_5fold	4	Gi/o	numeric__bound__intracellular_cavity_core_mouth_area	0.0	0.0
bound_geometry	receptor_grouped_5fold	4	Gi/o	numeric__bound__intracellular_cavity_core_depth	0.0	0.0
bound_geometry	receptor_grouped_5fold	4	Gi/o	numeric__bound__intracellular_cavity_core_maximum_width	0.0	0.0
bound_geometry	receptor_grouped_5fold	4	Gi/o	numeric__bound__intracellular_cavity_core_average_cross_section	0.0	0.0
bound_geometry	receptor_grouped_5fold	4	Gi/o	numeric__bound__intracellular_cavity_core_bottleneck_area	0.0	0.0
bound_geometry	receptor_grouped_5fold	4	Gi/o	numeric__bound__intracellular_cavity_core_bottleneck_radius	0.0	0.0
bound_geometry	receptor_grouped_5fold	4	Gi/o	numeric__bound__intracellular_cavity_core_max_inscribed_radius	0.0	0.0
bound_geometry	receptor_grouped_5fold	4	Gi/o	numeric__bound__intracellular_cavity_core_surface_area	0.0	0.0
bound_geometry	receptor_grouped_5fold	4	Gi/o	numeric__bound__intracellular_cavity_core_centroid_x	0.0	0.0
bound_geometry	receptor_grouped_5fold	4	Gi/o	numeric__bound__intracellular_cavity_core_centroid_y	0.0	0.0
bound_geometry	receptor_grouped_5fold	4	Gi/o	numeric__bound__intracellular_cavity_core_centroid_z	0.0	0.0
bound_geometry	receptor_grouped_5fold	4	Gi/o	numeric__bound__intracellular_cavity_core_principal_length_1	0.0	0.0
bound_geometry	receptor_grouped_5fold	4	Gi/o	numeric__bound__intracellular_cavity_core_principal_length_2	0.0	0.0
bound_geometry	receptor_grouped_5fold	4	Gi/o	numeric__bound__intracellular_cavity_core_principal_length_3	-0.009015493859456939	0.009015493859456939
bound_geometry	receptor_grouped_5fold	4	Gi/o	numeric__bound__intracellular_cavity_core_principal_axis_1_z_alignment	0.0	0.0
bound_geometry	receptor_grouped_5fold	4	Gi/o	numeric__bound__intracellular_cavity_core_eccentricity	0.05606610793649273	0.05606610793649273
bound_geometry	receptor_grouped_5fold	4	Gi/o	numeric__bound__intracellular_cavity_core_sphericity	0.0	0.0
bound_geometry	receptor_grouped_5fold	4	Gi/o	numeric__bound__intracellular_cavity_core_asymmetry	0.0	0.0
bound_geometry	receptor_grouped_5fold	4	Gi/o	numeric__bound__intracellular_cavity_core_tm3_side_fraction	0.0	0.0
bound_geometry	receptor_grouped_5fold	4	Gi/o	numeric__bound__intracellular_cavity_core_tm6_side_fraction	0.0	0.0
bound_geometry	receptor_grouped_5fold	4	Gi/o	numeric__bound__intracellular_cavity_core_tm5_side_fraction	0.0	0.0
bound_geometry	receptor_grouped_5fold	4	Gi/o	numeric__bound__intracellular_cavity_core_tm7_side_fraction	0.0	0.0
bound_geometry	receptor_grouped_5fold	4	Gi/o	numeric__bound__intracellular_cavity_core_wall_fraction_h8	0.0	0.0
bound_geometry	receptor_grouped_5fold	4	Gi/o	numeric__bound__intracellular_cavity_core_wall_fraction_icl2	0.0	0.0
bound_geometry	receptor_grouped_5fold	4	Gi/o	numeric__bound__intracellular_cavity_core_wall_fraction_tm3	0.0	0.0
bound_geometry	receptor_grouped_5fold	4	Gi/o	numeric__bound__intracellular_cavity_core_wall_fraction_tm7	0.0	0.0
bound_geometry	receptor_grouped_5fold	4	Gq/11	numeric__bound__activation_consensus_score	0.0	0.0
bound_geometry	receptor_grouped_5fold	4	Gq/11	numeric__bound__tm6_r350_634_distance	0.0	0.0
bound_geometry	receptor_grouped_5fold	4	Gq/11	numeric__bound__tm6_aligned_displacement	0.0	0.0
bound_geometry	receptor_grouped_5fold	4	Gq/11	numeric__bound__tm7_displacement	0.0	0.0
bound_geometry	receptor_grouped_5fold	4	Gq/11	numeric__bound__tm3_tm7_distance	0.0	0.0
bound_geometry	receptor_grouped_5fold	4	Gq/11	numeric__bound__tm6_r350_630_distance	0.0	0.0
bound_geometry	receptor_grouped_5fold	4	Gq/11	numeric__bound__dry_r350_630_min_distance	0.0	0.0
bound_geometry	receptor_grouped_5fold	4	Gq/11	numeric__bound__dry_r350_630_ca_distance	0.0	0.0
bound_geometry	receptor_grouped_5fold	4	Gq/11	numeric__bound__dry_d349_r350_min_distance	0.0	0.0
bound_geometry	receptor_grouped_5fold	4	Gq/11	numeric__bound__r350_chi1	0.0	0.0
bound_geometry	receptor_grouped_5fold	4	Gq/11	numeric__bound__r350_chi2	0.0	0.0
bound_geometry	receptor_grouped_5fold	4	Gq/11	numeric__bound__pif_550_340_distance	0.0	0.0
bound_geometry	receptor_grouped_5fold	4	Gq/11	numeric__bound__pif_340_644_distance	0.0	0.0
bound_geometry	receptor_grouped_5fold	4	Gq/11	numeric__bound__pif_550_644_distance	0.0	0.0
bound_geometry	receptor_grouped_5fold	4	Gq/11	numeric__bound__pif_550_340_min_distance	0.0	0.0
bound_geometry	receptor_grouped_5fold	4	Gq/11	numeric__bound__pif_340_644_min_distance	0.0	0.0
bound_geometry	receptor_grouped_5fold	4	Gq/11	numeric__bound__pif_550_644_min_distance	0.0	0.0
bound_geometry	receptor_grouped_5fold	4	Gq/11	numeric__bound__pif_triangle_perimeter	0.0	0.0
bound_geometry	receptor_grouped_5fold	4	Gq/11	numeric__bound__position_644_chi1	0.0	0.0
bound_geometry	receptor_grouped_5fold	4	Gq/11	numeric__bound__position_644_chi2	0.0	0.0
bound_geometry	receptor_grouped_5fold	4	Gq/11	numeric__bound__w648_chi1	0.0	0.0
bound_geometry	receptor_grouped_5fold	4	Gq/11	numeric__bound__w648_chi2	0.0	0.0
bound_geometry	receptor_grouped_5fold	4	Gq/11	numeric__bound__w648_displacement	0.0	0.0
bound_geometry	receptor_grouped_5fold	4	Gq/11	numeric__bound__w648_to_644_distance	0.0	0.0
bound_geometry	receptor_grouped_5fold	4	Gq/11	numeric__bound__cwxp_647_650_distance	0.0	0.0
bound_geometry	receptor_grouped_5fold	4	Gq/11	numeric__bound__y753_chi1	0.0	0.0
bound_geometry	receptor_grouped_5fold	4	Gq/11	numeric__bound__y753_chi2	0.0	0.0
bound_geometry	receptor_grouped_5fold	4	Gq/11	numeric__bound__y753_y558_distance	0.0	0.0
bound_geometry	receptor_grouped_5fold	4	Gq/11	numeric__bound__y753_y558_min_distance	0.0	0.0
bound_geometry	receptor_grouped_5fold	4	Gq/11	numeric__bound__n749_y753_distance	0.0	0.0
bound_geometry	receptor_grouped_5fold	4	Gq/11	numeric__bound__npxxy_local_spread	0.0	0.0
bound_geometry	receptor_grouped_5fold	4	Gq/11	numeric__bound__y753_displacement	0.0	0.0
bound_geometry	receptor_grouped_5fold	4	Gq/11	numeric__bound__sodium_d250_s339_distance	0.0	0.0
bound_geometry	receptor_grouped_5fold	4	Gq/11	numeric__bound__sodium_d250_n745_distance	0.0	0.0
bound_geometry	receptor_grouped_5fold	4	Gq/11	numeric__bound__sodium_d250_s746_distance	-0.010464755170375687	0.010464755170375687
bound_geometry	receptor_grouped_5fold	4	Gq/11	numeric__bound__sodium_d250_n749_distance	0.0	0.0
bound_geometry	receptor_grouped_5fold	4	Gq/11	numeric__bound__sodium_pocket_volume	0.0	0.0
bound_geometry	receptor_grouped_5fold	4	Gq/11	numeric__bound__sodium_pocket_spread	0.0	0.0
bound_geometry	receptor_grouped_5fold	4	Gq/11	numeric__bound__tm7_rotation	0.0	0.0
bound_geometry	receptor_grouped_5fold	4	Gq/11	numeric__bound__icl2_generic_ca_count	0.0	0.0
bound_geometry	receptor_grouped_5fold	4	Gq/11	numeric__bound__icl2_end_to_end_distance	0.0	0.0
bound_geometry	receptor_grouped_5fold	4	Gq/11	numeric__bound__icl2_centroid_to_r350	0.0	0.0
bound_geometry	receptor_grouped_5fold	4	Gq/11	numeric__bound__icl2_centroid_to_tm5_561	0.0	0.0
bound_geometry	receptor_grouped_5fold	4	Gq/11	numeric__bound__icl2_centroid_to_tm6_634	0.0	0.0
bound_geometry	receptor_grouped_5fold	4	Gq/11	numeric__bound__icl2_centroid_to_tm7_753	0.0	0.0
bound_geometry	receptor_grouped_5fold	4	Gq/11	numeric__bound__icl2_axis_tm3_angle	0.0	0.0
bound_geometry	receptor_grouped_5fold	4	Gq/11	numeric__bound__icl2_axis_tm5_angle	0.0	0.0
bound_geometry	receptor_grouped_5fold	4	Gq/11	numeric__bound__icl2_active_reference_displacement	0.0	0.0
bound_geometry	receptor_grouped_5fold	4	Gq/11	numeric__bound__tm5_cytoplasmic_extension	0.0	0.0
bound_geometry	receptor_grouped_5fold	4	Gq/11	numeric__bound__tm5_cytoplasmic_kink	0.0	0.0
bound_geometry	receptor_grouped_5fold	4	Gq/11	numeric__bound__tm5_r350_561_distance	0.0	0.0
bound_geometry	receptor_grouped_5fold	4	Gq/11	numeric__bound__tm5_r350_564_distance	0.015883989792717143	0.015883989792717143
bound_geometry	receptor_grouped_5fold	4	Gq/11	numeric__bound__tm5_tm6_cavity_distance	0.0	0.0
bound_geometry	receptor_grouped_5fold	4	Gq/11	numeric__bound__tm5_axis_tm3_angle	0.0	0.0
bound_geometry	receptor_grouped_5fold	4	Gq/11	numeric__bound__tm6_lower_upper_kink	0.0	0.0
bound_geometry	receptor_grouped_5fold	4	Gq/11	numeric__bound__tm6_axis_tm3_angle	0.0	0.0
bound_geometry	receptor_grouped_5fold	4	Gq/11	numeric__bound__tm6_tm7_cavity_distance	0.0	0.0
bound_geometry	receptor_grouped_5fold	4	Gq/11	numeric__bound__tm7_h8_angle	0.0	0.0
bound_geometry	receptor_grouped_5fold	4	Gq/11	numeric__bound__h8_end_to_end_distance	0.0	0.0
bound_geometry	receptor_grouped_5fold	4	Gq/11	numeric__bound__h8_r350_distance	0.0	0.0
bound_geometry	receptor_grouped_5fold	4	Gq/11	numeric__bound__h8_tm6_distance	0.0	0.0
bound_geometry	receptor_grouped_5fold	4	Gq/11	numeric__bound__icl2_helix_fraction	0.0	0.0
bound_geometry	receptor_grouped_5fold	4	Gq/11	numeric__bound__icl2_longest_helix	0.0	0.0
bound_geometry	receptor_grouped_5fold	4	Gq/11	numeric__bound__icl2_mean_phi	-0.08963299193717797	0.08963299193717797
bound_geometry	receptor_grouped_5fold	4	Gq/11	numeric__bound__icl2_mean_psi	0.0	0.0
bound_geometry	receptor_grouped_5fold	4	Gq/11	numeric__bound__intracellular_cavity_core_volume	0.0	0.0
bound_geometry	receptor_grouped_5fold	4	Gq/11	numeric__bound__intracellular_cavity_core_mouth_area	0.0	0.0
bound_geometry	receptor_grouped_5fold	4	Gq/11	numeric__bound__intracellular_cavity_core_depth	0.0	0.0
bound_geometry	receptor_grouped_5fold	4	Gq/11	numeric__bound__intracellular_cavity_core_maximum_width	0.0	0.0
bound_geometry	receptor_grouped_5fold	4	Gq/11	numeric__bound__intracellular_cavity_core_average_cross_section	0.0	0.0
bound_geometry	receptor_grouped_5fold	4	Gq/11	numeric__bound__intracellular_cavity_core_bottleneck_area	0.0	0.0
bound_geometry	receptor_grouped_5fold	4	Gq/11	numeric__bound__intracellular_cavity_core_bottleneck_radius	0.0	0.0
bound_geometry	receptor_grouped_5fold	4	Gq/11	numeric__bound__intracellular_cavity_core_max_inscribed_radius	0.0	0.0
bound_geometry	receptor_grouped_5fold	4	Gq/11	numeric__bound__intracellular_cavity_core_surface_area	0.0	0.0
bound_geometry	receptor_grouped_5fold	4	Gq/11	numeric__bound__intracellular_cavity_core_centroid_x	0.0	0.0
bound_geometry	receptor_grouped_5fold	4	Gq/11	numeric__bound__intracellular_cavity_core_centroid_y	0.0	0.0
bound_geometry	receptor_grouped_5fold	4	Gq/11	numeric__bound__intracellular_cavity_core_centroid_z	0.0	0.0
bound_geometry	receptor_grouped_5fold	4	Gq/11	numeric__bound__intracellular_cavity_core_principal_length_1	0.0	0.0
bound_geometry	receptor_grouped_5fold	4	Gq/11	numeric__bound__intracellular_cavity_core_principal_length_2	0.0	0.0
bound_geometry	receptor_grouped_5fold	4	Gq/11	numeric__bound__intracellular_cavity_core_principal_length_3	0.0	0.0
bound_geometry	receptor_grouped_5fold	4	Gq/11	numeric__bound__intracellular_cavity_core_principal_axis_1_z_alignment	0.0	0.0
bound_geometry	receptor_grouped_5fold	4	Gq/11	numeric__bound__intracellular_cavity_core_eccentricity	0.0	0.0
bound_geometry	receptor_grouped_5fold	4	Gq/11	numeric__bound__intracellular_cavity_core_sphericity	0.0	0.0
bound_geometry	receptor_grouped_5fold	4	Gq/11	numeric__bound__intracellular_cavity_core_asymmetry	0.0	0.0
bound_geometry	receptor_grouped_5fold	4	Gq/11	numeric__bound__intracellular_cavity_core_tm3_side_fraction	0.0	0.0
bound_geometry	receptor_grouped_5fold	4	Gq/11	numeric__bound__intracellular_cavity_core_tm6_side_fraction	0.0	0.0
bound_geometry	receptor_grouped_5fold	4	Gq/11	numeric__bound__intracellular_cavity_core_tm5_side_fraction	0.0	0.0
bound_geometry	receptor_grouped_5fold	4	Gq/11	numeric__bound__intracellular_cavity_core_tm7_side_fraction	0.0	0.0
bound_geometry	receptor_grouped_5fold	4	Gq/11	numeric__bound__intracellular_cavity_core_wall_fraction_h8	0.0	0.0
bound_geometry	receptor_grouped_5fold	4	Gq/11	numeric__bound__intracellular_cavity_core_wall_fraction_icl2	0.10601970247354696	0.10601970247354696
bound_geometry	receptor_grouped_5fold	4	Gq/11	numeric__bound__intracellular_cavity_core_wall_fraction_tm3	0.0	0.0
bound_geometry	receptor_grouped_5fold	4	Gq/11	numeric__bound__intracellular_cavity_core_wall_fraction_tm7	0.0	0.0
bound_geometry	receptor_grouped_5fold	4	Gs	numeric__bound__activation_consensus_score	0.034644244299245446	0.034644244299245446
bound_geometry	receptor_grouped_5fold	4	Gs	numeric__bound__tm6_r350_634_distance	0.0	0.0
bound_geometry	receptor_grouped_5fold	4	Gs	numeric__bound__tm6_aligned_displacement	0.033120980039287776	0.033120980039287776
bound_geometry	receptor_grouped_5fold	4	Gs	numeric__bound__tm7_displacement	0.0	0.0
bound_geometry	receptor_grouped_5fold	4	Gs	numeric__bound__tm3_tm7_distance	0.0	0.0
bound_geometry	receptor_grouped_5fold	4	Gs	numeric__bound__tm6_r350_630_distance	0.12996226695170388	0.12996226695170388
bound_geometry	receptor_grouped_5fold	4	Gs	numeric__bound__dry_r350_630_min_distance	0.10017277246055795	0.10017277246055795
bound_geometry	receptor_grouped_5fold	4	Gs	numeric__bound__dry_r350_630_ca_distance	0.12996226695170388	0.12996226695170388
bound_geometry	receptor_grouped_5fold	4	Gs	numeric__bound__dry_d349_r350_min_distance	0.0	0.0
bound_geometry	receptor_grouped_5fold	4	Gs	numeric__bound__r350_chi1	0.0	0.0
bound_geometry	receptor_grouped_5fold	4	Gs	numeric__bound__r350_chi2	0.0	0.0
bound_geometry	receptor_grouped_5fold	4	Gs	numeric__bound__pif_550_340_distance	0.0	0.0
bound_geometry	receptor_grouped_5fold	4	Gs	numeric__bound__pif_340_644_distance	0.0	0.0
bound_geometry	receptor_grouped_5fold	4	Gs	numeric__bound__pif_550_644_distance	0.0	0.0
bound_geometry	receptor_grouped_5fold	4	Gs	numeric__bound__pif_550_340_min_distance	0.0	0.0
bound_geometry	receptor_grouped_5fold	4	Gs	numeric__bound__pif_340_644_min_distance	0.0	0.0
bound_geometry	receptor_grouped_5fold	4	Gs	numeric__bound__pif_550_644_min_distance	0.0	0.0
bound_geometry	receptor_grouped_5fold	4	Gs	numeric__bound__pif_triangle_perimeter	0.0	0.0
bound_geometry	receptor_grouped_5fold	4	Gs	numeric__bound__position_644_chi1	0.0	0.0
bound_geometry	receptor_grouped_5fold	4	Gs	numeric__bound__position_644_chi2	0.0	0.0
bound_geometry	receptor_grouped_5fold	4	Gs	numeric__bound__w648_chi1	-0.05558845726124335	0.05558845726124335
bound_geometry	receptor_grouped_5fold	4	Gs	numeric__bound__w648_chi2	0.0	0.0
bound_geometry	receptor_grouped_5fold	4	Gs	numeric__bound__w648_displacement	0.0	0.0
bound_geometry	receptor_grouped_5fold	4	Gs	numeric__bound__w648_to_644_distance	0.0	0.0
bound_geometry	receptor_grouped_5fold	4	Gs	numeric__bound__cwxp_647_650_distance	0.0	0.0
bound_geometry	receptor_grouped_5fold	4	Gs	numeric__bound__y753_chi1	0.0	0.0
bound_geometry	receptor_grouped_5fold	4	Gs	numeric__bound__y753_chi2	0.0	0.0
bound_geometry	receptor_grouped_5fold	4	Gs	numeric__bound__y753_y558_distance	0.0	0.0
bound_geometry	receptor_grouped_5fold	4	Gs	numeric__bound__y753_y558_min_distance	0.0	0.0
bound_geometry	receptor_grouped_5fold	4	Gs	numeric__bound__n749_y753_distance	0.0	0.0
bound_geometry	receptor_grouped_5fold	4	Gs	numeric__bound__npxxy_local_spread	0.0	0.0
bound_geometry	receptor_grouped_5fold	4	Gs	numeric__bound__y753_displacement	0.0	0.0
bound_geometry	receptor_grouped_5fold	4	Gs	numeric__bound__sodium_d250_s339_distance	0.0	0.0
bound_geometry	receptor_grouped_5fold	4	Gs	numeric__bound__sodium_d250_n745_distance	0.0	0.0
bound_geometry	receptor_grouped_5fold	4	Gs	numeric__bound__sodium_d250_s746_distance	0.0	0.0
bound_geometry	receptor_grouped_5fold	4	Gs	numeric__bound__sodium_d250_n749_distance	0.0	0.0
bound_geometry	receptor_grouped_5fold	4	Gs	numeric__bound__sodium_pocket_volume	0.0	0.0
bound_geometry	receptor_grouped_5fold	4	Gs	numeric__bound__sodium_pocket_spread	0.0	0.0
bound_geometry	receptor_grouped_5fold	4	Gs	numeric__bound__tm7_rotation	0.0	0.0
bound_geometry	receptor_grouped_5fold	4	Gs	numeric__bound__icl2_generic_ca_count	0.0	0.0
bound_geometry	receptor_grouped_5fold	4	Gs	numeric__bound__icl2_end_to_end_distance	0.0	0.0
bound_geometry	receptor_grouped_5fold	4	Gs	numeric__bound__icl2_centroid_to_r350	0.0	0.0
bound_geometry	receptor_grouped_5fold	4	Gs	numeric__bound__icl2_centroid_to_tm5_561	0.0	0.0
bound_geometry	receptor_grouped_5fold	4	Gs	numeric__bound__icl2_centroid_to_tm6_634	0.013414016127782527	0.013414016127782527
bound_geometry	receptor_grouped_5fold	4	Gs	numeric__bound__icl2_centroid_to_tm7_753	0.0	0.0
bound_geometry	receptor_grouped_5fold	4	Gs	numeric__bound__icl2_axis_tm3_angle	0.0	0.0
bound_geometry	receptor_grouped_5fold	4	Gs	numeric__bound__icl2_axis_tm5_angle	0.0	0.0
bound_geometry	receptor_grouped_5fold	4	Gs	numeric__bound__icl2_active_reference_displacement	0.0	0.0
bound_geometry	receptor_grouped_5fold	4	Gs	numeric__bound__tm5_cytoplasmic_extension	0.0	0.0
bound_geometry	receptor_grouped_5fold	4	Gs	numeric__bound__tm5_cytoplasmic_kink	0.0	0.0
bound_geometry	receptor_grouped_5fold	4	Gs	numeric__bound__tm5_r350_561_distance	0.0	0.0
bound_geometry	receptor_grouped_5fold	4	Gs	numeric__bound__tm5_r350_564_distance	0.0	0.0
bound_geometry	receptor_grouped_5fold	4	Gs	numeric__bound__tm5_tm6_cavity_distance	0.0	0.0
bound_geometry	receptor_grouped_5fold	4	Gs	numeric__bound__tm5_axis_tm3_angle	0.024322334083525497	0.024322334083525497
bound_geometry	receptor_grouped_5fold	4	Gs	numeric__bound__tm6_lower_upper_kink	0.06474507955607618	0.06474507955607618
bound_geometry	receptor_grouped_5fold	4	Gs	numeric__bound__tm6_axis_tm3_angle	0.04402062908888646	0.04402062908888646
bound_geometry	receptor_grouped_5fold	4	Gs	numeric__bound__tm6_tm7_cavity_distance	0.07498614963556377	0.07498614963556377
bound_geometry	receptor_grouped_5fold	4	Gs	numeric__bound__tm7_h8_angle	0.0	0.0
bound_geometry	receptor_grouped_5fold	4	Gs	numeric__bound__h8_end_to_end_distance	0.0	0.0
bound_geometry	receptor_grouped_5fold	4	Gs	numeric__bound__h8_r350_distance	0.0	0.0
bound_geometry	receptor_grouped_5fold	4	Gs	numeric__bound__h8_tm6_distance	0.0	0.0
bound_geometry	receptor_grouped_5fold	4	Gs	numeric__bound__icl2_helix_fraction	0.0	0.0
bound_geometry	receptor_grouped_5fold	4	Gs	numeric__bound__icl2_longest_helix	0.0	0.0
bound_geometry	receptor_grouped_5fold	4	Gs	numeric__bound__icl2_mean_phi	0.0	0.0
bound_geometry	receptor_grouped_5fold	4	Gs	numeric__bound__icl2_mean_psi	0.0	0.0
bound_geometry	receptor_grouped_5fold	4	Gs	numeric__bound__intracellular_cavity_core_volume	0.0	0.0
bound_geometry	receptor_grouped_5fold	4	Gs	numeric__bound__intracellular_cavity_core_mouth_area	0.0	0.0
bound_geometry	receptor_grouped_5fold	4	Gs	numeric__bound__intracellular_cavity_core_depth	0.0	0.0
bound_geometry	receptor_grouped_5fold	4	Gs	numeric__bound__intracellular_cavity_core_maximum_width	0.0	0.0
bound_geometry	receptor_grouped_5fold	4	Gs	numeric__bound__intracellular_cavity_core_average_cross_section	0.0	0.0
bound_geometry	receptor_grouped_5fold	4	Gs	numeric__bound__intracellular_cavity_core_bottleneck_area	0.0	0.0
bound_geometry	receptor_grouped_5fold	4	Gs	numeric__bound__intracellular_cavity_core_bottleneck_radius	0.0	0.0
bound_geometry	receptor_grouped_5fold	4	Gs	numeric__bound__intracellular_cavity_core_max_inscribed_radius	0.0	0.0
bound_geometry	receptor_grouped_5fold	4	Gs	numeric__bound__intracellular_cavity_core_surface_area	0.0	0.0
bound_geometry	receptor_grouped_5fold	4	Gs	numeric__bound__intracellular_cavity_core_centroid_x	0.0	0.0
bound_geometry	receptor_grouped_5fold	4	Gs	numeric__bound__intracellular_cavity_core_centroid_y	0.0	0.0
bound_geometry	receptor_grouped_5fold	4	Gs	numeric__bound__intracellular_cavity_core_centroid_z	0.0	0.0
bound_geometry	receptor_grouped_5fold	4	Gs	numeric__bound__intracellular_cavity_core_principal_length_1	0.0	0.0
bound_geometry	receptor_grouped_5fold	4	Gs	numeric__bound__intracellular_cavity_core_principal_length_2	0.0	0.0
bound_geometry	receptor_grouped_5fold	4	Gs	numeric__bound__intracellular_cavity_core_principal_length_3	0.0	0.0
bound_geometry	receptor_grouped_5fold	4	Gs	numeric__bound__intracellular_cavity_core_principal_axis_1_z_alignment	0.0	0.0
bound_geometry	receptor_grouped_5fold	4	Gs	numeric__bound__intracellular_cavity_core_eccentricity	-0.008929894722234615	0.008929894722234615
bound_geometry	receptor_grouped_5fold	4	Gs	numeric__bound__intracellular_cavity_core_sphericity	0.0	0.0
bound_geometry	receptor_grouped_5fold	4	Gs	numeric__bound__intracellular_cavity_core_asymmetry	0.0	0.0
bound_geometry	receptor_grouped_5fold	4	Gs	numeric__bound__intracellular_cavity_core_tm3_side_fraction	0.0	0.0
bound_geometry	receptor_grouped_5fold	4	Gs	numeric__bound__intracellular_cavity_core_tm6_side_fraction	0.0	0.0
bound_geometry	receptor_grouped_5fold	4	Gs	numeric__bound__intracellular_cavity_core_tm5_side_fraction	0.0	0.0
bound_geometry	receptor_grouped_5fold	4	Gs	numeric__bound__intracellular_cavity_core_tm7_side_fraction	0.0	0.0
bound_geometry	receptor_grouped_5fold	4	Gs	numeric__bound__intracellular_cavity_core_wall_fraction_h8	0.0	0.0
bound_geometry	receptor_grouped_5fold	4	Gs	numeric__bound__intracellular_cavity_core_wall_fraction_icl2	-0.03461975167076541	0.03461975167076541
bound_geometry	receptor_grouped_5fold	4	Gs	numeric__bound__intracellular_cavity_core_wall_fraction_tm3	0.0	0.0
bound_geometry	receptor_grouped_5fold	4	Gs	numeric__bound__intracellular_cavity_core_wall_fraction_tm7	0.0	0.0
receptor_only_geometry	receptor_grouped_5fold	0	Gi/o	numeric__receptor_only__activation_consensus_score	-0.139480114034977	0.139480114034977
receptor_only_geometry	receptor_grouped_5fold	0	Gi/o	numeric__receptor_only__tm6_r350_634_distance	-0.06642471830384479	0.06642471830384479
receptor_only_geometry	receptor_grouped_5fold	0	Gi/o	numeric__receptor_only__tm6_aligned_displacement	-0.12404710044171406	0.12404710044171406
receptor_only_geometry	receptor_grouped_5fold	0	Gi/o	numeric__receptor_only__tm7_displacement	0.0	0.0
receptor_only_geometry	receptor_grouped_5fold	0	Gi/o	numeric__receptor_only__tm3_tm7_distance	0.2899884271621948	0.2899884271621948
receptor_only_geometry	receptor_grouped_5fold	0	Gi/o	numeric__receptor_only__tm6_r350_630_distance	0.0	0.0
receptor_only_geometry	receptor_grouped_5fold	0	Gi/o	numeric__receptor_only__dry_r350_630_min_distance	0.0	0.0
receptor_only_geometry	receptor_grouped_5fold	0	Gi/o	numeric__receptor_only__dry_r350_630_ca_distance	0.0	0.0
receptor_only_geometry	receptor_grouped_5fold	0	Gi/o	numeric__receptor_only__dry_d349_r350_min_distance	0.02074159800395452	0.02074159800395452
receptor_only_geometry	receptor_grouped_5fold	0	Gi/o	numeric__receptor_only__r350_chi1	0.05807456479255081	0.05807456479255081
receptor_only_geometry	receptor_grouped_5fold	0	Gi/o	numeric__receptor_only__r350_chi2	0.0	0.0
receptor_only_geometry	receptor_grouped_5fold	0	Gi/o	numeric__receptor_only__pif_550_340_distance	-0.022207989870221982	0.022207989870221982
receptor_only_geometry	receptor_grouped_5fold	0	Gi/o	numeric__receptor_only__pif_340_644_distance	0.017034467518062053	0.017034467518062053
receptor_only_geometry	receptor_grouped_5fold	0	Gi/o	numeric__receptor_only__pif_550_644_distance	-0.0016642736239429043	0.0016642736239429043
receptor_only_geometry	receptor_grouped_5fold	0	Gi/o	numeric__receptor_only__pif_550_340_min_distance	0.0	0.0
receptor_only_geometry	receptor_grouped_5fold	0	Gi/o	numeric__receptor_only__pif_340_644_min_distance	0.0882782421410999	0.0882782421410999
receptor_only_geometry	receptor_grouped_5fold	0	Gi/o	numeric__receptor_only__pif_550_644_min_distance	0.0	0.0
receptor_only_geometry	receptor_grouped_5fold	0	Gi/o	numeric__receptor_only__pif_triangle_perimeter	0.0	0.0
receptor_only_geometry	receptor_grouped_5fold	0	Gi/o	numeric__receptor_only__position_644_chi1	0.0	0.0
receptor_only_geometry	receptor_grouped_5fold	0	Gi/o	numeric__receptor_only__position_644_chi2	0.0	0.0
receptor_only_geometry	receptor_grouped_5fold	0	Gi/o	numeric__receptor_only__w648_chi1	0.0	0.0
receptor_only_geometry	receptor_grouped_5fold	0	Gi/o	numeric__receptor_only__w648_chi2	0.0	0.0
receptor_only_geometry	receptor_grouped_5fold	0	Gi/o	numeric__receptor_only__w648_displacement	0.0	0.0
receptor_only_geometry	receptor_grouped_5fold	0	Gi/o	numeric__receptor_only__w648_to_644_distance	0.0	0.0
receptor_only_geometry	receptor_grouped_5fold	0	Gi/o	numeric__receptor_only__cwxp_647_650_distance	0.0	0.0
receptor_only_geometry	receptor_grouped_5fold	0	Gi/o	numeric__receptor_only__y753_chi1	-0.027567490878932472	0.027567490878932472
receptor_only_geometry	receptor_grouped_5fold	0	Gi/o	numeric__receptor_only__y753_chi2	0.0	0.0
receptor_only_geometry	receptor_grouped_5fold	0	Gi/o	numeric__receptor_only__y753_y558_distance	0.0	0.0
receptor_only_geometry	receptor_grouped_5fold	0	Gi/o	numeric__receptor_only__y753_y558_min_distance	0.0	0.0
receptor_only_geometry	receptor_grouped_5fold	0	Gi/o	numeric__receptor_only__n749_y753_distance	0.0	0.0
receptor_only_geometry	receptor_grouped_5fold	0	Gi/o	numeric__receptor_only__npxxy_local_spread	-0.01358958557761598	0.01358958557761598
receptor_only_geometry	receptor_grouped_5fold	0	Gi/o	numeric__receptor_only__y753_displacement	0.0	0.0
receptor_only_geometry	receptor_grouped_5fold	0	Gi/o	numeric__receptor_only__sodium_d250_s339_distance	0.0	0.0
receptor_only_geometry	receptor_grouped_5fold	0	Gi/o	numeric__receptor_only__sodium_d250_n745_distance	0.0	0.0
receptor_only_geometry	receptor_grouped_5fold	0	Gi/o	numeric__receptor_only__sodium_d250_s746_distance	0.11693153519910567	0.11693153519910567
receptor_only_geometry	receptor_grouped_5fold	0	Gi/o	numeric__receptor_only__sodium_d250_n749_distance	0.0	0.0
receptor_only_geometry	receptor_grouped_5fold	0	Gi/o	numeric__receptor_only__sodium_pocket_volume	0.0	0.0
receptor_only_geometry	receptor_grouped_5fold	0	Gi/o	numeric__receptor_only__sodium_pocket_spread	0.0	0.0
receptor_only_geometry	receptor_grouped_5fold	0	Gi/o	numeric__receptor_only__tm7_rotation	0.0	0.0
receptor_only_geometry	receptor_grouped_5fold	0	Gi/o	numeric__receptor_only__icl2_generic_ca_count	0.0	0.0
receptor_only_geometry	receptor_grouped_5fold	0	Gi/o	numeric__receptor_only__icl2_end_to_end_distance	0.0	0.0
receptor_only_geometry	receptor_grouped_5fold	0	Gi/o	numeric__receptor_only__icl2_centroid_to_r350	0.0	0.0
receptor_only_geometry	receptor_grouped_5fold	0	Gi/o	numeric__receptor_only__icl2_centroid_to_tm5_561	-0.2143244380172064	0.2143244380172064
receptor_only_geometry	receptor_grouped_5fold	0	Gi/o	numeric__receptor_only__icl2_centroid_to_tm6_634	-0.09588093352999687	0.09588093352999687
receptor_only_geometry	receptor_grouped_5fold	0	Gi/o	numeric__receptor_only__icl2_centroid_to_tm7_753	0.029317142318871538	0.029317142318871538
receptor_only_geometry	receptor_grouped_5fold	0	Gi/o	numeric__receptor_only__icl2_axis_tm3_angle	0.0	0.0
receptor_only_geometry	receptor_grouped_5fold	0	Gi/o	numeric__receptor_only__icl2_axis_tm5_angle	0.11540924827780955	0.11540924827780955
receptor_only_geometry	receptor_grouped_5fold	0	Gi/o	numeric__receptor_only__icl2_active_reference_displacement	0.09783141551878372	0.09783141551878372
receptor_only_geometry	receptor_grouped_5fold	0	Gi/o	numeric__receptor_only__tm5_cytoplasmic_extension	-0.07940292638884693	0.07940292638884693
receptor_only_geometry	receptor_grouped_5fold	0	Gi/o	numeric__receptor_only__tm5_cytoplasmic_kink	0.0	0.0
receptor_only_geometry	receptor_grouped_5fold	0	Gi/o	numeric__receptor_only__tm5_r350_561_distance	-0.06661371796158867	0.06661371796158867
receptor_only_geometry	receptor_grouped_5fold	0	Gi/o	numeric__receptor_only__tm5_r350_564_distance	-0.02308977804914873	0.02308977804914873
receptor_only_geometry	receptor_grouped_5fold	0	Gi/o	numeric__receptor_only__tm5_tm6_cavity_distance	0.0	0.0
receptor_only_geometry	receptor_grouped_5fold	0	Gi/o	numeric__receptor_only__tm5_axis_tm3_angle	-0.0769141926946583	0.0769141926946583
receptor_only_geometry	receptor_grouped_5fold	0	Gi/o	numeric__receptor_only__tm6_lower_upper_kink	-0.007147497599663999	0.007147497599663999
receptor_only_geometry	receptor_grouped_5fold	0	Gi/o	numeric__receptor_only__tm6_axis_tm3_angle	0.0	0.0
receptor_only_geometry	receptor_grouped_5fold	0	Gi/o	numeric__receptor_only__tm6_tm7_cavity_distance	0.0	0.0
receptor_only_geometry	receptor_grouped_5fold	0	Gi/o	numeric__receptor_only__tm7_h8_angle	0.0	0.0
receptor_only_geometry	receptor_grouped_5fold	0	Gi/o	numeric__receptor_only__h8_end_to_end_distance	0.0	0.0
receptor_only_geometry	receptor_grouped_5fold	0	Gi/o	numeric__receptor_only__h8_r350_distance	0.0	0.0
receptor_only_geometry	receptor_grouped_5fold	0	Gi/o	numeric__receptor_only__h8_tm6_distance	-0.13924411492364153	0.13924411492364153
receptor_only_geometry	receptor_grouped_5fold	0	Gi/o	numeric__receptor_only__icl2_helix_fraction	0.0	0.0
receptor_only_geometry	receptor_grouped_5fold	0	Gi/o	numeric__receptor_only__icl2_longest_helix	-0.00472478526399392	0.00472478526399392
receptor_only_geometry	receptor_grouped_5fold	0	Gi/o	numeric__receptor_only__icl2_mean_phi	0.0	0.0
receptor_only_geometry	receptor_grouped_5fold	0	Gi/o	numeric__receptor_only__icl2_mean_psi	0.0636037777890428	0.0636037777890428
receptor_only_geometry	receptor_grouped_5fold	0	Gi/o	numeric__receptor_only__intracellular_cavity_core_volume	0.0	0.0
receptor_only_geometry	receptor_grouped_5fold	0	Gi/o	numeric__receptor_only__intracellular_cavity_core_mouth_area	0.0	0.0
receptor_only_geometry	receptor_grouped_5fold	0	Gi/o	numeric__receptor_only__intracellular_cavity_core_depth	0.0	0.0
receptor_only_geometry	receptor_grouped_5fold	0	Gi/o	numeric__receptor_only__intracellular_cavity_core_maximum_width	0.0	0.0
receptor_only_geometry	receptor_grouped_5fold	0	Gi/o	numeric__receptor_only__intracellular_cavity_core_average_cross_section	0.0	0.0
receptor_only_geometry	receptor_grouped_5fold	0	Gi/o	numeric__receptor_only__intracellular_cavity_core_bottleneck_area	0.0	0.0
receptor_only_geometry	receptor_grouped_5fold	0	Gi/o	numeric__receptor_only__intracellular_cavity_core_bottleneck_radius	0.0	0.0
receptor_only_geometry	receptor_grouped_5fold	0	Gi/o	numeric__receptor_only__intracellular_cavity_core_max_inscribed_radius	0.0	0.0
receptor_only_geometry	receptor_grouped_5fold	0	Gi/o	numeric__receptor_only__intracellular_cavity_core_surface_area	0.0	0.0
receptor_only_geometry	receptor_grouped_5fold	0	Gi/o	numeric__receptor_only__intracellular_cavity_core_centroid_x	0.0	0.0
receptor_only_geometry	receptor_grouped_5fold	0	Gi/o	numeric__receptor_only__intracellular_cavity_core_centroid_y	0.009861678200192419	0.009861678200192419
receptor_only_geometry	receptor_grouped_5fold	0	Gi/o	numeric__receptor_only__intracellular_cavity_core_centroid_z	0.0	0.0
receptor_only_geometry	receptor_grouped_5fold	0	Gi/o	numeric__receptor_only__intracellular_cavity_core_principal_length_1	0.060943374494584354	0.060943374494584354
receptor_only_geometry	receptor_grouped_5fold	0	Gi/o	numeric__receptor_only__intracellular_cavity_core_principal_length_2	0.0	0.0
receptor_only_geometry	receptor_grouped_5fold	0	Gi/o	numeric__receptor_only__intracellular_cavity_core_principal_length_3	0.0	0.0
receptor_only_geometry	receptor_grouped_5fold	0	Gi/o	numeric__receptor_only__intracellular_cavity_core_principal_axis_1_z_alignment	0.0	0.0
receptor_only_geometry	receptor_grouped_5fold	0	Gi/o	numeric__receptor_only__intracellular_cavity_core_eccentricity	0.0	0.0
receptor_only_geometry	receptor_grouped_5fold	0	Gi/o	numeric__receptor_only__intracellular_cavity_core_sphericity	0.0	0.0
receptor_only_geometry	receptor_grouped_5fold	0	Gi/o	numeric__receptor_only__intracellular_cavity_core_asymmetry	0.0	0.0
receptor_only_geometry	receptor_grouped_5fold	0	Gi/o	numeric__receptor_only__intracellular_cavity_core_tm3_side_fraction	0.0	0.0
receptor_only_geometry	receptor_grouped_5fold	0	Gi/o	numeric__receptor_only__intracellular_cavity_core_tm6_side_fraction	0.0	0.0
receptor_only_geometry	receptor_grouped_5fold	0	Gi/o	numeric__receptor_only__intracellular_cavity_core_tm5_side_fraction	0.06668226378804089	0.06668226378804089
receptor_only_geometry	receptor_grouped_5fold	0	Gi/o	numeric__receptor_only__intracellular_cavity_core_tm7_side_fraction	-0.0666822637880401	0.0666822637880401
receptor_only_geometry	receptor_grouped_5fold	0	Gi/o	numeric__receptor_only__intracellular_cavity_core_wall_fraction_h8	0.0	0.0
receptor_only_geometry	receptor_grouped_5fold	0	Gi/o	numeric__receptor_only__intracellular_cavity_core_wall_fraction_icl2	0.0	0.0
receptor_only_geometry	receptor_grouped_5fold	0	Gi/o	numeric__receptor_only__intracellular_cavity_core_wall_fraction_tm3	0.021575669621755885	0.021575669621755885
receptor_only_geometry	receptor_grouped_5fold	0	Gi/o	numeric__receptor_only__intracellular_cavity_core_wall_fraction_tm7	0.0	0.0
receptor_only_geometry	receptor_grouped_5fold	0	Gq/11	numeric__receptor_only__activation_consensus_score	0.0	0.0
receptor_only_geometry	receptor_grouped_5fold	0	Gq/11	numeric__receptor_only__tm6_r350_634_distance	0.058833666289974634	0.058833666289974634
receptor_only_geometry	receptor_grouped_5fold	0	Gq/11	numeric__receptor_only__tm6_aligned_displacement	0.0	0.0
receptor_only_geometry	receptor_grouped_5fold	0	Gq/11	numeric__receptor_only__tm7_displacement	0.0	0.0
receptor_only_geometry	receptor_grouped_5fold	0	Gq/11	numeric__receptor_only__tm3_tm7_distance	-0.03282037928282855	0.03282037928282855
receptor_only_geometry	receptor_grouped_5fold	0	Gq/11	numeric__receptor_only__tm6_r350_630_distance	0.0	0.0
receptor_only_geometry	receptor_grouped_5fold	0	Gq/11	numeric__receptor_only__dry_r350_630_min_distance	0.0	0.0
receptor_only_geometry	receptor_grouped_5fold	0	Gq/11	numeric__receptor_only__dry_r350_630_ca_distance	0.0	0.0
receptor_only_geometry	receptor_grouped_5fold	0	Gq/11	numeric__receptor_only__dry_d349_r350_min_distance	0.0	0.0
receptor_only_geometry	receptor_grouped_5fold	0	Gq/11	numeric__receptor_only__r350_chi1	0.0	0.0
receptor_only_geometry	receptor_grouped_5fold	0	Gq/11	numeric__receptor_only__r350_chi2	0.0	0.0
receptor_only_geometry	receptor_grouped_5fold	0	Gq/11	numeric__receptor_only__pif_550_340_distance	0.13607088793388136	0.13607088793388136
receptor_only_geometry	receptor_grouped_5fold	0	Gq/11	numeric__receptor_only__pif_340_644_distance	-0.17874347629488843	0.17874347629488843
receptor_only_geometry	receptor_grouped_5fold	0	Gq/11	numeric__receptor_only__pif_550_644_distance	0.0945513535887396	0.0945513535887396
receptor_only_geometry	receptor_grouped_5fold	0	Gq/11	numeric__receptor_only__pif_550_340_min_distance	0.0	0.0
receptor_only_geometry	receptor_grouped_5fold	0	Gq/11	numeric__receptor_only__pif_340_644_min_distance	0.0	0.0
receptor_only_geometry	receptor_grouped_5fold	0	Gq/11	numeric__receptor_only__pif_550_644_min_distance	0.16125573708790916	0.16125573708790916
receptor_only_geometry	receptor_grouped_5fold	0	Gq/11	numeric__receptor_only__pif_triangle_perimeter	0.020361131772801553	0.020361131772801553
receptor_only_geometry	receptor_grouped_5fold	0	Gq/11	numeric__receptor_only__position_644_chi1	0.0	0.0
receptor_only_geometry	receptor_grouped_5fold	0	Gq/11	numeric__receptor_only__position_644_chi2	-0.15258310426381794	0.15258310426381794
receptor_only_geometry	receptor_grouped_5fold	0	Gq/11	numeric__receptor_only__w648_chi1	0.0	0.0
receptor_only_geometry	receptor_grouped_5fold	0	Gq/11	numeric__receptor_only__w648_chi2	0.06167879207122326	0.06167879207122326
receptor_only_geometry	receptor_grouped_5fold	0	Gq/11	numeric__receptor_only__w648_displacement	0.0	0.0
receptor_only_geometry	receptor_grouped_5fold	0	Gq/11	numeric__receptor_only__w648_to_644_distance	0.0	0.0
receptor_only_geometry	receptor_grouped_5fold	0	Gq/11	numeric__receptor_only__cwxp_647_650_distance	0.0	0.0
receptor_only_geometry	receptor_grouped_5fold	0	Gq/11	numeric__receptor_only__y753_chi1	0.0	0.0
receptor_only_geometry	receptor_grouped_5fold	0	Gq/11	numeric__receptor_only__y753_chi2	0.0	0.0
receptor_only_geometry	receptor_grouped_5fold	0	Gq/11	numeric__receptor_only__y753_y558_distance	0.0	0.0
receptor_only_geometry	receptor_grouped_5fold	0	Gq/11	numeric__receptor_only__y753_y558_min_distance	0.0	0.0
receptor_only_geometry	receptor_grouped_5fold	0	Gq/11	numeric__receptor_only__n749_y753_distance	0.0	0.0
receptor_only_geometry	receptor_grouped_5fold	0	Gq/11	numeric__receptor_only__npxxy_local_spread	0.0	0.0
receptor_only_geometry	receptor_grouped_5fold	0	Gq/11	numeric__receptor_only__y753_displacement	0.0	0.0
receptor_only_geometry	receptor_grouped_5fold	0	Gq/11	numeric__receptor_only__sodium_d250_s339_distance	0.0	0.0
receptor_only_geometry	receptor_grouped_5fold	0	Gq/11	numeric__receptor_only__sodium_d250_n745_distance	0.0	0.0
receptor_only_geometry	receptor_grouped_5fold	0	Gq/11	numeric__receptor_only__sodium_d250_s746_distance	0.0	0.0
receptor_only_geometry	receptor_grouped_5fold	0	Gq/11	numeric__receptor_only__sodium_d250_n749_distance	0.0	0.0
receptor_only_geometry	receptor_grouped_5fold	0	Gq/11	numeric__receptor_only__sodium_pocket_volume	0.0	0.0
receptor_only_geometry	receptor_grouped_5fold	0	Gq/11	numeric__receptor_only__sodium_pocket_spread	0.0	0.0
receptor_only_geometry	receptor_grouped_5fold	0	Gq/11	numeric__receptor_only__tm7_rotation	0.0	0.0
receptor_only_geometry	receptor_grouped_5fold	0	Gq/11	numeric__receptor_only__icl2_generic_ca_count	0.0	0.0
receptor_only_geometry	receptor_grouped_5fold	0	Gq/11	numeric__receptor_only__icl2_end_to_end_distance	0.0	0.0
receptor_only_geometry	receptor_grouped_5fold	0	Gq/11	numeric__receptor_only__icl2_centroid_to_r350	0.0	0.0
receptor_only_geometry	receptor_grouped_5fold	0	Gq/11	numeric__receptor_only__icl2_centroid_to_tm5_561	0.0	0.0
receptor_only_geometry	receptor_grouped_5fold	0	Gq/11	numeric__receptor_only__icl2_centroid_to_tm6_634	0.052067256038108335	0.052067256038108335
receptor_only_geometry	receptor_grouped_5fold	0	Gq/11	numeric__receptor_only__icl2_centroid_to_tm7_753	0.0	0.0
receptor_only_geometry	receptor_grouped_5fold	0	Gq/11	numeric__receptor_only__icl2_axis_tm3_angle	0.0	0.0
receptor_only_geometry	receptor_grouped_5fold	0	Gq/11	numeric__receptor_only__icl2_axis_tm5_angle	0.0	0.0
receptor_only_geometry	receptor_grouped_5fold	0	Gq/11	numeric__receptor_only__icl2_active_reference_displacement	0.0	0.0
receptor_only_geometry	receptor_grouped_5fold	0	Gq/11	numeric__receptor_only__tm5_cytoplasmic_extension	0.0	0.0
receptor_only_geometry	receptor_grouped_5fold	0	Gq/11	numeric__receptor_only__tm5_cytoplasmic_kink	0.0	0.0
receptor_only_geometry	receptor_grouped_5fold	0	Gq/11	numeric__receptor_only__tm5_r350_561_distance	0.0	0.0
receptor_only_geometry	receptor_grouped_5fold	0	Gq/11	numeric__receptor_only__tm5_r350_564_distance	0.0	0.0
receptor_only_geometry	receptor_grouped_5fold	0	Gq/11	numeric__receptor_only__tm5_tm6_cavity_distance	0.11287872701826644	0.11287872701826644
receptor_only_geometry	receptor_grouped_5fold	0	Gq/11	numeric__receptor_only__tm5_axis_tm3_angle	0.0	0.0
receptor_only_geometry	receptor_grouped_5fold	0	Gq/11	numeric__receptor_only__tm6_lower_upper_kink	0.0	0.0
receptor_only_geometry	receptor_grouped_5fold	0	Gq/11	numeric__receptor_only__tm6_axis_tm3_angle	0.0	0.0
receptor_only_geometry	receptor_grouped_5fold	0	Gq/11	numeric__receptor_only__tm6_tm7_cavity_distance	0.0	0.0
receptor_only_geometry	receptor_grouped_5fold	0	Gq/11	numeric__receptor_only__tm7_h8_angle	0.0	0.0
receptor_only_geometry	receptor_grouped_5fold	0	Gq/11	numeric__receptor_only__h8_end_to_end_distance	0.0	0.0
receptor_only_geometry	receptor_grouped_5fold	0	Gq/11	numeric__receptor_only__h8_r350_distance	0.0	0.0
receptor_only_geometry	receptor_grouped_5fold	0	Gq/11	numeric__receptor_only__h8_tm6_distance	0.009175386984105003	0.009175386984105003
receptor_only_geometry	receptor_grouped_5fold	0	Gq/11	numeric__receptor_only__icl2_helix_fraction	0.0	0.0
receptor_only_geometry	receptor_grouped_5fold	0	Gq/11	numeric__receptor_only__icl2_longest_helix	0.0	0.0
receptor_only_geometry	receptor_grouped_5fold	0	Gq/11	numeric__receptor_only__icl2_mean_phi	0.14212057992859622	0.14212057992859622
receptor_only_geometry	receptor_grouped_5fold	0	Gq/11	numeric__receptor_only__icl2_mean_psi	0.0	0.0
receptor_only_geometry	receptor_grouped_5fold	0	Gq/11	numeric__receptor_only__intracellular_cavity_core_volume	0.0	0.0
receptor_only_geometry	receptor_grouped_5fold	0	Gq/11	numeric__receptor_only__intracellular_cavity_core_mouth_area	0.0	0.0
receptor_only_geometry	receptor_grouped_5fold	0	Gq/11	numeric__receptor_only__intracellular_cavity_core_depth	0.0	0.0
receptor_only_geometry	receptor_grouped_5fold	0	Gq/11	numeric__receptor_only__intracellular_cavity_core_maximum_width	0.0	0.0
receptor_only_geometry	receptor_grouped_5fold	0	Gq/11	numeric__receptor_only__intracellular_cavity_core_average_cross_section	0.0	0.0
receptor_only_geometry	receptor_grouped_5fold	0	Gq/11	numeric__receptor_only__intracellular_cavity_core_bottleneck_area	0.0	0.0
receptor_only_geometry	receptor_grouped_5fold	0	Gq/11	numeric__receptor_only__intracellular_cavity_core_bottleneck_radius	0.0	0.0
receptor_only_geometry	receptor_grouped_5fold	0	Gq/11	numeric__receptor_only__intracellular_cavity_core_max_inscribed_radius	0.0	0.0
receptor_only_geometry	receptor_grouped_5fold	0	Gq/11	numeric__receptor_only__intracellular_cavity_core_surface_area	0.0	0.0
receptor_only_geometry	receptor_grouped_5fold	0	Gq/11	numeric__receptor_only__intracellular_cavity_core_centroid_x	0.0	0.0
receptor_only_geometry	receptor_grouped_5fold	0	Gq/11	numeric__receptor_only__intracellular_cavity_core_centroid_y	0.0	0.0
receptor_only_geometry	receptor_grouped_5fold	0	Gq/11	numeric__receptor_only__intracellular_cavity_core_centroid_z	0.0	0.0
receptor_only_geometry	receptor_grouped_5fold	0	Gq/11	numeric__receptor_only__intracellular_cavity_core_principal_length_1	0.0	0.0
receptor_only_geometry	receptor_grouped_5fold	0	Gq/11	numeric__receptor_only__intracellular_cavity_core_principal_length_2	0.0	0.0
receptor_only_geometry	receptor_grouped_5fold	0	Gq/11	numeric__receptor_only__intracellular_cavity_core_principal_length_3	0.0	0.0
receptor_only_geometry	receptor_grouped_5fold	0	Gq/11	numeric__receptor_only__intracellular_cavity_core_principal_axis_1_z_alignment	0.08951630074508282	0.08951630074508282
receptor_only_geometry	receptor_grouped_5fold	0	Gq/11	numeric__receptor_only__intracellular_cavity_core_eccentricity	0.0	0.0
receptor_only_geometry	receptor_grouped_5fold	0	Gq/11	numeric__receptor_only__intracellular_cavity_core_sphericity	0.0	0.0
receptor_only_geometry	receptor_grouped_5fold	0	Gq/11	numeric__receptor_only__intracellular_cavity_core_asymmetry	0.0	0.0
receptor_only_geometry	receptor_grouped_5fold	0	Gq/11	numeric__receptor_only__intracellular_cavity_core_tm3_side_fraction	0.0	0.0
receptor_only_geometry	receptor_grouped_5fold	0	Gq/11	numeric__receptor_only__intracellular_cavity_core_tm6_side_fraction	0.0	0.0
receptor_only_geometry	receptor_grouped_5fold	0	Gq/11	numeric__receptor_only__intracellular_cavity_core_tm5_side_fraction	0.0	0.0
receptor_only_geometry	receptor_grouped_5fold	0	Gq/11	numeric__receptor_only__intracellular_cavity_core_tm7_side_fraction	0.0	0.0
receptor_only_geometry	receptor_grouped_5fold	0	Gq/11	numeric__receptor_only__intracellular_cavity_core_wall_fraction_h8	-0.0018753205369330685	0.0018753205369330685
receptor_only_geometry	receptor_grouped_5fold	0	Gq/11	numeric__receptor_only__intracellular_cavity_core_wall_fraction_icl2	0.0	0.0
receptor_only_geometry	receptor_grouped_5fold	0	Gq/11	numeric__receptor_only__intracellular_cavity_core_wall_fraction_tm3	0.0	0.0
receptor_only_geometry	receptor_grouped_5fold	0	Gq/11	numeric__receptor_only__intracellular_cavity_core_wall_fraction_tm7	0.08706251612556534	0.08706251612556534
receptor_only_geometry	receptor_grouped_5fold	0	Gs	numeric__receptor_only__activation_consensus_score	0.0	0.0
receptor_only_geometry	receptor_grouped_5fold	0	Gs	numeric__receptor_only__tm6_r350_634_distance	0.0	0.0
receptor_only_geometry	receptor_grouped_5fold	0	Gs	numeric__receptor_only__tm6_aligned_displacement	0.0	0.0
receptor_only_geometry	receptor_grouped_5fold	0	Gs	numeric__receptor_only__tm7_displacement	0.0	0.0
receptor_only_geometry	receptor_grouped_5fold	0	Gs	numeric__receptor_only__tm3_tm7_distance	0.0	0.0
receptor_only_geometry	receptor_grouped_5fold	0	Gs	numeric__receptor_only__tm6_r350_630_distance	0.0	0.0
receptor_only_geometry	receptor_grouped_5fold	0	Gs	numeric__receptor_only__dry_r350_630_min_distance	0.0	0.0
receptor_only_geometry	receptor_grouped_5fold	0	Gs	numeric__receptor_only__dry_r350_630_ca_distance	0.0	0.0
receptor_only_geometry	receptor_grouped_5fold	0	Gs	numeric__receptor_only__dry_d349_r350_min_distance	0.0	0.0
receptor_only_geometry	receptor_grouped_5fold	0	Gs	numeric__receptor_only__r350_chi1	-0.12168472190875601	0.12168472190875601
receptor_only_geometry	receptor_grouped_5fold	0	Gs	numeric__receptor_only__r350_chi2	-0.193261194013809	0.193261194013809
receptor_only_geometry	receptor_grouped_5fold	0	Gs	numeric__receptor_only__pif_550_340_distance	0.0	0.0
receptor_only_geometry	receptor_grouped_5fold	0	Gs	numeric__receptor_only__pif_340_644_distance	0.0	0.0
receptor_only_geometry	receptor_grouped_5fold	0	Gs	numeric__receptor_only__pif_550_644_distance	0.0	0.0
receptor_only_geometry	receptor_grouped_5fold	0	Gs	numeric__receptor_only__pif_550_340_min_distance	0.0	0.0
receptor_only_geometry	receptor_grouped_5fold	0	Gs	numeric__receptor_only__pif_340_644_min_distance	0.0	0.0
receptor_only_geometry	receptor_grouped_5fold	0	Gs	numeric__receptor_only__pif_550_644_min_distance	-0.10303131405650351	0.10303131405650351
receptor_only_geometry	receptor_grouped_5fold	0	Gs	numeric__receptor_only__pif_triangle_perimeter	0.0	0.0
receptor_only_geometry	receptor_grouped_5fold	0	Gs	numeric__receptor_only__position_644_chi1	0.02048375956071489	0.02048375956071489
receptor_only_geometry	receptor_grouped_5fold	0	Gs	numeric__receptor_only__position_644_chi2	0.0500404591102739	0.0500404591102739
receptor_only_geometry	receptor_grouped_5fold	0	Gs	numeric__receptor_only__w648_chi1	0.0	0.0
receptor_only_geometry	receptor_grouped_5fold	0	Gs	numeric__receptor_only__w648_chi2	0.0	0.0
receptor_only_geometry	receptor_grouped_5fold	0	Gs	numeric__receptor_only__w648_displacement	0.0	0.0
receptor_only_geometry	receptor_grouped_5fold	0	Gs	numeric__receptor_only__w648_to_644_distance	0.0	0.0
receptor_only_geometry	receptor_grouped_5fold	0	Gs	numeric__receptor_only__cwxp_647_650_distance	0.0	0.0
receptor_only_geometry	receptor_grouped_5fold	0	Gs	numeric__receptor_only__y753_chi1	0.16729701658409224	0.16729701658409224
receptor_only_geometry	receptor_grouped_5fold	0	Gs	numeric__receptor_only__y753_chi2	0.0	0.0
receptor_only_geometry	receptor_grouped_5fold	0	Gs	numeric__receptor_only__y753_y558_distance	0.0	0.0
receptor_only_geometry	receptor_grouped_5fold	0	Gs	numeric__receptor_only__y753_y558_min_distance	0.0	0.0
receptor_only_geometry	receptor_grouped_5fold	0	Gs	numeric__receptor_only__n749_y753_distance	0.0	0.0
receptor_only_geometry	receptor_grouped_5fold	0	Gs	numeric__receptor_only__npxxy_local_spread	0.0	0.0
receptor_only_geometry	receptor_grouped_5fold	0	Gs	numeric__receptor_only__y753_displacement	0.03146944298651408	0.03146944298651408
receptor_only_geometry	receptor_grouped_5fold	0	Gs	numeric__receptor_only__sodium_d250_s339_distance	0.18157458112965635	0.18157458112965635
receptor_only_geometry	receptor_grouped_5fold	0	Gs	numeric__receptor_only__sodium_d250_n745_distance	0.0	0.0
receptor_only_geometry	receptor_grouped_5fold	0	Gs	numeric__receptor_only__sodium_d250_s746_distance	0.0	0.0
receptor_only_geometry	receptor_grouped_5fold	0	Gs	numeric__receptor_only__sodium_d250_n749_distance	0.06278901780471559	0.06278901780471559
receptor_only_geometry	receptor_grouped_5fold	0	Gs	numeric__receptor_only__sodium_pocket_volume	0.0	0.0
receptor_only_geometry	receptor_grouped_5fold	0	Gs	numeric__receptor_only__sodium_pocket_spread	0.07154679292256802	0.07154679292256802
receptor_only_geometry	receptor_grouped_5fold	0	Gs	numeric__receptor_only__tm7_rotation	0.0	0.0
receptor_only_geometry	receptor_grouped_5fold	0	Gs	numeric__receptor_only__icl2_generic_ca_count	0.07075367883733669	0.07075367883733669
receptor_only_geometry	receptor_grouped_5fold	0	Gs	numeric__receptor_only__icl2_end_to_end_distance	0.0	0.0
receptor_only_geometry	receptor_grouped_5fold	0	Gs	numeric__receptor_only__icl2_centroid_to_r350	0.0	0.0
receptor_only_geometry	receptor_grouped_5fold	0	Gs	numeric__receptor_only__icl2_centroid_to_tm5_561	0.0	0.0
receptor_only_geometry	receptor_grouped_5fold	0	Gs	numeric__receptor_only__icl2_centroid_to_tm6_634	0.0	0.0
receptor_only_geometry	receptor_grouped_5fold	0	Gs	numeric__receptor_only__icl2_centroid_to_tm7_753	0.0	0.0
receptor_only_geometry	receptor_grouped_5fold	0	Gs	numeric__receptor_only__icl2_axis_tm3_angle	-0.07412250000585362	0.07412250000585362
receptor_only_geometry	receptor_grouped_5fold	0	Gs	numeric__receptor_only__icl2_axis_tm5_angle	-0.025042530863037614	0.025042530863037614
receptor_only_geometry	receptor_grouped_5fold	0	Gs	numeric__receptor_only__icl2_active_reference_displacement	0.0	0.0
receptor_only_geometry	receptor_grouped_5fold	0	Gs	numeric__receptor_only__tm5_cytoplasmic_extension	0.04646647310431096	0.04646647310431096
receptor_only_geometry	receptor_grouped_5fold	0	Gs	numeric__receptor_only__tm5_cytoplasmic_kink	0.0	0.0
receptor_only_geometry	receptor_grouped_5fold	0	Gs	numeric__receptor_only__tm5_r350_561_distance	0.119532796151873	0.119532796151873
receptor_only_geometry	receptor_grouped_5fold	0	Gs	numeric__receptor_only__tm5_r350_564_distance	0.097942562721051	0.097942562721051
receptor_only_geometry	receptor_grouped_5fold	0	Gs	numeric__receptor_only__tm5_tm6_cavity_distance	0.0	0.0
receptor_only_geometry	receptor_grouped_5fold	0	Gs	numeric__receptor_only__tm5_axis_tm3_angle	0.0	0.0
receptor_only_geometry	receptor_grouped_5fold	0	Gs	numeric__receptor_only__tm6_lower_upper_kink	0.14041385238756993	0.14041385238756993
receptor_only_geometry	receptor_grouped_5fold	0	Gs	numeric__receptor_only__tm6_axis_tm3_angle	0.0	0.0
receptor_only_geometry	receptor_grouped_5fold	0	Gs	numeric__receptor_only__tm6_tm7_cavity_distance	0.0	0.0
receptor_only_geometry	receptor_grouped_5fold	0	Gs	numeric__receptor_only__tm7_h8_angle	-0.03437271657913329	0.03437271657913329
receptor_only_geometry	receptor_grouped_5fold	0	Gs	numeric__receptor_only__h8_end_to_end_distance	0.0	0.0
receptor_only_geometry	receptor_grouped_5fold	0	Gs	numeric__receptor_only__h8_r350_distance	0.0	0.0
receptor_only_geometry	receptor_grouped_5fold	0	Gs	numeric__receptor_only__h8_tm6_distance	0.0	0.0
receptor_only_geometry	receptor_grouped_5fold	0	Gs	numeric__receptor_only__icl2_helix_fraction	0.0	0.0
receptor_only_geometry	receptor_grouped_5fold	0	Gs	numeric__receptor_only__icl2_longest_helix	0.0	0.0
receptor_only_geometry	receptor_grouped_5fold	0	Gs	numeric__receptor_only__icl2_mean_phi	0.0	0.0
receptor_only_geometry	receptor_grouped_5fold	0	Gs	numeric__receptor_only__icl2_mean_psi	0.0	0.0
receptor_only_geometry	receptor_grouped_5fold	0	Gs	numeric__receptor_only__intracellular_cavity_core_volume	0.0	0.0
receptor_only_geometry	receptor_grouped_5fold	0	Gs	numeric__receptor_only__intracellular_cavity_core_mouth_area	0.0	0.0
receptor_only_geometry	receptor_grouped_5fold	0	Gs	numeric__receptor_only__intracellular_cavity_core_depth	-0.03097348793488745	0.03097348793488745
receptor_only_geometry	receptor_grouped_5fold	0	Gs	numeric__receptor_only__intracellular_cavity_core_maximum_width	0.0	0.0
receptor_only_geometry	receptor_grouped_5fold	0	Gs	numeric__receptor_only__intracellular_cavity_core_average_cross_section	0.0	0.0
receptor_only_geometry	receptor_grouped_5fold	0	Gs	numeric__receptor_only__intracellular_cavity_core_bottleneck_area	0.0	0.0
receptor_only_geometry	receptor_grouped_5fold	0	Gs	numeric__receptor_only__intracellular_cavity_core_bottleneck_radius	0.0	0.0
receptor_only_geometry	receptor_grouped_5fold	0	Gs	numeric__receptor_only__intracellular_cavity_core_max_inscribed_radius	0.0	0.0
receptor_only_geometry	receptor_grouped_5fold	0	Gs	numeric__receptor_only__intracellular_cavity_core_surface_area	-0.05437015299362814	0.05437015299362814
receptor_only_geometry	receptor_grouped_5fold	0	Gs	numeric__receptor_only__intracellular_cavity_core_centroid_x	-0.06233218785050396	0.06233218785050396
receptor_only_geometry	receptor_grouped_5fold	0	Gs	numeric__receptor_only__intracellular_cavity_core_centroid_y	0.0	0.0
receptor_only_geometry	receptor_grouped_5fold	0	Gs	numeric__receptor_only__intracellular_cavity_core_centroid_z	0.10962210830769531	0.10962210830769531
receptor_only_geometry	receptor_grouped_5fold	0	Gs	numeric__receptor_only__intracellular_cavity_core_principal_length_1	-0.10361520926890551	0.10361520926890551
receptor_only_geometry	receptor_grouped_5fold	0	Gs	numeric__receptor_only__intracellular_cavity_core_principal_length_2	0.0	0.0
receptor_only_geometry	receptor_grouped_5fold	0	Gs	numeric__receptor_only__intracellular_cavity_core_principal_length_3	0.0	0.0
receptor_only_geometry	receptor_grouped_5fold	0	Gs	numeric__receptor_only__intracellular_cavity_core_principal_axis_1_z_alignment	-0.2158232311926339	0.2158232311926339
receptor_only_geometry	receptor_grouped_5fold	0	Gs	numeric__receptor_only__intracellular_cavity_core_eccentricity	0.0	0.0
receptor_only_geometry	receptor_grouped_5fold	0	Gs	numeric__receptor_only__intracellular_cavity_core_sphericity	0.0	0.0
receptor_only_geometry	receptor_grouped_5fold	0	Gs	numeric__receptor_only__intracellular_cavity_core_asymmetry	0.0	0.0
receptor_only_geometry	receptor_grouped_5fold	0	Gs	numeric__receptor_only__intracellular_cavity_core_tm3_side_fraction	0.0	0.0
receptor_only_geometry	receptor_grouped_5fold	0	Gs	numeric__receptor_only__intracellular_cavity_core_tm6_side_fraction	0.0	0.0
receptor_only_geometry	receptor_grouped_5fold	0	Gs	numeric__receptor_only__intracellular_cavity_core_tm5_side_fraction	0.0	0.0
receptor_only_geometry	receptor_grouped_5fold	0	Gs	numeric__receptor_only__intracellular_cavity_core_tm7_side_fraction	0.0	0.0
receptor_only_geometry	receptor_grouped_5fold	0	Gs	numeric__receptor_only__intracellular_cavity_core_wall_fraction_h8	0.0	0.0
receptor_only_geometry	receptor_grouped_5fold	0	Gs	numeric__receptor_only__intracellular_cavity_core_wall_fraction_icl2	0.0	0.0
receptor_only_geometry	receptor_grouped_5fold	0	Gs	numeric__receptor_only__intracellular_cavity_core_wall_fraction_tm3	0.0	0.0
receptor_only_geometry	receptor_grouped_5fold	0	Gs	numeric__receptor_only__intracellular_cavity_core_wall_fraction_tm7	-0.038250433404116164	0.038250433404116164
receptor_only_geometry	receptor_grouped_5fold	1	Gi/o	numeric__receptor_only__activation_consensus_score	-0.2272970727829396	0.2272970727829396
receptor_only_geometry	receptor_grouped_5fold	1	Gi/o	numeric__receptor_only__tm6_r350_634_distance	-0.16718102291537423	0.16718102291537423
receptor_only_geometry	receptor_grouped_5fold	1	Gi/o	numeric__receptor_only__tm6_aligned_displacement	-0.16327419262198578	0.16327419262198578
receptor_only_geometry	receptor_grouped_5fold	1	Gi/o	numeric__receptor_only__tm7_displacement	0.0	0.0
receptor_only_geometry	receptor_grouped_5fold	1	Gi/o	numeric__receptor_only__tm3_tm7_distance	0.19026404002701916	0.19026404002701916
receptor_only_geometry	receptor_grouped_5fold	1	Gi/o	numeric__receptor_only__tm6_r350_630_distance	-0.028527403836907765	0.028527403836907765
receptor_only_geometry	receptor_grouped_5fold	1	Gi/o	numeric__receptor_only__dry_r350_630_min_distance	-0.04819305647251435	0.04819305647251435
receptor_only_geometry	receptor_grouped_5fold	1	Gi/o	numeric__receptor_only__dry_r350_630_ca_distance	-0.028527403836907765	0.028527403836907765
receptor_only_geometry	receptor_grouped_5fold	1	Gi/o	numeric__receptor_only__dry_d349_r350_min_distance	0.0	0.0
receptor_only_geometry	receptor_grouped_5fold	1	Gi/o	numeric__receptor_only__r350_chi1	0.0	0.0
receptor_only_geometry	receptor_grouped_5fold	1	Gi/o	numeric__receptor_only__r350_chi2	0.0	0.0
receptor_only_geometry	receptor_grouped_5fold	1	Gi/o	numeric__receptor_only__pif_550_340_distance	0.0	0.0
receptor_only_geometry	receptor_grouped_5fold	1	Gi/o	numeric__receptor_only__pif_340_644_distance	0.0	0.0
receptor_only_geometry	receptor_grouped_5fold	1	Gi/o	numeric__receptor_only__pif_550_644_distance	0.0	0.0
receptor_only_geometry	receptor_grouped_5fold	1	Gi/o	numeric__receptor_only__pif_550_340_min_distance	-0.10857544251107795	0.10857544251107795
receptor_only_geometry	receptor_grouped_5fold	1	Gi/o	numeric__receptor_only__pif_340_644_min_distance	0.08842641503179025	0.08842641503179025
receptor_only_geometry	receptor_grouped_5fold	1	Gi/o	numeric__receptor_only__pif_550_644_min_distance	0.0	0.0
receptor_only_geometry	receptor_grouped_5fold	1	Gi/o	numeric__receptor_only__pif_triangle_perimeter	0.0	0.0
receptor_only_geometry	receptor_grouped_5fold	1	Gi/o	numeric__receptor_only__position_644_chi1	0.0	0.0
receptor_only_geometry	receptor_grouped_5fold	1	Gi/o	numeric__receptor_only__position_644_chi2	0.0	0.0
receptor_only_geometry	receptor_grouped_5fold	1	Gi/o	numeric__receptor_only__w648_chi1	0.07358121847202426	0.07358121847202426
receptor_only_geometry	receptor_grouped_5fold	1	Gi/o	numeric__receptor_only__w648_chi2	0.0	0.0
receptor_only_geometry	receptor_grouped_5fold	1	Gi/o	numeric__receptor_only__w648_displacement	0.0	0.0
receptor_only_geometry	receptor_grouped_5fold	1	Gi/o	numeric__receptor_only__w648_to_644_distance	-0.1069423892779714	0.1069423892779714
receptor_only_geometry	receptor_grouped_5fold	1	Gi/o	numeric__receptor_only__cwxp_647_650_distance	0.0	0.0
receptor_only_geometry	receptor_grouped_5fold	1	Gi/o	numeric__receptor_only__y753_chi1	0.0	0.0
receptor_only_geometry	receptor_grouped_5fold	1	Gi/o	numeric__receptor_only__y753_chi2	0.0	0.0
receptor_only_geometry	receptor_grouped_5fold	1	Gi/o	numeric__receptor_only__y753_y558_distance	0.035223841449999266	0.035223841449999266
receptor_only_geometry	receptor_grouped_5fold	1	Gi/o	numeric__receptor_only__y753_y558_min_distance	0.03239024705709643	0.03239024705709643
receptor_only_geometry	receptor_grouped_5fold	1	Gi/o	numeric__receptor_only__n749_y753_distance	0.0	0.0
receptor_only_geometry	receptor_grouped_5fold	1	Gi/o	numeric__receptor_only__npxxy_local_spread	-0.23328600211165337	0.23328600211165337
receptor_only_geometry	receptor_grouped_5fold	1	Gi/o	numeric__receptor_only__y753_displacement	0.0	0.0
receptor_only_geometry	receptor_grouped_5fold	1	Gi/o	numeric__receptor_only__sodium_d250_s339_distance	0.0	0.0
receptor_only_geometry	receptor_grouped_5fold	1	Gi/o	numeric__receptor_only__sodium_d250_n745_distance	0.0	0.0
receptor_only_geometry	receptor_grouped_5fold	1	Gi/o	numeric__receptor_only__sodium_d250_s746_distance	0.0	0.0
receptor_only_geometry	receptor_grouped_5fold	1	Gi/o	numeric__receptor_only__sodium_d250_n749_distance	0.0	0.0
receptor_only_geometry	receptor_grouped_5fold	1	Gi/o	numeric__receptor_only__sodium_pocket_volume	0.0	0.0
receptor_only_geometry	receptor_grouped_5fold	1	Gi/o	numeric__receptor_only__sodium_pocket_spread	0.0	0.0
receptor_only_geometry	receptor_grouped_5fold	1	Gi/o	numeric__receptor_only__tm7_rotation	0.0	0.0
receptor_only_geometry	receptor_grouped_5fold	1	Gi/o	numeric__receptor_only__icl2_generic_ca_count	0.0	0.0
receptor_only_geometry	receptor_grouped_5fold	1	Gi/o	numeric__receptor_only__icl2_end_to_end_distance	0.0	0.0
receptor_only_geometry	receptor_grouped_5fold	1	Gi/o	numeric__receptor_only__icl2_centroid_to_r350	-0.007276750954213973	0.007276750954213973
receptor_only_geometry	receptor_grouped_5fold	1	Gi/o	numeric__receptor_only__icl2_centroid_to_tm5_561	-0.28002477813854415	0.28002477813854415
receptor_only_geometry	receptor_grouped_5fold	1	Gi/o	numeric__receptor_only__icl2_centroid_to_tm6_634	-0.16893959648977686	0.16893959648977686
receptor_only_geometry	receptor_grouped_5fold	1	Gi/o	numeric__receptor_only__icl2_centroid_to_tm7_753	0.0	0.0
receptor_only_geometry	receptor_grouped_5fold	1	Gi/o	numeric__receptor_only__icl2_axis_tm3_angle	0.0	0.0
receptor_only_geometry	receptor_grouped_5fold	1	Gi/o	numeric__receptor_only__icl2_axis_tm5_angle	0.15216631737590533	0.15216631737590533
receptor_only_geometry	receptor_grouped_5fold	1	Gi/o	numeric__receptor_only__icl2_active_reference_displacement	0.05418126495294287	0.05418126495294287
receptor_only_geometry	receptor_grouped_5fold	1	Gi/o	numeric__receptor_only__tm5_cytoplasmic_extension	-0.15734065130323993	0.15734065130323993
receptor_only_geometry	receptor_grouped_5fold	1	Gi/o	numeric__receptor_only__tm5_cytoplasmic_kink	0.0	0.0
receptor_only_geometry	receptor_grouped_5fold	1	Gi/o	numeric__receptor_only__tm5_r350_561_distance	0.0	0.0
receptor_only_geometry	receptor_grouped_5fold	1	Gi/o	numeric__receptor_only__tm5_r350_564_distance	0.0	0.0
receptor_only_geometry	receptor_grouped_5fold	1	Gi/o	numeric__receptor_only__tm5_tm6_cavity_distance	-0.015419450463209416	0.015419450463209416
receptor_only_geometry	receptor_grouped_5fold	1	Gi/o	numeric__receptor_only__tm5_axis_tm3_angle	-0.013137486860940021	0.013137486860940021
receptor_only_geometry	receptor_grouped_5fold	1	Gi/o	numeric__receptor_only__tm6_lower_upper_kink	-0.02081825132715918	0.02081825132715918
receptor_only_geometry	receptor_grouped_5fold	1	Gi/o	numeric__receptor_only__tm6_axis_tm3_angle	0.0	0.0
receptor_only_geometry	receptor_grouped_5fold	1	Gi/o	numeric__receptor_only__tm6_tm7_cavity_distance	0.0	0.0
receptor_only_geometry	receptor_grouped_5fold	1	Gi/o	numeric__receptor_only__tm7_h8_angle	0.0	0.0
receptor_only_geometry	receptor_grouped_5fold	1	Gi/o	numeric__receptor_only__h8_end_to_end_distance	0.0	0.0
receptor_only_geometry	receptor_grouped_5fold	1	Gi/o	numeric__receptor_only__h8_r350_distance	0.0	0.0
receptor_only_geometry	receptor_grouped_5fold	1	Gi/o	numeric__receptor_only__h8_tm6_distance	-0.1315719136787767	0.1315719136787767
receptor_only_geometry	receptor_grouped_5fold	1	Gi/o	numeric__receptor_only__icl2_helix_fraction	0.0	0.0
receptor_only_geometry	receptor_grouped_5fold	1	Gi/o	numeric__receptor_only__icl2_longest_helix	0.0	0.0
receptor_only_geometry	receptor_grouped_5fold	1	Gi/o	numeric__receptor_only__icl2_mean_phi	0.0	0.0
receptor_only_geometry	receptor_grouped_5fold	1	Gi/o	numeric__receptor_only__icl2_mean_psi	0.0	0.0
receptor_only_geometry	receptor_grouped_5fold	1	Gi/o	numeric__receptor_only__intracellular_cavity_core_volume	0.0	0.0
receptor_only_geometry	receptor_grouped_5fold	1	Gi/o	numeric__receptor_only__intracellular_cavity_core_mouth_area	0.0	0.0
receptor_only_geometry	receptor_grouped_5fold	1	Gi/o	numeric__receptor_only__intracellular_cavity_core_depth	0.0	0.0
receptor_only_geometry	receptor_grouped_5fold	1	Gi/o	numeric__receptor_only__intracellular_cavity_core_maximum_width	0.0	0.0
receptor_only_geometry	receptor_grouped_5fold	1	Gi/o	numeric__receptor_only__intracellular_cavity_core_average_cross_section	0.0	0.0
receptor_only_geometry	receptor_grouped_5fold	1	Gi/o	numeric__receptor_only__intracellular_cavity_core_bottleneck_area	0.0	0.0
receptor_only_geometry	receptor_grouped_5fold	1	Gi/o	numeric__receptor_only__intracellular_cavity_core_bottleneck_radius	0.0	0.0
receptor_only_geometry	receptor_grouped_5fold	1	Gi/o	numeric__receptor_only__intracellular_cavity_core_max_inscribed_radius	0.0	0.0
receptor_only_geometry	receptor_grouped_5fold	1	Gi/o	numeric__receptor_only__intracellular_cavity_core_surface_area	0.0	0.0
receptor_only_geometry	receptor_grouped_5fold	1	Gi/o	numeric__receptor_only__intracellular_cavity_core_centroid_x	0.0	0.0
receptor_only_geometry	receptor_grouped_5fold	1	Gi/o	numeric__receptor_only__intracellular_cavity_core_centroid_y	0.15242412664486074	0.15242412664486074
receptor_only_geometry	receptor_grouped_5fold	1	Gi/o	numeric__receptor_only__intracellular_cavity_core_centroid_z	-0.005392130596025474	0.005392130596025474
receptor_only_geometry	receptor_grouped_5fold	1	Gi/o	numeric__receptor_only__intracellular_cavity_core_principal_length_1	0.11124013221441145	0.11124013221441145
receptor_only_geometry	receptor_grouped_5fold	1	Gi/o	numeric__receptor_only__intracellular_cavity_core_principal_length_2	0.14946479556721778	0.14946479556721778
receptor_only_geometry	receptor_grouped_5fold	1	Gi/o	numeric__receptor_only__intracellular_cavity_core_principal_length_3	0.0	0.0
receptor_only_geometry	receptor_grouped_5fold	1	Gi/o	numeric__receptor_only__intracellular_cavity_core_principal_axis_1_z_alignment	0.0	0.0
receptor_only_geometry	receptor_grouped_5fold	1	Gi/o	numeric__receptor_only__intracellular_cavity_core_eccentricity	0.0	0.0
receptor_only_geometry	receptor_grouped_5fold	1	Gi/o	numeric__receptor_only__intracellular_cavity_core_sphericity	0.0	0.0
receptor_only_geometry	receptor_grouped_5fold	1	Gi/o	numeric__receptor_only__intracellular_cavity_core_asymmetry	0.0	0.0
receptor_only_geometry	receptor_grouped_5fold	1	Gi/o	numeric__receptor_only__intracellular_cavity_core_tm3_side_fraction	0.0	0.0
receptor_only_geometry	receptor_grouped_5fold	1	Gi/o	numeric__receptor_only__intracellular_cavity_core_tm6_side_fraction	0.0	0.0
receptor_only_geometry	receptor_grouped_5fold	1	Gi/o	numeric__receptor_only__intracellular_cavity_core_tm5_side_fraction	0.11557604384056284	0.11557604384056284
receptor_only_geometry	receptor_grouped_5fold	1	Gi/o	numeric__receptor_only__intracellular_cavity_core_tm7_side_fraction	-0.11557604384056372	0.11557604384056372
receptor_only_geometry	receptor_grouped_5fold	1	Gi/o	numeric__receptor_only__intracellular_cavity_core_wall_fraction_h8	0.0	0.0
receptor_only_geometry	receptor_grouped_5fold	1	Gi/o	numeric__receptor_only__intracellular_cavity_core_wall_fraction_icl2	0.0	0.0
receptor_only_geometry	receptor_grouped_5fold	1	Gi/o	numeric__receptor_only__intracellular_cavity_core_wall_fraction_tm3	0.0934353005176403	0.0934353005176403
receptor_only_geometry	receptor_grouped_5fold	1	Gi/o	numeric__receptor_only__intracellular_cavity_core_wall_fraction_tm7	0.0	0.0
receptor_only_geometry	receptor_grouped_5fold	1	Gq/11	numeric__receptor_only__activation_consensus_score	0.08479731623135986	0.08479731623135986
receptor_only_geometry	receptor_grouped_5fold	1	Gq/11	numeric__receptor_only__tm6_r350_634_distance	0.06135531777164664	0.06135531777164664
receptor_only_geometry	receptor_grouped_5fold	1	Gq/11	numeric__receptor_only__tm6_aligned_displacement	0.0	0.0
receptor_only_geometry	receptor_grouped_5fold	1	Gq/11	numeric__receptor_only__tm7_displacement	0.0	0.0
receptor_only_geometry	receptor_grouped_5fold	1	Gq/11	numeric__receptor_only__tm3_tm7_distance	-0.09060631428575976	0.09060631428575976
receptor_only_geometry	receptor_grouped_5fold	1	Gq/11	numeric__receptor_only__tm6_r350_630_distance	0.0	0.0
receptor_only_geometry	receptor_grouped_5fold	1	Gq/11	numeric__receptor_only__dry_r350_630_min_distance	0.002893344617179528	0.002893344617179528
receptor_only_geometry	receptor_grouped_5fold	1	Gq/11	numeric__receptor_only__dry_r350_630_ca_distance	0.0	0.0
receptor_only_geometry	receptor_grouped_5fold	1	Gq/11	numeric__receptor_only__dry_d349_r350_min_distance	0.0	0.0
receptor_only_geometry	receptor_grouped_5fold	1	Gq/11	numeric__receptor_only__r350_chi1	0.0	0.0
receptor_only_geometry	receptor_grouped_5fold	1	Gq/11	numeric__receptor_only__r350_chi2	0.0	0.0
receptor_only_geometry	receptor_grouped_5fold	1	Gq/11	numeric__receptor_only__pif_550_340_distance	0.0	0.0
receptor_only_geometry	receptor_grouped_5fold	1	Gq/11	numeric__receptor_only__pif_340_644_distance	-0.3118699135549119	0.3118699135549119
receptor_only_geometry	receptor_grouped_5fold	1	Gq/11	numeric__receptor_only__pif_550_644_distance	0.0	0.0
receptor_only_geometry	receptor_grouped_5fold	1	Gq/11	numeric__receptor_only__pif_550_340_min_distance	0.0	0.0
receptor_only_geometry	receptor_grouped_5fold	1	Gq/11	numeric__receptor_only__pif_340_644_min_distance	-0.0816065164247927	0.0816065164247927
receptor_only_geometry	receptor_grouped_5fold	1	Gq/11	numeric__receptor_only__pif_550_644_min_distance	0.11395563811130323	0.11395563811130323
receptor_only_geometry	receptor_grouped_5fold	1	Gq/11	numeric__receptor_only__pif_triangle_perimeter	0.0	0.0
receptor_only_geometry	receptor_grouped_5fold	1	Gq/11	numeric__receptor_only__position_644_chi1	-0.2144402315356091	0.2144402315356091
receptor_only_geometry	receptor_grouped_5fold	1	Gq/11	numeric__receptor_only__position_644_chi2	-0.27339999050933633	0.27339999050933633
receptor_only_geometry	receptor_grouped_5fold	1	Gq/11	numeric__receptor_only__w648_chi1	0.0	0.0
receptor_only_geometry	receptor_grouped_5fold	1	Gq/11	numeric__receptor_only__w648_chi2	0.03382952168949335	0.03382952168949335
receptor_only_geometry	receptor_grouped_5fold	1	Gq/11	numeric__receptor_only__w648_displacement	0.0	0.0
receptor_only_geometry	receptor_grouped_5fold	1	Gq/11	numeric__receptor_only__w648_to_644_distance	0.0	0.0
receptor_only_geometry	receptor_grouped_5fold	1	Gq/11	numeric__receptor_only__cwxp_647_650_distance	-0.17209433684577563	0.17209433684577563
receptor_only_geometry	receptor_grouped_5fold	1	Gq/11	numeric__receptor_only__y753_chi1	0.0	0.0
receptor_only_geometry	receptor_grouped_5fold	1	Gq/11	numeric__receptor_only__y753_chi2	0.0	0.0
receptor_only_geometry	receptor_grouped_5fold	1	Gq/11	numeric__receptor_only__y753_y558_distance	-0.05459991949883898	0.05459991949883898
receptor_only_geometry	receptor_grouped_5fold	1	Gq/11	numeric__receptor_only__y753_y558_min_distance	-0.01726668737598436	0.01726668737598436
receptor_only_geometry	receptor_grouped_5fold	1	Gq/11	numeric__receptor_only__n749_y753_distance	-0.020811362963598947	0.020811362963598947
receptor_only_geometry	receptor_grouped_5fold	1	Gq/11	numeric__receptor_only__npxxy_local_spread	0.13414454558573752	0.13414454558573752
receptor_only_geometry	receptor_grouped_5fold	1	Gq/11	numeric__receptor_only__y753_displacement	0.0	0.0
receptor_only_geometry	receptor_grouped_5fold	1	Gq/11	numeric__receptor_only__sodium_d250_s339_distance	-0.0759428597014835	0.0759428597014835
receptor_only_geometry	receptor_grouped_5fold	1	Gq/11	numeric__receptor_only__sodium_d250_n745_distance	0.0	0.0
receptor_only_geometry	receptor_grouped_5fold	1	Gq/11	numeric__receptor_only__sodium_d250_s746_distance	0.0	0.0
receptor_only_geometry	receptor_grouped_5fold	1	Gq/11	numeric__receptor_only__sodium_d250_n749_distance	-0.21822019916793645	0.21822019916793645
receptor_only_geometry	receptor_grouped_5fold	1	Gq/11	numeric__receptor_only__sodium_pocket_volume	-0.10408298862599846	0.10408298862599846
receptor_only_geometry	receptor_grouped_5fold	1	Gq/11	numeric__receptor_only__sodium_pocket_spread	-0.20411459468359536	0.20411459468359536
receptor_only_geometry	receptor_grouped_5fold	1	Gq/11	numeric__receptor_only__tm7_rotation	0.0	0.0
receptor_only_geometry	receptor_grouped_5fold	1	Gq/11	numeric__receptor_only__icl2_generic_ca_count	0.0	0.0
receptor_only_geometry	receptor_grouped_5fold	1	Gq/11	numeric__receptor_only__icl2_end_to_end_distance	0.0	0.0
receptor_only_geometry	receptor_grouped_5fold	1	Gq/11	numeric__receptor_only__icl2_centroid_to_r350	0.0	0.0
receptor_only_geometry	receptor_grouped_5fold	1	Gq/11	numeric__receptor_only__icl2_centroid_to_tm5_561	0.0	0.0
receptor_only_geometry	receptor_grouped_5fold	1	Gq/11	numeric__receptor_only__icl2_centroid_to_tm6_634	0.0	0.0
receptor_only_geometry	receptor_grouped_5fold	1	Gq/11	numeric__receptor_only__icl2_centroid_to_tm7_753	-0.10374029427069373	0.10374029427069373
receptor_only_geometry	receptor_grouped_5fold	1	Gq/11	numeric__receptor_only__icl2_axis_tm3_angle	0.2500018433536524	0.2500018433536524
receptor_only_geometry	receptor_grouped_5fold	1	Gq/11	numeric__receptor_only__icl2_axis_tm5_angle	0.0	0.0
receptor_only_geometry	receptor_grouped_5fold	1	Gq/11	numeric__receptor_only__icl2_active_reference_displacement	0.0	0.0
receptor_only_geometry	receptor_grouped_5fold	1	Gq/11	numeric__receptor_only__tm5_cytoplasmic_extension	0.0	0.0
receptor_only_geometry	receptor_grouped_5fold	1	Gq/11	numeric__receptor_only__tm5_cytoplasmic_kink	0.0	0.0
receptor_only_geometry	receptor_grouped_5fold	1	Gq/11	numeric__receptor_only__tm5_r350_561_distance	0.0	0.0
receptor_only_geometry	receptor_grouped_5fold	1	Gq/11	numeric__receptor_only__tm5_r350_564_distance	0.0	0.0
receptor_only_geometry	receptor_grouped_5fold	1	Gq/11	numeric__receptor_only__tm5_tm6_cavity_distance	0.09935693468607806	0.09935693468607806
receptor_only_geometry	receptor_grouped_5fold	1	Gq/11	numeric__receptor_only__tm5_axis_tm3_angle	0.0	0.0
receptor_only_geometry	receptor_grouped_5fold	1	Gq/11	numeric__receptor_only__tm6_lower_upper_kink	0.0	0.0
receptor_only_geometry	receptor_grouped_5fold	1	Gq/11	numeric__receptor_only__tm6_axis_tm3_angle	0.0	0.0
receptor_only_geometry	receptor_grouped_5fold	1	Gq/11	numeric__receptor_only__tm6_tm7_cavity_distance	0.0	0.0
receptor_only_geometry	receptor_grouped_5fold	1	Gq/11	numeric__receptor_only__tm7_h8_angle	0.0	0.0
receptor_only_geometry	receptor_grouped_5fold	1	Gq/11	numeric__receptor_only__h8_end_to_end_distance	-0.034553114410771635	0.034553114410771635
receptor_only_geometry	receptor_grouped_5fold	1	Gq/11	numeric__receptor_only__h8_r350_distance	0.0	0.0
receptor_only_geometry	receptor_grouped_5fold	1	Gq/11	numeric__receptor_only__h8_tm6_distance	0.05579940767658113	0.05579940767658113
receptor_only_geometry	receptor_grouped_5fold	1	Gq/11	numeric__receptor_only__icl2_helix_fraction	0.029348053170755072	0.029348053170755072
receptor_only_geometry	receptor_grouped_5fold	1	Gq/11	numeric__receptor_only__icl2_longest_helix	0.0	0.0
receptor_only_geometry	receptor_grouped_5fold	1	Gq/11	numeric__receptor_only__icl2_mean_phi	0.17327122024163183	0.17327122024163183
receptor_only_geometry	receptor_grouped_5fold	1	Gq/11	numeric__receptor_only__icl2_mean_psi	0.0	0.0
receptor_only_geometry	receptor_grouped_5fold	1	Gq/11	numeric__receptor_only__intracellular_cavity_core_volume	0.0	0.0
receptor_only_geometry	receptor_grouped_5fold	1	Gq/11	numeric__receptor_only__intracellular_cavity_core_mouth_area	0.0	0.0
receptor_only_geometry	receptor_grouped_5fold	1	Gq/11	numeric__receptor_only__intracellular_cavity_core_depth	0.0	0.0
receptor_only_geometry	receptor_grouped_5fold	1	Gq/11	numeric__receptor_only__intracellular_cavity_core_maximum_width	0.0	0.0
receptor_only_geometry	receptor_grouped_5fold	1	Gq/11	numeric__receptor_only__intracellular_cavity_core_average_cross_section	0.0	0.0
receptor_only_geometry	receptor_grouped_5fold	1	Gq/11	numeric__receptor_only__intracellular_cavity_core_bottleneck_area	0.0	0.0
receptor_only_geometry	receptor_grouped_5fold	1	Gq/11	numeric__receptor_only__intracellular_cavity_core_bottleneck_radius	0.0	0.0
receptor_only_geometry	receptor_grouped_5fold	1	Gq/11	numeric__receptor_only__intracellular_cavity_core_max_inscribed_radius	0.0	0.0
receptor_only_geometry	receptor_grouped_5fold	1	Gq/11	numeric__receptor_only__intracellular_cavity_core_surface_area	0.0	0.0
receptor_only_geometry	receptor_grouped_5fold	1	Gq/11	numeric__receptor_only__intracellular_cavity_core_centroid_x	0.11931412446330383	0.11931412446330383
receptor_only_geometry	receptor_grouped_5fold	1	Gq/11	numeric__receptor_only__intracellular_cavity_core_centroid_y	0.0	0.0
receptor_only_geometry	receptor_grouped_5fold	1	Gq/11	numeric__receptor_only__intracellular_cavity_core_centroid_z	0.0	0.0
receptor_only_geometry	receptor_grouped_5fold	1	Gq/11	numeric__receptor_only__intracellular_cavity_core_principal_length_1	0.0	0.0
receptor_only_geometry	receptor_grouped_5fold	1	Gq/11	numeric__receptor_only__intracellular_cavity_core_principal_length_2	0.0	0.0
receptor_only_geometry	receptor_grouped_5fold	1	Gq/11	numeric__receptor_only__intracellular_cavity_core_principal_length_3	0.0	0.0
receptor_only_geometry	receptor_grouped_5fold	1	Gq/11	numeric__receptor_only__intracellular_cavity_core_principal_axis_1_z_alignment	0.015255494291509231	0.015255494291509231
receptor_only_geometry	receptor_grouped_5fold	1	Gq/11	numeric__receptor_only__intracellular_cavity_core_eccentricity	0.0	0.0
receptor_only_geometry	receptor_grouped_5fold	1	Gq/11	numeric__receptor_only__intracellular_cavity_core_sphericity	0.0	0.0
receptor_only_geometry	receptor_grouped_5fold	1	Gq/11	numeric__receptor_only__intracellular_cavity_core_asymmetry	0.0	0.0
receptor_only_geometry	receptor_grouped_5fold	1	Gq/11	numeric__receptor_only__intracellular_cavity_core_tm3_side_fraction	0.0	0.0
receptor_only_geometry	receptor_grouped_5fold	1	Gq/11	numeric__receptor_only__intracellular_cavity_core_tm6_side_fraction	0.0	0.0
receptor_only_geometry	receptor_grouped_5fold	1	Gq/11	numeric__receptor_only__intracellular_cavity_core_tm5_side_fraction	0.0	0.0
receptor_only_geometry	receptor_grouped_5fold	1	Gq/11	numeric__receptor_only__intracellular_cavity_core_tm7_side_fraction	0.0	0.0
receptor_only_geometry	receptor_grouped_5fold	1	Gq/11	numeric__receptor_only__intracellular_cavity_core_wall_fraction_h8	-0.19007114102045464	0.19007114102045464
receptor_only_geometry	receptor_grouped_5fold	1	Gq/11	numeric__receptor_only__intracellular_cavity_core_wall_fraction_icl2	0.1019490039090855	0.1019490039090855
receptor_only_geometry	receptor_grouped_5fold	1	Gq/11	numeric__receptor_only__intracellular_cavity_core_wall_fraction_tm3	0.0	0.0
receptor_only_geometry	receptor_grouped_5fold	1	Gq/11	numeric__receptor_only__intracellular_cavity_core_wall_fraction_tm7	0.0	0.0
receptor_only_geometry	receptor_grouped_5fold	1	Gs	numeric__receptor_only__activation_consensus_score	0.0	0.0
receptor_only_geometry	receptor_grouped_5fold	1	Gs	numeric__receptor_only__tm6_r350_634_distance	0.0	0.0
receptor_only_geometry	receptor_grouped_5fold	1	Gs	numeric__receptor_only__tm6_aligned_displacement	0.0	0.0
receptor_only_geometry	receptor_grouped_5fold	1	Gs	numeric__receptor_only__tm7_displacement	0.0	0.0
receptor_only_geometry	receptor_grouped_5fold	1	Gs	numeric__receptor_only__tm3_tm7_distance	0.0	0.0
receptor_only_geometry	receptor_grouped_5fold	1	Gs	numeric__receptor_only__tm6_r350_630_distance	0.0	0.0
receptor_only_geometry	receptor_grouped_5fold	1	Gs	numeric__receptor_only__dry_r350_630_min_distance	0.0	0.0
receptor_only_geometry	receptor_grouped_5fold	1	Gs	numeric__receptor_only__dry_r350_630_ca_distance	0.0	0.0
receptor_only_geometry	receptor_grouped_5fold	1	Gs	numeric__receptor_only__dry_d349_r350_min_distance	0.0	0.0
receptor_only_geometry	receptor_grouped_5fold	1	Gs	numeric__receptor_only__r350_chi1	-0.18120922617935864	0.18120922617935864
receptor_only_geometry	receptor_grouped_5fold	1	Gs	numeric__receptor_only__r350_chi2	0.0	0.0
receptor_only_geometry	receptor_grouped_5fold	1	Gs	numeric__receptor_only__pif_550_340_distance	0.0	0.0
receptor_only_geometry	receptor_grouped_5fold	1	Gs	numeric__receptor_only__pif_340_644_distance	0.0917147195281137	0.0917147195281137
receptor_only_geometry	receptor_grouped_5fold	1	Gs	numeric__receptor_only__pif_550_644_distance	0.0	0.0
receptor_only_geometry	receptor_grouped_5fold	1	Gs	numeric__receptor_only__pif_550_340_min_distance	0.02673702659802324	0.02673702659802324
receptor_only_geometry	receptor_grouped_5fold	1	Gs	numeric__receptor_only__pif_340_644_min_distance	0.0	0.0
receptor_only_geometry	receptor_grouped_5fold	1	Gs	numeric__receptor_only__pif_550_644_min_distance	0.0	0.0
receptor_only_geometry	receptor_grouped_5fold	1	Gs	numeric__receptor_only__pif_triangle_perimeter	0.0	0.0
receptor_only_geometry	receptor_grouped_5fold	1	Gs	numeric__receptor_only__position_644_chi1	0.16537553587195458	0.16537553587195458
receptor_only_geometry	receptor_grouped_5fold	1	Gs	numeric__receptor_only__position_644_chi2	0.209757460009268	0.209757460009268
receptor_only_geometry	receptor_grouped_5fold	1	Gs	numeric__receptor_only__w648_chi1	-0.25891740464264945	0.25891740464264945
receptor_only_geometry	receptor_grouped_5fold	1	Gs	numeric__receptor_only__w648_chi2	0.0	0.0
receptor_only_geometry	receptor_grouped_5fold	1	Gs	numeric__receptor_only__w648_displacement	0.0	0.0
receptor_only_geometry	receptor_grouped_5fold	1	Gs	numeric__receptor_only__w648_to_644_distance	0.0	0.0
receptor_only_geometry	receptor_grouped_5fold	1	Gs	numeric__receptor_only__cwxp_647_650_distance	0.10270879475951254	0.10270879475951254
receptor_only_geometry	receptor_grouped_5fold	1	Gs	numeric__receptor_only__y753_chi1	0.15676983785863444	0.15676983785863444
receptor_only_geometry	receptor_grouped_5fold	1	Gs	numeric__receptor_only__y753_chi2	0.0	0.0
receptor_only_geometry	receptor_grouped_5fold	1	Gs	numeric__receptor_only__y753_y558_distance	0.0	0.0
receptor_only_geometry	receptor_grouped_5fold	1	Gs	numeric__receptor_only__y753_y558_min_distance	0.0	0.0
receptor_only_geometry	receptor_grouped_5fold	1	Gs	numeric__receptor_only__n749_y753_distance	0.0	0.0
receptor_only_geometry	receptor_grouped_5fold	1	Gs	numeric__receptor_only__npxxy_local_spread	0.0	0.0
receptor_only_geometry	receptor_grouped_5fold	1	Gs	numeric__receptor_only__y753_displacement	0.11241766147077327	0.11241766147077327
receptor_only_geometry	receptor_grouped_5fold	1	Gs	numeric__receptor_only__sodium_d250_s339_distance	0.3369859791043046	0.3369859791043046
receptor_only_geometry	receptor_grouped_5fold	1	Gs	numeric__receptor_only__sodium_d250_n745_distance	0.0	0.0
receptor_only_geometry	receptor_grouped_5fold	1	Gs	numeric__receptor_only__sodium_d250_s746_distance	0.0	0.0
receptor_only_geometry	receptor_grouped_5fold	1	Gs	numeric__receptor_only__sodium_d250_n749_distance	0.13253720631923147	0.13253720631923147
receptor_only_geometry	receptor_grouped_5fold	1	Gs	numeric__receptor_only__sodium_pocket_volume	0.3041686207156059	0.3041686207156059
receptor_only_geometry	receptor_grouped_5fold	1	Gs	numeric__receptor_only__sodium_pocket_spread	0.23043453900373298	0.23043453900373298
receptor_only_geometry	receptor_grouped_5fold	1	Gs	numeric__receptor_only__tm7_rotation	0.0	0.0
receptor_only_geometry	receptor_grouped_5fold	1	Gs	numeric__receptor_only__icl2_generic_ca_count	0.1586524823815377	0.1586524823815377
receptor_only_geometry	receptor_grouped_5fold	1	Gs	numeric__receptor_only__icl2_end_to_end_distance	0.0	0.0
receptor_only_geometry	receptor_grouped_5fold	1	Gs	numeric__receptor_only__icl2_centroid_to_r350	0.0	0.0
receptor_only_geometry	receptor_grouped_5fold	1	Gs	numeric__receptor_only__icl2_centroid_to_tm5_561	0.10567606911804993	0.10567606911804993
receptor_only_geometry	receptor_grouped_5fold	1	Gs	numeric__receptor_only__icl2_centroid_to_tm6_634	0.0	0.0
receptor_only_geometry	receptor_grouped_5fold	1	Gs	numeric__receptor_only__icl2_centroid_to_tm7_753	0.044032556368606535	0.044032556368606535
receptor_only_geometry	receptor_grouped_5fold	1	Gs	numeric__receptor_only__icl2_axis_tm3_angle	-0.1764237572469082	0.1764237572469082
receptor_only_geometry	receptor_grouped_5fold	1	Gs	numeric__receptor_only__icl2_axis_tm5_angle	-0.26221400493461794	0.26221400493461794
receptor_only_geometry	receptor_grouped_5fold	1	Gs	numeric__receptor_only__icl2_active_reference_displacement	0.0	0.0
receptor_only_geometry	receptor_grouped_5fold	1	Gs	numeric__receptor_only__tm5_cytoplasmic_extension	0.2147952687056321	0.2147952687056321
receptor_only_geometry	receptor_grouped_5fold	1	Gs	numeric__receptor_only__tm5_cytoplasmic_kink	0.05859071706676364	0.05859071706676364
receptor_only_geometry	receptor_grouped_5fold	1	Gs	numeric__receptor_only__tm5_r350_561_distance	0.11344632397492806	0.11344632397492806
receptor_only_geometry	receptor_grouped_5fold	1	Gs	numeric__receptor_only__tm5_r350_564_distance	0.12818948936849867	0.12818948936849867
receptor_only_geometry	receptor_grouped_5fold	1	Gs	numeric__receptor_only__tm5_tm6_cavity_distance	0.0	0.0
receptor_only_geometry	receptor_grouped_5fold	1	Gs	numeric__receptor_only__tm5_axis_tm3_angle	0.14213105984559404	0.14213105984559404
receptor_only_geometry	receptor_grouped_5fold	1	Gs	numeric__receptor_only__tm6_lower_upper_kink	0.17197229602606381	0.17197229602606381
receptor_only_geometry	receptor_grouped_5fold	1	Gs	numeric__receptor_only__tm6_axis_tm3_angle	0.0	0.0
receptor_only_geometry	receptor_grouped_5fold	1	Gs	numeric__receptor_only__tm6_tm7_cavity_distance	0.0	0.0
receptor_only_geometry	receptor_grouped_5fold	1	Gs	numeric__receptor_only__tm7_h8_angle	0.0	0.0
receptor_only_geometry	receptor_grouped_5fold	1	Gs	numeric__receptor_only__h8_end_to_end_distance	0.0	0.0
receptor_only_geometry	receptor_grouped_5fold	1	Gs	numeric__receptor_only__h8_r350_distance	0.0	0.0
receptor_only_geometry	receptor_grouped_5fold	1	Gs	numeric__receptor_only__h8_tm6_distance	0.0	0.0
receptor_only_geometry	receptor_grouped_5fold	1	Gs	numeric__receptor_only__icl2_helix_fraction	0.0	0.0
receptor_only_geometry	receptor_grouped_5fold	1	Gs	numeric__receptor_only__icl2_longest_helix	0.0	0.0
receptor_only_geometry	receptor_grouped_5fold	1	Gs	numeric__receptor_only__icl2_mean_phi	-0.04381439451044481	0.04381439451044481
receptor_only_geometry	receptor_grouped_5fold	1	Gs	numeric__receptor_only__icl2_mean_psi	0.0	0.0
receptor_only_geometry	receptor_grouped_5fold	1	Gs	numeric__receptor_only__intracellular_cavity_core_volume	0.0	0.0
receptor_only_geometry	receptor_grouped_5fold	1	Gs	numeric__receptor_only__intracellular_cavity_core_mouth_area	0.0	0.0
receptor_only_geometry	receptor_grouped_5fold	1	Gs	numeric__receptor_only__intracellular_cavity_core_depth	-0.1604689418947468	0.1604689418947468
receptor_only_geometry	receptor_grouped_5fold	1	Gs	numeric__receptor_only__intracellular_cavity_core_maximum_width	0.0	0.0
receptor_only_geometry	receptor_grouped_5fold	1	Gs	numeric__receptor_only__intracellular_cavity_core_average_cross_section	0.0	0.0
receptor_only_geometry	receptor_grouped_5fold	1	Gs	numeric__receptor_only__intracellular_cavity_core_bottleneck_area	0.0	0.0
receptor_only_geometry	receptor_grouped_5fold	1	Gs	numeric__receptor_only__intracellular_cavity_core_bottleneck_radius	0.0	0.0
receptor_only_geometry	receptor_grouped_5fold	1	Gs	numeric__receptor_only__intracellular_cavity_core_max_inscribed_radius	0.0	0.0
receptor_only_geometry	receptor_grouped_5fold	1	Gs	numeric__receptor_only__intracellular_cavity_core_surface_area	0.0	0.0
receptor_only_geometry	receptor_grouped_5fold	1	Gs	numeric__receptor_only__intracellular_cavity_core_centroid_x	-0.16041054636484	0.16041054636484
receptor_only_geometry	receptor_grouped_5fold	1	Gs	numeric__receptor_only__intracellular_cavity_core_centroid_y	-0.20426963668773487	0.20426963668773487
receptor_only_geometry	receptor_grouped_5fold	1	Gs	numeric__receptor_only__intracellular_cavity_core_centroid_z	0.2072367066440284	0.2072367066440284
receptor_only_geometry	receptor_grouped_5fold	1	Gs	numeric__receptor_only__intracellular_cavity_core_principal_length_1	-0.07011016584797583	0.07011016584797583
receptor_only_geometry	receptor_grouped_5fold	1	Gs	numeric__receptor_only__intracellular_cavity_core_principal_length_2	-0.04033532552658614	0.04033532552658614
receptor_only_geometry	receptor_grouped_5fold	1	Gs	numeric__receptor_only__intracellular_cavity_core_principal_length_3	0.0	0.0
receptor_only_geometry	receptor_grouped_5fold	1	Gs	numeric__receptor_only__intracellular_cavity_core_principal_axis_1_z_alignment	-0.0812245546957529	0.0812245546957529
receptor_only_geometry	receptor_grouped_5fold	1	Gs	numeric__receptor_only__intracellular_cavity_core_eccentricity	0.0	0.0
receptor_only_geometry	receptor_grouped_5fold	1	Gs	numeric__receptor_only__intracellular_cavity_core_sphericity	0.0	0.0
receptor_only_geometry	receptor_grouped_5fold	1	Gs	numeric__receptor_only__intracellular_cavity_core_asymmetry	0.0	0.0
receptor_only_geometry	receptor_grouped_5fold	1	Gs	numeric__receptor_only__intracellular_cavity_core_tm3_side_fraction	0.06465481313015815	0.06465481313015815
receptor_only_geometry	receptor_grouped_5fold	1	Gs	numeric__receptor_only__intracellular_cavity_core_tm6_side_fraction	-0.06465481313015647	0.06465481313015647
receptor_only_geometry	receptor_grouped_5fold	1	Gs	numeric__receptor_only__intracellular_cavity_core_tm5_side_fraction	-0.08333316047611752	0.08333316047611752
receptor_only_geometry	receptor_grouped_5fold	1	Gs	numeric__receptor_only__intracellular_cavity_core_tm7_side_fraction	0.0833331604761181	0.0833331604761181
receptor_only_geometry	receptor_grouped_5fold	1	Gs	numeric__receptor_only__intracellular_cavity_core_wall_fraction_h8	0.0	0.0
receptor_only_geometry	receptor_grouped_5fold	1	Gs	numeric__receptor_only__intracellular_cavity_core_wall_fraction_icl2	0.0	0.0
receptor_only_geometry	receptor_grouped_5fold	1	Gs	numeric__receptor_only__intracellular_cavity_core_wall_fraction_tm3	0.0	0.0
receptor_only_geometry	receptor_grouped_5fold	1	Gs	numeric__receptor_only__intracellular_cavity_core_wall_fraction_tm7	-0.12105847057789727	0.12105847057789727
receptor_only_geometry	receptor_grouped_5fold	2	Gi/o	numeric__receptor_only__activation_consensus_score	-0.057351782359043854	0.057351782359043854
receptor_only_geometry	receptor_grouped_5fold	2	Gi/o	numeric__receptor_only__tm6_r350_634_distance	-0.37004274558375666	0.37004274558375666
receptor_only_geometry	receptor_grouped_5fold	2	Gi/o	numeric__receptor_only__tm6_aligned_displacement	-0.6087027183584833	0.6087027183584833
receptor_only_geometry	receptor_grouped_5fold	2	Gi/o	numeric__receptor_only__tm7_displacement	0.0	0.0
receptor_only_geometry	receptor_grouped_5fold	2	Gi/o	numeric__receptor_only__tm3_tm7_distance	0.2388658317363965	0.2388658317363965
receptor_only_geometry	receptor_grouped_5fold	2	Gi/o	numeric__receptor_only__tm6_r350_630_distance	0.0	0.0
receptor_only_geometry	receptor_grouped_5fold	2	Gi/o	numeric__receptor_only__dry_r350_630_min_distance	0.0	0.0
receptor_only_geometry	receptor_grouped_5fold	2	Gi/o	numeric__receptor_only__dry_r350_630_ca_distance	0.0	0.0
receptor_only_geometry	receptor_grouped_5fold	2	Gi/o	numeric__receptor_only__dry_d349_r350_min_distance	0.0	0.0
receptor_only_geometry	receptor_grouped_5fold	2	Gi/o	numeric__receptor_only__r350_chi1	0.026450946954935654	0.026450946954935654
receptor_only_geometry	receptor_grouped_5fold	2	Gi/o	numeric__receptor_only__r350_chi2	0.0	0.0
receptor_only_geometry	receptor_grouped_5fold	2	Gi/o	numeric__receptor_only__pif_550_340_distance	0.0	0.0
receptor_only_geometry	receptor_grouped_5fold	2	Gi/o	numeric__receptor_only__pif_340_644_distance	0.0	0.0
receptor_only_geometry	receptor_grouped_5fold	2	Gi/o	numeric__receptor_only__pif_550_644_distance	0.0	0.0
receptor_only_geometry	receptor_grouped_5fold	2	Gi/o	numeric__receptor_only__pif_550_340_min_distance	0.0	0.0
receptor_only_geometry	receptor_grouped_5fold	2	Gi/o	numeric__receptor_only__pif_340_644_min_distance	0.0	0.0
receptor_only_geometry	receptor_grouped_5fold	2	Gi/o	numeric__receptor_only__pif_550_644_min_distance	0.0	0.0
receptor_only_geometry	receptor_grouped_5fold	2	Gi/o	numeric__receptor_only__pif_triangle_perimeter	0.0	0.0
receptor_only_geometry	receptor_grouped_5fold	2	Gi/o	numeric__receptor_only__position_644_chi1	0.0	0.0
receptor_only_geometry	receptor_grouped_5fold	2	Gi/o	numeric__receptor_only__position_644_chi2	0.0	0.0
receptor_only_geometry	receptor_grouped_5fold	2	Gi/o	numeric__receptor_only__w648_chi1	0.0	0.0
receptor_only_geometry	receptor_grouped_5fold	2	Gi/o	numeric__receptor_only__w648_chi2	0.0	0.0
receptor_only_geometry	receptor_grouped_5fold	2	Gi/o	numeric__receptor_only__w648_displacement	0.0	0.0
receptor_only_geometry	receptor_grouped_5fold	2	Gi/o	numeric__receptor_only__w648_to_644_distance	0.0	0.0
receptor_only_geometry	receptor_grouped_5fold	2	Gi/o	numeric__receptor_only__cwxp_647_650_distance	0.0	0.0
receptor_only_geometry	receptor_grouped_5fold	2	Gi/o	numeric__receptor_only__y753_chi1	0.0	0.0
receptor_only_geometry	receptor_grouped_5fold	2	Gi/o	numeric__receptor_only__y753_chi2	0.0	0.0
receptor_only_geometry	receptor_grouped_5fold	2	Gi/o	numeric__receptor_only__y753_y558_distance	0.0	0.0
receptor_only_geometry	receptor_grouped_5fold	2	Gi/o	numeric__receptor_only__y753_y558_min_distance	0.0	0.0
receptor_only_geometry	receptor_grouped_5fold	2	Gi/o	numeric__receptor_only__n749_y753_distance	0.0	0.0
receptor_only_geometry	receptor_grouped_5fold	2	Gi/o	numeric__receptor_only__npxxy_local_spread	0.0	0.0
receptor_only_geometry	receptor_grouped_5fold	2	Gi/o	numeric__receptor_only__y753_displacement	0.0	0.0
receptor_only_geometry	receptor_grouped_5fold	2	Gi/o	numeric__receptor_only__sodium_d250_s339_distance	0.0	0.0
receptor_only_geometry	receptor_grouped_5fold	2	Gi/o	numeric__receptor_only__sodium_d250_n745_distance	0.0	0.0
receptor_only_geometry	receptor_grouped_5fold	2	Gi/o	numeric__receptor_only__sodium_d250_s746_distance	0.0	0.0
receptor_only_geometry	receptor_grouped_5fold	2	Gi/o	numeric__receptor_only__sodium_d250_n749_distance	0.0	0.0
receptor_only_geometry	receptor_grouped_5fold	2	Gi/o	numeric__receptor_only__sodium_pocket_volume	0.0	0.0
receptor_only_geometry	receptor_grouped_5fold	2	Gi/o	numeric__receptor_only__sodium_pocket_spread	0.0	0.0
receptor_only_geometry	receptor_grouped_5fold	2	Gi/o	numeric__receptor_only__tm7_rotation	0.0	0.0
receptor_only_geometry	receptor_grouped_5fold	2	Gi/o	numeric__receptor_only__icl2_generic_ca_count	0.0	0.0
receptor_only_geometry	receptor_grouped_5fold	2	Gi/o	numeric__receptor_only__icl2_end_to_end_distance	0.0	0.0
receptor_only_geometry	receptor_grouped_5fold	2	Gi/o	numeric__receptor_only__icl2_centroid_to_r350	0.0	0.0
receptor_only_geometry	receptor_grouped_5fold	2	Gi/o	numeric__receptor_only__icl2_centroid_to_tm5_561	-0.28716976431551094	0.28716976431551094
receptor_only_geometry	receptor_grouped_5fold	2	Gi/o	numeric__receptor_only__icl2_centroid_to_tm6_634	-0.09875106257395154	0.09875106257395154
receptor_only_geometry	receptor_grouped_5fold	2	Gi/o	numeric__receptor_only__icl2_centroid_to_tm7_753	0.0	0.0
receptor_only_geometry	receptor_grouped_5fold	2	Gi/o	numeric__receptor_only__icl2_axis_tm3_angle	0.0	0.0
receptor_only_geometry	receptor_grouped_5fold	2	Gi/o	numeric__receptor_only__icl2_axis_tm5_angle	0.0	0.0
receptor_only_geometry	receptor_grouped_5fold	2	Gi/o	numeric__receptor_only__icl2_active_reference_displacement	0.0	0.0
receptor_only_geometry	receptor_grouped_5fold	2	Gi/o	numeric__receptor_only__tm5_cytoplasmic_extension	0.0	0.0
receptor_only_geometry	receptor_grouped_5fold	2	Gi/o	numeric__receptor_only__tm5_cytoplasmic_kink	0.0	0.0
receptor_only_geometry	receptor_grouped_5fold	2	Gi/o	numeric__receptor_only__tm5_r350_561_distance	0.0	0.0
receptor_only_geometry	receptor_grouped_5fold	2	Gi/o	numeric__receptor_only__tm5_r350_564_distance	0.0	0.0
receptor_only_geometry	receptor_grouped_5fold	2	Gi/o	numeric__receptor_only__tm5_tm6_cavity_distance	0.0	0.0
receptor_only_geometry	receptor_grouped_5fold	2	Gi/o	numeric__receptor_only__tm5_axis_tm3_angle	0.0	0.0
receptor_only_geometry	receptor_grouped_5fold	2	Gi/o	numeric__receptor_only__tm6_lower_upper_kink	0.0	0.0
receptor_only_geometry	receptor_grouped_5fold	2	Gi/o	numeric__receptor_only__tm6_axis_tm3_angle	0.0	0.0
receptor_only_geometry	receptor_grouped_5fold	2	Gi/o	numeric__receptor_only__tm6_tm7_cavity_distance	0.0	0.0
receptor_only_geometry	receptor_grouped_5fold	2	Gi/o	numeric__receptor_only__tm7_h8_angle	0.0	0.0
receptor_only_geometry	receptor_grouped_5fold	2	Gi/o	numeric__receptor_only__h8_end_to_end_distance	0.0	0.0
receptor_only_geometry	receptor_grouped_5fold	2	Gi/o	numeric__receptor_only__h8_r350_distance	0.0	0.0
receptor_only_geometry	receptor_grouped_5fold	2	Gi/o	numeric__receptor_only__h8_tm6_distance	0.0	0.0
receptor_only_geometry	receptor_grouped_5fold	2	Gi/o	numeric__receptor_only__icl2_helix_fraction	0.0	0.0
receptor_only_geometry	receptor_grouped_5fold	2	Gi/o	numeric__receptor_only__icl2_longest_helix	0.0	0.0
receptor_only_geometry	receptor_grouped_5fold	2	Gi/o	numeric__receptor_only__icl2_mean_phi	0.0	0.0
receptor_only_geometry	receptor_grouped_5fold	2	Gi/o	numeric__receptor_only__icl2_mean_psi	0.0	0.0
receptor_only_geometry	receptor_grouped_5fold	2	Gi/o	numeric__receptor_only__intracellular_cavity_core_volume	0.0	0.0
receptor_only_geometry	receptor_grouped_5fold	2	Gi/o	numeric__receptor_only__intracellular_cavity_core_mouth_area	0.0	0.0
receptor_only_geometry	receptor_grouped_5fold	2	Gi/o	numeric__receptor_only__intracellular_cavity_core_depth	0.0	0.0
receptor_only_geometry	receptor_grouped_5fold	2	Gi/o	numeric__receptor_only__intracellular_cavity_core_maximum_width	0.0	0.0
receptor_only_geometry	receptor_grouped_5fold	2	Gi/o	numeric__receptor_only__intracellular_cavity_core_average_cross_section	0.0	0.0
receptor_only_geometry	receptor_grouped_5fold	2	Gi/o	numeric__receptor_only__intracellular_cavity_core_bottleneck_area	0.0	0.0
receptor_only_geometry	receptor_grouped_5fold	2	Gi/o	numeric__receptor_only__intracellular_cavity_core_bottleneck_radius	0.0	0.0
receptor_only_geometry	receptor_grouped_5fold	2	Gi/o	numeric__receptor_only__intracellular_cavity_core_max_inscribed_radius	0.0	0.0
receptor_only_geometry	receptor_grouped_5fold	2	Gi/o	numeric__receptor_only__intracellular_cavity_core_surface_area	0.0	0.0
receptor_only_geometry	receptor_grouped_5fold	2	Gi/o	numeric__receptor_only__intracellular_cavity_core_centroid_x	0.0	0.0
receptor_only_geometry	receptor_grouped_5fold	2	Gi/o	numeric__receptor_only__intracellular_cavity_core_centroid_y	0.0	0.0
receptor_only_geometry	receptor_grouped_5fold	2	Gi/o	numeric__receptor_only__intracellular_cavity_core_centroid_z	0.0	0.0
receptor_only_geometry	receptor_grouped_5fold	2	Gi/o	numeric__receptor_only__intracellular_cavity_core_principal_length_1	0.0	0.0
receptor_only_geometry	receptor_grouped_5fold	2	Gi/o	numeric__receptor_only__intracellular_cavity_core_principal_length_2	0.0	0.0
receptor_only_geometry	receptor_grouped_5fold	2	Gi/o	numeric__receptor_only__intracellular_cavity_core_principal_length_3	0.0	0.0
receptor_only_geometry	receptor_grouped_5fold	2	Gi/o	numeric__receptor_only__intracellular_cavity_core_principal_axis_1_z_alignment	0.0	0.0
receptor_only_geometry	receptor_grouped_5fold	2	Gi/o	numeric__receptor_only__intracellular_cavity_core_eccentricity	0.0	0.0
receptor_only_geometry	receptor_grouped_5fold	2	Gi/o	numeric__receptor_only__intracellular_cavity_core_sphericity	0.0	0.0
receptor_only_geometry	receptor_grouped_5fold	2	Gi/o	numeric__receptor_only__intracellular_cavity_core_asymmetry	0.0	0.0
receptor_only_geometry	receptor_grouped_5fold	2	Gi/o	numeric__receptor_only__intracellular_cavity_core_tm3_side_fraction	0.0	0.0
receptor_only_geometry	receptor_grouped_5fold	2	Gi/o	numeric__receptor_only__intracellular_cavity_core_tm6_side_fraction	0.0	0.0
receptor_only_geometry	receptor_grouped_5fold	2	Gi/o	numeric__receptor_only__intracellular_cavity_core_tm5_side_fraction	0.0	0.0
receptor_only_geometry	receptor_grouped_5fold	2	Gi/o	numeric__receptor_only__intracellular_cavity_core_tm7_side_fraction	0.0	0.0
receptor_only_geometry	receptor_grouped_5fold	2	Gi/o	numeric__receptor_only__intracellular_cavity_core_wall_fraction_h8	0.0	0.0
receptor_only_geometry	receptor_grouped_5fold	2	Gi/o	numeric__receptor_only__intracellular_cavity_core_wall_fraction_icl2	0.0	0.0
receptor_only_geometry	receptor_grouped_5fold	2	Gi/o	numeric__receptor_only__intracellular_cavity_core_wall_fraction_tm3	0.0	0.0
receptor_only_geometry	receptor_grouped_5fold	2	Gi/o	numeric__receptor_only__intracellular_cavity_core_wall_fraction_tm7	0.0	0.0
receptor_only_geometry	receptor_grouped_5fold	2	Gq/11	numeric__receptor_only__activation_consensus_score	0.0	0.0
receptor_only_geometry	receptor_grouped_5fold	2	Gq/11	numeric__receptor_only__tm6_r350_634_distance	0.0	0.0
receptor_only_geometry	receptor_grouped_5fold	2	Gq/11	numeric__receptor_only__tm6_aligned_displacement	0.0	0.0
receptor_only_geometry	receptor_grouped_5fold	2	Gq/11	numeric__receptor_only__tm7_displacement	0.0	0.0
receptor_only_geometry	receptor_grouped_5fold	2	Gq/11	numeric__receptor_only__tm3_tm7_distance	-0.0904635106797272	0.0904635106797272
receptor_only_geometry	receptor_grouped_5fold	2	Gq/11	numeric__receptor_only__tm6_r350_630_distance	0.0	0.0
receptor_only_geometry	receptor_grouped_5fold	2	Gq/11	numeric__receptor_only__dry_r350_630_min_distance	0.0	0.0
receptor_only_geometry	receptor_grouped_5fold	2	Gq/11	numeric__receptor_only__dry_r350_630_ca_distance	0.0	0.0
receptor_only_geometry	receptor_grouped_5fold	2	Gq/11	numeric__receptor_only__dry_d349_r350_min_distance	0.0	0.0
receptor_only_geometry	receptor_grouped_5fold	2	Gq/11	numeric__receptor_only__r350_chi1	0.0	0.0
receptor_only_geometry	receptor_grouped_5fold	2	Gq/11	numeric__receptor_only__r350_chi2	0.0	0.0
receptor_only_geometry	receptor_grouped_5fold	2	Gq/11	numeric__receptor_only__pif_550_340_distance	0.0	0.0
receptor_only_geometry	receptor_grouped_5fold	2	Gq/11	numeric__receptor_only__pif_340_644_distance	-0.3027790430245933	0.3027790430245933
receptor_only_geometry	receptor_grouped_5fold	2	Gq/11	numeric__receptor_only__pif_550_644_distance	0.0	0.0
receptor_only_geometry	receptor_grouped_5fold	2	Gq/11	numeric__receptor_only__pif_550_340_min_distance	0.0	0.0
receptor_only_geometry	receptor_grouped_5fold	2	Gq/11	numeric__receptor_only__pif_340_644_min_distance	-0.17120063111076964	0.17120063111076964
receptor_only_geometry	receptor_grouped_5fold	2	Gq/11	numeric__receptor_only__pif_550_644_min_distance	0.0	0.0
receptor_only_geometry	receptor_grouped_5fold	2	Gq/11	numeric__receptor_only__pif_triangle_perimeter	0.0	0.0
receptor_only_geometry	receptor_grouped_5fold	2	Gq/11	numeric__receptor_only__position_644_chi1	0.0	0.0
receptor_only_geometry	receptor_grouped_5fold	2	Gq/11	numeric__receptor_only__position_644_chi2	0.0	0.0
receptor_only_geometry	receptor_grouped_5fold	2	Gq/11	numeric__receptor_only__w648_chi1	0.0	0.0
receptor_only_geometry	receptor_grouped_5fold	2	Gq/11	numeric__receptor_only__w648_chi2	0.0	0.0
receptor_only_geometry	receptor_grouped_5fold	2	Gq/11	numeric__receptor_only__w648_displacement	0.0	0.0
receptor_only_geometry	receptor_grouped_5fold	2	Gq/11	numeric__receptor_only__w648_to_644_distance	0.0	0.0
receptor_only_geometry	receptor_grouped_5fold	2	Gq/11	numeric__receptor_only__cwxp_647_650_distance	0.0	0.0
receptor_only_geometry	receptor_grouped_5fold	2	Gq/11	numeric__receptor_only__y753_chi1	0.0	0.0
receptor_only_geometry	receptor_grouped_5fold	2	Gq/11	numeric__receptor_only__y753_chi2	0.0	0.0
receptor_only_geometry	receptor_grouped_5fold	2	Gq/11	numeric__receptor_only__y753_y558_distance	0.0	0.0
receptor_only_geometry	receptor_grouped_5fold	2	Gq/11	numeric__receptor_only__y753_y558_min_distance	0.0	0.0
receptor_only_geometry	receptor_grouped_5fold	2	Gq/11	numeric__receptor_only__n749_y753_distance	0.0	0.0
receptor_only_geometry	receptor_grouped_5fold	2	Gq/11	numeric__receptor_only__npxxy_local_spread	0.0	0.0
receptor_only_geometry	receptor_grouped_5fold	2	Gq/11	numeric__receptor_only__y753_displacement	0.0	0.0
receptor_only_geometry	receptor_grouped_5fold	2	Gq/11	numeric__receptor_only__sodium_d250_s339_distance	0.0	0.0
receptor_only_geometry	receptor_grouped_5fold	2	Gq/11	numeric__receptor_only__sodium_d250_n745_distance	0.0	0.0
receptor_only_geometry	receptor_grouped_5fold	2	Gq/11	numeric__receptor_only__sodium_d250_s746_distance	-0.17961057825050697	0.17961057825050697
receptor_only_geometry	receptor_grouped_5fold	2	Gq/11	numeric__receptor_only__sodium_d250_n749_distance	0.0	0.0
receptor_only_geometry	receptor_grouped_5fold	2	Gq/11	numeric__receptor_only__sodium_pocket_volume	0.0	0.0
receptor_only_geometry	receptor_grouped_5fold	2	Gq/11	numeric__receptor_only__sodium_pocket_spread	0.0	0.0
receptor_only_geometry	receptor_grouped_5fold	2	Gq/11	numeric__receptor_only__tm7_rotation	0.0	0.0
receptor_only_geometry	receptor_grouped_5fold	2	Gq/11	numeric__receptor_only__icl2_generic_ca_count	0.0	0.0
receptor_only_geometry	receptor_grouped_5fold	2	Gq/11	numeric__receptor_only__icl2_end_to_end_distance	0.0	0.0
receptor_only_geometry	receptor_grouped_5fold	2	Gq/11	numeric__receptor_only__icl2_centroid_to_r350	0.0	0.0
receptor_only_geometry	receptor_grouped_5fold	2	Gq/11	numeric__receptor_only__icl2_centroid_to_tm5_561	0.0	0.0
receptor_only_geometry	receptor_grouped_5fold	2	Gq/11	numeric__receptor_only__icl2_centroid_to_tm6_634	0.0	0.0
receptor_only_geometry	receptor_grouped_5fold	2	Gq/11	numeric__receptor_only__icl2_centroid_to_tm7_753	0.0	0.0
receptor_only_geometry	receptor_grouped_5fold	2	Gq/11	numeric__receptor_only__icl2_axis_tm3_angle	0.0	0.0
receptor_only_geometry	receptor_grouped_5fold	2	Gq/11	numeric__receptor_only__icl2_axis_tm5_angle	0.0	0.0
receptor_only_geometry	receptor_grouped_5fold	2	Gq/11	numeric__receptor_only__icl2_active_reference_displacement	0.0	0.0
receptor_only_geometry	receptor_grouped_5fold	2	Gq/11	numeric__receptor_only__tm5_cytoplasmic_extension	0.0	0.0
receptor_only_geometry	receptor_grouped_5fold	2	Gq/11	numeric__receptor_only__tm5_cytoplasmic_kink	0.0	0.0
receptor_only_geometry	receptor_grouped_5fold	2	Gq/11	numeric__receptor_only__tm5_r350_561_distance	0.0	0.0
receptor_only_geometry	receptor_grouped_5fold	2	Gq/11	numeric__receptor_only__tm5_r350_564_distance	0.0	0.0
receptor_only_geometry	receptor_grouped_5fold	2	Gq/11	numeric__receptor_only__tm5_tm6_cavity_distance	0.0	0.0
receptor_only_geometry	receptor_grouped_5fold	2	Gq/11	numeric__receptor_only__tm5_axis_tm3_angle	0.0	0.0
receptor_only_geometry	receptor_grouped_5fold	2	Gq/11	numeric__receptor_only__tm6_lower_upper_kink	0.0	0.0
receptor_only_geometry	receptor_grouped_5fold	2	Gq/11	numeric__receptor_only__tm6_axis_tm3_angle	0.0	0.0
receptor_only_geometry	receptor_grouped_5fold	2	Gq/11	numeric__receptor_only__tm6_tm7_cavity_distance	0.0	0.0
receptor_only_geometry	receptor_grouped_5fold	2	Gq/11	numeric__receptor_only__tm7_h8_angle	0.0	0.0
receptor_only_geometry	receptor_grouped_5fold	2	Gq/11	numeric__receptor_only__h8_end_to_end_distance	0.0	0.0
receptor_only_geometry	receptor_grouped_5fold	2	Gq/11	numeric__receptor_only__h8_r350_distance	0.0	0.0
receptor_only_geometry	receptor_grouped_5fold	2	Gq/11	numeric__receptor_only__h8_tm6_distance	0.0	0.0
receptor_only_geometry	receptor_grouped_5fold	2	Gq/11	numeric__receptor_only__icl2_helix_fraction	0.0	0.0
receptor_only_geometry	receptor_grouped_5fold	2	Gq/11	numeric__receptor_only__icl2_longest_helix	0.31046872692604804	0.31046872692604804
receptor_only_geometry	receptor_grouped_5fold	2	Gq/11	numeric__receptor_only__icl2_mean_phi	0.0	0.0
receptor_only_geometry	receptor_grouped_5fold	2	Gq/11	numeric__receptor_only__icl2_mean_psi	0.0	0.0
receptor_only_geometry	receptor_grouped_5fold	2	Gq/11	numeric__receptor_only__intracellular_cavity_core_volume	0.0	0.0
receptor_only_geometry	receptor_grouped_5fold	2	Gq/11	numeric__receptor_only__intracellular_cavity_core_mouth_area	0.0	0.0
receptor_only_geometry	receptor_grouped_5fold	2	Gq/11	numeric__receptor_only__intracellular_cavity_core_depth	0.0	0.0
receptor_only_geometry	receptor_grouped_5fold	2	Gq/11	numeric__receptor_only__intracellular_cavity_core_maximum_width	0.0	0.0
receptor_only_geometry	receptor_grouped_5fold	2	Gq/11	numeric__receptor_only__intracellular_cavity_core_average_cross_section	0.0	0.0
receptor_only_geometry	receptor_grouped_5fold	2	Gq/11	numeric__receptor_only__intracellular_cavity_core_bottleneck_area	0.0	0.0
receptor_only_geometry	receptor_grouped_5fold	2	Gq/11	numeric__receptor_only__intracellular_cavity_core_bottleneck_radius	0.0	0.0
receptor_only_geometry	receptor_grouped_5fold	2	Gq/11	numeric__receptor_only__intracellular_cavity_core_max_inscribed_radius	0.0	0.0
receptor_only_geometry	receptor_grouped_5fold	2	Gq/11	numeric__receptor_only__intracellular_cavity_core_surface_area	0.0	0.0
receptor_only_geometry	receptor_grouped_5fold	2	Gq/11	numeric__receptor_only__intracellular_cavity_core_centroid_x	0.05250206989739035	0.05250206989739035
receptor_only_geometry	receptor_grouped_5fold	2	Gq/11	numeric__receptor_only__intracellular_cavity_core_centroid_y	0.0	0.0
receptor_only_geometry	receptor_grouped_5fold	2	Gq/11	numeric__receptor_only__intracellular_cavity_core_centroid_z	0.0	0.0
receptor_only_geometry	receptor_grouped_5fold	2	Gq/11	numeric__receptor_only__intracellular_cavity_core_principal_length_1	0.0	0.0
receptor_only_geometry	receptor_grouped_5fold	2	Gq/11	numeric__receptor_only__intracellular_cavity_core_principal_length_2	0.0	0.0
receptor_only_geometry	receptor_grouped_5fold	2	Gq/11	numeric__receptor_only__intracellular_cavity_core_principal_length_3	0.0	0.0
receptor_only_geometry	receptor_grouped_5fold	2	Gq/11	numeric__receptor_only__intracellular_cavity_core_principal_axis_1_z_alignment	0.0	0.0
receptor_only_geometry	receptor_grouped_5fold	2	Gq/11	numeric__receptor_only__intracellular_cavity_core_eccentricity	0.0	0.0
receptor_only_geometry	receptor_grouped_5fold	2	Gq/11	numeric__receptor_only__intracellular_cavity_core_sphericity	0.0	0.0
receptor_only_geometry	receptor_grouped_5fold	2	Gq/11	numeric__receptor_only__intracellular_cavity_core_asymmetry	0.0	0.0
receptor_only_geometry	receptor_grouped_5fold	2	Gq/11	numeric__receptor_only__intracellular_cavity_core_tm3_side_fraction	0.0	0.0
receptor_only_geometry	receptor_grouped_5fold	2	Gq/11	numeric__receptor_only__intracellular_cavity_core_tm6_side_fraction	0.0	0.0
receptor_only_geometry	receptor_grouped_5fold	2	Gq/11	numeric__receptor_only__intracellular_cavity_core_tm5_side_fraction	0.0	0.0
receptor_only_geometry	receptor_grouped_5fold	2	Gq/11	numeric__receptor_only__intracellular_cavity_core_tm7_side_fraction	0.0	0.0
receptor_only_geometry	receptor_grouped_5fold	2	Gq/11	numeric__receptor_only__intracellular_cavity_core_wall_fraction_h8	-0.05385508131436998	0.05385508131436998
receptor_only_geometry	receptor_grouped_5fold	2	Gq/11	numeric__receptor_only__intracellular_cavity_core_wall_fraction_icl2	0.0	0.0
receptor_only_geometry	receptor_grouped_5fold	2	Gq/11	numeric__receptor_only__intracellular_cavity_core_wall_fraction_tm3	0.0	0.0
receptor_only_geometry	receptor_grouped_5fold	2	Gq/11	numeric__receptor_only__intracellular_cavity_core_wall_fraction_tm7	0.14344463922830464	0.14344463922830464
receptor_only_geometry	receptor_grouped_5fold	2	Gs	numeric__receptor_only__activation_consensus_score	0.0	0.0
receptor_only_geometry	receptor_grouped_5fold	2	Gs	numeric__receptor_only__tm6_r350_634_distance	0.0	0.0
receptor_only_geometry	receptor_grouped_5fold	2	Gs	numeric__receptor_only__tm6_aligned_displacement	0.15828289122053574	0.15828289122053574
receptor_only_geometry	receptor_grouped_5fold	2	Gs	numeric__receptor_only__tm7_displacement	0.0	0.0
receptor_only_geometry	receptor_grouped_5fold	2	Gs	numeric__receptor_only__tm3_tm7_distance	0.0	0.0
receptor_only_geometry	receptor_grouped_5fold	2	Gs	numeric__receptor_only__tm6_r350_630_distance	0.0	0.0
receptor_only_geometry	receptor_grouped_5fold	2	Gs	numeric__receptor_only__dry_r350_630_min_distance	0.0	0.0
receptor_only_geometry	receptor_grouped_5fold	2	Gs	numeric__receptor_only__dry_r350_630_ca_distance	0.0	0.0
receptor_only_geometry	receptor_grouped_5fold	2	Gs	numeric__receptor_only__dry_d349_r350_min_distance	0.0	0.0
receptor_only_geometry	receptor_grouped_5fold	2	Gs	numeric__receptor_only__r350_chi1	-0.08495982908334046	0.08495982908334046
receptor_only_geometry	receptor_grouped_5fold	2	Gs	numeric__receptor_only__r350_chi2	0.0	0.0
receptor_only_geometry	receptor_grouped_5fold	2	Gs	numeric__receptor_only__pif_550_340_distance	0.0	0.0
receptor_only_geometry	receptor_grouped_5fold	2	Gs	numeric__receptor_only__pif_340_644_distance	0.0	0.0
receptor_only_geometry	receptor_grouped_5fold	2	Gs	numeric__receptor_only__pif_550_644_distance	0.0	0.0
receptor_only_geometry	receptor_grouped_5fold	2	Gs	numeric__receptor_only__pif_550_340_min_distance	0.0	0.0
receptor_only_geometry	receptor_grouped_5fold	2	Gs	numeric__receptor_only__pif_340_644_min_distance	0.0	0.0
receptor_only_geometry	receptor_grouped_5fold	2	Gs	numeric__receptor_only__pif_550_644_min_distance	0.0	0.0
receptor_only_geometry	receptor_grouped_5fold	2	Gs	numeric__receptor_only__pif_triangle_perimeter	0.0	0.0
receptor_only_geometry	receptor_grouped_5fold	2	Gs	numeric__receptor_only__position_644_chi1	0.0	0.0
receptor_only_geometry	receptor_grouped_5fold	2	Gs	numeric__receptor_only__position_644_chi2	0.0	0.0
receptor_only_geometry	receptor_grouped_5fold	2	Gs	numeric__receptor_only__w648_chi1	0.0	0.0
receptor_only_geometry	receptor_grouped_5fold	2	Gs	numeric__receptor_only__w648_chi2	0.0	0.0
receptor_only_geometry	receptor_grouped_5fold	2	Gs	numeric__receptor_only__w648_displacement	0.0	0.0
receptor_only_geometry	receptor_grouped_5fold	2	Gs	numeric__receptor_only__w648_to_644_distance	0.0	0.0
receptor_only_geometry	receptor_grouped_5fold	2	Gs	numeric__receptor_only__cwxp_647_650_distance	0.0	0.0
receptor_only_geometry	receptor_grouped_5fold	2	Gs	numeric__receptor_only__y753_chi1	0.0	0.0
receptor_only_geometry	receptor_grouped_5fold	2	Gs	numeric__receptor_only__y753_chi2	0.0	0.0
receptor_only_geometry	receptor_grouped_5fold	2	Gs	numeric__receptor_only__y753_y558_distance	0.0	0.0
receptor_only_geometry	receptor_grouped_5fold	2	Gs	numeric__receptor_only__y753_y558_min_distance	0.0	0.0
receptor_only_geometry	receptor_grouped_5fold	2	Gs	numeric__receptor_only__n749_y753_distance	0.0	0.0
receptor_only_geometry	receptor_grouped_5fold	2	Gs	numeric__receptor_only__npxxy_local_spread	0.0	0.0
receptor_only_geometry	receptor_grouped_5fold	2	Gs	numeric__receptor_only__y753_displacement	0.0	0.0
receptor_only_geometry	receptor_grouped_5fold	2	Gs	numeric__receptor_only__sodium_d250_s339_distance	0.6883243760128096	0.6883243760128096
receptor_only_geometry	receptor_grouped_5fold	2	Gs	numeric__receptor_only__sodium_d250_n745_distance	0.0	0.0
receptor_only_geometry	receptor_grouped_5fold	2	Gs	numeric__receptor_only__sodium_d250_s746_distance	0.0	0.0
receptor_only_geometry	receptor_grouped_5fold	2	Gs	numeric__receptor_only__sodium_d250_n749_distance	0.0	0.0
receptor_only_geometry	receptor_grouped_5fold	2	Gs	numeric__receptor_only__sodium_pocket_volume	0.0	0.0
receptor_only_geometry	receptor_grouped_5fold	2	Gs	numeric__receptor_only__sodium_pocket_spread	0.0	0.0
receptor_only_geometry	receptor_grouped_5fold	2	Gs	numeric__receptor_only__tm7_rotation	0.0	0.0
receptor_only_geometry	receptor_grouped_5fold	2	Gs	numeric__receptor_only__icl2_generic_ca_count	0.0	0.0
receptor_only_geometry	receptor_grouped_5fold	2	Gs	numeric__receptor_only__icl2_end_to_end_distance	0.0	0.0
receptor_only_geometry	receptor_grouped_5fold	2	Gs	numeric__receptor_only__icl2_centroid_to_r350	0.0	0.0
receptor_only_geometry	receptor_grouped_5fold	2	Gs	numeric__receptor_only__icl2_centroid_to_tm5_561	0.0	0.0
receptor_only_geometry	receptor_grouped_5fold	2	Gs	numeric__receptor_only__icl2_centroid_to_tm6_634	0.0	0.0
receptor_only_geometry	receptor_grouped_5fold	2	Gs	numeric__receptor_only__icl2_centroid_to_tm7_753	0.0	0.0
receptor_only_geometry	receptor_grouped_5fold	2	Gs	numeric__receptor_only__icl2_axis_tm3_angle	-0.015777159216026636	0.015777159216026636
receptor_only_geometry	receptor_grouped_5fold	2	Gs	numeric__receptor_only__icl2_axis_tm5_angle	0.0	0.0
receptor_only_geometry	receptor_grouped_5fold	2	Gs	numeric__receptor_only__icl2_active_reference_displacement	0.0	0.0
receptor_only_geometry	receptor_grouped_5fold	2	Gs	numeric__receptor_only__tm5_cytoplasmic_extension	0.03757751244617851	0.03757751244617851
receptor_only_geometry	receptor_grouped_5fold	2	Gs	numeric__receptor_only__tm5_cytoplasmic_kink	0.0	0.0
receptor_only_geometry	receptor_grouped_5fold	2	Gs	numeric__receptor_only__tm5_r350_561_distance	0.0	0.0
receptor_only_geometry	receptor_grouped_5fold	2	Gs	numeric__receptor_only__tm5_r350_564_distance	0.0	0.0
receptor_only_geometry	receptor_grouped_5fold	2	Gs	numeric__receptor_only__tm5_tm6_cavity_distance	0.0	0.0
receptor_only_geometry	receptor_grouped_5fold	2	Gs	numeric__receptor_only__tm5_axis_tm3_angle	0.0	0.0
receptor_only_geometry	receptor_grouped_5fold	2	Gs	numeric__receptor_only__tm6_lower_upper_kink	0.574952636653575	0.574952636653575
receptor_only_geometry	receptor_grouped_5fold	2	Gs	numeric__receptor_only__tm6_axis_tm3_angle	0.0	0.0
receptor_only_geometry	receptor_grouped_5fold	2	Gs	numeric__receptor_only__tm6_tm7_cavity_distance	0.0	0.0
receptor_only_geometry	receptor_grouped_5fold	2	Gs	numeric__receptor_only__tm7_h8_angle	0.0	0.0
receptor_only_geometry	receptor_grouped_5fold	2	Gs	numeric__receptor_only__h8_end_to_end_distance	0.0	0.0
receptor_only_geometry	receptor_grouped_5fold	2	Gs	numeric__receptor_only__h8_r350_distance	0.0	0.0
receptor_only_geometry	receptor_grouped_5fold	2	Gs	numeric__receptor_only__h8_tm6_distance	0.0	0.0
receptor_only_geometry	receptor_grouped_5fold	2	Gs	numeric__receptor_only__icl2_helix_fraction	0.0	0.0
receptor_only_geometry	receptor_grouped_5fold	2	Gs	numeric__receptor_only__icl2_longest_helix	0.0	0.0
receptor_only_geometry	receptor_grouped_5fold	2	Gs	numeric__receptor_only__icl2_mean_phi	0.0	0.0
receptor_only_geometry	receptor_grouped_5fold	2	Gs	numeric__receptor_only__icl2_mean_psi	0.0	0.0
receptor_only_geometry	receptor_grouped_5fold	2	Gs	numeric__receptor_only__intracellular_cavity_core_volume	0.0	0.0
receptor_only_geometry	receptor_grouped_5fold	2	Gs	numeric__receptor_only__intracellular_cavity_core_mouth_area	0.0	0.0
receptor_only_geometry	receptor_grouped_5fold	2	Gs	numeric__receptor_only__intracellular_cavity_core_depth	0.0	0.0
receptor_only_geometry	receptor_grouped_5fold	2	Gs	numeric__receptor_only__intracellular_cavity_core_maximum_width	0.0	0.0
receptor_only_geometry	receptor_grouped_5fold	2	Gs	numeric__receptor_only__intracellular_cavity_core_average_cross_section	0.0	0.0
receptor_only_geometry	receptor_grouped_5fold	2	Gs	numeric__receptor_only__intracellular_cavity_core_bottleneck_area	0.0	0.0
receptor_only_geometry	receptor_grouped_5fold	2	Gs	numeric__receptor_only__intracellular_cavity_core_bottleneck_radius	0.0	0.0
receptor_only_geometry	receptor_grouped_5fold	2	Gs	numeric__receptor_only__intracellular_cavity_core_max_inscribed_radius	0.0	0.0
receptor_only_geometry	receptor_grouped_5fold	2	Gs	numeric__receptor_only__intracellular_cavity_core_surface_area	0.0	0.0
receptor_only_geometry	receptor_grouped_5fold	2	Gs	numeric__receptor_only__intracellular_cavity_core_centroid_x	0.0	0.0
receptor_only_geometry	receptor_grouped_5fold	2	Gs	numeric__receptor_only__intracellular_cavity_core_centroid_y	0.0	0.0
receptor_only_geometry	receptor_grouped_5fold	2	Gs	numeric__receptor_only__intracellular_cavity_core_centroid_z	0.0	0.0
receptor_only_geometry	receptor_grouped_5fold	2	Gs	numeric__receptor_only__intracellular_cavity_core_principal_length_1	0.0	0.0
receptor_only_geometry	receptor_grouped_5fold	2	Gs	numeric__receptor_only__intracellular_cavity_core_principal_length_2	0.0	0.0
receptor_only_geometry	receptor_grouped_5fold	2	Gs	numeric__receptor_only__intracellular_cavity_core_principal_length_3	0.0	0.0
receptor_only_geometry	receptor_grouped_5fold	2	Gs	numeric__receptor_only__intracellular_cavity_core_principal_axis_1_z_alignment	0.0	0.0
receptor_only_geometry	receptor_grouped_5fold	2	Gs	numeric__receptor_only__intracellular_cavity_core_eccentricity	0.0	0.0
receptor_only_geometry	receptor_grouped_5fold	2	Gs	numeric__receptor_only__intracellular_cavity_core_sphericity	0.0	0.0
receptor_only_geometry	receptor_grouped_5fold	2	Gs	numeric__receptor_only__intracellular_cavity_core_asymmetry	0.0	0.0
receptor_only_geometry	receptor_grouped_5fold	2	Gs	numeric__receptor_only__intracellular_cavity_core_tm3_side_fraction	0.0	0.0
receptor_only_geometry	receptor_grouped_5fold	2	Gs	numeric__receptor_only__intracellular_cavity_core_tm6_side_fraction	0.0	0.0
receptor_only_geometry	receptor_grouped_5fold	2	Gs	numeric__receptor_only__intracellular_cavity_core_tm5_side_fraction	0.0	0.0
receptor_only_geometry	receptor_grouped_5fold	2	Gs	numeric__receptor_only__intracellular_cavity_core_tm7_side_fraction	0.0	0.0
receptor_only_geometry	receptor_grouped_5fold	2	Gs	numeric__receptor_only__intracellular_cavity_core_wall_fraction_h8	0.0	0.0
receptor_only_geometry	receptor_grouped_5fold	2	Gs	numeric__receptor_only__intracellular_cavity_core_wall_fraction_icl2	0.0	0.0
receptor_only_geometry	receptor_grouped_5fold	2	Gs	numeric__receptor_only__intracellular_cavity_core_wall_fraction_tm3	0.0	0.0
receptor_only_geometry	receptor_grouped_5fold	2	Gs	numeric__receptor_only__intracellular_cavity_core_wall_fraction_tm7	0.0	0.0
receptor_only_geometry	receptor_grouped_5fold	3	Gi/o	numeric__receptor_only__activation_consensus_score	-0.09597832285748953	0.09597832285748953
receptor_only_geometry	receptor_grouped_5fold	3	Gi/o	numeric__receptor_only__tm6_r350_634_distance	0.0	0.0
receptor_only_geometry	receptor_grouped_5fold	3	Gi/o	numeric__receptor_only__tm6_aligned_displacement	-0.15547259812022823	0.15547259812022823
receptor_only_geometry	receptor_grouped_5fold	3	Gi/o	numeric__receptor_only__tm7_displacement	0.0	0.0
receptor_only_geometry	receptor_grouped_5fold	3	Gi/o	numeric__receptor_only__tm3_tm7_distance	0.31566792463250604	0.31566792463250604
receptor_only_geometry	receptor_grouped_5fold	3	Gi/o	numeric__receptor_only__tm6_r350_630_distance	0.0	0.0
receptor_only_geometry	receptor_grouped_5fold	3	Gi/o	numeric__receptor_only__dry_r350_630_min_distance	0.0	0.0
receptor_only_geometry	receptor_grouped_5fold	3	Gi/o	numeric__receptor_only__dry_r350_630_ca_distance	0.0	0.0
receptor_only_geometry	receptor_grouped_5fold	3	Gi/o	numeric__receptor_only__dry_d349_r350_min_distance	0.0	0.0
receptor_only_geometry	receptor_grouped_5fold	3	Gi/o	numeric__receptor_only__r350_chi1	0.0	0.0
receptor_only_geometry	receptor_grouped_5fold	3	Gi/o	numeric__receptor_only__r350_chi2	0.0	0.0
receptor_only_geometry	receptor_grouped_5fold	3	Gi/o	numeric__receptor_only__pif_550_340_distance	0.0	0.0
receptor_only_geometry	receptor_grouped_5fold	3	Gi/o	numeric__receptor_only__pif_340_644_distance	0.0	0.0
receptor_only_geometry	receptor_grouped_5fold	3	Gi/o	numeric__receptor_only__pif_550_644_distance	0.0	0.0
receptor_only_geometry	receptor_grouped_5fold	3	Gi/o	numeric__receptor_only__pif_550_340_min_distance	0.0	0.0
receptor_only_geometry	receptor_grouped_5fold	3	Gi/o	numeric__receptor_only__pif_340_644_min_distance	0.0	0.0
receptor_only_geometry	receptor_grouped_5fold	3	Gi/o	numeric__receptor_only__pif_550_644_min_distance	0.0	0.0
receptor_only_geometry	receptor_grouped_5fold	3	Gi/o	numeric__receptor_only__pif_triangle_perimeter	0.0	0.0
receptor_only_geometry	receptor_grouped_5fold	3	Gi/o	numeric__receptor_only__position_644_chi1	0.0	0.0
receptor_only_geometry	receptor_grouped_5fold	3	Gi/o	numeric__receptor_only__position_644_chi2	0.0	0.0
receptor_only_geometry	receptor_grouped_5fold	3	Gi/o	numeric__receptor_only__w648_chi1	0.0	0.0
receptor_only_geometry	receptor_grouped_5fold	3	Gi/o	numeric__receptor_only__w648_chi2	0.0	0.0
receptor_only_geometry	receptor_grouped_5fold	3	Gi/o	numeric__receptor_only__w648_displacement	0.0	0.0
receptor_only_geometry	receptor_grouped_5fold	3	Gi/o	numeric__receptor_only__w648_to_644_distance	0.0	0.0
receptor_only_geometry	receptor_grouped_5fold	3	Gi/o	numeric__receptor_only__cwxp_647_650_distance	0.0	0.0
receptor_only_geometry	receptor_grouped_5fold	3	Gi/o	numeric__receptor_only__y753_chi1	0.0	0.0
receptor_only_geometry	receptor_grouped_5fold	3	Gi/o	numeric__receptor_only__y753_chi2	0.0	0.0
receptor_only_geometry	receptor_grouped_5fold	3	Gi/o	numeric__receptor_only__y753_y558_distance	0.0	0.0
receptor_only_geometry	receptor_grouped_5fold	3	Gi/o	numeric__receptor_only__y753_y558_min_distance	0.0	0.0
receptor_only_geometry	receptor_grouped_5fold	3	Gi/o	numeric__receptor_only__n749_y753_distance	0.0	0.0
receptor_only_geometry	receptor_grouped_5fold	3	Gi/o	numeric__receptor_only__npxxy_local_spread	-0.09879668074170503	0.09879668074170503
receptor_only_geometry	receptor_grouped_5fold	3	Gi/o	numeric__receptor_only__y753_displacement	0.0	0.0
receptor_only_geometry	receptor_grouped_5fold	3	Gi/o	numeric__receptor_only__sodium_d250_s339_distance	-0.03277851849101829	0.03277851849101829
receptor_only_geometry	receptor_grouped_5fold	3	Gi/o	numeric__receptor_only__sodium_d250_n745_distance	0.0	0.0
receptor_only_geometry	receptor_grouped_5fold	3	Gi/o	numeric__receptor_only__sodium_d250_s746_distance	0.0	0.0
receptor_only_geometry	receptor_grouped_5fold	3	Gi/o	numeric__receptor_only__sodium_d250_n749_distance	0.0	0.0
receptor_only_geometry	receptor_grouped_5fold	3	Gi/o	numeric__receptor_only__sodium_pocket_volume	0.0	0.0
receptor_only_geometry	receptor_grouped_5fold	3	Gi/o	numeric__receptor_only__sodium_pocket_spread	-0.0797426345924888	0.0797426345924888
receptor_only_geometry	receptor_grouped_5fold	3	Gi/o	numeric__receptor_only__tm7_rotation	0.0	0.0
receptor_only_geometry	receptor_grouped_5fold	3	Gi/o	numeric__receptor_only__icl2_generic_ca_count	0.0	0.0
receptor_only_geometry	receptor_grouped_5fold	3	Gi/o	numeric__receptor_only__icl2_end_to_end_distance	0.0	0.0
receptor_only_geometry	receptor_grouped_5fold	3	Gi/o	numeric__receptor_only__icl2_centroid_to_r350	0.0	0.0
receptor_only_geometry	receptor_grouped_5fold	3	Gi/o	numeric__receptor_only__icl2_centroid_to_tm5_561	-0.23490930835962012	0.23490930835962012
receptor_only_geometry	receptor_grouped_5fold	3	Gi/o	numeric__receptor_only__icl2_centroid_to_tm6_634	0.0	0.0
receptor_only_geometry	receptor_grouped_5fold	3	Gi/o	numeric__receptor_only__icl2_centroid_to_tm7_753	0.0	0.0
receptor_only_geometry	receptor_grouped_5fold	3	Gi/o	numeric__receptor_only__icl2_axis_tm3_angle	0.0	0.0
receptor_only_geometry	receptor_grouped_5fold	3	Gi/o	numeric__receptor_only__icl2_axis_tm5_angle	0.15544612959414944	0.15544612959414944
receptor_only_geometry	receptor_grouped_5fold	3	Gi/o	numeric__receptor_only__icl2_active_reference_displacement	0.06112796907318198	0.06112796907318198
receptor_only_geometry	receptor_grouped_5fold	3	Gi/o	numeric__receptor_only__tm5_cytoplasmic_extension	0.0	0.0
receptor_only_geometry	receptor_grouped_5fold	3	Gi/o	numeric__receptor_only__tm5_cytoplasmic_kink	0.0	0.0
receptor_only_geometry	receptor_grouped_5fold	3	Gi/o	numeric__receptor_only__tm5_r350_561_distance	-0.07292538514718597	0.07292538514718597
receptor_only_geometry	receptor_grouped_5fold	3	Gi/o	numeric__receptor_only__tm5_r350_564_distance	-0.017555837609626573	0.017555837609626573
receptor_only_geometry	receptor_grouped_5fold	3	Gi/o	numeric__receptor_only__tm5_tm6_cavity_distance	0.0	0.0
receptor_only_geometry	receptor_grouped_5fold	3	Gi/o	numeric__receptor_only__tm5_axis_tm3_angle	0.0	0.0
receptor_only_geometry	receptor_grouped_5fold	3	Gi/o	numeric__receptor_only__tm6_lower_upper_kink	0.0	0.0
receptor_only_geometry	receptor_grouped_5fold	3	Gi/o	numeric__receptor_only__tm6_axis_tm3_angle	0.0	0.0
receptor_only_geometry	receptor_grouped_5fold	3	Gi/o	numeric__receptor_only__tm6_tm7_cavity_distance	0.0	0.0
receptor_only_geometry	receptor_grouped_5fold	3	Gi/o	numeric__receptor_only__tm7_h8_angle	0.0	0.0
receptor_only_geometry	receptor_grouped_5fold	3	Gi/o	numeric__receptor_only__h8_end_to_end_distance	0.0	0.0
receptor_only_geometry	receptor_grouped_5fold	3	Gi/o	numeric__receptor_only__h8_r350_distance	0.0	0.0
receptor_only_geometry	receptor_grouped_5fold	3	Gi/o	numeric__receptor_only__h8_tm6_distance	-0.1997187722985427	0.1997187722985427
receptor_only_geometry	receptor_grouped_5fold	3	Gi/o	numeric__receptor_only__icl2_helix_fraction	-0.05443235139820991	0.05443235139820991
receptor_only_geometry	receptor_grouped_5fold	3	Gi/o	numeric__receptor_only__icl2_longest_helix	0.0	0.0
receptor_only_geometry	receptor_grouped_5fold	3	Gi/o	numeric__receptor_only__icl2_mean_phi	0.0	0.0
receptor_only_geometry	receptor_grouped_5fold	3	Gi/o	numeric__receptor_only__icl2_mean_psi	0.0	0.0
receptor_only_geometry	receptor_grouped_5fold	3	Gi/o	numeric__receptor_only__intracellular_cavity_core_volume	0.0	0.0
receptor_only_geometry	receptor_grouped_5fold	3	Gi/o	numeric__receptor_only__intracellular_cavity_core_mouth_area	0.0	0.0
receptor_only_geometry	receptor_grouped_5fold	3	Gi/o	numeric__receptor_only__intracellular_cavity_core_depth	0.0	0.0
receptor_only_geometry	receptor_grouped_5fold	3	Gi/o	numeric__receptor_only__intracellular_cavity_core_maximum_width	0.0	0.0
receptor_only_geometry	receptor_grouped_5fold	3	Gi/o	numeric__receptor_only__intracellular_cavity_core_average_cross_section	0.0	0.0
receptor_only_geometry	receptor_grouped_5fold	3	Gi/o	numeric__receptor_only__intracellular_cavity_core_bottleneck_area	0.0	0.0
receptor_only_geometry	receptor_grouped_5fold	3	Gi/o	numeric__receptor_only__intracellular_cavity_core_bottleneck_radius	0.0	0.0
receptor_only_geometry	receptor_grouped_5fold	3	Gi/o	numeric__receptor_only__intracellular_cavity_core_max_inscribed_radius	0.0	0.0
receptor_only_geometry	receptor_grouped_5fold	3	Gi/o	numeric__receptor_only__intracellular_cavity_core_surface_area	0.0	0.0
receptor_only_geometry	receptor_grouped_5fold	3	Gi/o	numeric__receptor_only__intracellular_cavity_core_centroid_x	0.0	0.0
receptor_only_geometry	receptor_grouped_5fold	3	Gi/o	numeric__receptor_only__intracellular_cavity_core_centroid_y	0.0	0.0
receptor_only_geometry	receptor_grouped_5fold	3	Gi/o	numeric__receptor_only__intracellular_cavity_core_centroid_z	0.0	0.0
receptor_only_geometry	receptor_grouped_5fold	3	Gi/o	numeric__receptor_only__intracellular_cavity_core_principal_length_1	0.0	0.0
receptor_only_geometry	receptor_grouped_5fold	3	Gi/o	numeric__receptor_only__intracellular_cavity_core_principal_length_2	0.0	0.0
receptor_only_geometry	receptor_grouped_5fold	3	Gi/o	numeric__receptor_only__intracellular_cavity_core_principal_length_3	0.0	0.0
receptor_only_geometry	receptor_grouped_5fold	3	Gi/o	numeric__receptor_only__intracellular_cavity_core_principal_axis_1_z_alignment	0.0	0.0
receptor_only_geometry	receptor_grouped_5fold	3	Gi/o	numeric__receptor_only__intracellular_cavity_core_eccentricity	0.0	0.0
receptor_only_geometry	receptor_grouped_5fold	3	Gi/o	numeric__receptor_only__intracellular_cavity_core_sphericity	0.0	0.0
receptor_only_geometry	receptor_grouped_5fold	3	Gi/o	numeric__receptor_only__intracellular_cavity_core_asymmetry	0.0	0.0
receptor_only_geometry	receptor_grouped_5fold	3	Gi/o	numeric__receptor_only__intracellular_cavity_core_tm3_side_fraction	0.0	0.0
receptor_only_geometry	receptor_grouped_5fold	3	Gi/o	numeric__receptor_only__intracellular_cavity_core_tm6_side_fraction	0.0	0.0
receptor_only_geometry	receptor_grouped_5fold	3	Gi/o	numeric__receptor_only__intracellular_cavity_core_tm5_side_fraction	0.0	0.0
receptor_only_geometry	receptor_grouped_5fold	3	Gi/o	numeric__receptor_only__intracellular_cavity_core_tm7_side_fraction	0.0	0.0
receptor_only_geometry	receptor_grouped_5fold	3	Gi/o	numeric__receptor_only__intracellular_cavity_core_wall_fraction_h8	0.0016008763568277986	0.0016008763568277986
receptor_only_geometry	receptor_grouped_5fold	3	Gi/o	numeric__receptor_only__intracellular_cavity_core_wall_fraction_icl2	0.0	0.0
receptor_only_geometry	receptor_grouped_5fold	3	Gi/o	numeric__receptor_only__intracellular_cavity_core_wall_fraction_tm3	0.0	0.0
receptor_only_geometry	receptor_grouped_5fold	3	Gi/o	numeric__receptor_only__intracellular_cavity_core_wall_fraction_tm7	0.0	0.0
receptor_only_geometry	receptor_grouped_5fold	3	Gq/11	numeric__receptor_only__activation_consensus_score	0.0	0.0
receptor_only_geometry	receptor_grouped_5fold	3	Gq/11	numeric__receptor_only__tm6_r350_634_distance	0.0	0.0
receptor_only_geometry	receptor_grouped_5fold	3	Gq/11	numeric__receptor_only__tm6_aligned_displacement	0.0	0.0
receptor_only_geometry	receptor_grouped_5fold	3	Gq/11	numeric__receptor_only__tm7_displacement	0.0	0.0
receptor_only_geometry	receptor_grouped_5fold	3	Gq/11	numeric__receptor_only__tm3_tm7_distance	0.0	0.0
receptor_only_geometry	receptor_grouped_5fold	3	Gq/11	numeric__receptor_only__tm6_r350_630_distance	0.0	0.0
receptor_only_geometry	receptor_grouped_5fold	3	Gq/11	numeric__receptor_only__dry_r350_630_min_distance	0.0	0.0
receptor_only_geometry	receptor_grouped_5fold	3	Gq/11	numeric__receptor_only__dry_r350_630_ca_distance	0.0	0.0
receptor_only_geometry	receptor_grouped_5fold	3	Gq/11	numeric__receptor_only__dry_d349_r350_min_distance	0.0	0.0
receptor_only_geometry	receptor_grouped_5fold	3	Gq/11	numeric__receptor_only__r350_chi1	0.0	0.0
receptor_only_geometry	receptor_grouped_5fold	3	Gq/11	numeric__receptor_only__r350_chi2	0.0	0.0
receptor_only_geometry	receptor_grouped_5fold	3	Gq/11	numeric__receptor_only__pif_550_340_distance	0.0	0.0
receptor_only_geometry	receptor_grouped_5fold	3	Gq/11	numeric__receptor_only__pif_340_644_distance	0.0	0.0
receptor_only_geometry	receptor_grouped_5fold	3	Gq/11	numeric__receptor_only__pif_550_644_distance	0.05939100084234184	0.05939100084234184
receptor_only_geometry	receptor_grouped_5fold	3	Gq/11	numeric__receptor_only__pif_550_340_min_distance	0.0	0.0
receptor_only_geometry	receptor_grouped_5fold	3	Gq/11	numeric__receptor_only__pif_340_644_min_distance	0.0	0.0
receptor_only_geometry	receptor_grouped_5fold	3	Gq/11	numeric__receptor_only__pif_550_644_min_distance	0.0	0.0
receptor_only_geometry	receptor_grouped_5fold	3	Gq/11	numeric__receptor_only__pif_triangle_perimeter	0.0	0.0
receptor_only_geometry	receptor_grouped_5fold	3	Gq/11	numeric__receptor_only__position_644_chi1	0.0	0.0
receptor_only_geometry	receptor_grouped_5fold	3	Gq/11	numeric__receptor_only__position_644_chi2	-0.19941324149129117	0.19941324149129117
receptor_only_geometry	receptor_grouped_5fold	3	Gq/11	numeric__receptor_only__w648_chi1	0.0	0.0
receptor_only_geometry	receptor_grouped_5fold	3	Gq/11	numeric__receptor_only__w648_chi2	0.06262328862820789	0.06262328862820789
receptor_only_geometry	receptor_grouped_5fold	3	Gq/11	numeric__receptor_only__w648_displacement	0.0	0.0
receptor_only_geometry	receptor_grouped_5fold	3	Gq/11	numeric__receptor_only__w648_to_644_distance	0.0	0.0
receptor_only_geometry	receptor_grouped_5fold	3	Gq/11	numeric__receptor_only__cwxp_647_650_distance	-0.2485307327946776	0.2485307327946776
receptor_only_geometry	receptor_grouped_5fold	3	Gq/11	numeric__receptor_only__y753_chi1	0.0	0.0
receptor_only_geometry	receptor_grouped_5fold	3	Gq/11	numeric__receptor_only__y753_chi2	0.0	0.0
receptor_only_geometry	receptor_grouped_5fold	3	Gq/11	numeric__receptor_only__y753_y558_distance	0.0	0.0
receptor_only_geometry	receptor_grouped_5fold	3	Gq/11	numeric__receptor_only__y753_y558_min_distance	0.0	0.0
receptor_only_geometry	receptor_grouped_5fold	3	Gq/11	numeric__receptor_only__n749_y753_distance	0.0	0.0
receptor_only_geometry	receptor_grouped_5fold	3	Gq/11	numeric__receptor_only__npxxy_local_spread	0.0	0.0
receptor_only_geometry	receptor_grouped_5fold	3	Gq/11	numeric__receptor_only__y753_displacement	0.0	0.0
receptor_only_geometry	receptor_grouped_5fold	3	Gq/11	numeric__receptor_only__sodium_d250_s339_distance	0.0	0.0
receptor_only_geometry	receptor_grouped_5fold	3	Gq/11	numeric__receptor_only__sodium_d250_n745_distance	0.0	0.0
receptor_only_geometry	receptor_grouped_5fold	3	Gq/11	numeric__receptor_only__sodium_d250_s746_distance	0.0	0.0
receptor_only_geometry	receptor_grouped_5fold	3	Gq/11	numeric__receptor_only__sodium_d250_n749_distance	0.0	0.0
receptor_only_geometry	receptor_grouped_5fold	3	Gq/11	numeric__receptor_only__sodium_pocket_volume	0.0	0.0
receptor_only_geometry	receptor_grouped_5fold	3	Gq/11	numeric__receptor_only__sodium_pocket_spread	0.0	0.0
receptor_only_geometry	receptor_grouped_5fold	3	Gq/11	numeric__receptor_only__tm7_rotation	0.0	0.0
receptor_only_geometry	receptor_grouped_5fold	3	Gq/11	numeric__receptor_only__icl2_generic_ca_count	0.0	0.0
receptor_only_geometry	receptor_grouped_5fold	3	Gq/11	numeric__receptor_only__icl2_end_to_end_distance	-0.03174247261056038	0.03174247261056038
receptor_only_geometry	receptor_grouped_5fold	3	Gq/11	numeric__receptor_only__icl2_centroid_to_r350	0.0	0.0
receptor_only_geometry	receptor_grouped_5fold	3	Gq/11	numeric__receptor_only__icl2_centroid_to_tm5_561	0.0	0.0
receptor_only_geometry	receptor_grouped_5fold	3	Gq/11	numeric__receptor_only__icl2_centroid_to_tm6_634	0.0	0.0
receptor_only_geometry	receptor_grouped_5fold	3	Gq/11	numeric__receptor_only__icl2_centroid_to_tm7_753	0.0	0.0
receptor_only_geometry	receptor_grouped_5fold	3	Gq/11	numeric__receptor_only__icl2_axis_tm3_angle	0.0	0.0
receptor_only_geometry	receptor_grouped_5fold	3	Gq/11	numeric__receptor_only__icl2_axis_tm5_angle	0.0	0.0
receptor_only_geometry	receptor_grouped_5fold	3	Gq/11	numeric__receptor_only__icl2_active_reference_displacement	0.0	0.0
receptor_only_geometry	receptor_grouped_5fold	3	Gq/11	numeric__receptor_only__tm5_cytoplasmic_extension	0.0	0.0
receptor_only_geometry	receptor_grouped_5fold	3	Gq/11	numeric__receptor_only__tm5_cytoplasmic_kink	0.0	0.0
receptor_only_geometry	receptor_grouped_5fold	3	Gq/11	numeric__receptor_only__tm5_r350_561_distance	0.0	0.0
receptor_only_geometry	receptor_grouped_5fold	3	Gq/11	numeric__receptor_only__tm5_r350_564_distance	0.0	0.0
receptor_only_geometry	receptor_grouped_5fold	3	Gq/11	numeric__receptor_only__tm5_tm6_cavity_distance	0.0	0.0
receptor_only_geometry	receptor_grouped_5fold	3	Gq/11	numeric__receptor_only__tm5_axis_tm3_angle	0.0	0.0
receptor_only_geometry	receptor_grouped_5fold	3	Gq/11	numeric__receptor_only__tm6_lower_upper_kink	0.0	0.0
receptor_only_geometry	receptor_grouped_5fold	3	Gq/11	numeric__receptor_only__tm6_axis_tm3_angle	0.0	0.0
receptor_only_geometry	receptor_grouped_5fold	3	Gq/11	numeric__receptor_only__tm6_tm7_cavity_distance	0.0	0.0
receptor_only_geometry	receptor_grouped_5fold	3	Gq/11	numeric__receptor_only__tm7_h8_angle	0.0	0.0
receptor_only_geometry	receptor_grouped_5fold	3	Gq/11	numeric__receptor_only__h8_end_to_end_distance	0.0	0.0
receptor_only_geometry	receptor_grouped_5fold	3	Gq/11	numeric__receptor_only__h8_r350_distance	0.0	0.0
receptor_only_geometry	receptor_grouped_5fold	3	Gq/11	numeric__receptor_only__h8_tm6_distance	0.0	0.0
receptor_only_geometry	receptor_grouped_5fold	3	Gq/11	numeric__receptor_only__icl2_helix_fraction	0.0	0.0
receptor_only_geometry	receptor_grouped_5fold	3	Gq/11	numeric__receptor_only__icl2_longest_helix	0.0	0.0
receptor_only_geometry	receptor_grouped_5fold	3	Gq/11	numeric__receptor_only__icl2_mean_phi	0.04144571785039678	0.04144571785039678
receptor_only_geometry	receptor_grouped_5fold	3	Gq/11	numeric__receptor_only__icl2_mean_psi	0.0	0.0
receptor_only_geometry	receptor_grouped_5fold	3	Gq/11	numeric__receptor_only__intracellular_cavity_core_volume	0.0	0.0
receptor_only_geometry	receptor_grouped_5fold	3	Gq/11	numeric__receptor_only__intracellular_cavity_core_mouth_area	0.0	0.0
receptor_only_geometry	receptor_grouped_5fold	3	Gq/11	numeric__receptor_only__intracellular_cavity_core_depth	0.0	0.0
receptor_only_geometry	receptor_grouped_5fold	3	Gq/11	numeric__receptor_only__intracellular_cavity_core_maximum_width	0.0	0.0
receptor_only_geometry	receptor_grouped_5fold	3	Gq/11	numeric__receptor_only__intracellular_cavity_core_average_cross_section	0.0	0.0
receptor_only_geometry	receptor_grouped_5fold	3	Gq/11	numeric__receptor_only__intracellular_cavity_core_bottleneck_area	0.0	0.0
receptor_only_geometry	receptor_grouped_5fold	3	Gq/11	numeric__receptor_only__intracellular_cavity_core_bottleneck_radius	0.0	0.0
receptor_only_geometry	receptor_grouped_5fold	3	Gq/11	numeric__receptor_only__intracellular_cavity_core_max_inscribed_radius	0.0	0.0
receptor_only_geometry	receptor_grouped_5fold	3	Gq/11	numeric__receptor_only__intracellular_cavity_core_surface_area	0.0	0.0
receptor_only_geometry	receptor_grouped_5fold	3	Gq/11	numeric__receptor_only__intracellular_cavity_core_centroid_x	0.0	0.0
receptor_only_geometry	receptor_grouped_5fold	3	Gq/11	numeric__receptor_only__intracellular_cavity_core_centroid_y	0.0	0.0
receptor_only_geometry	receptor_grouped_5fold	3	Gq/11	numeric__receptor_only__intracellular_cavity_core_centroid_z	0.0	0.0
receptor_only_geometry	receptor_grouped_5fold	3	Gq/11	numeric__receptor_only__intracellular_cavity_core_principal_length_1	0.0	0.0
receptor_only_geometry	receptor_grouped_5fold	3	Gq/11	numeric__receptor_only__intracellular_cavity_core_principal_length_2	0.0	0.0
receptor_only_geometry	receptor_grouped_5fold	3	Gq/11	numeric__receptor_only__intracellular_cavity_core_principal_length_3	0.0	0.0
receptor_only_geometry	receptor_grouped_5fold	3	Gq/11	numeric__receptor_only__intracellular_cavity_core_principal_axis_1_z_alignment	0.0	0.0
receptor_only_geometry	receptor_grouped_5fold	3	Gq/11	numeric__receptor_only__intracellular_cavity_core_eccentricity	0.0	0.0
receptor_only_geometry	receptor_grouped_5fold	3	Gq/11	numeric__receptor_only__intracellular_cavity_core_sphericity	0.0	0.0
receptor_only_geometry	receptor_grouped_5fold	3	Gq/11	numeric__receptor_only__intracellular_cavity_core_asymmetry	0.0	0.0
receptor_only_geometry	receptor_grouped_5fold	3	Gq/11	numeric__receptor_only__intracellular_cavity_core_tm3_side_fraction	0.0	0.0
receptor_only_geometry	receptor_grouped_5fold	3	Gq/11	numeric__receptor_only__intracellular_cavity_core_tm6_side_fraction	0.0	0.0
receptor_only_geometry	receptor_grouped_5fold	3	Gq/11	numeric__receptor_only__intracellular_cavity_core_tm5_side_fraction	0.0	0.0
receptor_only_geometry	receptor_grouped_5fold	3	Gq/11	numeric__receptor_only__intracellular_cavity_core_tm7_side_fraction	0.0	0.0
receptor_only_geometry	receptor_grouped_5fold	3	Gq/11	numeric__receptor_only__intracellular_cavity_core_wall_fraction_h8	0.0	0.0
receptor_only_geometry	receptor_grouped_5fold	3	Gq/11	numeric__receptor_only__intracellular_cavity_core_wall_fraction_icl2	0.0	0.0
receptor_only_geometry	receptor_grouped_5fold	3	Gq/11	numeric__receptor_only__intracellular_cavity_core_wall_fraction_tm3	0.08536203526725192	0.08536203526725192
receptor_only_geometry	receptor_grouped_5fold	3	Gq/11	numeric__receptor_only__intracellular_cavity_core_wall_fraction_tm7	0.0	0.0
receptor_only_geometry	receptor_grouped_5fold	3	Gs	numeric__receptor_only__activation_consensus_score	0.0	0.0
receptor_only_geometry	receptor_grouped_5fold	3	Gs	numeric__receptor_only__tm6_r350_634_distance	0.0	0.0
receptor_only_geometry	receptor_grouped_5fold	3	Gs	numeric__receptor_only__tm6_aligned_displacement	0.0	0.0
receptor_only_geometry	receptor_grouped_5fold	3	Gs	numeric__receptor_only__tm7_displacement	0.0	0.0
receptor_only_geometry	receptor_grouped_5fold	3	Gs	numeric__receptor_only__tm3_tm7_distance	0.0	0.0
receptor_only_geometry	receptor_grouped_5fold	3	Gs	numeric__receptor_only__tm6_r350_630_distance	0.0	0.0
receptor_only_geometry	receptor_grouped_5fold	3	Gs	numeric__receptor_only__dry_r350_630_min_distance	0.0	0.0
receptor_only_geometry	receptor_grouped_5fold	3	Gs	numeric__receptor_only__dry_r350_630_ca_distance	0.0	0.0
receptor_only_geometry	receptor_grouped_5fold	3	Gs	numeric__receptor_only__dry_d349_r350_min_distance	0.0	0.0
receptor_only_geometry	receptor_grouped_5fold	3	Gs	numeric__receptor_only__r350_chi1	0.0	0.0
receptor_only_geometry	receptor_grouped_5fold	3	Gs	numeric__receptor_only__r350_chi2	0.0	0.0
receptor_only_geometry	receptor_grouped_5fold	3	Gs	numeric__receptor_only__pif_550_340_distance	0.0	0.0
receptor_only_geometry	receptor_grouped_5fold	3	Gs	numeric__receptor_only__pif_340_644_distance	0.0	0.0
receptor_only_geometry	receptor_grouped_5fold	3	Gs	numeric__receptor_only__pif_550_644_distance	0.0	0.0
receptor_only_geometry	receptor_grouped_5fold	3	Gs	numeric__receptor_only__pif_550_340_min_distance	0.0	0.0
receptor_only_geometry	receptor_grouped_5fold	3	Gs	numeric__receptor_only__pif_340_644_min_distance	0.0	0.0
receptor_only_geometry	receptor_grouped_5fold	3	Gs	numeric__receptor_only__pif_550_644_min_distance	0.0	0.0
receptor_only_geometry	receptor_grouped_5fold	3	Gs	numeric__receptor_only__pif_triangle_perimeter	0.0	0.0
receptor_only_geometry	receptor_grouped_5fold	3	Gs	numeric__receptor_only__position_644_chi1	0.0	0.0
receptor_only_geometry	receptor_grouped_5fold	3	Gs	numeric__receptor_only__position_644_chi2	0.0	0.0
receptor_only_geometry	receptor_grouped_5fold	3	Gs	numeric__receptor_only__w648_chi1	0.0	0.0
receptor_only_geometry	receptor_grouped_5fold	3	Gs	numeric__receptor_only__w648_chi2	0.0	0.0
receptor_only_geometry	receptor_grouped_5fold	3	Gs	numeric__receptor_only__w648_displacement	0.0	0.0
receptor_only_geometry	receptor_grouped_5fold	3	Gs	numeric__receptor_only__w648_to_644_distance	0.0	0.0
receptor_only_geometry	receptor_grouped_5fold	3	Gs	numeric__receptor_only__cwxp_647_650_distance	0.2134934279402884	0.2134934279402884
receptor_only_geometry	receptor_grouped_5fold	3	Gs	numeric__receptor_only__y753_chi1	0.08290884679650692	0.08290884679650692
receptor_only_geometry	receptor_grouped_5fold	3	Gs	numeric__receptor_only__y753_chi2	0.0	0.0
receptor_only_geometry	receptor_grouped_5fold	3	Gs	numeric__receptor_only__y753_y558_distance	0.0	0.0
receptor_only_geometry	receptor_grouped_5fold	3	Gs	numeric__receptor_only__y753_y558_min_distance	0.0	0.0
receptor_only_geometry	receptor_grouped_5fold	3	Gs	numeric__receptor_only__n749_y753_distance	0.0	0.0
receptor_only_geometry	receptor_grouped_5fold	3	Gs	numeric__receptor_only__npxxy_local_spread	0.0	0.0
receptor_only_geometry	receptor_grouped_5fold	3	Gs	numeric__receptor_only__y753_displacement	0.0	0.0
receptor_only_geometry	receptor_grouped_5fold	3	Gs	numeric__receptor_only__sodium_d250_s339_distance	0.0	0.0
receptor_only_geometry	receptor_grouped_5fold	3	Gs	numeric__receptor_only__sodium_d250_n745_distance	0.0	0.0
receptor_only_geometry	receptor_grouped_5fold	3	Gs	numeric__receptor_only__sodium_d250_s746_distance	0.0	0.0
receptor_only_geometry	receptor_grouped_5fold	3	Gs	numeric__receptor_only__sodium_d250_n749_distance	0.17640619163833948	0.17640619163833948
receptor_only_geometry	receptor_grouped_5fold	3	Gs	numeric__receptor_only__sodium_pocket_volume	0.0	0.0
receptor_only_geometry	receptor_grouped_5fold	3	Gs	numeric__receptor_only__sodium_pocket_spread	0.15316940460546768	0.15316940460546768
receptor_only_geometry	receptor_grouped_5fold	3	Gs	numeric__receptor_only__tm7_rotation	0.0	0.0
receptor_only_geometry	receptor_grouped_5fold	3	Gs	numeric__receptor_only__icl2_generic_ca_count	0.0	0.0
receptor_only_geometry	receptor_grouped_5fold	3	Gs	numeric__receptor_only__icl2_end_to_end_distance	0.0	0.0
receptor_only_geometry	receptor_grouped_5fold	3	Gs	numeric__receptor_only__icl2_centroid_to_r350	0.0	0.0
receptor_only_geometry	receptor_grouped_5fold	3	Gs	numeric__receptor_only__icl2_centroid_to_tm5_561	0.0	0.0
receptor_only_geometry	receptor_grouped_5fold	3	Gs	numeric__receptor_only__icl2_centroid_to_tm6_634	0.0	0.0
receptor_only_geometry	receptor_grouped_5fold	3	Gs	numeric__receptor_only__icl2_centroid_to_tm7_753	0.0	0.0
receptor_only_geometry	receptor_grouped_5fold	3	Gs	numeric__receptor_only__icl2_axis_tm3_angle	0.0	0.0
receptor_only_geometry	receptor_grouped_5fold	3	Gs	numeric__receptor_only__icl2_axis_tm5_angle	-0.007070265821799346	0.007070265821799346
receptor_only_geometry	receptor_grouped_5fold	3	Gs	numeric__receptor_only__icl2_active_reference_displacement	0.0	0.0
receptor_only_geometry	receptor_grouped_5fold	3	Gs	numeric__receptor_only__tm5_cytoplasmic_extension	0.0	0.0
receptor_only_geometry	receptor_grouped_5fold	3	Gs	numeric__receptor_only__tm5_cytoplasmic_kink	0.09829669812986827	0.09829669812986827
receptor_only_geometry	receptor_grouped_5fold	3	Gs	numeric__receptor_only__tm5_r350_561_distance	0.05892018321935536	0.05892018321935536
receptor_only_geometry	receptor_grouped_5fold	3	Gs	numeric__receptor_only__tm5_r350_564_distance	0.21216569027219112	0.21216569027219112
receptor_only_geometry	receptor_grouped_5fold	3	Gs	numeric__receptor_only__tm5_tm6_cavity_distance	0.0	0.0
receptor_only_geometry	receptor_grouped_5fold	3	Gs	numeric__receptor_only__tm5_axis_tm3_angle	0.0	0.0
receptor_only_geometry	receptor_grouped_5fold	3	Gs	numeric__receptor_only__tm6_lower_upper_kink	0.2251697878457098	0.2251697878457098
receptor_only_geometry	receptor_grouped_5fold	3	Gs	numeric__receptor_only__tm6_axis_tm3_angle	0.0	0.0
receptor_only_geometry	receptor_grouped_5fold	3	Gs	numeric__receptor_only__tm6_tm7_cavity_distance	0.0	0.0
receptor_only_geometry	receptor_grouped_5fold	3	Gs	numeric__receptor_only__tm7_h8_angle	0.0	0.0
receptor_only_geometry	receptor_grouped_5fold	3	Gs	numeric__receptor_only__h8_end_to_end_distance	0.0	0.0
receptor_only_geometry	receptor_grouped_5fold	3	Gs	numeric__receptor_only__h8_r350_distance	0.0	0.0
receptor_only_geometry	receptor_grouped_5fold	3	Gs	numeric__receptor_only__h8_tm6_distance	0.0	0.0
receptor_only_geometry	receptor_grouped_5fold	3	Gs	numeric__receptor_only__icl2_helix_fraction	0.0	0.0
receptor_only_geometry	receptor_grouped_5fold	3	Gs	numeric__receptor_only__icl2_longest_helix	0.0	0.0
receptor_only_geometry	receptor_grouped_5fold	3	Gs	numeric__receptor_only__icl2_mean_phi	0.0	0.0
receptor_only_geometry	receptor_grouped_5fold	3	Gs	numeric__receptor_only__icl2_mean_psi	0.0	0.0
receptor_only_geometry	receptor_grouped_5fold	3	Gs	numeric__receptor_only__intracellular_cavity_core_volume	0.0	0.0
receptor_only_geometry	receptor_grouped_5fold	3	Gs	numeric__receptor_only__intracellular_cavity_core_mouth_area	0.0	0.0
receptor_only_geometry	receptor_grouped_5fold	3	Gs	numeric__receptor_only__intracellular_cavity_core_depth	0.0	0.0
receptor_only_geometry	receptor_grouped_5fold	3	Gs	numeric__receptor_only__intracellular_cavity_core_maximum_width	0.0	0.0
receptor_only_geometry	receptor_grouped_5fold	3	Gs	numeric__receptor_only__intracellular_cavity_core_average_cross_section	0.0	0.0
receptor_only_geometry	receptor_grouped_5fold	3	Gs	numeric__receptor_only__intracellular_cavity_core_bottleneck_area	0.0	0.0
receptor_only_geometry	receptor_grouped_5fold	3	Gs	numeric__receptor_only__intracellular_cavity_core_bottleneck_radius	0.0	0.0
receptor_only_geometry	receptor_grouped_5fold	3	Gs	numeric__receptor_only__intracellular_cavity_core_max_inscribed_radius	0.0	0.0
receptor_only_geometry	receptor_grouped_5fold	3	Gs	numeric__receptor_only__intracellular_cavity_core_surface_area	0.0	0.0
receptor_only_geometry	receptor_grouped_5fold	3	Gs	numeric__receptor_only__intracellular_cavity_core_centroid_x	0.0	0.0
receptor_only_geometry	receptor_grouped_5fold	3	Gs	numeric__receptor_only__intracellular_cavity_core_centroid_y	-0.07742093012027673	0.07742093012027673
receptor_only_geometry	receptor_grouped_5fold	3	Gs	numeric__receptor_only__intracellular_cavity_core_centroid_z	0.0	0.0
receptor_only_geometry	receptor_grouped_5fold	3	Gs	numeric__receptor_only__intracellular_cavity_core_principal_length_1	0.0	0.0
receptor_only_geometry	receptor_grouped_5fold	3	Gs	numeric__receptor_only__intracellular_cavity_core_principal_length_2	0.0	0.0
receptor_only_geometry	receptor_grouped_5fold	3	Gs	numeric__receptor_only__intracellular_cavity_core_principal_length_3	0.0	0.0
receptor_only_geometry	receptor_grouped_5fold	3	Gs	numeric__receptor_only__intracellular_cavity_core_principal_axis_1_z_alignment	0.0	0.0
receptor_only_geometry	receptor_grouped_5fold	3	Gs	numeric__receptor_only__intracellular_cavity_core_eccentricity	0.0	0.0
receptor_only_geometry	receptor_grouped_5fold	3	Gs	numeric__receptor_only__intracellular_cavity_core_sphericity	0.0	0.0
receptor_only_geometry	receptor_grouped_5fold	3	Gs	numeric__receptor_only__intracellular_cavity_core_asymmetry	0.0	0.0
receptor_only_geometry	receptor_grouped_5fold	3	Gs	numeric__receptor_only__intracellular_cavity_core_tm3_side_fraction	0.0	0.0
receptor_only_geometry	receptor_grouped_5fold	3	Gs	numeric__receptor_only__intracellular_cavity_core_tm6_side_fraction	0.0	0.0
receptor_only_geometry	receptor_grouped_5fold	3	Gs	numeric__receptor_only__intracellular_cavity_core_tm5_side_fraction	-0.07041637130238713	0.07041637130238713
receptor_only_geometry	receptor_grouped_5fold	3	Gs	numeric__receptor_only__intracellular_cavity_core_tm7_side_fraction	0.070416371302388	0.070416371302388
receptor_only_geometry	receptor_grouped_5fold	3	Gs	numeric__receptor_only__intracellular_cavity_core_wall_fraction_h8	-0.04924463771501137	0.04924463771501137
receptor_only_geometry	receptor_grouped_5fold	3	Gs	numeric__receptor_only__intracellular_cavity_core_wall_fraction_icl2	0.0	0.0
receptor_only_geometry	receptor_grouped_5fold	3	Gs	numeric__receptor_only__intracellular_cavity_core_wall_fraction_tm3	-0.017564018836763683	0.017564018836763683
receptor_only_geometry	receptor_grouped_5fold	3	Gs	numeric__receptor_only__intracellular_cavity_core_wall_fraction_tm7	0.0	0.0
receptor_only_geometry	receptor_grouped_5fold	4	Gi/o	numeric__receptor_only__activation_consensus_score	-0.21841623527467907	0.21841623527467907
receptor_only_geometry	receptor_grouped_5fold	4	Gi/o	numeric__receptor_only__tm6_r350_634_distance	-0.10850850146014301	0.10850850146014301
receptor_only_geometry	receptor_grouped_5fold	4	Gi/o	numeric__receptor_only__tm6_aligned_displacement	-0.1671370202795171	0.1671370202795171
receptor_only_geometry	receptor_grouped_5fold	4	Gi/o	numeric__receptor_only__tm7_displacement	-0.0011465436111265219	0.0011465436111265219
receptor_only_geometry	receptor_grouped_5fold	4	Gi/o	numeric__receptor_only__tm3_tm7_distance	0.28642639743115855	0.28642639743115855
receptor_only_geometry	receptor_grouped_5fold	4	Gi/o	numeric__receptor_only__tm6_r350_630_distance	0.0	0.0
receptor_only_geometry	receptor_grouped_5fold	4	Gi/o	numeric__receptor_only__dry_r350_630_min_distance	0.0	0.0
receptor_only_geometry	receptor_grouped_5fold	4	Gi/o	numeric__receptor_only__dry_r350_630_ca_distance	0.0	0.0
receptor_only_geometry	receptor_grouped_5fold	4	Gi/o	numeric__receptor_only__dry_d349_r350_min_distance	0.04317559764128071	0.04317559764128071
receptor_only_geometry	receptor_grouped_5fold	4	Gi/o	numeric__receptor_only__r350_chi1	0.14983188803631856	0.14983188803631856
receptor_only_geometry	receptor_grouped_5fold	4	Gi/o	numeric__receptor_only__r350_chi2	0.0	0.0
receptor_only_geometry	receptor_grouped_5fold	4	Gi/o	numeric__receptor_only__pif_550_340_distance	0.0	0.0
receptor_only_geometry	receptor_grouped_5fold	4	Gi/o	numeric__receptor_only__pif_340_644_distance	0.02376526949985998	0.02376526949985998
receptor_only_geometry	receptor_grouped_5fold	4	Gi/o	numeric__receptor_only__pif_550_644_distance	-0.11270570150869305	0.11270570150869305
receptor_only_geometry	receptor_grouped_5fold	4	Gi/o	numeric__receptor_only__pif_550_340_min_distance	-0.028497898697484654	0.028497898697484654
receptor_only_geometry	receptor_grouped_5fold	4	Gi/o	numeric__receptor_only__pif_340_644_min_distance	0.07923667320221375	0.07923667320221375
receptor_only_geometry	receptor_grouped_5fold	4	Gi/o	numeric__receptor_only__pif_550_644_min_distance	0.0	0.0
receptor_only_geometry	receptor_grouped_5fold	4	Gi/o	numeric__receptor_only__pif_triangle_perimeter	0.0	0.0
receptor_only_geometry	receptor_grouped_5fold	4	Gi/o	numeric__receptor_only__position_644_chi1	0.0	0.0
receptor_only_geometry	receptor_grouped_5fold	4	Gi/o	numeric__receptor_only__position_644_chi2	0.0	0.0
receptor_only_geometry	receptor_grouped_5fold	4	Gi/o	numeric__receptor_only__w648_chi1	0.0	0.0
receptor_only_geometry	receptor_grouped_5fold	4	Gi/o	numeric__receptor_only__w648_chi2	-0.01637961487477616	0.01637961487477616
receptor_only_geometry	receptor_grouped_5fold	4	Gi/o	numeric__receptor_only__w648_displacement	0.0	0.0
receptor_only_geometry	receptor_grouped_5fold	4	Gi/o	numeric__receptor_only__w648_to_644_distance	0.0	0.0
receptor_only_geometry	receptor_grouped_5fold	4	Gi/o	numeric__receptor_only__cwxp_647_650_distance	0.0	0.0
receptor_only_geometry	receptor_grouped_5fold	4	Gi/o	numeric__receptor_only__y753_chi1	-0.1336430543543555	0.1336430543543555
receptor_only_geometry	receptor_grouped_5fold	4	Gi/o	numeric__receptor_only__y753_chi2	0.0	0.0
receptor_only_geometry	receptor_grouped_5fold	4	Gi/o	numeric__receptor_only__y753_y558_distance	0.0	0.0
receptor_only_geometry	receptor_grouped_5fold	4	Gi/o	numeric__receptor_only__y753_y558_min_distance	0.0	0.0
receptor_only_geometry	receptor_grouped_5fold	4	Gi/o	numeric__receptor_only__n749_y753_distance	0.0	0.0
receptor_only_geometry	receptor_grouped_5fold	4	Gi/o	numeric__receptor_only__npxxy_local_spread	-0.20041222217020568	0.20041222217020568
receptor_only_geometry	receptor_grouped_5fold	4	Gi/o	numeric__receptor_only__y753_displacement	0.0	0.0
receptor_only_geometry	receptor_grouped_5fold	4	Gi/o	numeric__receptor_only__sodium_d250_s339_distance	-0.025817775704984235	0.025817775704984235
receptor_only_geometry	receptor_grouped_5fold	4	Gi/o	numeric__receptor_only__sodium_d250_n745_distance	0.0	0.0
receptor_only_geometry	receptor_grouped_5fold	4	Gi/o	numeric__receptor_only__sodium_d250_s746_distance	0.17651630138819316	0.17651630138819316
receptor_only_geometry	receptor_grouped_5fold	4	Gi/o	numeric__receptor_only__sodium_d250_n749_distance	0.0	0.0
receptor_only_geometry	receptor_grouped_5fold	4	Gi/o	numeric__receptor_only__sodium_pocket_volume	-0.013972002796616506	0.013972002796616506
receptor_only_geometry	receptor_grouped_5fold	4	Gi/o	numeric__receptor_only__sodium_pocket_spread	0.0	0.0
receptor_only_geometry	receptor_grouped_5fold	4	Gi/o	numeric__receptor_only__tm7_rotation	0.0	0.0
receptor_only_geometry	receptor_grouped_5fold	4	Gi/o	numeric__receptor_only__icl2_generic_ca_count	-0.0690044927258134	0.0690044927258134
receptor_only_geometry	receptor_grouped_5fold	4	Gi/o	numeric__receptor_only__icl2_end_to_end_distance	0.0	0.0
receptor_only_geometry	receptor_grouped_5fold	4	Gi/o	numeric__receptor_only__icl2_centroid_to_r350	0.0	0.0
receptor_only_geometry	receptor_grouped_5fold	4	Gi/o	numeric__receptor_only__icl2_centroid_to_tm5_561	-0.31691765482489165	0.31691765482489165
receptor_only_geometry	receptor_grouped_5fold	4	Gi/o	numeric__receptor_only__icl2_centroid_to_tm6_634	-0.09901014951874398	0.09901014951874398
receptor_only_geometry	receptor_grouped_5fold	4	Gi/o	numeric__receptor_only__icl2_centroid_to_tm7_753	0.0976241255198526	0.0976241255198526
receptor_only_geometry	receptor_grouped_5fold	4	Gi/o	numeric__receptor_only__icl2_axis_tm3_angle	0.0	0.0
receptor_only_geometry	receptor_grouped_5fold	4	Gi/o	numeric__receptor_only__icl2_axis_tm5_angle	0.16841539428852695	0.16841539428852695
receptor_only_geometry	receptor_grouped_5fold	4	Gi/o	numeric__receptor_only__icl2_active_reference_displacement	0.19853008549446485	0.19853008549446485
receptor_only_geometry	receptor_grouped_5fold	4	Gi/o	numeric__receptor_only__tm5_cytoplasmic_extension	-0.14693323973119654	0.14693323973119654
receptor_only_geometry	receptor_grouped_5fold	4	Gi/o	numeric__receptor_only__tm5_cytoplasmic_kink	-0.14082881838399558	0.14082881838399558
receptor_only_geometry	receptor_grouped_5fold	4	Gi/o	numeric__receptor_only__tm5_r350_561_distance	-0.11585913690628559	0.11585913690628559
receptor_only_geometry	receptor_grouped_5fold	4	Gi/o	numeric__receptor_only__tm5_r350_564_distance	-0.09632845963991596	0.09632845963991596
receptor_only_geometry	receptor_grouped_5fold	4	Gi/o	numeric__receptor_only__tm5_tm6_cavity_distance	0.0	0.0
receptor_only_geometry	receptor_grouped_5fold	4	Gi/o	numeric__receptor_only__tm5_axis_tm3_angle	-0.05855977710248725	0.05855977710248725
receptor_only_geometry	receptor_grouped_5fold	4	Gi/o	numeric__receptor_only__tm6_lower_upper_kink	-0.09181283582091	0.09181283582091
receptor_only_geometry	receptor_grouped_5fold	4	Gi/o	numeric__receptor_only__tm6_axis_tm3_angle	-0.03216983309483567	0.03216983309483567
receptor_only_geometry	receptor_grouped_5fold	4	Gi/o	numeric__receptor_only__tm6_tm7_cavity_distance	0.0	0.0
receptor_only_geometry	receptor_grouped_5fold	4	Gi/o	numeric__receptor_only__tm7_h8_angle	0.0	0.0
receptor_only_geometry	receptor_grouped_5fold	4	Gi/o	numeric__receptor_only__h8_end_to_end_distance	0.02991525645543997	0.02991525645543997
receptor_only_geometry	receptor_grouped_5fold	4	Gi/o	numeric__receptor_only__h8_r350_distance	0.14955480786888709	0.14955480786888709
receptor_only_geometry	receptor_grouped_5fold	4	Gi/o	numeric__receptor_only__h8_tm6_distance	-0.18185392838028683	0.18185392838028683
receptor_only_geometry	receptor_grouped_5fold	4	Gi/o	numeric__receptor_only__icl2_helix_fraction	-0.005874168947492367	0.005874168947492367
receptor_only_geometry	receptor_grouped_5fold	4	Gi/o	numeric__receptor_only__icl2_longest_helix	-0.10689071783097971	0.10689071783097971
receptor_only_geometry	receptor_grouped_5fold	4	Gi/o	numeric__receptor_only__icl2_mean_phi	-0.05860119145247378	0.05860119145247378
receptor_only_geometry	receptor_grouped_5fold	4	Gi/o	numeric__receptor_only__icl2_mean_psi	0.0	0.0
receptor_only_geometry	receptor_grouped_5fold	4	Gi/o	numeric__receptor_only__intracellular_cavity_core_volume	0.0	0.0
receptor_only_geometry	receptor_grouped_5fold	4	Gi/o	numeric__receptor_only__intracellular_cavity_core_mouth_area	0.0	0.0
receptor_only_geometry	receptor_grouped_5fold	4	Gi/o	numeric__receptor_only__intracellular_cavity_core_depth	0.0	0.0
receptor_only_geometry	receptor_grouped_5fold	4	Gi/o	numeric__receptor_only__intracellular_cavity_core_maximum_width	0.0	0.0
receptor_only_geometry	receptor_grouped_5fold	4	Gi/o	numeric__receptor_only__intracellular_cavity_core_average_cross_section	0.0	0.0
receptor_only_geometry	receptor_grouped_5fold	4	Gi/o	numeric__receptor_only__intracellular_cavity_core_bottleneck_area	0.0	0.0
receptor_only_geometry	receptor_grouped_5fold	4	Gi/o	numeric__receptor_only__intracellular_cavity_core_bottleneck_radius	0.0	0.0
receptor_only_geometry	receptor_grouped_5fold	4	Gi/o	numeric__receptor_only__intracellular_cavity_core_max_inscribed_radius	0.0	0.0
receptor_only_geometry	receptor_grouped_5fold	4	Gi/o	numeric__receptor_only__intracellular_cavity_core_surface_area	0.0	0.0
receptor_only_geometry	receptor_grouped_5fold	4	Gi/o	numeric__receptor_only__intracellular_cavity_core_centroid_x	0.0	0.0
receptor_only_geometry	receptor_grouped_5fold	4	Gi/o	numeric__receptor_only__intracellular_cavity_core_centroid_y	0.12144648221888511	0.12144648221888511
receptor_only_geometry	receptor_grouped_5fold	4	Gi/o	numeric__receptor_only__intracellular_cavity_core_centroid_z	0.0	0.0
receptor_only_geometry	receptor_grouped_5fold	4	Gi/o	numeric__receptor_only__intracellular_cavity_core_principal_length_1	0.060463459781295324	0.060463459781295324
receptor_only_geometry	receptor_grouped_5fold	4	Gi/o	numeric__receptor_only__intracellular_cavity_core_principal_length_2	0.03657997820786116	0.03657997820786116
receptor_only_geometry	receptor_grouped_5fold	4	Gi/o	numeric__receptor_only__intracellular_cavity_core_principal_length_3	0.0	0.0
receptor_only_geometry	receptor_grouped_5fold	4	Gi/o	numeric__receptor_only__intracellular_cavity_core_principal_axis_1_z_alignment	0.0	0.0
receptor_only_geometry	receptor_grouped_5fold	4	Gi/o	numeric__receptor_only__intracellular_cavity_core_eccentricity	0.02668200930656759	0.02668200930656759
receptor_only_geometry	receptor_grouped_5fold	4	Gi/o	numeric__receptor_only__intracellular_cavity_core_sphericity	0.0	0.0
receptor_only_geometry	receptor_grouped_5fold	4	Gi/o	numeric__receptor_only__intracellular_cavity_core_asymmetry	0.0	0.0
receptor_only_geometry	receptor_grouped_5fold	4	Gi/o	numeric__receptor_only__intracellular_cavity_core_tm3_side_fraction	0.0	0.0
receptor_only_geometry	receptor_grouped_5fold	4	Gi/o	numeric__receptor_only__intracellular_cavity_core_tm6_side_fraction	0.0	0.0
receptor_only_geometry	receptor_grouped_5fold	4	Gi/o	numeric__receptor_only__intracellular_cavity_core_tm5_side_fraction	0.1624751320239664	0.1624751320239664
receptor_only_geometry	receptor_grouped_5fold	4	Gi/o	numeric__receptor_only__intracellular_cavity_core_tm7_side_fraction	-0.1624751320239682	0.1624751320239682
receptor_only_geometry	receptor_grouped_5fold	4	Gi/o	numeric__receptor_only__intracellular_cavity_core_wall_fraction_h8	0.0	0.0
receptor_only_geometry	receptor_grouped_5fold	4	Gi/o	numeric__receptor_only__intracellular_cavity_core_wall_fraction_icl2	0.0	0.0
receptor_only_geometry	receptor_grouped_5fold	4	Gi/o	numeric__receptor_only__intracellular_cavity_core_wall_fraction_tm3	0.03329822028087801	0.03329822028087801
receptor_only_geometry	receptor_grouped_5fold	4	Gi/o	numeric__receptor_only__intracellular_cavity_core_wall_fraction_tm7	0.0	0.0
receptor_only_geometry	receptor_grouped_5fold	4	Gq/11	numeric__receptor_only__activation_consensus_score	0.0	0.0
receptor_only_geometry	receptor_grouped_5fold	4	Gq/11	numeric__receptor_only__tm6_r350_634_distance	0.12046772929687184	0.12046772929687184
receptor_only_geometry	receptor_grouped_5fold	4	Gq/11	numeric__receptor_only__tm6_aligned_displacement	0.0	0.0
receptor_only_geometry	receptor_grouped_5fold	4	Gq/11	numeric__receptor_only__tm7_displacement	0.011195959226729687	0.011195959226729687
receptor_only_geometry	receptor_grouped_5fold	4	Gq/11	numeric__receptor_only__tm3_tm7_distance	-0.2714775089082375	0.2714775089082375
receptor_only_geometry	receptor_grouped_5fold	4	Gq/11	numeric__receptor_only__tm6_r350_630_distance	0.0	0.0
receptor_only_geometry	receptor_grouped_5fold	4	Gq/11	numeric__receptor_only__dry_r350_630_min_distance	0.0	0.0
receptor_only_geometry	receptor_grouped_5fold	4	Gq/11	numeric__receptor_only__dry_r350_630_ca_distance	0.0	0.0
receptor_only_geometry	receptor_grouped_5fold	4	Gq/11	numeric__receptor_only__dry_d349_r350_min_distance	0.0	0.0
receptor_only_geometry	receptor_grouped_5fold	4	Gq/11	numeric__receptor_only__r350_chi1	0.0	0.0
receptor_only_geometry	receptor_grouped_5fold	4	Gq/11	numeric__receptor_only__r350_chi2	0.0	0.0
receptor_only_geometry	receptor_grouped_5fold	4	Gq/11	numeric__receptor_only__pif_550_340_distance	0.0	0.0
receptor_only_geometry	receptor_grouped_5fold	4	Gq/11	numeric__receptor_only__pif_340_644_distance	-0.22296306253538858	0.22296306253538858
receptor_only_geometry	receptor_grouped_5fold	4	Gq/11	numeric__receptor_only__pif_550_644_distance	0.0	0.0
receptor_only_geometry	receptor_grouped_5fold	4	Gq/11	numeric__receptor_only__pif_550_340_min_distance	0.0	0.0
receptor_only_geometry	receptor_grouped_5fold	4	Gq/11	numeric__receptor_only__pif_340_644_min_distance	-0.03421828675881276	0.03421828675881276
receptor_only_geometry	receptor_grouped_5fold	4	Gq/11	numeric__receptor_only__pif_550_644_min_distance	0.0	0.0
receptor_only_geometry	receptor_grouped_5fold	4	Gq/11	numeric__receptor_only__pif_triangle_perimeter	0.0	0.0
receptor_only_geometry	receptor_grouped_5fold	4	Gq/11	numeric__receptor_only__position_644_chi1	-0.11811288657629744	0.11811288657629744
receptor_only_geometry	receptor_grouped_5fold	4	Gq/11	numeric__receptor_only__position_644_chi2	-0.18004219955508197	0.18004219955508197
receptor_only_geometry	receptor_grouped_5fold	4	Gq/11	numeric__receptor_only__w648_chi1	0.06816393951474736	0.06816393951474736
receptor_only_geometry	receptor_grouped_5fold	4	Gq/11	numeric__receptor_only__w648_chi2	0.0	0.0
receptor_only_geometry	receptor_grouped_5fold	4	Gq/11	numeric__receptor_only__w648_displacement	0.0	0.0
receptor_only_geometry	receptor_grouped_5fold	4	Gq/11	numeric__receptor_only__w648_to_644_distance	0.0	0.0
receptor_only_geometry	receptor_grouped_5fold	4	Gq/11	numeric__receptor_only__cwxp_647_650_distance	0.0	0.0
receptor_only_geometry	receptor_grouped_5fold	4	Gq/11	numeric__receptor_only__y753_chi1	0.0	0.0
receptor_only_geometry	receptor_grouped_5fold	4	Gq/11	numeric__receptor_only__y753_chi2	0.0	0.0
receptor_only_geometry	receptor_grouped_5fold	4	Gq/11	numeric__receptor_only__y753_y558_distance	-0.010575947543930587	0.010575947543930587
receptor_only_geometry	receptor_grouped_5fold	4	Gq/11	numeric__receptor_only__y753_y558_min_distance	0.0	0.0
receptor_only_geometry	receptor_grouped_5fold	4	Gq/11	numeric__receptor_only__n749_y753_distance	-0.10003885363041298	0.10003885363041298
receptor_only_geometry	receptor_grouped_5fold	4	Gq/11	numeric__receptor_only__npxxy_local_spread	0.14798157051010796	0.14798157051010796
receptor_only_geometry	receptor_grouped_5fold	4	Gq/11	numeric__receptor_only__y753_displacement	0.0	0.0
receptor_only_geometry	receptor_grouped_5fold	4	Gq/11	numeric__receptor_only__sodium_d250_s339_distance	0.0	0.0
receptor_only_geometry	receptor_grouped_5fold	4	Gq/11	numeric__receptor_only__sodium_d250_n745_distance	0.0	0.0
receptor_only_geometry	receptor_grouped_5fold	4	Gq/11	numeric__receptor_only__sodium_d250_s746_distance	-0.05586195470249784	0.05586195470249784
receptor_only_geometry	receptor_grouped_5fold	4	Gq/11	numeric__receptor_only__sodium_d250_n749_distance	-0.1377551751631322	0.1377551751631322
receptor_only_geometry	receptor_grouped_5fold	4	Gq/11	numeric__receptor_only__sodium_pocket_volume	0.0	0.0
receptor_only_geometry	receptor_grouped_5fold	4	Gq/11	numeric__receptor_only__sodium_pocket_spread	-0.07435316059955656	0.07435316059955656
receptor_only_geometry	receptor_grouped_5fold	4	Gq/11	numeric__receptor_only__tm7_rotation	0.0	0.0
receptor_only_geometry	receptor_grouped_5fold	4	Gq/11	numeric__receptor_only__icl2_generic_ca_count	0.0	0.0
receptor_only_geometry	receptor_grouped_5fold	4	Gq/11	numeric__receptor_only__icl2_end_to_end_distance	0.0	0.0
receptor_only_geometry	receptor_grouped_5fold	4	Gq/11	numeric__receptor_only__icl2_centroid_to_r350	0.0	0.0
receptor_only_geometry	receptor_grouped_5fold	4	Gq/11	numeric__receptor_only__icl2_centroid_to_tm5_561	0.0	0.0
receptor_only_geometry	receptor_grouped_5fold	4	Gq/11	numeric__receptor_only__icl2_centroid_to_tm6_634	0.07251492835707476	0.07251492835707476
receptor_only_geometry	receptor_grouped_5fold	4	Gq/11	numeric__receptor_only__icl2_centroid_to_tm7_753	-0.05942606056031409	0.05942606056031409
receptor_only_geometry	receptor_grouped_5fold	4	Gq/11	numeric__receptor_only__icl2_axis_tm3_angle	0.032475483916730295	0.032475483916730295
receptor_only_geometry	receptor_grouped_5fold	4	Gq/11	numeric__receptor_only__icl2_axis_tm5_angle	0.0	0.0
receptor_only_geometry	receptor_grouped_5fold	4	Gq/11	numeric__receptor_only__icl2_active_reference_displacement	0.0	0.0
receptor_only_geometry	receptor_grouped_5fold	4	Gq/11	numeric__receptor_only__tm5_cytoplasmic_extension	0.0	0.0
receptor_only_geometry	receptor_grouped_5fold	4	Gq/11	numeric__receptor_only__tm5_cytoplasmic_kink	0.0	0.0
receptor_only_geometry	receptor_grouped_5fold	4	Gq/11	numeric__receptor_only__tm5_r350_561_distance	0.0	0.0
receptor_only_geometry	receptor_grouped_5fold	4	Gq/11	numeric__receptor_only__tm5_r350_564_distance	0.0	0.0
receptor_only_geometry	receptor_grouped_5fold	4	Gq/11	numeric__receptor_only__tm5_tm6_cavity_distance	0.23564852378774345	0.23564852378774345
receptor_only_geometry	receptor_grouped_5fold	4	Gq/11	numeric__receptor_only__tm5_axis_tm3_angle	0.0	0.0
receptor_only_geometry	receptor_grouped_5fold	4	Gq/11	numeric__receptor_only__tm6_lower_upper_kink	-0.2077595918745205	0.2077595918745205
receptor_only_geometry	receptor_grouped_5fold	4	Gq/11	numeric__receptor_only__tm6_axis_tm3_angle	0.0	0.0
receptor_only_geometry	receptor_grouped_5fold	4	Gq/11	numeric__receptor_only__tm6_tm7_cavity_distance	0.0	0.0
receptor_only_geometry	receptor_grouped_5fold	4	Gq/11	numeric__receptor_only__tm7_h8_angle	0.0	0.0
receptor_only_geometry	receptor_grouped_5fold	4	Gq/11	numeric__receptor_only__h8_end_to_end_distance	0.0	0.0
receptor_only_geometry	receptor_grouped_5fold	4	Gq/11	numeric__receptor_only__h8_r350_distance	-0.13806972745864105	0.13806972745864105
receptor_only_geometry	receptor_grouped_5fold	4	Gq/11	numeric__receptor_only__h8_tm6_distance	0.0	0.0
receptor_only_geometry	receptor_grouped_5fold	4	Gq/11	numeric__receptor_only__icl2_helix_fraction	0.0	0.0
receptor_only_geometry	receptor_grouped_5fold	4	Gq/11	numeric__receptor_only__icl2_longest_helix	0.0	0.0
receptor_only_geometry	receptor_grouped_5fold	4	Gq/11	numeric__receptor_only__icl2_mean_phi	0.2293650269781383	0.2293650269781383
receptor_only_geometry	receptor_grouped_5fold	4	Gq/11	numeric__receptor_only__icl2_mean_psi	0.0	0.0
receptor_only_geometry	receptor_grouped_5fold	4	Gq/11	numeric__receptor_only__intracellular_cavity_core_volume	0.0	0.0
receptor_only_geometry	receptor_grouped_5fold	4	Gq/11	numeric__receptor_only__intracellular_cavity_core_mouth_area	0.0	0.0
receptor_only_geometry	receptor_grouped_5fold	4	Gq/11	numeric__receptor_only__intracellular_cavity_core_depth	0.11859005760043649	0.11859005760043649
receptor_only_geometry	receptor_grouped_5fold	4	Gq/11	numeric__receptor_only__intracellular_cavity_core_maximum_width	0.0	0.0
receptor_only_geometry	receptor_grouped_5fold	4	Gq/11	numeric__receptor_only__intracellular_cavity_core_average_cross_section	0.0	0.0
receptor_only_geometry	receptor_grouped_5fold	4	Gq/11	numeric__receptor_only__intracellular_cavity_core_bottleneck_area	0.0	0.0
receptor_only_geometry	receptor_grouped_5fold	4	Gq/11	numeric__receptor_only__intracellular_cavity_core_bottleneck_radius	0.0	0.0
receptor_only_geometry	receptor_grouped_5fold	4	Gq/11	numeric__receptor_only__intracellular_cavity_core_max_inscribed_radius	0.0	0.0
receptor_only_geometry	receptor_grouped_5fold	4	Gq/11	numeric__receptor_only__intracellular_cavity_core_surface_area	0.0	0.0
receptor_only_geometry	receptor_grouped_5fold	4	Gq/11	numeric__receptor_only__intracellular_cavity_core_centroid_x	0.15292778086466632	0.15292778086466632
receptor_only_geometry	receptor_grouped_5fold	4	Gq/11	numeric__receptor_only__intracellular_cavity_core_centroid_y	0.0	0.0
receptor_only_geometry	receptor_grouped_5fold	4	Gq/11	numeric__receptor_only__intracellular_cavity_core_centroid_z	-0.21653902013221574	0.21653902013221574
receptor_only_geometry	receptor_grouped_5fold	4	Gq/11	numeric__receptor_only__intracellular_cavity_core_principal_length_1	0.0	0.0
receptor_only_geometry	receptor_grouped_5fold	4	Gq/11	numeric__receptor_only__intracellular_cavity_core_principal_length_2	0.0	0.0
receptor_only_geometry	receptor_grouped_5fold	4	Gq/11	numeric__receptor_only__intracellular_cavity_core_principal_length_3	0.0	0.0
receptor_only_geometry	receptor_grouped_5fold	4	Gq/11	numeric__receptor_only__intracellular_cavity_core_principal_axis_1_z_alignment	0.0	0.0
receptor_only_geometry	receptor_grouped_5fold	4	Gq/11	numeric__receptor_only__intracellular_cavity_core_eccentricity	0.0	0.0
receptor_only_geometry	receptor_grouped_5fold	4	Gq/11	numeric__receptor_only__intracellular_cavity_core_sphericity	0.025649786668821464	0.025649786668821464
receptor_only_geometry	receptor_grouped_5fold	4	Gq/11	numeric__receptor_only__intracellular_cavity_core_asymmetry	-0.08980462327429327	0.08980462327429327
receptor_only_geometry	receptor_grouped_5fold	4	Gq/11	numeric__receptor_only__intracellular_cavity_core_tm3_side_fraction	0.0	0.0
receptor_only_geometry	receptor_grouped_5fold	4	Gq/11	numeric__receptor_only__intracellular_cavity_core_tm6_side_fraction	0.0	0.0
receptor_only_geometry	receptor_grouped_5fold	4	Gq/11	numeric__receptor_only__intracellular_cavity_core_tm5_side_fraction	0.0	0.0
receptor_only_geometry	receptor_grouped_5fold	4	Gq/11	numeric__receptor_only__intracellular_cavity_core_tm7_side_fraction	0.0	0.0
receptor_only_geometry	receptor_grouped_5fold	4	Gq/11	numeric__receptor_only__intracellular_cavity_core_wall_fraction_h8	-0.10460860136560994	0.10460860136560994
receptor_only_geometry	receptor_grouped_5fold	4	Gq/11	numeric__receptor_only__intracellular_cavity_core_wall_fraction_icl2	0.23350229899671984	0.23350229899671984
receptor_only_geometry	receptor_grouped_5fold	4	Gq/11	numeric__receptor_only__intracellular_cavity_core_wall_fraction_tm3	0.0	0.0
receptor_only_geometry	receptor_grouped_5fold	4	Gq/11	numeric__receptor_only__intracellular_cavity_core_wall_fraction_tm7	0.0026609539384575315	0.0026609539384575315
receptor_only_geometry	receptor_grouped_5fold	4	Gs	numeric__receptor_only__activation_consensus_score	0.0	0.0
receptor_only_geometry	receptor_grouped_5fold	4	Gs	numeric__receptor_only__tm6_r350_634_distance	0.0	0.0
receptor_only_geometry	receptor_grouped_5fold	4	Gs	numeric__receptor_only__tm6_aligned_displacement	0.0	0.0
receptor_only_geometry	receptor_grouped_5fold	4	Gs	numeric__receptor_only__tm7_displacement	0.0	0.0
receptor_only_geometry	receptor_grouped_5fold	4	Gs	numeric__receptor_only__tm3_tm7_distance	0.0	0.0
receptor_only_geometry	receptor_grouped_5fold	4	Gs	numeric__receptor_only__tm6_r350_630_distance	0.0	0.0
receptor_only_geometry	receptor_grouped_5fold	4	Gs	numeric__receptor_only__dry_r350_630_min_distance	0.0	0.0
receptor_only_geometry	receptor_grouped_5fold	4	Gs	numeric__receptor_only__dry_r350_630_ca_distance	0.0	0.0
receptor_only_geometry	receptor_grouped_5fold	4	Gs	numeric__receptor_only__dry_d349_r350_min_distance	0.0	0.0
receptor_only_geometry	receptor_grouped_5fold	4	Gs	numeric__receptor_only__r350_chi1	0.0	0.0
receptor_only_geometry	receptor_grouped_5fold	4	Gs	numeric__receptor_only__r350_chi2	-0.04096546602658491	0.04096546602658491
receptor_only_geometry	receptor_grouped_5fold	4	Gs	numeric__receptor_only__pif_550_340_distance	0.0	0.0
receptor_only_geometry	receptor_grouped_5fold	4	Gs	numeric__receptor_only__pif_340_644_distance	0.0	0.0
receptor_only_geometry	receptor_grouped_5fold	4	Gs	numeric__receptor_only__pif_550_644_distance	0.0017639078557174655	0.0017639078557174655
receptor_only_geometry	receptor_grouped_5fold	4	Gs	numeric__receptor_only__pif_550_340_min_distance	0.1321359116439278	0.1321359116439278
receptor_only_geometry	receptor_grouped_5fold	4	Gs	numeric__receptor_only__pif_340_644_min_distance	0.0	0.0
receptor_only_geometry	receptor_grouped_5fold	4	Gs	numeric__receptor_only__pif_550_644_min_distance	0.0	0.0
receptor_only_geometry	receptor_grouped_5fold	4	Gs	numeric__receptor_only__pif_triangle_perimeter	0.01306987971990883	0.01306987971990883
receptor_only_geometry	receptor_grouped_5fold	4	Gs	numeric__receptor_only__position_644_chi1	0.3955402919678085	0.3955402919678085
receptor_only_geometry	receptor_grouped_5fold	4	Gs	numeric__receptor_only__position_644_chi2	0.16017830752805529	0.16017830752805529
receptor_only_geometry	receptor_grouped_5fold	4	Gs	numeric__receptor_only__w648_chi1	0.0	0.0
receptor_only_geometry	receptor_grouped_5fold	4	Gs	numeric__receptor_only__w648_chi2	0.0	0.0
receptor_only_geometry	receptor_grouped_5fold	4	Gs	numeric__receptor_only__w648_displacement	0.0	0.0
receptor_only_geometry	receptor_grouped_5fold	4	Gs	numeric__receptor_only__w648_to_644_distance	0.0	0.0
receptor_only_geometry	receptor_grouped_5fold	4	Gs	numeric__receptor_only__cwxp_647_650_distance	0.0	0.0
receptor_only_geometry	receptor_grouped_5fold	4	Gs	numeric__receptor_only__y753_chi1	0.358796621402995	0.358796621402995
receptor_only_geometry	receptor_grouped_5fold	4	Gs	numeric__receptor_only__y753_chi2	0.0	0.0
receptor_only_geometry	receptor_grouped_5fold	4	Gs	numeric__receptor_only__y753_y558_distance	0.0	0.0
receptor_only_geometry	receptor_grouped_5fold	4	Gs	numeric__receptor_only__y753_y558_min_distance	0.0	0.0
receptor_only_geometry	receptor_grouped_5fold	4	Gs	numeric__receptor_only__n749_y753_distance	0.0	0.0
receptor_only_geometry	receptor_grouped_5fold	4	Gs	numeric__receptor_only__npxxy_local_spread	0.0	0.0
receptor_only_geometry	receptor_grouped_5fold	4	Gs	numeric__receptor_only__y753_displacement	0.0	0.0
receptor_only_geometry	receptor_grouped_5fold	4	Gs	numeric__receptor_only__sodium_d250_s339_distance	0.22772473633625762	0.22772473633625762
receptor_only_geometry	receptor_grouped_5fold	4	Gs	numeric__receptor_only__sodium_d250_n745_distance	0.0898484151087901	0.0898484151087901
receptor_only_geometry	receptor_grouped_5fold	4	Gs	numeric__receptor_only__sodium_d250_s746_distance	0.0	0.0
receptor_only_geometry	receptor_grouped_5fold	4	Gs	numeric__receptor_only__sodium_d250_n749_distance	0.20717652301641337	0.20717652301641337
receptor_only_geometry	receptor_grouped_5fold	4	Gs	numeric__receptor_only__sodium_pocket_volume	0.23353495965213397	0.23353495965213397
receptor_only_geometry	receptor_grouped_5fold	4	Gs	numeric__receptor_only__sodium_pocket_spread	0.290449462898189	0.290449462898189
receptor_only_geometry	receptor_grouped_5fold	4	Gs	numeric__receptor_only__tm7_rotation	0.0	0.0
receptor_only_geometry	receptor_grouped_5fold	4	Gs	numeric__receptor_only__icl2_generic_ca_count	0.17120828493897913	0.17120828493897913
receptor_only_geometry	receptor_grouped_5fold	4	Gs	numeric__receptor_only__icl2_end_to_end_distance	0.0	0.0
receptor_only_geometry	receptor_grouped_5fold	4	Gs	numeric__receptor_only__icl2_centroid_to_r350	-0.034938742425780336	0.034938742425780336
receptor_only_geometry	receptor_grouped_5fold	4	Gs	numeric__receptor_only__icl2_centroid_to_tm5_561	0.04269697110922722	0.04269697110922722
receptor_only_geometry	receptor_grouped_5fold	4	Gs	numeric__receptor_only__icl2_centroid_to_tm6_634	0.0	0.0
receptor_only_geometry	receptor_grouped_5fold	4	Gs	numeric__receptor_only__icl2_centroid_to_tm7_753	0.0	0.0
receptor_only_geometry	receptor_grouped_5fold	4	Gs	numeric__receptor_only__icl2_axis_tm3_angle	-0.22128331143221283	0.22128331143221283
receptor_only_geometry	receptor_grouped_5fold	4	Gs	numeric__receptor_only__icl2_axis_tm5_angle	-0.1243562227842743	0.1243562227842743
receptor_only_geometry	receptor_grouped_5fold	4	Gs	numeric__receptor_only__icl2_active_reference_displacement	-0.0006882206159243354	0.0006882206159243354
receptor_only_geometry	receptor_grouped_5fold	4	Gs	numeric__receptor_only__tm5_cytoplasmic_extension	0.05493270471749675	0.05493270471749675
receptor_only_geometry	receptor_grouped_5fold	4	Gs	numeric__receptor_only__tm5_cytoplasmic_kink	0.09745960142956403	0.09745960142956403
receptor_only_geometry	receptor_grouped_5fold	4	Gs	numeric__receptor_only__tm5_r350_561_distance	0.08770588338492917	0.08770588338492917
receptor_only_geometry	receptor_grouped_5fold	4	Gs	numeric__receptor_only__tm5_r350_564_distance	0.04129528851686948	0.04129528851686948
receptor_only_geometry	receptor_grouped_5fold	4	Gs	numeric__receptor_only__tm5_tm6_cavity_distance	-0.005573891869834122	0.005573891869834122
receptor_only_geometry	receptor_grouped_5fold	4	Gs	numeric__receptor_only__tm5_axis_tm3_angle	0.10203502393810933	0.10203502393810933
receptor_only_geometry	receptor_grouped_5fold	4	Gs	numeric__receptor_only__tm6_lower_upper_kink	0.5798205724673864	0.5798205724673864
receptor_only_geometry	receptor_grouped_5fold	4	Gs	numeric__receptor_only__tm6_axis_tm3_angle	0.0	0.0
receptor_only_geometry	receptor_grouped_5fold	4	Gs	numeric__receptor_only__tm6_tm7_cavity_distance	0.0	0.0
receptor_only_geometry	receptor_grouped_5fold	4	Gs	numeric__receptor_only__tm7_h8_angle	0.0	0.0
receptor_only_geometry	receptor_grouped_5fold	4	Gs	numeric__receptor_only__h8_end_to_end_distance	0.0	0.0
receptor_only_geometry	receptor_grouped_5fold	4	Gs	numeric__receptor_only__h8_r350_distance	0.0	0.0
receptor_only_geometry	receptor_grouped_5fold	4	Gs	numeric__receptor_only__h8_tm6_distance	0.0	0.0
receptor_only_geometry	receptor_grouped_5fold	4	Gs	numeric__receptor_only__icl2_helix_fraction	0.0	0.0
receptor_only_geometry	receptor_grouped_5fold	4	Gs	numeric__receptor_only__icl2_longest_helix	0.029345985206948585	0.029345985206948585
receptor_only_geometry	receptor_grouped_5fold	4	Gs	numeric__receptor_only__icl2_mean_phi	0.0	0.0
receptor_only_geometry	receptor_grouped_5fold	4	Gs	numeric__receptor_only__icl2_mean_psi	0.0	0.0
receptor_only_geometry	receptor_grouped_5fold	4	Gs	numeric__receptor_only__intracellular_cavity_core_volume	0.0	0.0
receptor_only_geometry	receptor_grouped_5fold	4	Gs	numeric__receptor_only__intracellular_cavity_core_mouth_area	0.0	0.0
receptor_only_geometry	receptor_grouped_5fold	4	Gs	numeric__receptor_only__intracellular_cavity_core_depth	-0.16277415357209066	0.16277415357209066
receptor_only_geometry	receptor_grouped_5fold	4	Gs	numeric__receptor_only__intracellular_cavity_core_maximum_width	0.0	0.0
receptor_only_geometry	receptor_grouped_5fold	4	Gs	numeric__receptor_only__intracellular_cavity_core_average_cross_section	0.0	0.0
receptor_only_geometry	receptor_grouped_5fold	4	Gs	numeric__receptor_only__intracellular_cavity_core_bottleneck_area	0.0	0.0
receptor_only_geometry	receptor_grouped_5fold	4	Gs	numeric__receptor_only__intracellular_cavity_core_bottleneck_radius	0.0	0.0
receptor_only_geometry	receptor_grouped_5fold	4	Gs	numeric__receptor_only__intracellular_cavity_core_max_inscribed_radius	0.0	0.0
receptor_only_geometry	receptor_grouped_5fold	4	Gs	numeric__receptor_only__intracellular_cavity_core_surface_area	0.0	0.0
receptor_only_geometry	receptor_grouped_5fold	4	Gs	numeric__receptor_only__intracellular_cavity_core_centroid_x	-0.13143356219012386	0.13143356219012386
receptor_only_geometry	receptor_grouped_5fold	4	Gs	numeric__receptor_only__intracellular_cavity_core_centroid_y	-0.15447355109743702	0.15447355109743702
receptor_only_geometry	receptor_grouped_5fold	4	Gs	numeric__receptor_only__intracellular_cavity_core_centroid_z	0.2714213133855488	0.2714213133855488
receptor_only_geometry	receptor_grouped_5fold	4	Gs	numeric__receptor_only__intracellular_cavity_core_principal_length_1	-0.14825948503167585	0.14825948503167585
receptor_only_geometry	receptor_grouped_5fold	4	Gs	numeric__receptor_only__intracellular_cavity_core_principal_length_2	0.0	0.0
receptor_only_geometry	receptor_grouped_5fold	4	Gs	numeric__receptor_only__intracellular_cavity_core_principal_length_3	0.0	0.0
receptor_only_geometry	receptor_grouped_5fold	4	Gs	numeric__receptor_only__intracellular_cavity_core_principal_axis_1_z_alignment	0.0	0.0
receptor_only_geometry	receptor_grouped_5fold	4	Gs	numeric__receptor_only__intracellular_cavity_core_eccentricity	-0.09039236970147596	0.09039236970147596
receptor_only_geometry	receptor_grouped_5fold	4	Gs	numeric__receptor_only__intracellular_cavity_core_sphericity	0.0	0.0
receptor_only_geometry	receptor_grouped_5fold	4	Gs	numeric__receptor_only__intracellular_cavity_core_asymmetry	0.0	0.0
receptor_only_geometry	receptor_grouped_5fold	4	Gs	numeric__receptor_only__intracellular_cavity_core_tm3_side_fraction	0.0	0.0
receptor_only_geometry	receptor_grouped_5fold	4	Gs	numeric__receptor_only__intracellular_cavity_core_tm6_side_fraction	0.0	0.0
receptor_only_geometry	receptor_grouped_5fold	4	Gs	numeric__receptor_only__intracellular_cavity_core_tm5_side_fraction	0.0	0.0
receptor_only_geometry	receptor_grouped_5fold	4	Gs	numeric__receptor_only__intracellular_cavity_core_tm7_side_fraction	0.0	0.0
receptor_only_geometry	receptor_grouped_5fold	4	Gs	numeric__receptor_only__intracellular_cavity_core_wall_fraction_h8	0.0	0.0
receptor_only_geometry	receptor_grouped_5fold	4	Gs	numeric__receptor_only__intracellular_cavity_core_wall_fraction_icl2	-0.25579031505341415	0.25579031505341415
receptor_only_geometry	receptor_grouped_5fold	4	Gs	numeric__receptor_only__intracellular_cavity_core_wall_fraction_tm3	0.0	0.0
receptor_only_geometry	receptor_grouped_5fold	4	Gs	numeric__receptor_only__intracellular_cavity_core_wall_fraction_tm7	-0.09661560659286753	0.09661560659286753
