experiment	validation	fold	class_label	transformed_feature	coefficient	absolute_coefficient
bound_geometry	receptor_grouped_5fold	0	Gi/o	numeric__bound__activation_consensus_score	-0.07595094074672123	0.07595094074672123
bound_geometry	receptor_grouped_5fold	0	Gi/o	numeric__bound__tm6_r350_634_distance	0.0	0.0
bound_geometry	receptor_grouped_5fold	0	Gi/o	numeric__bound__tm6_aligned_displacement	0.0	0.0
bound_geometry	receptor_grouped_5fold	0	Gi/o	numeric__bound__tm7_displacement	0.0	0.0
bound_geometry	receptor_grouped_5fold	0	Gi/o	numeric__bound__tm3_tm7_distance	0.370587097572883	0.370587097572883
bound_geometry	receptor_grouped_5fold	0	Gi/o	numeric__bound__tm6_r350_630_distance	-0.1263291907555086	0.1263291907555086
bound_geometry	receptor_grouped_5fold	0	Gi/o	numeric__bound__dry_r350_630_min_distance	0.0	0.0
bound_geometry	receptor_grouped_5fold	0	Gi/o	numeric__bound__dry_r350_630_ca_distance	-0.1263291907555086	0.1263291907555086
bound_geometry	receptor_grouped_5fold	0	Gi/o	numeric__bound__dry_d349_r350_min_distance	-0.13937264086985646	0.13937264086985646
bound_geometry	receptor_grouped_5fold	0	Gi/o	numeric__bound__r350_chi1	0.14703383899032527	0.14703383899032527
bound_geometry	receptor_grouped_5fold	0	Gi/o	numeric__bound__r350_chi2	-0.05788284821874865	0.05788284821874865
bound_geometry	receptor_grouped_5fold	0	Gi/o	numeric__bound__pif_550_340_distance	-0.23908245914502652	0.23908245914502652
bound_geometry	receptor_grouped_5fold	0	Gi/o	numeric__bound__pif_340_644_distance	0.0	0.0
bound_geometry	receptor_grouped_5fold	0	Gi/o	numeric__bound__pif_550_644_distance	0.0	0.0
bound_geometry	receptor_grouped_5fold	0	Gi/o	numeric__bound__pif_550_340_min_distance	-0.05390591586323451	0.05390591586323451
bound_geometry	receptor_grouped_5fold	0	Gi/o	numeric__bound__pif_340_644_min_distance	0.0	0.0
bound_geometry	receptor_grouped_5fold	0	Gi/o	numeric__bound__pif_550_644_min_distance	-0.14990602564928543	0.14990602564928543
bound_geometry	receptor_grouped_5fold	0	Gi/o	numeric__bound__pif_triangle_perimeter	0.0	0.0
bound_geometry	receptor_grouped_5fold	0	Gi/o	numeric__bound__position_644_chi1	-0.5850246898665573	0.5850246898665573
bound_geometry	receptor_grouped_5fold	0	Gi/o	numeric__bound__position_644_chi2	-0.7445895847425579	0.7445895847425579
bound_geometry	receptor_grouped_5fold	0	Gi/o	numeric__bound__w648_chi1	-0.4837908467904545	0.4837908467904545
bound_geometry	receptor_grouped_5fold	0	Gi/o	numeric__bound__w648_chi2	0.1621953827934007	0.1621953827934007
bound_geometry	receptor_grouped_5fold	0	Gi/o	numeric__bound__w648_displacement	0.1430203433823345	0.1430203433823345
bound_geometry	receptor_grouped_5fold	0	Gi/o	numeric__bound__w648_to_644_distance	0.0	0.0
bound_geometry	receptor_grouped_5fold	0	Gi/o	numeric__bound__cwxp_647_650_distance	0.026833167109494984	0.026833167109494984
bound_geometry	receptor_grouped_5fold	0	Gi/o	numeric__bound__y753_chi1	-0.007234250731802927	0.007234250731802927
bound_geometry	receptor_grouped_5fold	0	Gi/o	numeric__bound__y753_chi2	0.0	0.0
bound_geometry	receptor_grouped_5fold	0	Gi/o	numeric__bound__y753_y558_distance	0.0	0.0
bound_geometry	receptor_grouped_5fold	0	Gi/o	numeric__bound__y753_y558_min_distance	0.0	0.0
bound_geometry	receptor_grouped_5fold	0	Gi/o	numeric__bound__n749_y753_distance	0.20676540190675913	0.20676540190675913
bound_geometry	receptor_grouped_5fold	0	Gi/o	numeric__bound__npxxy_local_spread	0.0	0.0
bound_geometry	receptor_grouped_5fold	0	Gi/o	numeric__bound__y753_displacement	-0.07569640129569298	0.07569640129569298
bound_geometry	receptor_grouped_5fold	0	Gi/o	numeric__bound__sodium_d250_s339_distance	-0.1644459040307875	0.1644459040307875
bound_geometry	receptor_grouped_5fold	0	Gi/o	numeric__bound__sodium_d250_n745_distance	0.0	0.0
bound_geometry	receptor_grouped_5fold	0	Gi/o	numeric__bound__sodium_d250_s746_distance	0.0	0.0
bound_geometry	receptor_grouped_5fold	0	Gi/o	numeric__bound__sodium_d250_n749_distance	0.0	0.0
bound_geometry	receptor_grouped_5fold	0	Gi/o	numeric__bound__sodium_pocket_volume	-0.01003307145534348	0.01003307145534348
bound_geometry	receptor_grouped_5fold	0	Gi/o	numeric__bound__sodium_pocket_spread	-0.0033240223276811637	0.0033240223276811637
bound_geometry	receptor_grouped_5fold	0	Gi/o	numeric__bound__tm7_rotation	0.0	0.0
bound_geometry	receptor_grouped_5fold	0	Gi/o	numeric__bound__icl2_generic_ca_count	0.0	0.0
bound_geometry	receptor_grouped_5fold	0	Gi/o	numeric__bound__icl2_end_to_end_distance	0.2071867715019721	0.2071867715019721
bound_geometry	receptor_grouped_5fold	0	Gi/o	numeric__bound__icl2_centroid_to_r350	0.0	0.0
bound_geometry	receptor_grouped_5fold	0	Gi/o	numeric__bound__icl2_centroid_to_tm5_561	0.0	0.0
bound_geometry	receptor_grouped_5fold	0	Gi/o	numeric__bound__icl2_centroid_to_tm6_634	0.0	0.0
bound_geometry	receptor_grouped_5fold	0	Gi/o	numeric__bound__icl2_centroid_to_tm7_753	0.34767881896460995	0.34767881896460995
bound_geometry	receptor_grouped_5fold	0	Gi/o	numeric__bound__icl2_axis_tm3_angle	0.0	0.0
bound_geometry	receptor_grouped_5fold	0	Gi/o	numeric__bound__icl2_axis_tm5_angle	0.11009227085871115	0.11009227085871115
bound_geometry	receptor_grouped_5fold	0	Gi/o	numeric__bound__icl2_active_reference_displacement	0.0	0.0
bound_geometry	receptor_grouped_5fold	0	Gi/o	numeric__bound__tm5_cytoplasmic_extension	0.0	0.0
bound_geometry	receptor_grouped_5fold	0	Gi/o	numeric__bound__tm5_cytoplasmic_kink	-0.072560354698857	0.072560354698857
bound_geometry	receptor_grouped_5fold	0	Gi/o	numeric__bound__tm5_r350_561_distance	-0.08354735975922813	0.08354735975922813
bound_geometry	receptor_grouped_5fold	0	Gi/o	numeric__bound__tm5_r350_564_distance	0.0	0.0
bound_geometry	receptor_grouped_5fold	0	Gi/o	numeric__bound__tm5_tm6_cavity_distance	0.0	0.0
bound_geometry	receptor_grouped_5fold	0	Gi/o	numeric__bound__tm5_axis_tm3_angle	-0.1576274770230514	0.1576274770230514
bound_geometry	receptor_grouped_5fold	0	Gi/o	numeric__bound__tm6_lower_upper_kink	0.0	0.0
bound_geometry	receptor_grouped_5fold	0	Gi/o	numeric__bound__tm6_axis_tm3_angle	-0.22274039958646372	0.22274039958646372
bound_geometry	receptor_grouped_5fold	0	Gi/o	numeric__bound__tm6_tm7_cavity_distance	0.0	0.0
bound_geometry	receptor_grouped_5fold	0	Gi/o	numeric__bound__tm7_h8_angle	0.0	0.0
bound_geometry	receptor_grouped_5fold	0	Gi/o	numeric__bound__h8_end_to_end_distance	0.4495777659882313	0.4495777659882313
bound_geometry	receptor_grouped_5fold	0	Gi/o	numeric__bound__h8_r350_distance	0.0	0.0
bound_geometry	receptor_grouped_5fold	0	Gi/o	numeric__bound__h8_tm6_distance	0.0	0.0
bound_geometry	receptor_grouped_5fold	0	Gi/o	numeric__bound__icl2_helix_fraction	0.0	0.0
bound_geometry	receptor_grouped_5fold	0	Gi/o	numeric__bound__icl2_longest_helix	0.016849605762701805	0.016849605762701805
bound_geometry	receptor_grouped_5fold	0	Gi/o	numeric__bound__icl2_mean_phi	0.7457807331771661	0.7457807331771661
bound_geometry	receptor_grouped_5fold	0	Gi/o	numeric__bound__icl2_mean_psi	0.0	0.0
bound_geometry	receptor_grouped_5fold	0	Gi/o	numeric__bound__intracellular_cavity_core_volume	0.0	0.0
bound_geometry	receptor_grouped_5fold	0	Gi/o	numeric__bound__intracellular_cavity_core_mouth_area	0.0	0.0
bound_geometry	receptor_grouped_5fold	0	Gi/o	numeric__bound__intracellular_cavity_core_depth	0.0	0.0
bound_geometry	receptor_grouped_5fold	0	Gi/o	numeric__bound__intracellular_cavity_core_maximum_width	0.0	0.0
bound_geometry	receptor_grouped_5fold	0	Gi/o	numeric__bound__intracellular_cavity_core_average_cross_section	-0.03043450949742182	0.03043450949742182
bound_geometry	receptor_grouped_5fold	0	Gi/o	numeric__bound__intracellular_cavity_core_bottleneck_area	-0.19976603048334118	0.19976603048334118
bound_geometry	receptor_grouped_5fold	0	Gi/o	numeric__bound__intracellular_cavity_core_bottleneck_radius	-0.15725593597630563	0.15725593597630563
bound_geometry	receptor_grouped_5fold	0	Gi/o	numeric__bound__intracellular_cavity_core_max_inscribed_radius	0.0	0.0
bound_geometry	receptor_grouped_5fold	0	Gi/o	numeric__bound__intracellular_cavity_core_surface_area	0.0	0.0
bound_geometry	receptor_grouped_5fold	0	Gi/o	numeric__bound__intracellular_cavity_core_centroid_x	0.0	0.0
bound_geometry	receptor_grouped_5fold	0	Gi/o	numeric__bound__intracellular_cavity_core_centroid_y	0.0	0.0
bound_geometry	receptor_grouped_5fold	0	Gi/o	numeric__bound__intracellular_cavity_core_centroid_z	0.0	0.0
bound_geometry	receptor_grouped_5fold	0	Gi/o	numeric__bound__intracellular_cavity_core_principal_length_1	0.0	0.0
bound_geometry	receptor_grouped_5fold	0	Gi/o	numeric__bound__intracellular_cavity_core_principal_length_2	0.11107176275067991	0.11107176275067991
bound_geometry	receptor_grouped_5fold	0	Gi/o	numeric__bound__intracellular_cavity_core_principal_length_3	-0.015487788645796884	0.015487788645796884
bound_geometry	receptor_grouped_5fold	0	Gi/o	numeric__bound__intracellular_cavity_core_principal_axis_1_z_alignment	0.0	0.0
bound_geometry	receptor_grouped_5fold	0	Gi/o	numeric__bound__intracellular_cavity_core_eccentricity	0.0	0.0
bound_geometry	receptor_grouped_5fold	0	Gi/o	numeric__bound__intracellular_cavity_core_sphericity	-0.11951555789502168	0.11951555789502168
bound_geometry	receptor_grouped_5fold	0	Gi/o	numeric__bound__intracellular_cavity_core_asymmetry	0.13753325633430918	0.13753325633430918
bound_geometry	receptor_grouped_5fold	0	Gi/o	numeric__bound__intracellular_cavity_core_tm3_side_fraction	0.0	0.0
bound_geometry	receptor_grouped_5fold	0	Gi/o	numeric__bound__intracellular_cavity_core_tm6_side_fraction	0.0	0.0
bound_geometry	receptor_grouped_5fold	0	Gi/o	numeric__bound__intracellular_cavity_core_tm5_side_fraction	0.0	0.0
bound_geometry	receptor_grouped_5fold	0	Gi/o	numeric__bound__intracellular_cavity_core_tm7_side_fraction	0.0	0.0
bound_geometry	receptor_grouped_5fold	0	Gi/o	numeric__bound__intracellular_cavity_core_wall_fraction_h8	0.0	0.0
bound_geometry	receptor_grouped_5fold	0	Gi/o	numeric__bound__intracellular_cavity_core_wall_fraction_icl2	-0.39909391681261497	0.39909391681261497
bound_geometry	receptor_grouped_5fold	0	Gi/o	numeric__bound__intracellular_cavity_core_wall_fraction_tm3	0.0	0.0
bound_geometry	receptor_grouped_5fold	0	Gi/o	numeric__bound__intracellular_cavity_core_wall_fraction_tm7	0.0	0.0
bound_geometry	receptor_grouped_5fold	0	Gq/11	numeric__bound__activation_consensus_score	0.0	0.0
bound_geometry	receptor_grouped_5fold	0	Gq/11	numeric__bound__tm6_r350_634_distance	0.0	0.0
bound_geometry	receptor_grouped_5fold	0	Gq/11	numeric__bound__tm6_aligned_displacement	0.0	0.0
bound_geometry	receptor_grouped_5fold	0	Gq/11	numeric__bound__tm7_displacement	0.0	0.0
bound_geometry	receptor_grouped_5fold	0	Gq/11	numeric__bound__tm3_tm7_distance	-0.0549624538927582	0.0549624538927582
bound_geometry	receptor_grouped_5fold	0	Gq/11	numeric__bound__tm6_r350_630_distance	0.0	0.0
bound_geometry	receptor_grouped_5fold	0	Gq/11	numeric__bound__dry_r350_630_min_distance	0.0	0.0
bound_geometry	receptor_grouped_5fold	0	Gq/11	numeric__bound__dry_r350_630_ca_distance	0.0	0.0
bound_geometry	receptor_grouped_5fold	0	Gq/11	numeric__bound__dry_d349_r350_min_distance	0.0	0.0
bound_geometry	receptor_grouped_5fold	0	Gq/11	numeric__bound__r350_chi1	-0.3035295223261046	0.3035295223261046
bound_geometry	receptor_grouped_5fold	0	Gq/11	numeric__bound__r350_chi2	0.05128999011568998	0.05128999011568998
bound_geometry	receptor_grouped_5fold	0	Gq/11	numeric__bound__pif_550_340_distance	0.30003471730631676	0.30003471730631676
bound_geometry	receptor_grouped_5fold	0	Gq/11	numeric__bound__pif_340_644_distance	0.0	0.0
bound_geometry	receptor_grouped_5fold	0	Gq/11	numeric__bound__pif_550_644_distance	0.0	0.0
bound_geometry	receptor_grouped_5fold	0	Gq/11	numeric__bound__pif_550_340_min_distance	0.1542248639182828	0.1542248639182828
bound_geometry	receptor_grouped_5fold	0	Gq/11	numeric__bound__pif_340_644_min_distance	0.0	0.0
bound_geometry	receptor_grouped_5fold	0	Gq/11	numeric__bound__pif_550_644_min_distance	0.0	0.0
bound_geometry	receptor_grouped_5fold	0	Gq/11	numeric__bound__pif_triangle_perimeter	0.0	0.0
bound_geometry	receptor_grouped_5fold	0	Gq/11	numeric__bound__position_644_chi1	0.6291154906895244	0.6291154906895244
bound_geometry	receptor_grouped_5fold	0	Gq/11	numeric__bound__position_644_chi2	0.35237283702864286	0.35237283702864286
bound_geometry	receptor_grouped_5fold	0	Gq/11	numeric__bound__w648_chi1	0.7814715534996909	0.7814715534996909
bound_geometry	receptor_grouped_5fold	0	Gq/11	numeric__bound__w648_chi2	0.0	0.0
bound_geometry	receptor_grouped_5fold	0	Gq/11	numeric__bound__w648_displacement	0.0	0.0
bound_geometry	receptor_grouped_5fold	0	Gq/11	numeric__bound__w648_to_644_distance	0.0	0.0
bound_geometry	receptor_grouped_5fold	0	Gq/11	numeric__bound__cwxp_647_650_distance	0.0	0.0
bound_geometry	receptor_grouped_5fold	0	Gq/11	numeric__bound__y753_chi1	0.2963806252842208	0.2963806252842208
bound_geometry	receptor_grouped_5fold	0	Gq/11	numeric__bound__y753_chi2	0.0	0.0
bound_geometry	receptor_grouped_5fold	0	Gq/11	numeric__bound__y753_y558_distance	0.08219053143450566	0.08219053143450566
bound_geometry	receptor_grouped_5fold	0	Gq/11	numeric__bound__y753_y558_min_distance	0.006112032782350595	0.006112032782350595
bound_geometry	receptor_grouped_5fold	0	Gq/11	numeric__bound__n749_y753_distance	0.0	0.0
bound_geometry	receptor_grouped_5fold	0	Gq/11	numeric__bound__npxxy_local_spread	0.0	0.0
bound_geometry	receptor_grouped_5fold	0	Gq/11	numeric__bound__y753_displacement	0.0	0.0
bound_geometry	receptor_grouped_5fold	0	Gq/11	numeric__bound__sodium_d250_s339_distance	0.5001065703752511	0.5001065703752511
bound_geometry	receptor_grouped_5fold	0	Gq/11	numeric__bound__sodium_d250_n745_distance	0.11310410917181819	0.11310410917181819
bound_geometry	receptor_grouped_5fold	0	Gq/11	numeric__bound__sodium_d250_s746_distance	-0.13088084233075967	0.13088084233075967
bound_geometry	receptor_grouped_5fold	0	Gq/11	numeric__bound__sodium_d250_n749_distance	0.14532486553219748	0.14532486553219748
bound_geometry	receptor_grouped_5fold	0	Gq/11	numeric__bound__sodium_pocket_volume	0.0	0.0
bound_geometry	receptor_grouped_5fold	0	Gq/11	numeric__bound__sodium_pocket_spread	0.18116647624604437	0.18116647624604437
bound_geometry	receptor_grouped_5fold	0	Gq/11	numeric__bound__tm7_rotation	-0.015644784081799052	0.015644784081799052
bound_geometry	receptor_grouped_5fold	0	Gq/11	numeric__bound__icl2_generic_ca_count	0.0	0.0
bound_geometry	receptor_grouped_5fold	0	Gq/11	numeric__bound__icl2_end_to_end_distance	-0.15713322760039433	0.15713322760039433
bound_geometry	receptor_grouped_5fold	0	Gq/11	numeric__bound__icl2_centroid_to_r350	0.0	0.0
bound_geometry	receptor_grouped_5fold	0	Gq/11	numeric__bound__icl2_centroid_to_tm5_561	0.27423155999867993	0.27423155999867993
bound_geometry	receptor_grouped_5fold	0	Gq/11	numeric__bound__icl2_centroid_to_tm6_634	0.0	0.0
bound_geometry	receptor_grouped_5fold	0	Gq/11	numeric__bound__icl2_centroid_to_tm7_753	-0.2762707545008888	0.2762707545008888
bound_geometry	receptor_grouped_5fold	0	Gq/11	numeric__bound__icl2_axis_tm3_angle	0.0028467716032477943	0.0028467716032477943
bound_geometry	receptor_grouped_5fold	0	Gq/11	numeric__bound__icl2_axis_tm5_angle	0.0	0.0
bound_geometry	receptor_grouped_5fold	0	Gq/11	numeric__bound__icl2_active_reference_displacement	0.22252746907918602	0.22252746907918602
bound_geometry	receptor_grouped_5fold	0	Gq/11	numeric__bound__tm5_cytoplasmic_extension	0.3333761313284147	0.3333761313284147
bound_geometry	receptor_grouped_5fold	0	Gq/11	numeric__bound__tm5_cytoplasmic_kink	0.0	0.0
bound_geometry	receptor_grouped_5fold	0	Gq/11	numeric__bound__tm5_r350_561_distance	0.23254055177677066	0.23254055177677066
bound_geometry	receptor_grouped_5fold	0	Gq/11	numeric__bound__tm5_r350_564_distance	0.10956541143428765	0.10956541143428765
bound_geometry	receptor_grouped_5fold	0	Gq/11	numeric__bound__tm5_tm6_cavity_distance	0.0	0.0
bound_geometry	receptor_grouped_5fold	0	Gq/11	numeric__bound__tm5_axis_tm3_angle	0.0	0.0
bound_geometry	receptor_grouped_5fold	0	Gq/11	numeric__bound__tm6_lower_upper_kink	-0.31372938380786286	0.31372938380786286
bound_geometry	receptor_grouped_5fold	0	Gq/11	numeric__bound__tm6_axis_tm3_angle	0.0	0.0
bound_geometry	receptor_grouped_5fold	0	Gq/11	numeric__bound__tm6_tm7_cavity_distance	-0.3541144736028252	0.3541144736028252
bound_geometry	receptor_grouped_5fold	0	Gq/11	numeric__bound__tm7_h8_angle	0.0	0.0
bound_geometry	receptor_grouped_5fold	0	Gq/11	numeric__bound__h8_end_to_end_distance	-0.2817167792047197	0.2817167792047197
bound_geometry	receptor_grouped_5fold	0	Gq/11	numeric__bound__h8_r350_distance	0.12898333922774127	0.12898333922774127
bound_geometry	receptor_grouped_5fold	0	Gq/11	numeric__bound__h8_tm6_distance	0.0	0.0
bound_geometry	receptor_grouped_5fold	0	Gq/11	numeric__bound__icl2_helix_fraction	0.0	0.0
bound_geometry	receptor_grouped_5fold	0	Gq/11	numeric__bound__icl2_longest_helix	0.0	0.0
bound_geometry	receptor_grouped_5fold	0	Gq/11	numeric__bound__icl2_mean_phi	-0.06415630390664734	0.06415630390664734
bound_geometry	receptor_grouped_5fold	0	Gq/11	numeric__bound__icl2_mean_psi	0.1376488014786602	0.1376488014786602
bound_geometry	receptor_grouped_5fold	0	Gq/11	numeric__bound__intracellular_cavity_core_volume	0.0	0.0
bound_geometry	receptor_grouped_5fold	0	Gq/11	numeric__bound__intracellular_cavity_core_mouth_area	0.0	0.0
bound_geometry	receptor_grouped_5fold	0	Gq/11	numeric__bound__intracellular_cavity_core_depth	0.0	0.0
bound_geometry	receptor_grouped_5fold	0	Gq/11	numeric__bound__intracellular_cavity_core_maximum_width	0.0	0.0
bound_geometry	receptor_grouped_5fold	0	Gq/11	numeric__bound__intracellular_cavity_core_average_cross_section	0.0	0.0
bound_geometry	receptor_grouped_5fold	0	Gq/11	numeric__bound__intracellular_cavity_core_bottleneck_area	0.0	0.0
bound_geometry	receptor_grouped_5fold	0	Gq/11	numeric__bound__intracellular_cavity_core_bottleneck_radius	0.0	0.0
bound_geometry	receptor_grouped_5fold	0	Gq/11	numeric__bound__intracellular_cavity_core_max_inscribed_radius	0.0	0.0
bound_geometry	receptor_grouped_5fold	0	Gq/11	numeric__bound__intracellular_cavity_core_surface_area	0.0	0.0
bound_geometry	receptor_grouped_5fold	0	Gq/11	numeric__bound__intracellular_cavity_core_centroid_x	0.05895220685905967	0.05895220685905967
bound_geometry	receptor_grouped_5fold	0	Gq/11	numeric__bound__intracellular_cavity_core_centroid_y	0.0	0.0
bound_geometry	receptor_grouped_5fold	0	Gq/11	numeric__bound__intracellular_cavity_core_centroid_z	0.0	0.0
bound_geometry	receptor_grouped_5fold	0	Gq/11	numeric__bound__intracellular_cavity_core_principal_length_1	0.12324350138059405	0.12324350138059405
bound_geometry	receptor_grouped_5fold	0	Gq/11	numeric__bound__intracellular_cavity_core_principal_length_2	0.0	0.0
bound_geometry	receptor_grouped_5fold	0	Gq/11	numeric__bound__intracellular_cavity_core_principal_length_3	0.0	0.0
bound_geometry	receptor_grouped_5fold	0	Gq/11	numeric__bound__intracellular_cavity_core_principal_axis_1_z_alignment	0.00415270400886976	0.00415270400886976
bound_geometry	receptor_grouped_5fold	0	Gq/11	numeric__bound__intracellular_cavity_core_eccentricity	0.1773043343531882	0.1773043343531882
bound_geometry	receptor_grouped_5fold	0	Gq/11	numeric__bound__intracellular_cavity_core_sphericity	0.061918179882602446	0.061918179882602446
bound_geometry	receptor_grouped_5fold	0	Gq/11	numeric__bound__intracellular_cavity_core_asymmetry	0.0	0.0
bound_geometry	receptor_grouped_5fold	0	Gq/11	numeric__bound__intracellular_cavity_core_tm3_side_fraction	-0.009176818811654027	0.009176818811654027
bound_geometry	receptor_grouped_5fold	0	Gq/11	numeric__bound__intracellular_cavity_core_tm6_side_fraction	0.009176818811655529	0.009176818811655529
bound_geometry	receptor_grouped_5fold	0	Gq/11	numeric__bound__intracellular_cavity_core_tm5_side_fraction	-0.14240476050625578	0.14240476050625578
bound_geometry	receptor_grouped_5fold	0	Gq/11	numeric__bound__intracellular_cavity_core_tm7_side_fraction	0.14240476050625678	0.14240476050625678
bound_geometry	receptor_grouped_5fold	0	Gq/11	numeric__bound__intracellular_cavity_core_wall_fraction_h8	-0.26099058641657974	0.26099058641657974
bound_geometry	receptor_grouped_5fold	0	Gq/11	numeric__bound__intracellular_cavity_core_wall_fraction_icl2	0.3877301743725384	0.3877301743725384
bound_geometry	receptor_grouped_5fold	0	Gq/11	numeric__bound__intracellular_cavity_core_wall_fraction_tm3	-0.11953820323554737	0.11953820323554737
bound_geometry	receptor_grouped_5fold	0	Gq/11	numeric__bound__intracellular_cavity_core_wall_fraction_tm7	0.17615877749241168	0.17615877749241168
bound_geometry	receptor_grouped_5fold	0	Gs	numeric__bound__activation_consensus_score	0.07717604874792393	0.07717604874792393
bound_geometry	receptor_grouped_5fold	0	Gs	numeric__bound__tm6_r350_634_distance	0.0	0.0
bound_geometry	receptor_grouped_5fold	0	Gs	numeric__bound__tm6_aligned_displacement	0.0	0.0
bound_geometry	receptor_grouped_5fold	0	Gs	numeric__bound__tm7_displacement	0.0	0.0
bound_geometry	receptor_grouped_5fold	0	Gs	numeric__bound__tm3_tm7_distance	-0.02927398209825913	0.02927398209825913
bound_geometry	receptor_grouped_5fold	0	Gs	numeric__bound__tm6_r350_630_distance	0.29779923310632483	0.29779923310632483
bound_geometry	receptor_grouped_5fold	0	Gs	numeric__bound__dry_r350_630_min_distance	0.2133647980794252	0.2133647980794252
bound_geometry	receptor_grouped_5fold	0	Gs	numeric__bound__dry_r350_630_ca_distance	0.29779923310632483	0.29779923310632483
bound_geometry	receptor_grouped_5fold	0	Gs	numeric__bound__dry_d349_r350_min_distance	0.023311255631591015	0.023311255631591015
bound_geometry	receptor_grouped_5fold	0	Gs	numeric__bound__r350_chi1	0.0	0.0
bound_geometry	receptor_grouped_5fold	0	Gs	numeric__bound__r350_chi2	0.0	0.0
bound_geometry	receptor_grouped_5fold	0	Gs	numeric__bound__pif_550_340_distance	0.0	0.0
bound_geometry	receptor_grouped_5fold	0	Gs	numeric__bound__pif_340_644_distance	0.0	0.0
bound_geometry	receptor_grouped_5fold	0	Gs	numeric__bound__pif_550_644_distance	0.0693950436376594	0.0693950436376594
bound_geometry	receptor_grouped_5fold	0	Gs	numeric__bound__pif_550_340_min_distance	0.0	0.0
bound_geometry	receptor_grouped_5fold	0	Gs	numeric__bound__pif_340_644_min_distance	0.0	0.0
bound_geometry	receptor_grouped_5fold	0	Gs	numeric__bound__pif_550_644_min_distance	0.06828333751005836	0.06828333751005836
bound_geometry	receptor_grouped_5fold	0	Gs	numeric__bound__pif_triangle_perimeter	0.0	0.0
bound_geometry	receptor_grouped_5fold	0	Gs	numeric__bound__position_644_chi1	0.0	0.0
bound_geometry	receptor_grouped_5fold	0	Gs	numeric__bound__position_644_chi2	0.1055307337072391	0.1055307337072391
bound_geometry	receptor_grouped_5fold	0	Gs	numeric__bound__w648_chi1	-0.010947841404669164	0.010947841404669164
bound_geometry	receptor_grouped_5fold	0	Gs	numeric__bound__w648_chi2	-0.29867095042758784	0.29867095042758784
bound_geometry	receptor_grouped_5fold	0	Gs	numeric__bound__w648_displacement	-0.1778432964627002	0.1778432964627002
bound_geometry	receptor_grouped_5fold	0	Gs	numeric__bound__w648_to_644_distance	0.005353895135969948	0.005353895135969948
bound_geometry	receptor_grouped_5fold	0	Gs	numeric__bound__cwxp_647_650_distance	0.0	0.0
bound_geometry	receptor_grouped_5fold	0	Gs	numeric__bound__y753_chi1	-0.0024469816709903726	0.0024469816709903726
bound_geometry	receptor_grouped_5fold	0	Gs	numeric__bound__y753_chi2	-0.03474401576436732	0.03474401576436732
bound_geometry	receptor_grouped_5fold	0	Gs	numeric__bound__y753_y558_distance	-0.1651313270572448	0.1651313270572448
bound_geometry	receptor_grouped_5fold	0	Gs	numeric__bound__y753_y558_min_distance	-0.1747207644746487	0.1747207644746487
bound_geometry	receptor_grouped_5fold	0	Gs	numeric__bound__n749_y753_distance	0.0	0.0
bound_geometry	receptor_grouped_5fold	0	Gs	numeric__bound__npxxy_local_spread	0.0	0.0
bound_geometry	receptor_grouped_5fold	0	Gs	numeric__bound__y753_displacement	0.0	0.0
bound_geometry	receptor_grouped_5fold	0	Gs	numeric__bound__sodium_d250_s339_distance	-0.049206130118468284	0.049206130118468284
bound_geometry	receptor_grouped_5fold	0	Gs	numeric__bound__sodium_d250_n745_distance	-0.021683318683656427	0.021683318683656427
bound_geometry	receptor_grouped_5fold	0	Gs	numeric__bound__sodium_d250_s746_distance	0.14869711505932273	0.14869711505932273
bound_geometry	receptor_grouped_5fold	0	Gs	numeric__bound__sodium_d250_n749_distance	0.0	0.0
bound_geometry	receptor_grouped_5fold	0	Gs	numeric__bound__sodium_pocket_volume	0.0	0.0
bound_geometry	receptor_grouped_5fold	0	Gs	numeric__bound__sodium_pocket_spread	0.0	0.0
bound_geometry	receptor_grouped_5fold	0	Gs	numeric__bound__tm7_rotation	0.0	0.0
bound_geometry	receptor_grouped_5fold	0	Gs	numeric__bound__icl2_generic_ca_count	0.0	0.0
bound_geometry	receptor_grouped_5fold	0	Gs	numeric__bound__icl2_end_to_end_distance	0.0	0.0
bound_geometry	receptor_grouped_5fold	0	Gs	numeric__bound__icl2_centroid_to_r350	0.0	0.0
bound_geometry	receptor_grouped_5fold	0	Gs	numeric__bound__icl2_centroid_to_tm5_561	-0.00804786110868309	0.00804786110868309
bound_geometry	receptor_grouped_5fold	0	Gs	numeric__bound__icl2_centroid_to_tm6_634	0.0	0.0
bound_geometry	receptor_grouped_5fold	0	Gs	numeric__bound__icl2_centroid_to_tm7_753	0.0	0.0
bound_geometry	receptor_grouped_5fold	0	Gs	numeric__bound__icl2_axis_tm3_angle	0.0	0.0
bound_geometry	receptor_grouped_5fold	0	Gs	numeric__bound__icl2_axis_tm5_angle	-0.20295569910902217	0.20295569910902217
bound_geometry	receptor_grouped_5fold	0	Gs	numeric__bound__icl2_active_reference_displacement	-0.140721213845331	0.140721213845331
bound_geometry	receptor_grouped_5fold	0	Gs	numeric__bound__tm5_cytoplasmic_extension	-0.3364058605467831	0.3364058605467831
bound_geometry	receptor_grouped_5fold	0	Gs	numeric__bound__tm5_cytoplasmic_kink	0.19897538950537436	0.19897538950537436
bound_geometry	receptor_grouped_5fold	0	Gs	numeric__bound__tm5_r350_561_distance	0.0	0.0
bound_geometry	receptor_grouped_5fold	0	Gs	numeric__bound__tm5_r350_564_distance	-0.16307549707756308	0.16307549707756308
bound_geometry	receptor_grouped_5fold	0	Gs	numeric__bound__tm5_tm6_cavity_distance	0.0	0.0
bound_geometry	receptor_grouped_5fold	0	Gs	numeric__bound__tm5_axis_tm3_angle	0.0	0.0
bound_geometry	receptor_grouped_5fold	0	Gs	numeric__bound__tm6_lower_upper_kink	0.4851725801835174	0.4851725801835174
bound_geometry	receptor_grouped_5fold	0	Gs	numeric__bound__tm6_axis_tm3_angle	0.12461074214627417	0.12461074214627417
bound_geometry	receptor_grouped_5fold	0	Gs	numeric__bound__tm6_tm7_cavity_distance	0.2299515700405966	0.2299515700405966
bound_geometry	receptor_grouped_5fold	0	Gs	numeric__bound__tm7_h8_angle	0.0	0.0
bound_geometry	receptor_grouped_5fold	0	Gs	numeric__bound__h8_end_to_end_distance	0.0	0.0
bound_geometry	receptor_grouped_5fold	0	Gs	numeric__bound__h8_r350_distance	-0.0005386964206955452	0.0005386964206955452
bound_geometry	receptor_grouped_5fold	0	Gs	numeric__bound__h8_tm6_distance	0.014791455215606885	0.014791455215606885
bound_geometry	receptor_grouped_5fold	0	Gs	numeric__bound__icl2_helix_fraction	0.0	0.0
bound_geometry	receptor_grouped_5fold	0	Gs	numeric__bound__icl2_longest_helix	-0.16383811588452415	0.16383811588452415
bound_geometry	receptor_grouped_5fold	0	Gs	numeric__bound__icl2_mean_phi	-0.3952754206837404	0.3952754206837404
bound_geometry	receptor_grouped_5fold	0	Gs	numeric__bound__icl2_mean_psi	-0.002672942994292001	0.002672942994292001
bound_geometry	receptor_grouped_5fold	0	Gs	numeric__bound__intracellular_cavity_core_volume	0.0	0.0
bound_geometry	receptor_grouped_5fold	0	Gs	numeric__bound__intracellular_cavity_core_mouth_area	0.0	0.0
bound_geometry	receptor_grouped_5fold	0	Gs	numeric__bound__intracellular_cavity_core_depth	-0.029920025028537283	0.029920025028537283
bound_geometry	receptor_grouped_5fold	0	Gs	numeric__bound__intracellular_cavity_core_maximum_width	0.0	0.0
bound_geometry	receptor_grouped_5fold	0	Gs	numeric__bound__intracellular_cavity_core_average_cross_section	0.0	0.0
bound_geometry	receptor_grouped_5fold	0	Gs	numeric__bound__intracellular_cavity_core_bottleneck_area	0.25627592730304677	0.25627592730304677
bound_geometry	receptor_grouped_5fold	0	Gs	numeric__bound__intracellular_cavity_core_bottleneck_radius	0.05056298418872432	0.05056298418872432
bound_geometry	receptor_grouped_5fold	0	Gs	numeric__bound__intracellular_cavity_core_max_inscribed_radius	-0.0628147576961417	0.0628147576961417
bound_geometry	receptor_grouped_5fold	0	Gs	numeric__bound__intracellular_cavity_core_surface_area	0.0	0.0
bound_geometry	receptor_grouped_5fold	0	Gs	numeric__bound__intracellular_cavity_core_centroid_x	0.0	0.0
bound_geometry	receptor_grouped_5fold	0	Gs	numeric__bound__intracellular_cavity_core_centroid_y	0.0	0.0
bound_geometry	receptor_grouped_5fold	0	Gs	numeric__bound__intracellular_cavity_core_centroid_z	0.0	0.0
bound_geometry	receptor_grouped_5fold	0	Gs	numeric__bound__intracellular_cavity_core_principal_length_1	-0.08374601450536552	0.08374601450536552
bound_geometry	receptor_grouped_5fold	0	Gs	numeric__bound__intracellular_cavity_core_principal_length_2	0.0	0.0
bound_geometry	receptor_grouped_5fold	0	Gs	numeric__bound__intracellular_cavity_core_principal_length_3	0.2570091915059191	0.2570091915059191
bound_geometry	receptor_grouped_5fold	0	Gs	numeric__bound__intracellular_cavity_core_principal_axis_1_z_alignment	0.0	0.0
bound_geometry	receptor_grouped_5fold	0	Gs	numeric__bound__intracellular_cavity_core_eccentricity	-0.43551688966618696	0.43551688966618696
bound_geometry	receptor_grouped_5fold	0	Gs	numeric__bound__intracellular_cavity_core_sphericity	0.0	0.0
bound_geometry	receptor_grouped_5fold	0	Gs	numeric__bound__intracellular_cavity_core_asymmetry	0.0	0.0
bound_geometry	receptor_grouped_5fold	0	Gs	numeric__bound__intracellular_cavity_core_tm3_side_fraction	0.0	0.0
bound_geometry	receptor_grouped_5fold	0	Gs	numeric__bound__intracellular_cavity_core_tm6_side_fraction	0.0	0.0
bound_geometry	receptor_grouped_5fold	0	Gs	numeric__bound__intracellular_cavity_core_tm5_side_fraction	0.0	0.0
bound_geometry	receptor_grouped_5fold	0	Gs	numeric__bound__intracellular_cavity_core_tm7_side_fraction	0.0	0.0
bound_geometry	receptor_grouped_5fold	0	Gs	numeric__bound__intracellular_cavity_core_wall_fraction_h8	0.5231911991303124	0.5231911991303124
bound_geometry	receptor_grouped_5fold	0	Gs	numeric__bound__intracellular_cavity_core_wall_fraction_icl2	0.0	0.0
bound_geometry	receptor_grouped_5fold	0	Gs	numeric__bound__intracellular_cavity_core_wall_fraction_tm3	0.0	0.0
bound_geometry	receptor_grouped_5fold	0	Gs	numeric__bound__intracellular_cavity_core_wall_fraction_tm7	-0.2928783335924128	0.2928783335924128
bound_geometry	receptor_grouped_5fold	1	Gi/o	numeric__bound__activation_consensus_score	0.0	0.0
bound_geometry	receptor_grouped_5fold	1	Gi/o	numeric__bound__tm6_r350_634_distance	0.0	0.0
bound_geometry	receptor_grouped_5fold	1	Gi/o	numeric__bound__tm6_aligned_displacement	0.0	0.0
bound_geometry	receptor_grouped_5fold	1	Gi/o	numeric__bound__tm7_displacement	0.0	0.0
bound_geometry	receptor_grouped_5fold	1	Gi/o	numeric__bound__tm3_tm7_distance	0.004697521409678694	0.004697521409678694
bound_geometry	receptor_grouped_5fold	1	Gi/o	numeric__bound__tm6_r350_630_distance	0.0	0.0
bound_geometry	receptor_grouped_5fold	1	Gi/o	numeric__bound__dry_r350_630_min_distance	0.0	0.0
bound_geometry	receptor_grouped_5fold	1	Gi/o	numeric__bound__dry_r350_630_ca_distance	0.0	0.0
bound_geometry	receptor_grouped_5fold	1	Gi/o	numeric__bound__dry_d349_r350_min_distance	0.0	0.0
bound_geometry	receptor_grouped_5fold	1	Gi/o	numeric__bound__r350_chi1	0.0	0.0
bound_geometry	receptor_grouped_5fold	1	Gi/o	numeric__bound__r350_chi2	0.0	0.0
bound_geometry	receptor_grouped_5fold	1	Gi/o	numeric__bound__pif_550_340_distance	0.0	0.0
bound_geometry	receptor_grouped_5fold	1	Gi/o	numeric__bound__pif_340_644_distance	0.0	0.0
bound_geometry	receptor_grouped_5fold	1	Gi/o	numeric__bound__pif_550_644_distance	0.0	0.0
bound_geometry	receptor_grouped_5fold	1	Gi/o	numeric__bound__pif_550_340_min_distance	0.0	0.0
bound_geometry	receptor_grouped_5fold	1	Gi/o	numeric__bound__pif_340_644_min_distance	0.0	0.0
bound_geometry	receptor_grouped_5fold	1	Gi/o	numeric__bound__pif_550_644_min_distance	0.0	0.0
bound_geometry	receptor_grouped_5fold	1	Gi/o	numeric__bound__pif_triangle_perimeter	0.0	0.0
bound_geometry	receptor_grouped_5fold	1	Gi/o	numeric__bound__position_644_chi1	0.0	0.0
bound_geometry	receptor_grouped_5fold	1	Gi/o	numeric__bound__position_644_chi2	0.0	0.0
bound_geometry	receptor_grouped_5fold	1	Gi/o	numeric__bound__w648_chi1	0.0	0.0
bound_geometry	receptor_grouped_5fold	1	Gi/o	numeric__bound__w648_chi2	0.0	0.0
bound_geometry	receptor_grouped_5fold	1	Gi/o	numeric__bound__w648_displacement	0.0	0.0
bound_geometry	receptor_grouped_5fold	1	Gi/o	numeric__bound__w648_to_644_distance	0.0	0.0
bound_geometry	receptor_grouped_5fold	1	Gi/o	numeric__bound__cwxp_647_650_distance	0.0	0.0
bound_geometry	receptor_grouped_5fold	1	Gi/o	numeric__bound__y753_chi1	0.0	0.0
bound_geometry	receptor_grouped_5fold	1	Gi/o	numeric__bound__y753_chi2	0.0	0.0
bound_geometry	receptor_grouped_5fold	1	Gi/o	numeric__bound__y753_y558_distance	0.0	0.0
bound_geometry	receptor_grouped_5fold	1	Gi/o	numeric__bound__y753_y558_min_distance	0.0	0.0
bound_geometry	receptor_grouped_5fold	1	Gi/o	numeric__bound__n749_y753_distance	0.0	0.0
bound_geometry	receptor_grouped_5fold	1	Gi/o	numeric__bound__npxxy_local_spread	0.0	0.0
bound_geometry	receptor_grouped_5fold	1	Gi/o	numeric__bound__y753_displacement	0.0	0.0
bound_geometry	receptor_grouped_5fold	1	Gi/o	numeric__bound__sodium_d250_s339_distance	0.0	0.0
bound_geometry	receptor_grouped_5fold	1	Gi/o	numeric__bound__sodium_d250_n745_distance	0.0	0.0
bound_geometry	receptor_grouped_5fold	1	Gi/o	numeric__bound__sodium_d250_s746_distance	0.0	0.0
bound_geometry	receptor_grouped_5fold	1	Gi/o	numeric__bound__sodium_d250_n749_distance	0.0	0.0
bound_geometry	receptor_grouped_5fold	1	Gi/o	numeric__bound__sodium_pocket_volume	0.0	0.0
bound_geometry	receptor_grouped_5fold	1	Gi/o	numeric__bound__sodium_pocket_spread	0.0	0.0
bound_geometry	receptor_grouped_5fold	1	Gi/o	numeric__bound__tm7_rotation	0.0	0.0
bound_geometry	receptor_grouped_5fold	1	Gi/o	numeric__bound__icl2_generic_ca_count	0.0	0.0
bound_geometry	receptor_grouped_5fold	1	Gi/o	numeric__bound__icl2_end_to_end_distance	0.0	0.0
bound_geometry	receptor_grouped_5fold	1	Gi/o	numeric__bound__icl2_centroid_to_r350	0.0	0.0
bound_geometry	receptor_grouped_5fold	1	Gi/o	numeric__bound__icl2_centroid_to_tm5_561	0.0	0.0
bound_geometry	receptor_grouped_5fold	1	Gi/o	numeric__bound__icl2_centroid_to_tm6_634	0.0	0.0
bound_geometry	receptor_grouped_5fold	1	Gi/o	numeric__bound__icl2_centroid_to_tm7_753	0.0	0.0
bound_geometry	receptor_grouped_5fold	1	Gi/o	numeric__bound__icl2_axis_tm3_angle	0.0	0.0
bound_geometry	receptor_grouped_5fold	1	Gi/o	numeric__bound__icl2_axis_tm5_angle	0.0	0.0
bound_geometry	receptor_grouped_5fold	1	Gi/o	numeric__bound__icl2_active_reference_displacement	0.0	0.0
bound_geometry	receptor_grouped_5fold	1	Gi/o	numeric__bound__tm5_cytoplasmic_extension	0.0	0.0
bound_geometry	receptor_grouped_5fold	1	Gi/o	numeric__bound__tm5_cytoplasmic_kink	0.0	0.0
bound_geometry	receptor_grouped_5fold	1	Gi/o	numeric__bound__tm5_r350_561_distance	0.0	0.0
bound_geometry	receptor_grouped_5fold	1	Gi/o	numeric__bound__tm5_r350_564_distance	0.0	0.0
bound_geometry	receptor_grouped_5fold	1	Gi/o	numeric__bound__tm5_tm6_cavity_distance	0.0	0.0
bound_geometry	receptor_grouped_5fold	1	Gi/o	numeric__bound__tm5_axis_tm3_angle	0.0	0.0
bound_geometry	receptor_grouped_5fold	1	Gi/o	numeric__bound__tm6_lower_upper_kink	0.0	0.0
bound_geometry	receptor_grouped_5fold	1	Gi/o	numeric__bound__tm6_axis_tm3_angle	0.0	0.0
bound_geometry	receptor_grouped_5fold	1	Gi/o	numeric__bound__tm6_tm7_cavity_distance	0.0	0.0
bound_geometry	receptor_grouped_5fold	1	Gi/o	numeric__bound__tm7_h8_angle	0.0	0.0
bound_geometry	receptor_grouped_5fold	1	Gi/o	numeric__bound__h8_end_to_end_distance	0.0	0.0
bound_geometry	receptor_grouped_5fold	1	Gi/o	numeric__bound__h8_r350_distance	0.0	0.0
bound_geometry	receptor_grouped_5fold	1	Gi/o	numeric__bound__h8_tm6_distance	0.0	0.0
bound_geometry	receptor_grouped_5fold	1	Gi/o	numeric__bound__icl2_helix_fraction	0.0	0.0
bound_geometry	receptor_grouped_5fold	1	Gi/o	numeric__bound__icl2_longest_helix	0.0	0.0
bound_geometry	receptor_grouped_5fold	1	Gi/o	numeric__bound__icl2_mean_phi	0.0	0.0
bound_geometry	receptor_grouped_5fold	1	Gi/o	numeric__bound__icl2_mean_psi	0.0	0.0
bound_geometry	receptor_grouped_5fold	1	Gi/o	numeric__bound__intracellular_cavity_core_volume	0.0	0.0
bound_geometry	receptor_grouped_5fold	1	Gi/o	numeric__bound__intracellular_cavity_core_mouth_area	0.0	0.0
bound_geometry	receptor_grouped_5fold	1	Gi/o	numeric__bound__intracellular_cavity_core_depth	0.0	0.0
bound_geometry	receptor_grouped_5fold	1	Gi/o	numeric__bound__intracellular_cavity_core_maximum_width	0.0	0.0
bound_geometry	receptor_grouped_5fold	1	Gi/o	numeric__bound__intracellular_cavity_core_average_cross_section	0.0	0.0
bound_geometry	receptor_grouped_5fold	1	Gi/o	numeric__bound__intracellular_cavity_core_bottleneck_area	0.0	0.0
bound_geometry	receptor_grouped_5fold	1	Gi/o	numeric__bound__intracellular_cavity_core_bottleneck_radius	0.0	0.0
bound_geometry	receptor_grouped_5fold	1	Gi/o	numeric__bound__intracellular_cavity_core_max_inscribed_radius	0.0	0.0
bound_geometry	receptor_grouped_5fold	1	Gi/o	numeric__bound__intracellular_cavity_core_surface_area	0.0	0.0
bound_geometry	receptor_grouped_5fold	1	Gi/o	numeric__bound__intracellular_cavity_core_centroid_x	0.0	0.0
bound_geometry	receptor_grouped_5fold	1	Gi/o	numeric__bound__intracellular_cavity_core_centroid_y	0.0	0.0
bound_geometry	receptor_grouped_5fold	1	Gi/o	numeric__bound__intracellular_cavity_core_centroid_z	0.0	0.0
bound_geometry	receptor_grouped_5fold	1	Gi/o	numeric__bound__intracellular_cavity_core_principal_length_1	0.0	0.0
bound_geometry	receptor_grouped_5fold	1	Gi/o	numeric__bound__intracellular_cavity_core_principal_length_2	0.0	0.0
bound_geometry	receptor_grouped_5fold	1	Gi/o	numeric__bound__intracellular_cavity_core_principal_length_3	0.0	0.0
bound_geometry	receptor_grouped_5fold	1	Gi/o	numeric__bound__intracellular_cavity_core_principal_axis_1_z_alignment	0.0	0.0
bound_geometry	receptor_grouped_5fold	1	Gi/o	numeric__bound__intracellular_cavity_core_eccentricity	0.03225067207004941	0.03225067207004941
bound_geometry	receptor_grouped_5fold	1	Gi/o	numeric__bound__intracellular_cavity_core_sphericity	0.0	0.0
bound_geometry	receptor_grouped_5fold	1	Gi/o	numeric__bound__intracellular_cavity_core_asymmetry	0.0	0.0
bound_geometry	receptor_grouped_5fold	1	Gi/o	numeric__bound__intracellular_cavity_core_tm3_side_fraction	0.0	0.0
bound_geometry	receptor_grouped_5fold	1	Gi/o	numeric__bound__intracellular_cavity_core_tm6_side_fraction	0.0	0.0
bound_geometry	receptor_grouped_5fold	1	Gi/o	numeric__bound__intracellular_cavity_core_tm5_side_fraction	0.0	0.0
bound_geometry	receptor_grouped_5fold	1	Gi/o	numeric__bound__intracellular_cavity_core_tm7_side_fraction	0.0	0.0
bound_geometry	receptor_grouped_5fold	1	Gi/o	numeric__bound__intracellular_cavity_core_wall_fraction_h8	0.0	0.0
bound_geometry	receptor_grouped_5fold	1	Gi/o	numeric__bound__intracellular_cavity_core_wall_fraction_icl2	0.0	0.0
bound_geometry	receptor_grouped_5fold	1	Gi/o	numeric__bound__intracellular_cavity_core_wall_fraction_tm3	0.0	0.0
bound_geometry	receptor_grouped_5fold	1	Gi/o	numeric__bound__intracellular_cavity_core_wall_fraction_tm7	0.0	0.0
bound_geometry	receptor_grouped_5fold	1	Gq/11	numeric__bound__activation_consensus_score	0.0	0.0
bound_geometry	receptor_grouped_5fold	1	Gq/11	numeric__bound__tm6_r350_634_distance	0.0	0.0
bound_geometry	receptor_grouped_5fold	1	Gq/11	numeric__bound__tm6_aligned_displacement	0.0	0.0
bound_geometry	receptor_grouped_5fold	1	Gq/11	numeric__bound__tm7_displacement	0.0	0.0
bound_geometry	receptor_grouped_5fold	1	Gq/11	numeric__bound__tm3_tm7_distance	0.0	0.0
bound_geometry	receptor_grouped_5fold	1	Gq/11	numeric__bound__tm6_r350_630_distance	0.0	0.0
bound_geometry	receptor_grouped_5fold	1	Gq/11	numeric__bound__dry_r350_630_min_distance	0.0	0.0
bound_geometry	receptor_grouped_5fold	1	Gq/11	numeric__bound__dry_r350_630_ca_distance	0.0	0.0
bound_geometry	receptor_grouped_5fold	1	Gq/11	numeric__bound__dry_d349_r350_min_distance	0.0	0.0
bound_geometry	receptor_grouped_5fold	1	Gq/11	numeric__bound__r350_chi1	0.0	0.0
bound_geometry	receptor_grouped_5fold	1	Gq/11	numeric__bound__r350_chi2	0.0	0.0
bound_geometry	receptor_grouped_5fold	1	Gq/11	numeric__bound__pif_550_340_distance	0.0	0.0
bound_geometry	receptor_grouped_5fold	1	Gq/11	numeric__bound__pif_340_644_distance	0.0	0.0
bound_geometry	receptor_grouped_5fold	1	Gq/11	numeric__bound__pif_550_644_distance	0.0	0.0
bound_geometry	receptor_grouped_5fold	1	Gq/11	numeric__bound__pif_550_340_min_distance	0.0	0.0
bound_geometry	receptor_grouped_5fold	1	Gq/11	numeric__bound__pif_340_644_min_distance	0.0	0.0
bound_geometry	receptor_grouped_5fold	1	Gq/11	numeric__bound__pif_550_644_min_distance	0.0	0.0
bound_geometry	receptor_grouped_5fold	1	Gq/11	numeric__bound__pif_triangle_perimeter	0.0	0.0
bound_geometry	receptor_grouped_5fold	1	Gq/11	numeric__bound__position_644_chi1	0.0	0.0
bound_geometry	receptor_grouped_5fold	1	Gq/11	numeric__bound__position_644_chi2	0.0	0.0
bound_geometry	receptor_grouped_5fold	1	Gq/11	numeric__bound__w648_chi1	0.0	0.0
bound_geometry	receptor_grouped_5fold	1	Gq/11	numeric__bound__w648_chi2	0.0	0.0
bound_geometry	receptor_grouped_5fold	1	Gq/11	numeric__bound__w648_displacement	0.0	0.0
bound_geometry	receptor_grouped_5fold	1	Gq/11	numeric__bound__w648_to_644_distance	0.0	0.0
bound_geometry	receptor_grouped_5fold	1	Gq/11	numeric__bound__cwxp_647_650_distance	0.0	0.0
bound_geometry	receptor_grouped_5fold	1	Gq/11	numeric__bound__y753_chi1	0.0	0.0
bound_geometry	receptor_grouped_5fold	1	Gq/11	numeric__bound__y753_chi2	0.0	0.0
bound_geometry	receptor_grouped_5fold	1	Gq/11	numeric__bound__y753_y558_distance	0.0	0.0
bound_geometry	receptor_grouped_5fold	1	Gq/11	numeric__bound__y753_y558_min_distance	0.0	0.0
bound_geometry	receptor_grouped_5fold	1	Gq/11	numeric__bound__n749_y753_distance	0.0	0.0
bound_geometry	receptor_grouped_5fold	1	Gq/11	numeric__bound__npxxy_local_spread	0.0	0.0
bound_geometry	receptor_grouped_5fold	1	Gq/11	numeric__bound__y753_displacement	0.0	0.0
bound_geometry	receptor_grouped_5fold	1	Gq/11	numeric__bound__sodium_d250_s339_distance	0.0	0.0
bound_geometry	receptor_grouped_5fold	1	Gq/11	numeric__bound__sodium_d250_n745_distance	0.0	0.0
bound_geometry	receptor_grouped_5fold	1	Gq/11	numeric__bound__sodium_d250_s746_distance	0.0	0.0
bound_geometry	receptor_grouped_5fold	1	Gq/11	numeric__bound__sodium_d250_n749_distance	0.0	0.0
bound_geometry	receptor_grouped_5fold	1	Gq/11	numeric__bound__sodium_pocket_volume	0.0	0.0
bound_geometry	receptor_grouped_5fold	1	Gq/11	numeric__bound__sodium_pocket_spread	0.0	0.0
bound_geometry	receptor_grouped_5fold	1	Gq/11	numeric__bound__tm7_rotation	0.0	0.0
bound_geometry	receptor_grouped_5fold	1	Gq/11	numeric__bound__icl2_generic_ca_count	0.0	0.0
bound_geometry	receptor_grouped_5fold	1	Gq/11	numeric__bound__icl2_end_to_end_distance	0.0	0.0
bound_geometry	receptor_grouped_5fold	1	Gq/11	numeric__bound__icl2_centroid_to_r350	0.0	0.0
bound_geometry	receptor_grouped_5fold	1	Gq/11	numeric__bound__icl2_centroid_to_tm5_561	0.0	0.0
bound_geometry	receptor_grouped_5fold	1	Gq/11	numeric__bound__icl2_centroid_to_tm6_634	0.0	0.0
bound_geometry	receptor_grouped_5fold	1	Gq/11	numeric__bound__icl2_centroid_to_tm7_753	0.0	0.0
bound_geometry	receptor_grouped_5fold	1	Gq/11	numeric__bound__icl2_axis_tm3_angle	0.0	0.0
bound_geometry	receptor_grouped_5fold	1	Gq/11	numeric__bound__icl2_axis_tm5_angle	0.0	0.0
bound_geometry	receptor_grouped_5fold	1	Gq/11	numeric__bound__icl2_active_reference_displacement	0.0	0.0
bound_geometry	receptor_grouped_5fold	1	Gq/11	numeric__bound__tm5_cytoplasmic_extension	0.0	0.0
bound_geometry	receptor_grouped_5fold	1	Gq/11	numeric__bound__tm5_cytoplasmic_kink	0.0	0.0
bound_geometry	receptor_grouped_5fold	1	Gq/11	numeric__bound__tm5_r350_561_distance	0.0	0.0
bound_geometry	receptor_grouped_5fold	1	Gq/11	numeric__bound__tm5_r350_564_distance	0.0	0.0
bound_geometry	receptor_grouped_5fold	1	Gq/11	numeric__bound__tm5_tm6_cavity_distance	0.0	0.0
bound_geometry	receptor_grouped_5fold	1	Gq/11	numeric__bound__tm5_axis_tm3_angle	0.0	0.0
bound_geometry	receptor_grouped_5fold	1	Gq/11	numeric__bound__tm6_lower_upper_kink	0.0	0.0
bound_geometry	receptor_grouped_5fold	1	Gq/11	numeric__bound__tm6_axis_tm3_angle	0.0	0.0
bound_geometry	receptor_grouped_5fold	1	Gq/11	numeric__bound__tm6_tm7_cavity_distance	0.0	0.0
bound_geometry	receptor_grouped_5fold	1	Gq/11	numeric__bound__tm7_h8_angle	0.0	0.0
bound_geometry	receptor_grouped_5fold	1	Gq/11	numeric__bound__h8_end_to_end_distance	0.0	0.0
bound_geometry	receptor_grouped_5fold	1	Gq/11	numeric__bound__h8_r350_distance	0.0	0.0
bound_geometry	receptor_grouped_5fold	1	Gq/11	numeric__bound__h8_tm6_distance	0.0	0.0
bound_geometry	receptor_grouped_5fold	1	Gq/11	numeric__bound__icl2_helix_fraction	0.0	0.0
bound_geometry	receptor_grouped_5fold	1	Gq/11	numeric__bound__icl2_longest_helix	0.0	0.0
bound_geometry	receptor_grouped_5fold	1	Gq/11	numeric__bound__icl2_mean_phi	0.0	0.0
bound_geometry	receptor_grouped_5fold	1	Gq/11	numeric__bound__icl2_mean_psi	0.0	0.0
bound_geometry	receptor_grouped_5fold	1	Gq/11	numeric__bound__intracellular_cavity_core_volume	0.0	0.0
bound_geometry	receptor_grouped_5fold	1	Gq/11	numeric__bound__intracellular_cavity_core_mouth_area	0.0	0.0
bound_geometry	receptor_grouped_5fold	1	Gq/11	numeric__bound__intracellular_cavity_core_depth	0.0	0.0
bound_geometry	receptor_grouped_5fold	1	Gq/11	numeric__bound__intracellular_cavity_core_maximum_width	0.0	0.0
bound_geometry	receptor_grouped_5fold	1	Gq/11	numeric__bound__intracellular_cavity_core_average_cross_section	0.0	0.0
bound_geometry	receptor_grouped_5fold	1	Gq/11	numeric__bound__intracellular_cavity_core_bottleneck_area	0.0	0.0
bound_geometry	receptor_grouped_5fold	1	Gq/11	numeric__bound__intracellular_cavity_core_bottleneck_radius	0.0	0.0
bound_geometry	receptor_grouped_5fold	1	Gq/11	numeric__bound__intracellular_cavity_core_max_inscribed_radius	0.0	0.0
bound_geometry	receptor_grouped_5fold	1	Gq/11	numeric__bound__intracellular_cavity_core_surface_area	0.0	0.0
bound_geometry	receptor_grouped_5fold	1	Gq/11	numeric__bound__intracellular_cavity_core_centroid_x	0.0	0.0
bound_geometry	receptor_grouped_5fold	1	Gq/11	numeric__bound__intracellular_cavity_core_centroid_y	0.0	0.0
bound_geometry	receptor_grouped_5fold	1	Gq/11	numeric__bound__intracellular_cavity_core_centroid_z	0.0	0.0
bound_geometry	receptor_grouped_5fold	1	Gq/11	numeric__bound__intracellular_cavity_core_principal_length_1	0.0	0.0
bound_geometry	receptor_grouped_5fold	1	Gq/11	numeric__bound__intracellular_cavity_core_principal_length_2	0.0	0.0
bound_geometry	receptor_grouped_5fold	1	Gq/11	numeric__bound__intracellular_cavity_core_principal_length_3	0.0	0.0
bound_geometry	receptor_grouped_5fold	1	Gq/11	numeric__bound__intracellular_cavity_core_principal_axis_1_z_alignment	0.0	0.0
bound_geometry	receptor_grouped_5fold	1	Gq/11	numeric__bound__intracellular_cavity_core_eccentricity	0.0	0.0
bound_geometry	receptor_grouped_5fold	1	Gq/11	numeric__bound__intracellular_cavity_core_sphericity	0.0	0.0
bound_geometry	receptor_grouped_5fold	1	Gq/11	numeric__bound__intracellular_cavity_core_asymmetry	0.0	0.0
bound_geometry	receptor_grouped_5fold	1	Gq/11	numeric__bound__intracellular_cavity_core_tm3_side_fraction	0.0	0.0
bound_geometry	receptor_grouped_5fold	1	Gq/11	numeric__bound__intracellular_cavity_core_tm6_side_fraction	0.0	0.0
bound_geometry	receptor_grouped_5fold	1	Gq/11	numeric__bound__intracellular_cavity_core_tm5_side_fraction	0.0	0.0
bound_geometry	receptor_grouped_5fold	1	Gq/11	numeric__bound__intracellular_cavity_core_tm7_side_fraction	0.0	0.0
bound_geometry	receptor_grouped_5fold	1	Gq/11	numeric__bound__intracellular_cavity_core_wall_fraction_h8	0.0	0.0
bound_geometry	receptor_grouped_5fold	1	Gq/11	numeric__bound__intracellular_cavity_core_wall_fraction_icl2	0.0	0.0
bound_geometry	receptor_grouped_5fold	1	Gq/11	numeric__bound__intracellular_cavity_core_wall_fraction_tm3	0.0	0.0
bound_geometry	receptor_grouped_5fold	1	Gq/11	numeric__bound__intracellular_cavity_core_wall_fraction_tm7	0.0	0.0
bound_geometry	receptor_grouped_5fold	1	Gs	numeric__bound__activation_consensus_score	0.04498588435147988	0.04498588435147988
bound_geometry	receptor_grouped_5fold	1	Gs	numeric__bound__tm6_r350_634_distance	0.0	0.0
bound_geometry	receptor_grouped_5fold	1	Gs	numeric__bound__tm6_aligned_displacement	0.018116720018148735	0.018116720018148735
bound_geometry	receptor_grouped_5fold	1	Gs	numeric__bound__tm7_displacement	0.0	0.0
bound_geometry	receptor_grouped_5fold	1	Gs	numeric__bound__tm3_tm7_distance	0.0	0.0
bound_geometry	receptor_grouped_5fold	1	Gs	numeric__bound__tm6_r350_630_distance	0.20719070568823156	0.20719070568823156
bound_geometry	receptor_grouped_5fold	1	Gs	numeric__bound__dry_r350_630_min_distance	0.06553006727374315	0.06553006727374315
bound_geometry	receptor_grouped_5fold	1	Gs	numeric__bound__dry_r350_630_ca_distance	0.20719070568823156	0.20719070568823156
bound_geometry	receptor_grouped_5fold	1	Gs	numeric__bound__dry_d349_r350_min_distance	0.0	0.0
bound_geometry	receptor_grouped_5fold	1	Gs	numeric__bound__r350_chi1	0.0	0.0
bound_geometry	receptor_grouped_5fold	1	Gs	numeric__bound__r350_chi2	0.0	0.0
bound_geometry	receptor_grouped_5fold	1	Gs	numeric__bound__pif_550_340_distance	0.0	0.0
bound_geometry	receptor_grouped_5fold	1	Gs	numeric__bound__pif_340_644_distance	0.0	0.0
bound_geometry	receptor_grouped_5fold	1	Gs	numeric__bound__pif_550_644_distance	0.0	0.0
bound_geometry	receptor_grouped_5fold	1	Gs	numeric__bound__pif_550_340_min_distance	0.0	0.0
bound_geometry	receptor_grouped_5fold	1	Gs	numeric__bound__pif_340_644_min_distance	0.0	0.0
bound_geometry	receptor_grouped_5fold	1	Gs	numeric__bound__pif_550_644_min_distance	0.0	0.0
bound_geometry	receptor_grouped_5fold	1	Gs	numeric__bound__pif_triangle_perimeter	0.0	0.0
bound_geometry	receptor_grouped_5fold	1	Gs	numeric__bound__position_644_chi1	0.0	0.0
bound_geometry	receptor_grouped_5fold	1	Gs	numeric__bound__position_644_chi2	0.0	0.0
bound_geometry	receptor_grouped_5fold	1	Gs	numeric__bound__w648_chi1	0.0	0.0
bound_geometry	receptor_grouped_5fold	1	Gs	numeric__bound__w648_chi2	0.0	0.0
bound_geometry	receptor_grouped_5fold	1	Gs	numeric__bound__w648_displacement	0.0	0.0
bound_geometry	receptor_grouped_5fold	1	Gs	numeric__bound__w648_to_644_distance	0.0	0.0
bound_geometry	receptor_grouped_5fold	1	Gs	numeric__bound__cwxp_647_650_distance	0.0	0.0
bound_geometry	receptor_grouped_5fold	1	Gs	numeric__bound__y753_chi1	0.0	0.0
bound_geometry	receptor_grouped_5fold	1	Gs	numeric__bound__y753_chi2	0.0	0.0
bound_geometry	receptor_grouped_5fold	1	Gs	numeric__bound__y753_y558_distance	0.0	0.0
bound_geometry	receptor_grouped_5fold	1	Gs	numeric__bound__y753_y558_min_distance	0.0	0.0
bound_geometry	receptor_grouped_5fold	1	Gs	numeric__bound__n749_y753_distance	0.0	0.0
bound_geometry	receptor_grouped_5fold	1	Gs	numeric__bound__npxxy_local_spread	0.0	0.0
bound_geometry	receptor_grouped_5fold	1	Gs	numeric__bound__y753_displacement	0.0	0.0
bound_geometry	receptor_grouped_5fold	1	Gs	numeric__bound__sodium_d250_s339_distance	0.0	0.0
bound_geometry	receptor_grouped_5fold	1	Gs	numeric__bound__sodium_d250_n745_distance	0.0	0.0
bound_geometry	receptor_grouped_5fold	1	Gs	numeric__bound__sodium_d250_s746_distance	0.0	0.0
bound_geometry	receptor_grouped_5fold	1	Gs	numeric__bound__sodium_d250_n749_distance	0.0	0.0
bound_geometry	receptor_grouped_5fold	1	Gs	numeric__bound__sodium_pocket_volume	0.0	0.0
bound_geometry	receptor_grouped_5fold	1	Gs	numeric__bound__sodium_pocket_spread	0.0	0.0
bound_geometry	receptor_grouped_5fold	1	Gs	numeric__bound__tm7_rotation	0.0	0.0
bound_geometry	receptor_grouped_5fold	1	Gs	numeric__bound__icl2_generic_ca_count	0.0	0.0
bound_geometry	receptor_grouped_5fold	1	Gs	numeric__bound__icl2_end_to_end_distance	0.0	0.0
bound_geometry	receptor_grouped_5fold	1	Gs	numeric__bound__icl2_centroid_to_r350	0.0	0.0
bound_geometry	receptor_grouped_5fold	1	Gs	numeric__bound__icl2_centroid_to_tm5_561	0.0	0.0
bound_geometry	receptor_grouped_5fold	1	Gs	numeric__bound__icl2_centroid_to_tm6_634	0.0	0.0
bound_geometry	receptor_grouped_5fold	1	Gs	numeric__bound__icl2_centroid_to_tm7_753	0.0	0.0
bound_geometry	receptor_grouped_5fold	1	Gs	numeric__bound__icl2_axis_tm3_angle	-0.010087431915562547	0.010087431915562547
bound_geometry	receptor_grouped_5fold	1	Gs	numeric__bound__icl2_axis_tm5_angle	0.0	0.0
bound_geometry	receptor_grouped_5fold	1	Gs	numeric__bound__icl2_active_reference_displacement	0.0	0.0
bound_geometry	receptor_grouped_5fold	1	Gs	numeric__bound__tm5_cytoplasmic_extension	0.0	0.0
bound_geometry	receptor_grouped_5fold	1	Gs	numeric__bound__tm5_cytoplasmic_kink	0.0	0.0
bound_geometry	receptor_grouped_5fold	1	Gs	numeric__bound__tm5_r350_561_distance	0.0	0.0
bound_geometry	receptor_grouped_5fold	1	Gs	numeric__bound__tm5_r350_564_distance	0.0	0.0
bound_geometry	receptor_grouped_5fold	1	Gs	numeric__bound__tm5_tm6_cavity_distance	0.0	0.0
bound_geometry	receptor_grouped_5fold	1	Gs	numeric__bound__tm5_axis_tm3_angle	0.0	0.0
bound_geometry	receptor_grouped_5fold	1	Gs	numeric__bound__tm6_lower_upper_kink	0.10160726522270949	0.10160726522270949
bound_geometry	receptor_grouped_5fold	1	Gs	numeric__bound__tm6_axis_tm3_angle	0.03789289179409439	0.03789289179409439
bound_geometry	receptor_grouped_5fold	1	Gs	numeric__bound__tm6_tm7_cavity_distance	0.06177494599588726	0.06177494599588726
bound_geometry	receptor_grouped_5fold	1	Gs	numeric__bound__tm7_h8_angle	0.0	0.0
bound_geometry	receptor_grouped_5fold	1	Gs	numeric__bound__h8_end_to_end_distance	0.0	0.0
bound_geometry	receptor_grouped_5fold	1	Gs	numeric__bound__h8_r350_distance	0.0	0.0
bound_geometry	receptor_grouped_5fold	1	Gs	numeric__bound__h8_tm6_distance	0.0	0.0
bound_geometry	receptor_grouped_5fold	1	Gs	numeric__bound__icl2_helix_fraction	0.0	0.0
bound_geometry	receptor_grouped_5fold	1	Gs	numeric__bound__icl2_longest_helix	0.0	0.0
bound_geometry	receptor_grouped_5fold	1	Gs	numeric__bound__icl2_mean_phi	0.0	0.0
bound_geometry	receptor_grouped_5fold	1	Gs	numeric__bound__icl2_mean_psi	0.0	0.0
bound_geometry	receptor_grouped_5fold	1	Gs	numeric__bound__intracellular_cavity_core_volume	0.0	0.0
bound_geometry	receptor_grouped_5fold	1	Gs	numeric__bound__intracellular_cavity_core_mouth_area	0.0	0.0
bound_geometry	receptor_grouped_5fold	1	Gs	numeric__bound__intracellular_cavity_core_depth	0.0	0.0
bound_geometry	receptor_grouped_5fold	1	Gs	numeric__bound__intracellular_cavity_core_maximum_width	0.0	0.0
bound_geometry	receptor_grouped_5fold	1	Gs	numeric__bound__intracellular_cavity_core_average_cross_section	0.0	0.0
bound_geometry	receptor_grouped_5fold	1	Gs	numeric__bound__intracellular_cavity_core_bottleneck_area	0.0	0.0
bound_geometry	receptor_grouped_5fold	1	Gs	numeric__bound__intracellular_cavity_core_bottleneck_radius	0.0	0.0
bound_geometry	receptor_grouped_5fold	1	Gs	numeric__bound__intracellular_cavity_core_max_inscribed_radius	0.0	0.0
bound_geometry	receptor_grouped_5fold	1	Gs	numeric__bound__intracellular_cavity_core_surface_area	0.0	0.0
bound_geometry	receptor_grouped_5fold	1	Gs	numeric__bound__intracellular_cavity_core_centroid_x	0.0	0.0
bound_geometry	receptor_grouped_5fold	1	Gs	numeric__bound__intracellular_cavity_core_centroid_y	0.0	0.0
bound_geometry	receptor_grouped_5fold	1	Gs	numeric__bound__intracellular_cavity_core_centroid_z	0.0	0.0
bound_geometry	receptor_grouped_5fold	1	Gs	numeric__bound__intracellular_cavity_core_principal_length_1	0.0	0.0
bound_geometry	receptor_grouped_5fold	1	Gs	numeric__bound__intracellular_cavity_core_principal_length_2	0.0	0.0
bound_geometry	receptor_grouped_5fold	1	Gs	numeric__bound__intracellular_cavity_core_principal_length_3	0.0	0.0
bound_geometry	receptor_grouped_5fold	1	Gs	numeric__bound__intracellular_cavity_core_principal_axis_1_z_alignment	0.0	0.0
bound_geometry	receptor_grouped_5fold	1	Gs	numeric__bound__intracellular_cavity_core_eccentricity	-0.0853868891660614	0.0853868891660614
bound_geometry	receptor_grouped_5fold	1	Gs	numeric__bound__intracellular_cavity_core_sphericity	0.0	0.0
bound_geometry	receptor_grouped_5fold	1	Gs	numeric__bound__intracellular_cavity_core_asymmetry	0.0	0.0
bound_geometry	receptor_grouped_5fold	1	Gs	numeric__bound__intracellular_cavity_core_tm3_side_fraction	0.0	0.0
bound_geometry	receptor_grouped_5fold	1	Gs	numeric__bound__intracellular_cavity_core_tm6_side_fraction	0.0	0.0
bound_geometry	receptor_grouped_5fold	1	Gs	numeric__bound__intracellular_cavity_core_tm5_side_fraction	0.0	0.0
bound_geometry	receptor_grouped_5fold	1	Gs	numeric__bound__intracellular_cavity_core_tm7_side_fraction	0.0	0.0
bound_geometry	receptor_grouped_5fold	1	Gs	numeric__bound__intracellular_cavity_core_wall_fraction_h8	0.0	0.0
bound_geometry	receptor_grouped_5fold	1	Gs	numeric__bound__intracellular_cavity_core_wall_fraction_icl2	0.0	0.0
bound_geometry	receptor_grouped_5fold	1	Gs	numeric__bound__intracellular_cavity_core_wall_fraction_tm3	0.0	0.0
bound_geometry	receptor_grouped_5fold	1	Gs	numeric__bound__intracellular_cavity_core_wall_fraction_tm7	0.0	0.0
bound_geometry	receptor_grouped_5fold	2	Gi/o	numeric__bound__activation_consensus_score	0.0	0.0
bound_geometry	receptor_grouped_5fold	2	Gi/o	numeric__bound__tm6_r350_634_distance	0.0	0.0
bound_geometry	receptor_grouped_5fold	2	Gi/o	numeric__bound__tm6_aligned_displacement	0.0	0.0
bound_geometry	receptor_grouped_5fold	2	Gi/o	numeric__bound__tm7_displacement	0.0	0.0
bound_geometry	receptor_grouped_5fold	2	Gi/o	numeric__bound__tm3_tm7_distance	1.1732035761003041	1.1732035761003041
bound_geometry	receptor_grouped_5fold	2	Gi/o	numeric__bound__tm6_r350_630_distance	0.0	0.0
bound_geometry	receptor_grouped_5fold	2	Gi/o	numeric__bound__dry_r350_630_min_distance	0.0	0.0
bound_geometry	receptor_grouped_5fold	2	Gi/o	numeric__bound__dry_r350_630_ca_distance	0.0	0.0
bound_geometry	receptor_grouped_5fold	2	Gi/o	numeric__bound__dry_d349_r350_min_distance	0.0	0.0
bound_geometry	receptor_grouped_5fold	2	Gi/o	numeric__bound__r350_chi1	0.0	0.0
bound_geometry	receptor_grouped_5fold	2	Gi/o	numeric__bound__r350_chi2	0.0	0.0
bound_geometry	receptor_grouped_5fold	2	Gi/o	numeric__bound__pif_550_340_distance	0.0	0.0
bound_geometry	receptor_grouped_5fold	2	Gi/o	numeric__bound__pif_340_644_distance	0.0	0.0
bound_geometry	receptor_grouped_5fold	2	Gi/o	numeric__bound__pif_550_644_distance	0.0	0.0
bound_geometry	receptor_grouped_5fold	2	Gi/o	numeric__bound__pif_550_340_min_distance	0.0	0.0
bound_geometry	receptor_grouped_5fold	2	Gi/o	numeric__bound__pif_340_644_min_distance	0.0	0.0
bound_geometry	receptor_grouped_5fold	2	Gi/o	numeric__bound__pif_550_644_min_distance	0.0	0.0
bound_geometry	receptor_grouped_5fold	2	Gi/o	numeric__bound__pif_triangle_perimeter	0.0	0.0
bound_geometry	receptor_grouped_5fold	2	Gi/o	numeric__bound__position_644_chi1	0.0	0.0
bound_geometry	receptor_grouped_5fold	2	Gi/o	numeric__bound__position_644_chi2	-0.5240744211534631	0.5240744211534631
bound_geometry	receptor_grouped_5fold	2	Gi/o	numeric__bound__w648_chi1	0.0	0.0
bound_geometry	receptor_grouped_5fold	2	Gi/o	numeric__bound__w648_chi2	0.0	0.0
bound_geometry	receptor_grouped_5fold	2	Gi/o	numeric__bound__w648_displacement	0.0	0.0
bound_geometry	receptor_grouped_5fold	2	Gi/o	numeric__bound__w648_to_644_distance	0.0	0.0
bound_geometry	receptor_grouped_5fold	2	Gi/o	numeric__bound__cwxp_647_650_distance	0.0	0.0
bound_geometry	receptor_grouped_5fold	2	Gi/o	numeric__bound__y753_chi1	0.0	0.0
bound_geometry	receptor_grouped_5fold	2	Gi/o	numeric__bound__y753_chi2	0.0	0.0
bound_geometry	receptor_grouped_5fold	2	Gi/o	numeric__bound__y753_y558_distance	0.0	0.0
bound_geometry	receptor_grouped_5fold	2	Gi/o	numeric__bound__y753_y558_min_distance	0.0	0.0
bound_geometry	receptor_grouped_5fold	2	Gi/o	numeric__bound__n749_y753_distance	0.0	0.0
bound_geometry	receptor_grouped_5fold	2	Gi/o	numeric__bound__npxxy_local_spread	0.0	0.0
bound_geometry	receptor_grouped_5fold	2	Gi/o	numeric__bound__y753_displacement	0.0	0.0
bound_geometry	receptor_grouped_5fold	2	Gi/o	numeric__bound__sodium_d250_s339_distance	0.0	0.0
bound_geometry	receptor_grouped_5fold	2	Gi/o	numeric__bound__sodium_d250_n745_distance	0.0	0.0
bound_geometry	receptor_grouped_5fold	2	Gi/o	numeric__bound__sodium_d250_s746_distance	0.0	0.0
bound_geometry	receptor_grouped_5fold	2	Gi/o	numeric__bound__sodium_d250_n749_distance	0.0	0.0
bound_geometry	receptor_grouped_5fold	2	Gi/o	numeric__bound__sodium_pocket_volume	0.0	0.0
bound_geometry	receptor_grouped_5fold	2	Gi/o	numeric__bound__sodium_pocket_spread	0.0	0.0
bound_geometry	receptor_grouped_5fold	2	Gi/o	numeric__bound__tm7_rotation	0.0	0.0
bound_geometry	receptor_grouped_5fold	2	Gi/o	numeric__bound__icl2_generic_ca_count	0.0	0.0
bound_geometry	receptor_grouped_5fold	2	Gi/o	numeric__bound__icl2_end_to_end_distance	0.0	0.0
bound_geometry	receptor_grouped_5fold	2	Gi/o	numeric__bound__icl2_centroid_to_r350	0.0	0.0
bound_geometry	receptor_grouped_5fold	2	Gi/o	numeric__bound__icl2_centroid_to_tm5_561	0.0	0.0
bound_geometry	receptor_grouped_5fold	2	Gi/o	numeric__bound__icl2_centroid_to_tm6_634	0.0	0.0
bound_geometry	receptor_grouped_5fold	2	Gi/o	numeric__bound__icl2_centroid_to_tm7_753	0.0	0.0
bound_geometry	receptor_grouped_5fold	2	Gi/o	numeric__bound__icl2_axis_tm3_angle	0.0	0.0
bound_geometry	receptor_grouped_5fold	2	Gi/o	numeric__bound__icl2_axis_tm5_angle	0.0	0.0
bound_geometry	receptor_grouped_5fold	2	Gi/o	numeric__bound__icl2_active_reference_displacement	0.0	0.0
bound_geometry	receptor_grouped_5fold	2	Gi/o	numeric__bound__tm5_cytoplasmic_extension	0.0	0.0
bound_geometry	receptor_grouped_5fold	2	Gi/o	numeric__bound__tm5_cytoplasmic_kink	-0.22099496333628263	0.22099496333628263
bound_geometry	receptor_grouped_5fold	2	Gi/o	numeric__bound__tm5_r350_561_distance	0.0	0.0
bound_geometry	receptor_grouped_5fold	2	Gi/o	numeric__bound__tm5_r350_564_distance	0.0	0.0
bound_geometry	receptor_grouped_5fold	2	Gi/o	numeric__bound__tm5_tm6_cavity_distance	0.0	0.0
bound_geometry	receptor_grouped_5fold	2	Gi/o	numeric__bound__tm5_axis_tm3_angle	0.0	0.0
bound_geometry	receptor_grouped_5fold	2	Gi/o	numeric__bound__tm6_lower_upper_kink	0.0	0.0
bound_geometry	receptor_grouped_5fold	2	Gi/o	numeric__bound__tm6_axis_tm3_angle	0.0	0.0
bound_geometry	receptor_grouped_5fold	2	Gi/o	numeric__bound__tm6_tm7_cavity_distance	0.0	0.0
bound_geometry	receptor_grouped_5fold	2	Gi/o	numeric__bound__tm7_h8_angle	0.0	0.0
bound_geometry	receptor_grouped_5fold	2	Gi/o	numeric__bound__h8_end_to_end_distance	0.0	0.0
bound_geometry	receptor_grouped_5fold	2	Gi/o	numeric__bound__h8_r350_distance	0.0	0.0
bound_geometry	receptor_grouped_5fold	2	Gi/o	numeric__bound__h8_tm6_distance	0.0	0.0
bound_geometry	receptor_grouped_5fold	2	Gi/o	numeric__bound__icl2_helix_fraction	0.0	0.0
bound_geometry	receptor_grouped_5fold	2	Gi/o	numeric__bound__icl2_longest_helix	0.0	0.0
bound_geometry	receptor_grouped_5fold	2	Gi/o	numeric__bound__icl2_mean_phi	0.0	0.0
bound_geometry	receptor_grouped_5fold	2	Gi/o	numeric__bound__icl2_mean_psi	0.0	0.0
bound_geometry	receptor_grouped_5fold	2	Gi/o	numeric__bound__intracellular_cavity_core_volume	0.0	0.0
bound_geometry	receptor_grouped_5fold	2	Gi/o	numeric__bound__intracellular_cavity_core_mouth_area	0.0	0.0
bound_geometry	receptor_grouped_5fold	2	Gi/o	numeric__bound__intracellular_cavity_core_depth	0.0	0.0
bound_geometry	receptor_grouped_5fold	2	Gi/o	numeric__bound__intracellular_cavity_core_maximum_width	0.0	0.0
bound_geometry	receptor_grouped_5fold	2	Gi/o	numeric__bound__intracellular_cavity_core_average_cross_section	0.0	0.0
bound_geometry	receptor_grouped_5fold	2	Gi/o	numeric__bound__intracellular_cavity_core_bottleneck_area	0.0	0.0
bound_geometry	receptor_grouped_5fold	2	Gi/o	numeric__bound__intracellular_cavity_core_bottleneck_radius	0.0	0.0
bound_geometry	receptor_grouped_5fold	2	Gi/o	numeric__bound__intracellular_cavity_core_max_inscribed_radius	0.0	0.0
bound_geometry	receptor_grouped_5fold	2	Gi/o	numeric__bound__intracellular_cavity_core_surface_area	0.0	0.0
bound_geometry	receptor_grouped_5fold	2	Gi/o	numeric__bound__intracellular_cavity_core_centroid_x	0.0	0.0
bound_geometry	receptor_grouped_5fold	2	Gi/o	numeric__bound__intracellular_cavity_core_centroid_y	0.0	0.0
bound_geometry	receptor_grouped_5fold	2	Gi/o	numeric__bound__intracellular_cavity_core_centroid_z	0.0	0.0
bound_geometry	receptor_grouped_5fold	2	Gi/o	numeric__bound__intracellular_cavity_core_principal_length_1	0.0	0.0
bound_geometry	receptor_grouped_5fold	2	Gi/o	numeric__bound__intracellular_cavity_core_principal_length_2	0.0	0.0
bound_geometry	receptor_grouped_5fold	2	Gi/o	numeric__bound__intracellular_cavity_core_principal_length_3	-0.10199740970538401	0.10199740970538401
bound_geometry	receptor_grouped_5fold	2	Gi/o	numeric__bound__intracellular_cavity_core_principal_axis_1_z_alignment	0.0	0.0
bound_geometry	receptor_grouped_5fold	2	Gi/o	numeric__bound__intracellular_cavity_core_eccentricity	0.0	0.0
bound_geometry	receptor_grouped_5fold	2	Gi/o	numeric__bound__intracellular_cavity_core_sphericity	0.0	0.0
bound_geometry	receptor_grouped_5fold	2	Gi/o	numeric__bound__intracellular_cavity_core_asymmetry	0.0	0.0
bound_geometry	receptor_grouped_5fold	2	Gi/o	numeric__bound__intracellular_cavity_core_tm3_side_fraction	0.0	0.0
bound_geometry	receptor_grouped_5fold	2	Gi/o	numeric__bound__intracellular_cavity_core_tm6_side_fraction	0.0	0.0
bound_geometry	receptor_grouped_5fold	2	Gi/o	numeric__bound__intracellular_cavity_core_tm5_side_fraction	0.0	0.0
bound_geometry	receptor_grouped_5fold	2	Gi/o	numeric__bound__intracellular_cavity_core_tm7_side_fraction	0.0	0.0
bound_geometry	receptor_grouped_5fold	2	Gi/o	numeric__bound__intracellular_cavity_core_wall_fraction_h8	0.0	0.0
bound_geometry	receptor_grouped_5fold	2	Gi/o	numeric__bound__intracellular_cavity_core_wall_fraction_icl2	0.0	0.0
bound_geometry	receptor_grouped_5fold	2	Gi/o	numeric__bound__intracellular_cavity_core_wall_fraction_tm3	0.0	0.0
bound_geometry	receptor_grouped_5fold	2	Gi/o	numeric__bound__intracellular_cavity_core_wall_fraction_tm7	0.0	0.0
bound_geometry	receptor_grouped_5fold	2	Gq/11	numeric__bound__activation_consensus_score	0.0	0.0
bound_geometry	receptor_grouped_5fold	2	Gq/11	numeric__bound__tm6_r350_634_distance	0.0	0.0
bound_geometry	receptor_grouped_5fold	2	Gq/11	numeric__bound__tm6_aligned_displacement	0.0	0.0
bound_geometry	receptor_grouped_5fold	2	Gq/11	numeric__bound__tm7_displacement	0.0	0.0
bound_geometry	receptor_grouped_5fold	2	Gq/11	numeric__bound__tm3_tm7_distance	0.0	0.0
bound_geometry	receptor_grouped_5fold	2	Gq/11	numeric__bound__tm6_r350_630_distance	0.0	0.0
bound_geometry	receptor_grouped_5fold	2	Gq/11	numeric__bound__dry_r350_630_min_distance	0.0	0.0
bound_geometry	receptor_grouped_5fold	2	Gq/11	numeric__bound__dry_r350_630_ca_distance	0.0	0.0
bound_geometry	receptor_grouped_5fold	2	Gq/11	numeric__bound__dry_d349_r350_min_distance	0.0	0.0
bound_geometry	receptor_grouped_5fold	2	Gq/11	numeric__bound__r350_chi1	-0.05790213999593441	0.05790213999593441
bound_geometry	receptor_grouped_5fold	2	Gq/11	numeric__bound__r350_chi2	0.0	0.0
bound_geometry	receptor_grouped_5fold	2	Gq/11	numeric__bound__pif_550_340_distance	0.0	0.0
bound_geometry	receptor_grouped_5fold	2	Gq/11	numeric__bound__pif_340_644_distance	0.0	0.0
bound_geometry	receptor_grouped_5fold	2	Gq/11	numeric__bound__pif_550_644_distance	0.0	0.0
bound_geometry	receptor_grouped_5fold	2	Gq/11	numeric__bound__pif_550_340_min_distance	0.0	0.0
bound_geometry	receptor_grouped_5fold	2	Gq/11	numeric__bound__pif_340_644_min_distance	0.0	0.0
bound_geometry	receptor_grouped_5fold	2	Gq/11	numeric__bound__pif_550_644_min_distance	0.0	0.0
bound_geometry	receptor_grouped_5fold	2	Gq/11	numeric__bound__pif_triangle_perimeter	0.0	0.0
bound_geometry	receptor_grouped_5fold	2	Gq/11	numeric__bound__position_644_chi1	0.0	0.0
bound_geometry	receptor_grouped_5fold	2	Gq/11	numeric__bound__position_644_chi2	0.0	0.0
bound_geometry	receptor_grouped_5fold	2	Gq/11	numeric__bound__w648_chi1	0.19300060138623104	0.19300060138623104
bound_geometry	receptor_grouped_5fold	2	Gq/11	numeric__bound__w648_chi2	0.0	0.0
bound_geometry	receptor_grouped_5fold	2	Gq/11	numeric__bound__w648_displacement	0.0	0.0
bound_geometry	receptor_grouped_5fold	2	Gq/11	numeric__bound__w648_to_644_distance	-0.02872489715014348	0.02872489715014348
bound_geometry	receptor_grouped_5fold	2	Gq/11	numeric__bound__cwxp_647_650_distance	0.0	0.0
bound_geometry	receptor_grouped_5fold	2	Gq/11	numeric__bound__y753_chi1	0.0	0.0
bound_geometry	receptor_grouped_5fold	2	Gq/11	numeric__bound__y753_chi2	0.0	0.0
bound_geometry	receptor_grouped_5fold	2	Gq/11	numeric__bound__y753_y558_distance	0.0	0.0
bound_geometry	receptor_grouped_5fold	2	Gq/11	numeric__bound__y753_y558_min_distance	0.0	0.0
bound_geometry	receptor_grouped_5fold	2	Gq/11	numeric__bound__n749_y753_distance	0.0	0.0
bound_geometry	receptor_grouped_5fold	2	Gq/11	numeric__bound__npxxy_local_spread	0.0	0.0
bound_geometry	receptor_grouped_5fold	2	Gq/11	numeric__bound__y753_displacement	0.0	0.0
bound_geometry	receptor_grouped_5fold	2	Gq/11	numeric__bound__sodium_d250_s339_distance	0.7858488084537777	0.7858488084537777
bound_geometry	receptor_grouped_5fold	2	Gq/11	numeric__bound__sodium_d250_n745_distance	0.0	0.0
bound_geometry	receptor_grouped_5fold	2	Gq/11	numeric__bound__sodium_d250_s746_distance	0.0	0.0
bound_geometry	receptor_grouped_5fold	2	Gq/11	numeric__bound__sodium_d250_n749_distance	0.0	0.0
bound_geometry	receptor_grouped_5fold	2	Gq/11	numeric__bound__sodium_pocket_volume	0.0	0.0
bound_geometry	receptor_grouped_5fold	2	Gq/11	numeric__bound__sodium_pocket_spread	0.0	0.0
bound_geometry	receptor_grouped_5fold	2	Gq/11	numeric__bound__tm7_rotation	0.0	0.0
bound_geometry	receptor_grouped_5fold	2	Gq/11	numeric__bound__icl2_generic_ca_count	0.0	0.0
bound_geometry	receptor_grouped_5fold	2	Gq/11	numeric__bound__icl2_end_to_end_distance	0.0	0.0
bound_geometry	receptor_grouped_5fold	2	Gq/11	numeric__bound__icl2_centroid_to_r350	0.0	0.0
bound_geometry	receptor_grouped_5fold	2	Gq/11	numeric__bound__icl2_centroid_to_tm5_561	0.0	0.0
bound_geometry	receptor_grouped_5fold	2	Gq/11	numeric__bound__icl2_centroid_to_tm6_634	0.0	0.0
bound_geometry	receptor_grouped_5fold	2	Gq/11	numeric__bound__icl2_centroid_to_tm7_753	0.0	0.0
bound_geometry	receptor_grouped_5fold	2	Gq/11	numeric__bound__icl2_axis_tm3_angle	0.0	0.0
bound_geometry	receptor_grouped_5fold	2	Gq/11	numeric__bound__icl2_axis_tm5_angle	0.0	0.0
bound_geometry	receptor_grouped_5fold	2	Gq/11	numeric__bound__icl2_active_reference_displacement	0.0	0.0
bound_geometry	receptor_grouped_5fold	2	Gq/11	numeric__bound__tm5_cytoplasmic_extension	0.056510170851361015	0.056510170851361015
bound_geometry	receptor_grouped_5fold	2	Gq/11	numeric__bound__tm5_cytoplasmic_kink	0.0	0.0
bound_geometry	receptor_grouped_5fold	2	Gq/11	numeric__bound__tm5_r350_561_distance	0.0	0.0
bound_geometry	receptor_grouped_5fold	2	Gq/11	numeric__bound__tm5_r350_564_distance	0.0	0.0
bound_geometry	receptor_grouped_5fold	2	Gq/11	numeric__bound__tm5_tm6_cavity_distance	0.0	0.0
bound_geometry	receptor_grouped_5fold	2	Gq/11	numeric__bound__tm5_axis_tm3_angle	0.0	0.0
bound_geometry	receptor_grouped_5fold	2	Gq/11	numeric__bound__tm6_lower_upper_kink	0.0	0.0
bound_geometry	receptor_grouped_5fold	2	Gq/11	numeric__bound__tm6_axis_tm3_angle	0.0	0.0
bound_geometry	receptor_grouped_5fold	2	Gq/11	numeric__bound__tm6_tm7_cavity_distance	0.0	0.0
bound_geometry	receptor_grouped_5fold	2	Gq/11	numeric__bound__tm7_h8_angle	0.0	0.0
bound_geometry	receptor_grouped_5fold	2	Gq/11	numeric__bound__h8_end_to_end_distance	0.0	0.0
bound_geometry	receptor_grouped_5fold	2	Gq/11	numeric__bound__h8_r350_distance	0.0	0.0
bound_geometry	receptor_grouped_5fold	2	Gq/11	numeric__bound__h8_tm6_distance	0.0	0.0
bound_geometry	receptor_grouped_5fold	2	Gq/11	numeric__bound__icl2_helix_fraction	0.0	0.0
bound_geometry	receptor_grouped_5fold	2	Gq/11	numeric__bound__icl2_longest_helix	0.019630357807376504	0.019630357807376504
bound_geometry	receptor_grouped_5fold	2	Gq/11	numeric__bound__icl2_mean_phi	0.0	0.0
bound_geometry	receptor_grouped_5fold	2	Gq/11	numeric__bound__icl2_mean_psi	0.0	0.0
bound_geometry	receptor_grouped_5fold	2	Gq/11	numeric__bound__intracellular_cavity_core_volume	0.0	0.0
bound_geometry	receptor_grouped_5fold	2	Gq/11	numeric__bound__intracellular_cavity_core_mouth_area	0.0	0.0
bound_geometry	receptor_grouped_5fold	2	Gq/11	numeric__bound__intracellular_cavity_core_depth	0.0	0.0
bound_geometry	receptor_grouped_5fold	2	Gq/11	numeric__bound__intracellular_cavity_core_maximum_width	0.0	0.0
bound_geometry	receptor_grouped_5fold	2	Gq/11	numeric__bound__intracellular_cavity_core_average_cross_section	0.0	0.0
bound_geometry	receptor_grouped_5fold	2	Gq/11	numeric__bound__intracellular_cavity_core_bottleneck_area	0.0	0.0
bound_geometry	receptor_grouped_5fold	2	Gq/11	numeric__bound__intracellular_cavity_core_bottleneck_radius	0.0	0.0
bound_geometry	receptor_grouped_5fold	2	Gq/11	numeric__bound__intracellular_cavity_core_max_inscribed_radius	0.0	0.0
bound_geometry	receptor_grouped_5fold	2	Gq/11	numeric__bound__intracellular_cavity_core_surface_area	0.0	0.0
bound_geometry	receptor_grouped_5fold	2	Gq/11	numeric__bound__intracellular_cavity_core_centroid_x	0.0	0.0
bound_geometry	receptor_grouped_5fold	2	Gq/11	numeric__bound__intracellular_cavity_core_centroid_y	0.0	0.0
bound_geometry	receptor_grouped_5fold	2	Gq/11	numeric__bound__intracellular_cavity_core_centroid_z	0.0	0.0
bound_geometry	receptor_grouped_5fold	2	Gq/11	numeric__bound__intracellular_cavity_core_principal_length_1	0.0	0.0
bound_geometry	receptor_grouped_5fold	2	Gq/11	numeric__bound__intracellular_cavity_core_principal_length_2	0.0	0.0
bound_geometry	receptor_grouped_5fold	2	Gq/11	numeric__bound__intracellular_cavity_core_principal_length_3	0.0	0.0
bound_geometry	receptor_grouped_5fold	2	Gq/11	numeric__bound__intracellular_cavity_core_principal_axis_1_z_alignment	0.0	0.0
bound_geometry	receptor_grouped_5fold	2	Gq/11	numeric__bound__intracellular_cavity_core_eccentricity	0.0	0.0
bound_geometry	receptor_grouped_5fold	2	Gq/11	numeric__bound__intracellular_cavity_core_sphericity	0.0	0.0
bound_geometry	receptor_grouped_5fold	2	Gq/11	numeric__bound__intracellular_cavity_core_asymmetry	0.0	0.0
bound_geometry	receptor_grouped_5fold	2	Gq/11	numeric__bound__intracellular_cavity_core_tm3_side_fraction	0.0	0.0
bound_geometry	receptor_grouped_5fold	2	Gq/11	numeric__bound__intracellular_cavity_core_tm6_side_fraction	0.0	0.0
bound_geometry	receptor_grouped_5fold	2	Gq/11	numeric__bound__intracellular_cavity_core_tm5_side_fraction	0.0	0.0
bound_geometry	receptor_grouped_5fold	2	Gq/11	numeric__bound__intracellular_cavity_core_tm7_side_fraction	0.0	0.0
bound_geometry	receptor_grouped_5fold	2	Gq/11	numeric__bound__intracellular_cavity_core_wall_fraction_h8	0.0	0.0
bound_geometry	receptor_grouped_5fold	2	Gq/11	numeric__bound__intracellular_cavity_core_wall_fraction_icl2	0.0	0.0
bound_geometry	receptor_grouped_5fold	2	Gq/11	numeric__bound__intracellular_cavity_core_wall_fraction_tm3	0.0	0.0
bound_geometry	receptor_grouped_5fold	2	Gq/11	numeric__bound__intracellular_cavity_core_wall_fraction_tm7	0.0	0.0
bound_geometry	receptor_grouped_5fold	2	Gs	numeric__bound__activation_consensus_score	0.0	0.0
bound_geometry	receptor_grouped_5fold	2	Gs	numeric__bound__tm6_r350_634_distance	0.0	0.0
bound_geometry	receptor_grouped_5fold	2	Gs	numeric__bound__tm6_aligned_displacement	0.0	0.0
bound_geometry	receptor_grouped_5fold	2	Gs	numeric__bound__tm7_displacement	0.0	0.0
bound_geometry	receptor_grouped_5fold	2	Gs	numeric__bound__tm3_tm7_distance	0.0	0.0
bound_geometry	receptor_grouped_5fold	2	Gs	numeric__bound__tm6_r350_630_distance	0.4637943943486327	0.4637943943486327
bound_geometry	receptor_grouped_5fold	2	Gs	numeric__bound__dry_r350_630_min_distance	0.0	0.0
bound_geometry	receptor_grouped_5fold	2	Gs	numeric__bound__dry_r350_630_ca_distance	0.4637943943486327	0.4637943943486327
bound_geometry	receptor_grouped_5fold	2	Gs	numeric__bound__dry_d349_r350_min_distance	0.0	0.0
bound_geometry	receptor_grouped_5fold	2	Gs	numeric__bound__r350_chi1	0.0	0.0
bound_geometry	receptor_grouped_5fold	2	Gs	numeric__bound__r350_chi2	0.0	0.0
bound_geometry	receptor_grouped_5fold	2	Gs	numeric__bound__pif_550_340_distance	0.0	0.0
bound_geometry	receptor_grouped_5fold	2	Gs	numeric__bound__pif_340_644_distance	0.0	0.0
bound_geometry	receptor_grouped_5fold	2	Gs	numeric__bound__pif_550_644_distance	0.0	0.0
bound_geometry	receptor_grouped_5fold	2	Gs	numeric__bound__pif_550_340_min_distance	0.0	0.0
bound_geometry	receptor_grouped_5fold	2	Gs	numeric__bound__pif_340_644_min_distance	0.0	0.0
bound_geometry	receptor_grouped_5fold	2	Gs	numeric__bound__pif_550_644_min_distance	0.0	0.0
bound_geometry	receptor_grouped_5fold	2	Gs	numeric__bound__pif_triangle_perimeter	0.0	0.0
bound_geometry	receptor_grouped_5fold	2	Gs	numeric__bound__position_644_chi1	0.0	0.0
bound_geometry	receptor_grouped_5fold	2	Gs	numeric__bound__position_644_chi2	0.0	0.0
bound_geometry	receptor_grouped_5fold	2	Gs	numeric__bound__w648_chi1	0.0	0.0
bound_geometry	receptor_grouped_5fold	2	Gs	numeric__bound__w648_chi2	0.0	0.0
bound_geometry	receptor_grouped_5fold	2	Gs	numeric__bound__w648_displacement	0.0	0.0
bound_geometry	receptor_grouped_5fold	2	Gs	numeric__bound__w648_to_644_distance	0.13919131086814435	0.13919131086814435
bound_geometry	receptor_grouped_5fold	2	Gs	numeric__bound__cwxp_647_650_distance	0.0	0.0
bound_geometry	receptor_grouped_5fold	2	Gs	numeric__bound__y753_chi1	0.0	0.0
bound_geometry	receptor_grouped_5fold	2	Gs	numeric__bound__y753_chi2	0.0	0.0
bound_geometry	receptor_grouped_5fold	2	Gs	numeric__bound__y753_y558_distance	0.0	0.0
bound_geometry	receptor_grouped_5fold	2	Gs	numeric__bound__y753_y558_min_distance	0.0	0.0
bound_geometry	receptor_grouped_5fold	2	Gs	numeric__bound__n749_y753_distance	0.0	0.0
bound_geometry	receptor_grouped_5fold	2	Gs	numeric__bound__npxxy_local_spread	0.0	0.0
bound_geometry	receptor_grouped_5fold	2	Gs	numeric__bound__y753_displacement	0.0	0.0
bound_geometry	receptor_grouped_5fold	2	Gs	numeric__bound__sodium_d250_s339_distance	0.0	0.0
bound_geometry	receptor_grouped_5fold	2	Gs	numeric__bound__sodium_d250_n745_distance	0.0	0.0
bound_geometry	receptor_grouped_5fold	2	Gs	numeric__bound__sodium_d250_s746_distance	0.0	0.0
bound_geometry	receptor_grouped_5fold	2	Gs	numeric__bound__sodium_d250_n749_distance	0.0	0.0
bound_geometry	receptor_grouped_5fold	2	Gs	numeric__bound__sodium_pocket_volume	0.0	0.0
bound_geometry	receptor_grouped_5fold	2	Gs	numeric__bound__sodium_pocket_spread	0.0	0.0
bound_geometry	receptor_grouped_5fold	2	Gs	numeric__bound__tm7_rotation	0.0	0.0
bound_geometry	receptor_grouped_5fold	2	Gs	numeric__bound__icl2_generic_ca_count	0.0	0.0
bound_geometry	receptor_grouped_5fold	2	Gs	numeric__bound__icl2_end_to_end_distance	0.0	0.0
bound_geometry	receptor_grouped_5fold	2	Gs	numeric__bound__icl2_centroid_to_r350	0.0	0.0
bound_geometry	receptor_grouped_5fold	2	Gs	numeric__bound__icl2_centroid_to_tm5_561	0.0	0.0
bound_geometry	receptor_grouped_5fold	2	Gs	numeric__bound__icl2_centroid_to_tm6_634	0.0	0.0
bound_geometry	receptor_grouped_5fold	2	Gs	numeric__bound__icl2_centroid_to_tm7_753	0.0	0.0
bound_geometry	receptor_grouped_5fold	2	Gs	numeric__bound__icl2_axis_tm3_angle	0.0	0.0
bound_geometry	receptor_grouped_5fold	2	Gs	numeric__bound__icl2_axis_tm5_angle	0.0	0.0
bound_geometry	receptor_grouped_5fold	2	Gs	numeric__bound__icl2_active_reference_displacement	0.0	0.0
bound_geometry	receptor_grouped_5fold	2	Gs	numeric__bound__tm5_cytoplasmic_extension	0.0	0.0
bound_geometry	receptor_grouped_5fold	2	Gs	numeric__bound__tm5_cytoplasmic_kink	0.0	0.0
bound_geometry	receptor_grouped_5fold	2	Gs	numeric__bound__tm5_r350_561_distance	0.0	0.0
bound_geometry	receptor_grouped_5fold	2	Gs	numeric__bound__tm5_r350_564_distance	0.0	0.0
bound_geometry	receptor_grouped_5fold	2	Gs	numeric__bound__tm5_tm6_cavity_distance	0.0	0.0
bound_geometry	receptor_grouped_5fold	2	Gs	numeric__bound__tm5_axis_tm3_angle	0.0	0.0
bound_geometry	receptor_grouped_5fold	2	Gs	numeric__bound__tm6_lower_upper_kink	0.0	0.0
bound_geometry	receptor_grouped_5fold	2	Gs	numeric__bound__tm6_axis_tm3_angle	0.0	0.0
bound_geometry	receptor_grouped_5fold	2	Gs	numeric__bound__tm6_tm7_cavity_distance	0.0	0.0
bound_geometry	receptor_grouped_5fold	2	Gs	numeric__bound__tm7_h8_angle	0.0	0.0
bound_geometry	receptor_grouped_5fold	2	Gs	numeric__bound__h8_end_to_end_distance	0.0	0.0
bound_geometry	receptor_grouped_5fold	2	Gs	numeric__bound__h8_r350_distance	0.0	0.0
bound_geometry	receptor_grouped_5fold	2	Gs	numeric__bound__h8_tm6_distance	0.0	0.0
bound_geometry	receptor_grouped_5fold	2	Gs	numeric__bound__icl2_helix_fraction	0.0	0.0
bound_geometry	receptor_grouped_5fold	2	Gs	numeric__bound__icl2_longest_helix	0.0	0.0
bound_geometry	receptor_grouped_5fold	2	Gs	numeric__bound__icl2_mean_phi	-0.25471701204978886	0.25471701204978886
bound_geometry	receptor_grouped_5fold	2	Gs	numeric__bound__icl2_mean_psi	0.0	0.0
bound_geometry	receptor_grouped_5fold	2	Gs	numeric__bound__intracellular_cavity_core_volume	0.0	0.0
bound_geometry	receptor_grouped_5fold	2	Gs	numeric__bound__intracellular_cavity_core_mouth_area	0.0	0.0
bound_geometry	receptor_grouped_5fold	2	Gs	numeric__bound__intracellular_cavity_core_depth	0.0	0.0
bound_geometry	receptor_grouped_5fold	2	Gs	numeric__bound__intracellular_cavity_core_maximum_width	0.0	0.0
bound_geometry	receptor_grouped_5fold	2	Gs	numeric__bound__intracellular_cavity_core_average_cross_section	0.0	0.0
bound_geometry	receptor_grouped_5fold	2	Gs	numeric__bound__intracellular_cavity_core_bottleneck_area	0.0	0.0
bound_geometry	receptor_grouped_5fold	2	Gs	numeric__bound__intracellular_cavity_core_bottleneck_radius	0.0	0.0
bound_geometry	receptor_grouped_5fold	2	Gs	numeric__bound__intracellular_cavity_core_max_inscribed_radius	0.0	0.0
bound_geometry	receptor_grouped_5fold	2	Gs	numeric__bound__intracellular_cavity_core_surface_area	0.0	0.0
bound_geometry	receptor_grouped_5fold	2	Gs	numeric__bound__intracellular_cavity_core_centroid_x	0.0	0.0
bound_geometry	receptor_grouped_5fold	2	Gs	numeric__bound__intracellular_cavity_core_centroid_y	0.0	0.0
bound_geometry	receptor_grouped_5fold	2	Gs	numeric__bound__intracellular_cavity_core_centroid_z	0.0	0.0
bound_geometry	receptor_grouped_5fold	2	Gs	numeric__bound__intracellular_cavity_core_principal_length_1	0.0	0.0
bound_geometry	receptor_grouped_5fold	2	Gs	numeric__bound__intracellular_cavity_core_principal_length_2	0.0	0.0
bound_geometry	receptor_grouped_5fold	2	Gs	numeric__bound__intracellular_cavity_core_principal_length_3	0.0	0.0
bound_geometry	receptor_grouped_5fold	2	Gs	numeric__bound__intracellular_cavity_core_principal_axis_1_z_alignment	0.0	0.0
bound_geometry	receptor_grouped_5fold	2	Gs	numeric__bound__intracellular_cavity_core_eccentricity	0.0	0.0
bound_geometry	receptor_grouped_5fold	2	Gs	numeric__bound__intracellular_cavity_core_sphericity	0.0	0.0
bound_geometry	receptor_grouped_5fold	2	Gs	numeric__bound__intracellular_cavity_core_asymmetry	-0.24918868704078045	0.24918868704078045
bound_geometry	receptor_grouped_5fold	2	Gs	numeric__bound__intracellular_cavity_core_tm3_side_fraction	0.0	0.0
bound_geometry	receptor_grouped_5fold	2	Gs	numeric__bound__intracellular_cavity_core_tm6_side_fraction	0.0	0.0
bound_geometry	receptor_grouped_5fold	2	Gs	numeric__bound__intracellular_cavity_core_tm5_side_fraction	0.0	0.0
bound_geometry	receptor_grouped_5fold	2	Gs	numeric__bound__intracellular_cavity_core_tm7_side_fraction	0.0	0.0
bound_geometry	receptor_grouped_5fold	2	Gs	numeric__bound__intracellular_cavity_core_wall_fraction_h8	0.1482299555569732	0.1482299555569732
bound_geometry	receptor_grouped_5fold	2	Gs	numeric__bound__intracellular_cavity_core_wall_fraction_icl2	0.0	0.0
bound_geometry	receptor_grouped_5fold	2	Gs	numeric__bound__intracellular_cavity_core_wall_fraction_tm3	0.0	0.0
bound_geometry	receptor_grouped_5fold	2	Gs	numeric__bound__intracellular_cavity_core_wall_fraction_tm7	0.0	0.0
bound_geometry	receptor_grouped_5fold	3	Gi/o	numeric__bound__activation_consensus_score	0.0	0.0
bound_geometry	receptor_grouped_5fold	3	Gi/o	numeric__bound__tm6_r350_634_distance	0.0	0.0
bound_geometry	receptor_grouped_5fold	3	Gi/o	numeric__bound__tm6_aligned_displacement	0.0	0.0
bound_geometry	receptor_grouped_5fold	3	Gi/o	numeric__bound__tm7_displacement	0.0	0.0
bound_geometry	receptor_grouped_5fold	3	Gi/o	numeric__bound__tm3_tm7_distance	0.11650035039014044	0.11650035039014044
bound_geometry	receptor_grouped_5fold	3	Gi/o	numeric__bound__tm6_r350_630_distance	0.0	0.0
bound_geometry	receptor_grouped_5fold	3	Gi/o	numeric__bound__dry_r350_630_min_distance	0.0	0.0
bound_geometry	receptor_grouped_5fold	3	Gi/o	numeric__bound__dry_r350_630_ca_distance	0.0	0.0
bound_geometry	receptor_grouped_5fold	3	Gi/o	numeric__bound__dry_d349_r350_min_distance	0.0	0.0
bound_geometry	receptor_grouped_5fold	3	Gi/o	numeric__bound__r350_chi1	0.0	0.0
bound_geometry	receptor_grouped_5fold	3	Gi/o	numeric__bound__r350_chi2	0.0	0.0
bound_geometry	receptor_grouped_5fold	3	Gi/o	numeric__bound__pif_550_340_distance	0.0	0.0
bound_geometry	receptor_grouped_5fold	3	Gi/o	numeric__bound__pif_340_644_distance	0.0	0.0
bound_geometry	receptor_grouped_5fold	3	Gi/o	numeric__bound__pif_550_644_distance	0.0	0.0
bound_geometry	receptor_grouped_5fold	3	Gi/o	numeric__bound__pif_550_340_min_distance	0.0	0.0
bound_geometry	receptor_grouped_5fold	3	Gi/o	numeric__bound__pif_340_644_min_distance	0.0	0.0
bound_geometry	receptor_grouped_5fold	3	Gi/o	numeric__bound__pif_550_644_min_distance	0.0	0.0
bound_geometry	receptor_grouped_5fold	3	Gi/o	numeric__bound__pif_triangle_perimeter	0.0	0.0
bound_geometry	receptor_grouped_5fold	3	Gi/o	numeric__bound__position_644_chi1	0.0	0.0
bound_geometry	receptor_grouped_5fold	3	Gi/o	numeric__bound__position_644_chi2	0.0	0.0
bound_geometry	receptor_grouped_5fold	3	Gi/o	numeric__bound__w648_chi1	0.0	0.0
bound_geometry	receptor_grouped_5fold	3	Gi/o	numeric__bound__w648_chi2	0.0	0.0
bound_geometry	receptor_grouped_5fold	3	Gi/o	numeric__bound__w648_displacement	0.0	0.0
bound_geometry	receptor_grouped_5fold	3	Gi/o	numeric__bound__w648_to_644_distance	0.0	0.0
bound_geometry	receptor_grouped_5fold	3	Gi/o	numeric__bound__cwxp_647_650_distance	0.0	0.0
bound_geometry	receptor_grouped_5fold	3	Gi/o	numeric__bound__y753_chi1	0.0	0.0
bound_geometry	receptor_grouped_5fold	3	Gi/o	numeric__bound__y753_chi2	0.0	0.0
bound_geometry	receptor_grouped_5fold	3	Gi/o	numeric__bound__y753_y558_distance	0.0	0.0
bound_geometry	receptor_grouped_5fold	3	Gi/o	numeric__bound__y753_y558_min_distance	0.0	0.0
bound_geometry	receptor_grouped_5fold	3	Gi/o	numeric__bound__n749_y753_distance	0.0	0.0
bound_geometry	receptor_grouped_5fold	3	Gi/o	numeric__bound__npxxy_local_spread	0.0	0.0
bound_geometry	receptor_grouped_5fold	3	Gi/o	numeric__bound__y753_displacement	0.0	0.0
bound_geometry	receptor_grouped_5fold	3	Gi/o	numeric__bound__sodium_d250_s339_distance	0.0	0.0
bound_geometry	receptor_grouped_5fold	3	Gi/o	numeric__bound__sodium_d250_n745_distance	0.0	0.0
bound_geometry	receptor_grouped_5fold	3	Gi/o	numeric__bound__sodium_d250_s746_distance	0.0	0.0
bound_geometry	receptor_grouped_5fold	3	Gi/o	numeric__bound__sodium_d250_n749_distance	0.0	0.0
bound_geometry	receptor_grouped_5fold	3	Gi/o	numeric__bound__sodium_pocket_volume	0.0	0.0
bound_geometry	receptor_grouped_5fold	3	Gi/o	numeric__bound__sodium_pocket_spread	0.0	0.0
bound_geometry	receptor_grouped_5fold	3	Gi/o	numeric__bound__tm7_rotation	0.0	0.0
bound_geometry	receptor_grouped_5fold	3	Gi/o	numeric__bound__icl2_generic_ca_count	0.0	0.0
bound_geometry	receptor_grouped_5fold	3	Gi/o	numeric__bound__icl2_end_to_end_distance	0.0	0.0
bound_geometry	receptor_grouped_5fold	3	Gi/o	numeric__bound__icl2_centroid_to_r350	0.0	0.0
bound_geometry	receptor_grouped_5fold	3	Gi/o	numeric__bound__icl2_centroid_to_tm5_561	0.0	0.0
bound_geometry	receptor_grouped_5fold	3	Gi/o	numeric__bound__icl2_centroid_to_tm6_634	0.0	0.0
bound_geometry	receptor_grouped_5fold	3	Gi/o	numeric__bound__icl2_centroid_to_tm7_753	0.0	0.0
bound_geometry	receptor_grouped_5fold	3	Gi/o	numeric__bound__icl2_axis_tm3_angle	0.0	0.0
bound_geometry	receptor_grouped_5fold	3	Gi/o	numeric__bound__icl2_axis_tm5_angle	0.0	0.0
bound_geometry	receptor_grouped_5fold	3	Gi/o	numeric__bound__icl2_active_reference_displacement	0.0	0.0
bound_geometry	receptor_grouped_5fold	3	Gi/o	numeric__bound__tm5_cytoplasmic_extension	0.0	0.0
bound_geometry	receptor_grouped_5fold	3	Gi/o	numeric__bound__tm5_cytoplasmic_kink	0.0	0.0
bound_geometry	receptor_grouped_5fold	3	Gi/o	numeric__bound__tm5_r350_561_distance	0.0	0.0
bound_geometry	receptor_grouped_5fold	3	Gi/o	numeric__bound__tm5_r350_564_distance	0.0	0.0
bound_geometry	receptor_grouped_5fold	3	Gi/o	numeric__bound__tm5_tm6_cavity_distance	0.0	0.0
bound_geometry	receptor_grouped_5fold	3	Gi/o	numeric__bound__tm5_axis_tm3_angle	0.0	0.0
bound_geometry	receptor_grouped_5fold	3	Gi/o	numeric__bound__tm6_lower_upper_kink	0.0	0.0
bound_geometry	receptor_grouped_5fold	3	Gi/o	numeric__bound__tm6_axis_tm3_angle	0.0	0.0
bound_geometry	receptor_grouped_5fold	3	Gi/o	numeric__bound__tm6_tm7_cavity_distance	0.0	0.0
bound_geometry	receptor_grouped_5fold	3	Gi/o	numeric__bound__tm7_h8_angle	0.0	0.0
bound_geometry	receptor_grouped_5fold	3	Gi/o	numeric__bound__h8_end_to_end_distance	0.0	0.0
bound_geometry	receptor_grouped_5fold	3	Gi/o	numeric__bound__h8_r350_distance	0.0	0.0
bound_geometry	receptor_grouped_5fold	3	Gi/o	numeric__bound__h8_tm6_distance	0.0	0.0
bound_geometry	receptor_grouped_5fold	3	Gi/o	numeric__bound__icl2_helix_fraction	0.0	0.0
bound_geometry	receptor_grouped_5fold	3	Gi/o	numeric__bound__icl2_longest_helix	0.0	0.0
bound_geometry	receptor_grouped_5fold	3	Gi/o	numeric__bound__icl2_mean_phi	0.0	0.0
bound_geometry	receptor_grouped_5fold	3	Gi/o	numeric__bound__icl2_mean_psi	0.0	0.0
bound_geometry	receptor_grouped_5fold	3	Gi/o	numeric__bound__intracellular_cavity_core_volume	0.0	0.0
bound_geometry	receptor_grouped_5fold	3	Gi/o	numeric__bound__intracellular_cavity_core_mouth_area	0.0	0.0
bound_geometry	receptor_grouped_5fold	3	Gi/o	numeric__bound__intracellular_cavity_core_depth	0.0	0.0
bound_geometry	receptor_grouped_5fold	3	Gi/o	numeric__bound__intracellular_cavity_core_maximum_width	0.0	0.0
bound_geometry	receptor_grouped_5fold	3	Gi/o	numeric__bound__intracellular_cavity_core_average_cross_section	0.0	0.0
bound_geometry	receptor_grouped_5fold	3	Gi/o	numeric__bound__intracellular_cavity_core_bottleneck_area	0.0	0.0
bound_geometry	receptor_grouped_5fold	3	Gi/o	numeric__bound__intracellular_cavity_core_bottleneck_radius	0.0	0.0
bound_geometry	receptor_grouped_5fold	3	Gi/o	numeric__bound__intracellular_cavity_core_max_inscribed_radius	0.0	0.0
bound_geometry	receptor_grouped_5fold	3	Gi/o	numeric__bound__intracellular_cavity_core_surface_area	0.0	0.0
bound_geometry	receptor_grouped_5fold	3	Gi/o	numeric__bound__intracellular_cavity_core_centroid_x	0.0	0.0
bound_geometry	receptor_grouped_5fold	3	Gi/o	numeric__bound__intracellular_cavity_core_centroid_y	0.0	0.0
bound_geometry	receptor_grouped_5fold	3	Gi/o	numeric__bound__intracellular_cavity_core_centroid_z	0.0	0.0
bound_geometry	receptor_grouped_5fold	3	Gi/o	numeric__bound__intracellular_cavity_core_principal_length_1	0.0	0.0
bound_geometry	receptor_grouped_5fold	3	Gi/o	numeric__bound__intracellular_cavity_core_principal_length_2	0.0	0.0
bound_geometry	receptor_grouped_5fold	3	Gi/o	numeric__bound__intracellular_cavity_core_principal_length_3	0.0	0.0
bound_geometry	receptor_grouped_5fold	3	Gi/o	numeric__bound__intracellular_cavity_core_principal_axis_1_z_alignment	0.0	0.0
bound_geometry	receptor_grouped_5fold	3	Gi/o	numeric__bound__intracellular_cavity_core_eccentricity	0.0	0.0
bound_geometry	receptor_grouped_5fold	3	Gi/o	numeric__bound__intracellular_cavity_core_sphericity	0.0	0.0
bound_geometry	receptor_grouped_5fold	3	Gi/o	numeric__bound__intracellular_cavity_core_asymmetry	0.0	0.0
bound_geometry	receptor_grouped_5fold	3	Gi/o	numeric__bound__intracellular_cavity_core_tm3_side_fraction	0.0	0.0
bound_geometry	receptor_grouped_5fold	3	Gi/o	numeric__bound__intracellular_cavity_core_tm6_side_fraction	0.0	0.0
bound_geometry	receptor_grouped_5fold	3	Gi/o	numeric__bound__intracellular_cavity_core_tm5_side_fraction	0.0	0.0
bound_geometry	receptor_grouped_5fold	3	Gi/o	numeric__bound__intracellular_cavity_core_tm7_side_fraction	0.0	0.0
bound_geometry	receptor_grouped_5fold	3	Gi/o	numeric__bound__intracellular_cavity_core_wall_fraction_h8	0.0	0.0
bound_geometry	receptor_grouped_5fold	3	Gi/o	numeric__bound__intracellular_cavity_core_wall_fraction_icl2	0.0	0.0
bound_geometry	receptor_grouped_5fold	3	Gi/o	numeric__bound__intracellular_cavity_core_wall_fraction_tm3	0.0	0.0
bound_geometry	receptor_grouped_5fold	3	Gi/o	numeric__bound__intracellular_cavity_core_wall_fraction_tm7	0.0	0.0
bound_geometry	receptor_grouped_5fold	3	Gq/11	numeric__bound__activation_consensus_score	0.0	0.0
bound_geometry	receptor_grouped_5fold	3	Gq/11	numeric__bound__tm6_r350_634_distance	0.0	0.0
bound_geometry	receptor_grouped_5fold	3	Gq/11	numeric__bound__tm6_aligned_displacement	0.0	0.0
bound_geometry	receptor_grouped_5fold	3	Gq/11	numeric__bound__tm7_displacement	0.0	0.0
bound_geometry	receptor_grouped_5fold	3	Gq/11	numeric__bound__tm3_tm7_distance	0.0	0.0
bound_geometry	receptor_grouped_5fold	3	Gq/11	numeric__bound__tm6_r350_630_distance	0.0	0.0
bound_geometry	receptor_grouped_5fold	3	Gq/11	numeric__bound__dry_r350_630_min_distance	0.0	0.0
bound_geometry	receptor_grouped_5fold	3	Gq/11	numeric__bound__dry_r350_630_ca_distance	0.0	0.0
bound_geometry	receptor_grouped_5fold	3	Gq/11	numeric__bound__dry_d349_r350_min_distance	0.0	0.0
bound_geometry	receptor_grouped_5fold	3	Gq/11	numeric__bound__r350_chi1	0.0	0.0
bound_geometry	receptor_grouped_5fold	3	Gq/11	numeric__bound__r350_chi2	0.0	0.0
bound_geometry	receptor_grouped_5fold	3	Gq/11	numeric__bound__pif_550_340_distance	0.0	0.0
bound_geometry	receptor_grouped_5fold	3	Gq/11	numeric__bound__pif_340_644_distance	0.0	0.0
bound_geometry	receptor_grouped_5fold	3	Gq/11	numeric__bound__pif_550_644_distance	0.0	0.0
bound_geometry	receptor_grouped_5fold	3	Gq/11	numeric__bound__pif_550_340_min_distance	0.0	0.0
bound_geometry	receptor_grouped_5fold	3	Gq/11	numeric__bound__pif_340_644_min_distance	0.0	0.0
bound_geometry	receptor_grouped_5fold	3	Gq/11	numeric__bound__pif_550_644_min_distance	0.0	0.0
bound_geometry	receptor_grouped_5fold	3	Gq/11	numeric__bound__pif_triangle_perimeter	0.0	0.0
bound_geometry	receptor_grouped_5fold	3	Gq/11	numeric__bound__position_644_chi1	0.0	0.0
bound_geometry	receptor_grouped_5fold	3	Gq/11	numeric__bound__position_644_chi2	0.0	0.0
bound_geometry	receptor_grouped_5fold	3	Gq/11	numeric__bound__w648_chi1	0.0	0.0
bound_geometry	receptor_grouped_5fold	3	Gq/11	numeric__bound__w648_chi2	0.0	0.0
bound_geometry	receptor_grouped_5fold	3	Gq/11	numeric__bound__w648_displacement	0.0	0.0
bound_geometry	receptor_grouped_5fold	3	Gq/11	numeric__bound__w648_to_644_distance	0.0	0.0
bound_geometry	receptor_grouped_5fold	3	Gq/11	numeric__bound__cwxp_647_650_distance	0.0	0.0
bound_geometry	receptor_grouped_5fold	3	Gq/11	numeric__bound__y753_chi1	0.0	0.0
bound_geometry	receptor_grouped_5fold	3	Gq/11	numeric__bound__y753_chi2	0.0	0.0
bound_geometry	receptor_grouped_5fold	3	Gq/11	numeric__bound__y753_y558_distance	0.0	0.0
bound_geometry	receptor_grouped_5fold	3	Gq/11	numeric__bound__y753_y558_min_distance	0.0	0.0
bound_geometry	receptor_grouped_5fold	3	Gq/11	numeric__bound__n749_y753_distance	0.0	0.0
bound_geometry	receptor_grouped_5fold	3	Gq/11	numeric__bound__npxxy_local_spread	0.0	0.0
bound_geometry	receptor_grouped_5fold	3	Gq/11	numeric__bound__y753_displacement	0.0	0.0
bound_geometry	receptor_grouped_5fold	3	Gq/11	numeric__bound__sodium_d250_s339_distance	0.0	0.0
bound_geometry	receptor_grouped_5fold	3	Gq/11	numeric__bound__sodium_d250_n745_distance	0.0	0.0
bound_geometry	receptor_grouped_5fold	3	Gq/11	numeric__bound__sodium_d250_s746_distance	0.0	0.0
bound_geometry	receptor_grouped_5fold	3	Gq/11	numeric__bound__sodium_d250_n749_distance	0.0	0.0
bound_geometry	receptor_grouped_5fold	3	Gq/11	numeric__bound__sodium_pocket_volume	0.0	0.0
bound_geometry	receptor_grouped_5fold	3	Gq/11	numeric__bound__sodium_pocket_spread	0.0	0.0
bound_geometry	receptor_grouped_5fold	3	Gq/11	numeric__bound__tm7_rotation	0.0	0.0
bound_geometry	receptor_grouped_5fold	3	Gq/11	numeric__bound__icl2_generic_ca_count	0.0	0.0
bound_geometry	receptor_grouped_5fold	3	Gq/11	numeric__bound__icl2_end_to_end_distance	0.0	0.0
bound_geometry	receptor_grouped_5fold	3	Gq/11	numeric__bound__icl2_centroid_to_r350	0.0	0.0
bound_geometry	receptor_grouped_5fold	3	Gq/11	numeric__bound__icl2_centroid_to_tm5_561	0.0	0.0
bound_geometry	receptor_grouped_5fold	3	Gq/11	numeric__bound__icl2_centroid_to_tm6_634	0.0	0.0
bound_geometry	receptor_grouped_5fold	3	Gq/11	numeric__bound__icl2_centroid_to_tm7_753	0.0	0.0
bound_geometry	receptor_grouped_5fold	3	Gq/11	numeric__bound__icl2_axis_tm3_angle	0.0	0.0
bound_geometry	receptor_grouped_5fold	3	Gq/11	numeric__bound__icl2_axis_tm5_angle	0.0	0.0
bound_geometry	receptor_grouped_5fold	3	Gq/11	numeric__bound__icl2_active_reference_displacement	0.0	0.0
bound_geometry	receptor_grouped_5fold	3	Gq/11	numeric__bound__tm5_cytoplasmic_extension	0.0	0.0
bound_geometry	receptor_grouped_5fold	3	Gq/11	numeric__bound__tm5_cytoplasmic_kink	0.0	0.0
bound_geometry	receptor_grouped_5fold	3	Gq/11	numeric__bound__tm5_r350_561_distance	0.0	0.0
bound_geometry	receptor_grouped_5fold	3	Gq/11	numeric__bound__tm5_r350_564_distance	0.0	0.0
bound_geometry	receptor_grouped_5fold	3	Gq/11	numeric__bound__tm5_tm6_cavity_distance	0.0	0.0
bound_geometry	receptor_grouped_5fold	3	Gq/11	numeric__bound__tm5_axis_tm3_angle	0.0	0.0
bound_geometry	receptor_grouped_5fold	3	Gq/11	numeric__bound__tm6_lower_upper_kink	0.0	0.0
bound_geometry	receptor_grouped_5fold	3	Gq/11	numeric__bound__tm6_axis_tm3_angle	0.0	0.0
bound_geometry	receptor_grouped_5fold	3	Gq/11	numeric__bound__tm6_tm7_cavity_distance	0.0	0.0
bound_geometry	receptor_grouped_5fold	3	Gq/11	numeric__bound__tm7_h8_angle	0.0	0.0
bound_geometry	receptor_grouped_5fold	3	Gq/11	numeric__bound__h8_end_to_end_distance	0.0	0.0
bound_geometry	receptor_grouped_5fold	3	Gq/11	numeric__bound__h8_r350_distance	0.0	0.0
bound_geometry	receptor_grouped_5fold	3	Gq/11	numeric__bound__h8_tm6_distance	0.0	0.0
bound_geometry	receptor_grouped_5fold	3	Gq/11	numeric__bound__icl2_helix_fraction	0.0	0.0
bound_geometry	receptor_grouped_5fold	3	Gq/11	numeric__bound__icl2_longest_helix	0.0	0.0
bound_geometry	receptor_grouped_5fold	3	Gq/11	numeric__bound__icl2_mean_phi	0.0	0.0
bound_geometry	receptor_grouped_5fold	3	Gq/11	numeric__bound__icl2_mean_psi	0.0	0.0
bound_geometry	receptor_grouped_5fold	3	Gq/11	numeric__bound__intracellular_cavity_core_volume	0.0	0.0
bound_geometry	receptor_grouped_5fold	3	Gq/11	numeric__bound__intracellular_cavity_core_mouth_area	0.0	0.0
bound_geometry	receptor_grouped_5fold	3	Gq/11	numeric__bound__intracellular_cavity_core_depth	0.0	0.0
bound_geometry	receptor_grouped_5fold	3	Gq/11	numeric__bound__intracellular_cavity_core_maximum_width	0.0	0.0
bound_geometry	receptor_grouped_5fold	3	Gq/11	numeric__bound__intracellular_cavity_core_average_cross_section	0.0	0.0
bound_geometry	receptor_grouped_5fold	3	Gq/11	numeric__bound__intracellular_cavity_core_bottleneck_area	0.0	0.0
bound_geometry	receptor_grouped_5fold	3	Gq/11	numeric__bound__intracellular_cavity_core_bottleneck_radius	0.0	0.0
bound_geometry	receptor_grouped_5fold	3	Gq/11	numeric__bound__intracellular_cavity_core_max_inscribed_radius	0.0	0.0
bound_geometry	receptor_grouped_5fold	3	Gq/11	numeric__bound__intracellular_cavity_core_surface_area	0.0	0.0
bound_geometry	receptor_grouped_5fold	3	Gq/11	numeric__bound__intracellular_cavity_core_centroid_x	0.0	0.0
bound_geometry	receptor_grouped_5fold	3	Gq/11	numeric__bound__intracellular_cavity_core_centroid_y	0.0	0.0
bound_geometry	receptor_grouped_5fold	3	Gq/11	numeric__bound__intracellular_cavity_core_centroid_z	0.0	0.0
bound_geometry	receptor_grouped_5fold	3	Gq/11	numeric__bound__intracellular_cavity_core_principal_length_1	0.0	0.0
bound_geometry	receptor_grouped_5fold	3	Gq/11	numeric__bound__intracellular_cavity_core_principal_length_2	0.0	0.0
bound_geometry	receptor_grouped_5fold	3	Gq/11	numeric__bound__intracellular_cavity_core_principal_length_3	0.0	0.0
bound_geometry	receptor_grouped_5fold	3	Gq/11	numeric__bound__intracellular_cavity_core_principal_axis_1_z_alignment	0.0	0.0
bound_geometry	receptor_grouped_5fold	3	Gq/11	numeric__bound__intracellular_cavity_core_eccentricity	0.0	0.0
bound_geometry	receptor_grouped_5fold	3	Gq/11	numeric__bound__intracellular_cavity_core_sphericity	0.0	0.0
bound_geometry	receptor_grouped_5fold	3	Gq/11	numeric__bound__intracellular_cavity_core_asymmetry	0.0	0.0
bound_geometry	receptor_grouped_5fold	3	Gq/11	numeric__bound__intracellular_cavity_core_tm3_side_fraction	0.0	0.0
bound_geometry	receptor_grouped_5fold	3	Gq/11	numeric__bound__intracellular_cavity_core_tm6_side_fraction	0.0	0.0
bound_geometry	receptor_grouped_5fold	3	Gq/11	numeric__bound__intracellular_cavity_core_tm5_side_fraction	0.0	0.0
bound_geometry	receptor_grouped_5fold	3	Gq/11	numeric__bound__intracellular_cavity_core_tm7_side_fraction	0.0	0.0
bound_geometry	receptor_grouped_5fold	3	Gq/11	numeric__bound__intracellular_cavity_core_wall_fraction_h8	0.0	0.0
bound_geometry	receptor_grouped_5fold	3	Gq/11	numeric__bound__intracellular_cavity_core_wall_fraction_icl2	0.0	0.0
bound_geometry	receptor_grouped_5fold	3	Gq/11	numeric__bound__intracellular_cavity_core_wall_fraction_tm3	0.0	0.0
bound_geometry	receptor_grouped_5fold	3	Gq/11	numeric__bound__intracellular_cavity_core_wall_fraction_tm7	0.0	0.0
bound_geometry	receptor_grouped_5fold	3	Gs	numeric__bound__activation_consensus_score	0.0	0.0
bound_geometry	receptor_grouped_5fold	3	Gs	numeric__bound__tm6_r350_634_distance	0.0	0.0
bound_geometry	receptor_grouped_5fold	3	Gs	numeric__bound__tm6_aligned_displacement	0.0	0.0
bound_geometry	receptor_grouped_5fold	3	Gs	numeric__bound__tm7_displacement	0.0	0.0
bound_geometry	receptor_grouped_5fold	3	Gs	numeric__bound__tm3_tm7_distance	0.0	0.0
bound_geometry	receptor_grouped_5fold	3	Gs	numeric__bound__tm6_r350_630_distance	0.1483259483057119	0.1483259483057119
bound_geometry	receptor_grouped_5fold	3	Gs	numeric__bound__dry_r350_630_min_distance	0.020093981737694527	0.020093981737694527
bound_geometry	receptor_grouped_5fold	3	Gs	numeric__bound__dry_r350_630_ca_distance	0.1483259483057119	0.1483259483057119
bound_geometry	receptor_grouped_5fold	3	Gs	numeric__bound__dry_d349_r350_min_distance	0.0	0.0
bound_geometry	receptor_grouped_5fold	3	Gs	numeric__bound__r350_chi1	0.0	0.0
bound_geometry	receptor_grouped_5fold	3	Gs	numeric__bound__r350_chi2	0.0	0.0
bound_geometry	receptor_grouped_5fold	3	Gs	numeric__bound__pif_550_340_distance	0.0	0.0
bound_geometry	receptor_grouped_5fold	3	Gs	numeric__bound__pif_340_644_distance	0.0	0.0
bound_geometry	receptor_grouped_5fold	3	Gs	numeric__bound__pif_550_644_distance	0.0	0.0
bound_geometry	receptor_grouped_5fold	3	Gs	numeric__bound__pif_550_340_min_distance	0.0	0.0
bound_geometry	receptor_grouped_5fold	3	Gs	numeric__bound__pif_340_644_min_distance	0.0	0.0
bound_geometry	receptor_grouped_5fold	3	Gs	numeric__bound__pif_550_644_min_distance	0.0	0.0
bound_geometry	receptor_grouped_5fold	3	Gs	numeric__bound__pif_triangle_perimeter	0.0	0.0
bound_geometry	receptor_grouped_5fold	3	Gs	numeric__bound__position_644_chi1	0.0	0.0
bound_geometry	receptor_grouped_5fold	3	Gs	numeric__bound__position_644_chi2	0.0	0.0
bound_geometry	receptor_grouped_5fold	3	Gs	numeric__bound__w648_chi1	0.0	0.0
bound_geometry	receptor_grouped_5fold	3	Gs	numeric__bound__w648_chi2	0.0	0.0
bound_geometry	receptor_grouped_5fold	3	Gs	numeric__bound__w648_displacement	0.0	0.0
bound_geometry	receptor_grouped_5fold	3	Gs	numeric__bound__w648_to_644_distance	0.0	0.0
bound_geometry	receptor_grouped_5fold	3	Gs	numeric__bound__cwxp_647_650_distance	0.0	0.0
bound_geometry	receptor_grouped_5fold	3	Gs	numeric__bound__y753_chi1	0.0	0.0
bound_geometry	receptor_grouped_5fold	3	Gs	numeric__bound__y753_chi2	0.0	0.0
bound_geometry	receptor_grouped_5fold	3	Gs	numeric__bound__y753_y558_distance	0.0	0.0
bound_geometry	receptor_grouped_5fold	3	Gs	numeric__bound__y753_y558_min_distance	0.0	0.0
bound_geometry	receptor_grouped_5fold	3	Gs	numeric__bound__n749_y753_distance	0.0	0.0
bound_geometry	receptor_grouped_5fold	3	Gs	numeric__bound__npxxy_local_spread	0.0	0.0
bound_geometry	receptor_grouped_5fold	3	Gs	numeric__bound__y753_displacement	0.0	0.0
bound_geometry	receptor_grouped_5fold	3	Gs	numeric__bound__sodium_d250_s339_distance	0.0	0.0
bound_geometry	receptor_grouped_5fold	3	Gs	numeric__bound__sodium_d250_n745_distance	0.0	0.0
bound_geometry	receptor_grouped_5fold	3	Gs	numeric__bound__sodium_d250_s746_distance	0.0	0.0
bound_geometry	receptor_grouped_5fold	3	Gs	numeric__bound__sodium_d250_n749_distance	0.0	0.0
bound_geometry	receptor_grouped_5fold	3	Gs	numeric__bound__sodium_pocket_volume	0.0	0.0
bound_geometry	receptor_grouped_5fold	3	Gs	numeric__bound__sodium_pocket_spread	0.0	0.0
bound_geometry	receptor_grouped_5fold	3	Gs	numeric__bound__tm7_rotation	0.0	0.0
bound_geometry	receptor_grouped_5fold	3	Gs	numeric__bound__icl2_generic_ca_count	0.0	0.0
bound_geometry	receptor_grouped_5fold	3	Gs	numeric__bound__icl2_end_to_end_distance	0.0	0.0
bound_geometry	receptor_grouped_5fold	3	Gs	numeric__bound__icl2_centroid_to_r350	0.0	0.0
bound_geometry	receptor_grouped_5fold	3	Gs	numeric__bound__icl2_centroid_to_tm5_561	0.0	0.0
bound_geometry	receptor_grouped_5fold	3	Gs	numeric__bound__icl2_centroid_to_tm6_634	0.0	0.0
bound_geometry	receptor_grouped_5fold	3	Gs	numeric__bound__icl2_centroid_to_tm7_753	0.0	0.0
bound_geometry	receptor_grouped_5fold	3	Gs	numeric__bound__icl2_axis_tm3_angle	0.0	0.0
bound_geometry	receptor_grouped_5fold	3	Gs	numeric__bound__icl2_axis_tm5_angle	0.0	0.0
bound_geometry	receptor_grouped_5fold	3	Gs	numeric__bound__icl2_active_reference_displacement	0.0	0.0
bound_geometry	receptor_grouped_5fold	3	Gs	numeric__bound__tm5_cytoplasmic_extension	0.0	0.0
bound_geometry	receptor_grouped_5fold	3	Gs	numeric__bound__tm5_cytoplasmic_kink	0.0	0.0
bound_geometry	receptor_grouped_5fold	3	Gs	numeric__bound__tm5_r350_561_distance	0.0	0.0
bound_geometry	receptor_grouped_5fold	3	Gs	numeric__bound__tm5_r350_564_distance	0.0	0.0
bound_geometry	receptor_grouped_5fold	3	Gs	numeric__bound__tm5_tm6_cavity_distance	0.0	0.0
bound_geometry	receptor_grouped_5fold	3	Gs	numeric__bound__tm5_axis_tm3_angle	0.0	0.0
bound_geometry	receptor_grouped_5fold	3	Gs	numeric__bound__tm6_lower_upper_kink	0.0	0.0
bound_geometry	receptor_grouped_5fold	3	Gs	numeric__bound__tm6_axis_tm3_angle	0.0	0.0
bound_geometry	receptor_grouped_5fold	3	Gs	numeric__bound__tm6_tm7_cavity_distance	0.05317399697233325	0.05317399697233325
bound_geometry	receptor_grouped_5fold	3	Gs	numeric__bound__tm7_h8_angle	0.0	0.0
bound_geometry	receptor_grouped_5fold	3	Gs	numeric__bound__h8_end_to_end_distance	0.0	0.0
bound_geometry	receptor_grouped_5fold	3	Gs	numeric__bound__h8_r350_distance	0.0	0.0
bound_geometry	receptor_grouped_5fold	3	Gs	numeric__bound__h8_tm6_distance	0.0	0.0
bound_geometry	receptor_grouped_5fold	3	Gs	numeric__bound__icl2_helix_fraction	0.0	0.0
bound_geometry	receptor_grouped_5fold	3	Gs	numeric__bound__icl2_longest_helix	0.0	0.0
bound_geometry	receptor_grouped_5fold	3	Gs	numeric__bound__icl2_mean_phi	0.0	0.0
bound_geometry	receptor_grouped_5fold	3	Gs	numeric__bound__icl2_mean_psi	0.0	0.0
bound_geometry	receptor_grouped_5fold	3	Gs	numeric__bound__intracellular_cavity_core_volume	0.0	0.0
bound_geometry	receptor_grouped_5fold	3	Gs	numeric__bound__intracellular_cavity_core_mouth_area	0.0	0.0
bound_geometry	receptor_grouped_5fold	3	Gs	numeric__bound__intracellular_cavity_core_depth	0.0	0.0
bound_geometry	receptor_grouped_5fold	3	Gs	numeric__bound__intracellular_cavity_core_maximum_width	0.0	0.0
bound_geometry	receptor_grouped_5fold	3	Gs	numeric__bound__intracellular_cavity_core_average_cross_section	0.0	0.0
bound_geometry	receptor_grouped_5fold	3	Gs	numeric__bound__intracellular_cavity_core_bottleneck_area	0.0	0.0
bound_geometry	receptor_grouped_5fold	3	Gs	numeric__bound__intracellular_cavity_core_bottleneck_radius	0.0	0.0
bound_geometry	receptor_grouped_5fold	3	Gs	numeric__bound__intracellular_cavity_core_max_inscribed_radius	0.0	0.0
bound_geometry	receptor_grouped_5fold	3	Gs	numeric__bound__intracellular_cavity_core_surface_area	0.0	0.0
bound_geometry	receptor_grouped_5fold	3	Gs	numeric__bound__intracellular_cavity_core_centroid_x	0.0	0.0
bound_geometry	receptor_grouped_5fold	3	Gs	numeric__bound__intracellular_cavity_core_centroid_y	0.0	0.0
bound_geometry	receptor_grouped_5fold	3	Gs	numeric__bound__intracellular_cavity_core_centroid_z	0.0	0.0
bound_geometry	receptor_grouped_5fold	3	Gs	numeric__bound__intracellular_cavity_core_principal_length_1	0.0	0.0
bound_geometry	receptor_grouped_5fold	3	Gs	numeric__bound__intracellular_cavity_core_principal_length_2	0.0	0.0
bound_geometry	receptor_grouped_5fold	3	Gs	numeric__bound__intracellular_cavity_core_principal_length_3	0.0	0.0
bound_geometry	receptor_grouped_5fold	3	Gs	numeric__bound__intracellular_cavity_core_principal_axis_1_z_alignment	0.0	0.0
bound_geometry	receptor_grouped_5fold	3	Gs	numeric__bound__intracellular_cavity_core_eccentricity	-0.1472185663915778	0.1472185663915778
bound_geometry	receptor_grouped_5fold	3	Gs	numeric__bound__intracellular_cavity_core_sphericity	0.0	0.0
bound_geometry	receptor_grouped_5fold	3	Gs	numeric__bound__intracellular_cavity_core_asymmetry	0.0	0.0
bound_geometry	receptor_grouped_5fold	3	Gs	numeric__bound__intracellular_cavity_core_tm3_side_fraction	0.0	0.0
bound_geometry	receptor_grouped_5fold	3	Gs	numeric__bound__intracellular_cavity_core_tm6_side_fraction	0.0	0.0
bound_geometry	receptor_grouped_5fold	3	Gs	numeric__bound__intracellular_cavity_core_tm5_side_fraction	0.0	0.0
bound_geometry	receptor_grouped_5fold	3	Gs	numeric__bound__intracellular_cavity_core_tm7_side_fraction	0.0	0.0
bound_geometry	receptor_grouped_5fold	3	Gs	numeric__bound__intracellular_cavity_core_wall_fraction_h8	0.0027137114154180144	0.0027137114154180144
bound_geometry	receptor_grouped_5fold	3	Gs	numeric__bound__intracellular_cavity_core_wall_fraction_icl2	0.0	0.0
bound_geometry	receptor_grouped_5fold	3	Gs	numeric__bound__intracellular_cavity_core_wall_fraction_tm3	0.0	0.0
bound_geometry	receptor_grouped_5fold	3	Gs	numeric__bound__intracellular_cavity_core_wall_fraction_tm7	0.0	0.0
bound_geometry	receptor_grouped_5fold	4	Gi/o	numeric__bound__activation_consensus_score	0.0	0.0
bound_geometry	receptor_grouped_5fold	4	Gi/o	numeric__bound__tm6_r350_634_distance	0.0	0.0
bound_geometry	receptor_grouped_5fold	4	Gi/o	numeric__bound__tm6_aligned_displacement	0.0	0.0
bound_geometry	receptor_grouped_5fold	4	Gi/o	numeric__bound__tm7_displacement	0.0	0.0
bound_geometry	receptor_grouped_5fold	4	Gi/o	numeric__bound__tm3_tm7_distance	0.2776713931171737	0.2776713931171737
bound_geometry	receptor_grouped_5fold	4	Gi/o	numeric__bound__tm6_r350_630_distance	0.0	0.0
bound_geometry	receptor_grouped_5fold	4	Gi/o	numeric__bound__dry_r350_630_min_distance	0.0	0.0
bound_geometry	receptor_grouped_5fold	4	Gi/o	numeric__bound__dry_r350_630_ca_distance	0.0	0.0
bound_geometry	receptor_grouped_5fold	4	Gi/o	numeric__bound__dry_d349_r350_min_distance	-0.02934194632543654	0.02934194632543654
bound_geometry	receptor_grouped_5fold	4	Gi/o	numeric__bound__r350_chi1	0.0	0.0
bound_geometry	receptor_grouped_5fold	4	Gi/o	numeric__bound__r350_chi2	-0.028970377974325594	0.028970377974325594
bound_geometry	receptor_grouped_5fold	4	Gi/o	numeric__bound__pif_550_340_distance	0.0	0.0
bound_geometry	receptor_grouped_5fold	4	Gi/o	numeric__bound__pif_340_644_distance	0.0	0.0
bound_geometry	receptor_grouped_5fold	4	Gi/o	numeric__bound__pif_550_644_distance	0.0	0.0
bound_geometry	receptor_grouped_5fold	4	Gi/o	numeric__bound__pif_550_340_min_distance	0.0	0.0
bound_geometry	receptor_grouped_5fold	4	Gi/o	numeric__bound__pif_340_644_min_distance	0.0	0.0
bound_geometry	receptor_grouped_5fold	4	Gi/o	numeric__bound__pif_550_644_min_distance	0.0	0.0
bound_geometry	receptor_grouped_5fold	4	Gi/o	numeric__bound__pif_triangle_perimeter	0.0	0.0
bound_geometry	receptor_grouped_5fold	4	Gi/o	numeric__bound__position_644_chi1	-0.18185268939028787	0.18185268939028787
bound_geometry	receptor_grouped_5fold	4	Gi/o	numeric__bound__position_644_chi2	-1.7337640897624198	1.7337640897624198
bound_geometry	receptor_grouped_5fold	4	Gi/o	numeric__bound__w648_chi1	0.0	0.0
bound_geometry	receptor_grouped_5fold	4	Gi/o	numeric__bound__w648_chi2	0.0	0.0
bound_geometry	receptor_grouped_5fold	4	Gi/o	numeric__bound__w648_displacement	0.0	0.0
bound_geometry	receptor_grouped_5fold	4	Gi/o	numeric__bound__w648_to_644_distance	0.09012865229009896	0.09012865229009896
bound_geometry	receptor_grouped_5fold	4	Gi/o	numeric__bound__cwxp_647_650_distance	0.0	0.0
bound_geometry	receptor_grouped_5fold	4	Gi/o	numeric__bound__y753_chi1	0.0	0.0
bound_geometry	receptor_grouped_5fold	4	Gi/o	numeric__bound__y753_chi2	0.0	0.0
bound_geometry	receptor_grouped_5fold	4	Gi/o	numeric__bound__y753_y558_distance	0.0	0.0
bound_geometry	receptor_grouped_5fold	4	Gi/o	numeric__bound__y753_y558_min_distance	0.0	0.0
bound_geometry	receptor_grouped_5fold	4	Gi/o	numeric__bound__n749_y753_distance	0.0	0.0
bound_geometry	receptor_grouped_5fold	4	Gi/o	numeric__bound__npxxy_local_spread	0.0	0.0
bound_geometry	receptor_grouped_5fold	4	Gi/o	numeric__bound__y753_displacement	0.0	0.0
bound_geometry	receptor_grouped_5fold	4	Gi/o	numeric__bound__sodium_d250_s339_distance	0.0	0.0
bound_geometry	receptor_grouped_5fold	4	Gi/o	numeric__bound__sodium_d250_n745_distance	0.0	0.0
bound_geometry	receptor_grouped_5fold	4	Gi/o	numeric__bound__sodium_d250_s746_distance	0.0	0.0
bound_geometry	receptor_grouped_5fold	4	Gi/o	numeric__bound__sodium_d250_n749_distance	0.0	0.0
bound_geometry	receptor_grouped_5fold	4	Gi/o	numeric__bound__sodium_pocket_volume	0.0	0.0
bound_geometry	receptor_grouped_5fold	4	Gi/o	numeric__bound__sodium_pocket_spread	0.0	0.0
bound_geometry	receptor_grouped_5fold	4	Gi/o	numeric__bound__tm7_rotation	0.0	0.0
bound_geometry	receptor_grouped_5fold	4	Gi/o	numeric__bound__icl2_generic_ca_count	0.0	0.0
bound_geometry	receptor_grouped_5fold	4	Gi/o	numeric__bound__icl2_end_to_end_distance	0.0	0.0
bound_geometry	receptor_grouped_5fold	4	Gi/o	numeric__bound__icl2_centroid_to_r350	0.0	0.0
bound_geometry	receptor_grouped_5fold	4	Gi/o	numeric__bound__icl2_centroid_to_tm5_561	0.0	0.0
bound_geometry	receptor_grouped_5fold	4	Gi/o	numeric__bound__icl2_centroid_to_tm6_634	0.0	0.0
bound_geometry	receptor_grouped_5fold	4	Gi/o	numeric__bound__icl2_centroid_to_tm7_753	0.5860915470131081	0.5860915470131081
bound_geometry	receptor_grouped_5fold	4	Gi/o	numeric__bound__icl2_axis_tm3_angle	0.0	0.0
bound_geometry	receptor_grouped_5fold	4	Gi/o	numeric__bound__icl2_axis_tm5_angle	0.0	0.0
bound_geometry	receptor_grouped_5fold	4	Gi/o	numeric__bound__icl2_active_reference_displacement	0.0	0.0
bound_geometry	receptor_grouped_5fold	4	Gi/o	numeric__bound__tm5_cytoplasmic_extension	0.0	0.0
bound_geometry	receptor_grouped_5fold	4	Gi/o	numeric__bound__tm5_cytoplasmic_kink	-0.13448273604508834	0.13448273604508834
bound_geometry	receptor_grouped_5fold	4	Gi/o	numeric__bound__tm5_r350_561_distance	0.0	0.0
bound_geometry	receptor_grouped_5fold	4	Gi/o	numeric__bound__tm5_r350_564_distance	0.0	0.0
bound_geometry	receptor_grouped_5fold	4	Gi/o	numeric__bound__tm5_tm6_cavity_distance	0.0	0.0
bound_geometry	receptor_grouped_5fold	4	Gi/o	numeric__bound__tm5_axis_tm3_angle	0.0	0.0
bound_geometry	receptor_grouped_5fold	4	Gi/o	numeric__bound__tm6_lower_upper_kink	0.0	0.0
bound_geometry	receptor_grouped_5fold	4	Gi/o	numeric__bound__tm6_axis_tm3_angle	-0.28280728554778556	0.28280728554778556
bound_geometry	receptor_grouped_5fold	4	Gi/o	numeric__bound__tm6_tm7_cavity_distance	0.0	0.0
bound_geometry	receptor_grouped_5fold	4	Gi/o	numeric__bound__tm7_h8_angle	0.0	0.0
bound_geometry	receptor_grouped_5fold	4	Gi/o	numeric__bound__h8_end_to_end_distance	0.6419003879005492	0.6419003879005492
bound_geometry	receptor_grouped_5fold	4	Gi/o	numeric__bound__h8_r350_distance	0.0	0.0
bound_geometry	receptor_grouped_5fold	4	Gi/o	numeric__bound__h8_tm6_distance	0.0	0.0
bound_geometry	receptor_grouped_5fold	4	Gi/o	numeric__bound__icl2_helix_fraction	0.0	0.0
bound_geometry	receptor_grouped_5fold	4	Gi/o	numeric__bound__icl2_longest_helix	0.0	0.0
bound_geometry	receptor_grouped_5fold	4	Gi/o	numeric__bound__icl2_mean_phi	0.3924990577667272	0.3924990577667272
bound_geometry	receptor_grouped_5fold	4	Gi/o	numeric__bound__icl2_mean_psi	0.0	0.0
bound_geometry	receptor_grouped_5fold	4	Gi/o	numeric__bound__intracellular_cavity_core_volume	0.0	0.0
bound_geometry	receptor_grouped_5fold	4	Gi/o	numeric__bound__intracellular_cavity_core_mouth_area	0.0	0.0
bound_geometry	receptor_grouped_5fold	4	Gi/o	numeric__bound__intracellular_cavity_core_depth	0.0	0.0
bound_geometry	receptor_grouped_5fold	4	Gi/o	numeric__bound__intracellular_cavity_core_maximum_width	0.0	0.0
bound_geometry	receptor_grouped_5fold	4	Gi/o	numeric__bound__intracellular_cavity_core_average_cross_section	0.0	0.0
bound_geometry	receptor_grouped_5fold	4	Gi/o	numeric__bound__intracellular_cavity_core_bottleneck_area	0.0	0.0
bound_geometry	receptor_grouped_5fold	4	Gi/o	numeric__bound__intracellular_cavity_core_bottleneck_radius	0.0	0.0
bound_geometry	receptor_grouped_5fold	4	Gi/o	numeric__bound__intracellular_cavity_core_max_inscribed_radius	0.0	0.0
bound_geometry	receptor_grouped_5fold	4	Gi/o	numeric__bound__intracellular_cavity_core_surface_area	0.0	0.0
bound_geometry	receptor_grouped_5fold	4	Gi/o	numeric__bound__intracellular_cavity_core_centroid_x	0.0	0.0
bound_geometry	receptor_grouped_5fold	4	Gi/o	numeric__bound__intracellular_cavity_core_centroid_y	0.0	0.0
bound_geometry	receptor_grouped_5fold	4	Gi/o	numeric__bound__intracellular_cavity_core_centroid_z	0.0	0.0
bound_geometry	receptor_grouped_5fold	4	Gi/o	numeric__bound__intracellular_cavity_core_principal_length_1	0.0	0.0
bound_geometry	receptor_grouped_5fold	4	Gi/o	numeric__bound__intracellular_cavity_core_principal_length_2	0.0	0.0
bound_geometry	receptor_grouped_5fold	4	Gi/o	numeric__bound__intracellular_cavity_core_principal_length_3	-0.16751931666777406	0.16751931666777406
bound_geometry	receptor_grouped_5fold	4	Gi/o	numeric__bound__intracellular_cavity_core_principal_axis_1_z_alignment	0.0	0.0
bound_geometry	receptor_grouped_5fold	4	Gi/o	numeric__bound__intracellular_cavity_core_eccentricity	0.036725679272013846	0.036725679272013846
bound_geometry	receptor_grouped_5fold	4	Gi/o	numeric__bound__intracellular_cavity_core_sphericity	0.0	0.0
bound_geometry	receptor_grouped_5fold	4	Gi/o	numeric__bound__intracellular_cavity_core_asymmetry	0.30892171796141615	0.30892171796141615
bound_geometry	receptor_grouped_5fold	4	Gi/o	numeric__bound__intracellular_cavity_core_tm3_side_fraction	0.0	0.0
bound_geometry	receptor_grouped_5fold	4	Gi/o	numeric__bound__intracellular_cavity_core_tm6_side_fraction	0.0	0.0
bound_geometry	receptor_grouped_5fold	4	Gi/o	numeric__bound__intracellular_cavity_core_tm5_side_fraction	0.0	0.0
bound_geometry	receptor_grouped_5fold	4	Gi/o	numeric__bound__intracellular_cavity_core_tm7_side_fraction	0.0	0.0
bound_geometry	receptor_grouped_5fold	4	Gi/o	numeric__bound__intracellular_cavity_core_wall_fraction_h8	0.0	0.0
bound_geometry	receptor_grouped_5fold	4	Gi/o	numeric__bound__intracellular_cavity_core_wall_fraction_icl2	0.0	0.0
bound_geometry	receptor_grouped_5fold	4	Gi/o	numeric__bound__intracellular_cavity_core_wall_fraction_tm3	0.0	0.0
bound_geometry	receptor_grouped_5fold	4	Gi/o	numeric__bound__intracellular_cavity_core_wall_fraction_tm7	0.0	0.0
bound_geometry	receptor_grouped_5fold	4	Gq/11	numeric__bound__activation_consensus_score	0.0	0.0
bound_geometry	receptor_grouped_5fold	4	Gq/11	numeric__bound__tm6_r350_634_distance	0.0	0.0
bound_geometry	receptor_grouped_5fold	4	Gq/11	numeric__bound__tm6_aligned_displacement	0.0	0.0
bound_geometry	receptor_grouped_5fold	4	Gq/11	numeric__bound__tm7_displacement	0.0	0.0
bound_geometry	receptor_grouped_5fold	4	Gq/11	numeric__bound__tm3_tm7_distance	0.0	0.0
bound_geometry	receptor_grouped_5fold	4	Gq/11	numeric__bound__tm6_r350_630_distance	0.0	0.0
bound_geometry	receptor_grouped_5fold	4	Gq/11	numeric__bound__dry_r350_630_min_distance	0.0	0.0
bound_geometry	receptor_grouped_5fold	4	Gq/11	numeric__bound__dry_r350_630_ca_distance	0.0	0.0
bound_geometry	receptor_grouped_5fold	4	Gq/11	numeric__bound__dry_d349_r350_min_distance	0.0	0.0
bound_geometry	receptor_grouped_5fold	4	Gq/11	numeric__bound__r350_chi1	0.0	0.0
bound_geometry	receptor_grouped_5fold	4	Gq/11	numeric__bound__r350_chi2	0.0	0.0
bound_geometry	receptor_grouped_5fold	4	Gq/11	numeric__bound__pif_550_340_distance	0.0	0.0
bound_geometry	receptor_grouped_5fold	4	Gq/11	numeric__bound__pif_340_644_distance	-0.10747389902681063	0.10747389902681063
bound_geometry	receptor_grouped_5fold	4	Gq/11	numeric__bound__pif_550_644_distance	0.0	0.0
bound_geometry	receptor_grouped_5fold	4	Gq/11	numeric__bound__pif_550_340_min_distance	0.5002591057366684	0.5002591057366684
bound_geometry	receptor_grouped_5fold	4	Gq/11	numeric__bound__pif_340_644_min_distance	0.0	0.0
bound_geometry	receptor_grouped_5fold	4	Gq/11	numeric__bound__pif_550_644_min_distance	0.0	0.0
bound_geometry	receptor_grouped_5fold	4	Gq/11	numeric__bound__pif_triangle_perimeter	0.0	0.0
bound_geometry	receptor_grouped_5fold	4	Gq/11	numeric__bound__position_644_chi1	0.48884246188785374	0.48884246188785374
bound_geometry	receptor_grouped_5fold	4	Gq/11	numeric__bound__position_644_chi2	0.7980053008621546	0.7980053008621546
bound_geometry	receptor_grouped_5fold	4	Gq/11	numeric__bound__w648_chi1	0.0	0.0
bound_geometry	receptor_grouped_5fold	4	Gq/11	numeric__bound__w648_chi2	0.0	0.0
bound_geometry	receptor_grouped_5fold	4	Gq/11	numeric__bound__w648_displacement	0.0	0.0
bound_geometry	receptor_grouped_5fold	4	Gq/11	numeric__bound__w648_to_644_distance	-1.3705255062338964	1.3705255062338964
bound_geometry	receptor_grouped_5fold	4	Gq/11	numeric__bound__cwxp_647_650_distance	0.0	0.0
bound_geometry	receptor_grouped_5fold	4	Gq/11	numeric__bound__y753_chi1	0.0	0.0
bound_geometry	receptor_grouped_5fold	4	Gq/11	numeric__bound__y753_chi2	0.0	0.0
bound_geometry	receptor_grouped_5fold	4	Gq/11	numeric__bound__y753_y558_distance	0.0	0.0
bound_geometry	receptor_grouped_5fold	4	Gq/11	numeric__bound__y753_y558_min_distance	0.0	0.0
bound_geometry	receptor_grouped_5fold	4	Gq/11	numeric__bound__n749_y753_distance	0.0	0.0
bound_geometry	receptor_grouped_5fold	4	Gq/11	numeric__bound__npxxy_local_spread	0.0	0.0
bound_geometry	receptor_grouped_5fold	4	Gq/11	numeric__bound__y753_displacement	0.0	0.0
bound_geometry	receptor_grouped_5fold	4	Gq/11	numeric__bound__sodium_d250_s339_distance	0.6180270864576185	0.6180270864576185
bound_geometry	receptor_grouped_5fold	4	Gq/11	numeric__bound__sodium_d250_n745_distance	0.0	0.0
bound_geometry	receptor_grouped_5fold	4	Gq/11	numeric__bound__sodium_d250_s746_distance	-0.5447136816180143	0.5447136816180143
bound_geometry	receptor_grouped_5fold	4	Gq/11	numeric__bound__sodium_d250_n749_distance	0.0	0.0
bound_geometry	receptor_grouped_5fold	4	Gq/11	numeric__bound__sodium_pocket_volume	0.0	0.0
bound_geometry	receptor_grouped_5fold	4	Gq/11	numeric__bound__sodium_pocket_spread	0.0	0.0
bound_geometry	receptor_grouped_5fold	4	Gq/11	numeric__bound__tm7_rotation	0.0	0.0
bound_geometry	receptor_grouped_5fold	4	Gq/11	numeric__bound__icl2_generic_ca_count	0.0	0.0
bound_geometry	receptor_grouped_5fold	4	Gq/11	numeric__bound__icl2_end_to_end_distance	0.0	0.0
bound_geometry	receptor_grouped_5fold	4	Gq/11	numeric__bound__icl2_centroid_to_r350	0.0	0.0
bound_geometry	receptor_grouped_5fold	4	Gq/11	numeric__bound__icl2_centroid_to_tm5_561	0.4246566642770992	0.4246566642770992
bound_geometry	receptor_grouped_5fold	4	Gq/11	numeric__bound__icl2_centroid_to_tm6_634	0.0	0.0
bound_geometry	receptor_grouped_5fold	4	Gq/11	numeric__bound__icl2_centroid_to_tm7_753	-0.034842897911233094	0.034842897911233094
bound_geometry	receptor_grouped_5fold	4	Gq/11	numeric__bound__icl2_axis_tm3_angle	0.0	0.0
bound_geometry	receptor_grouped_5fold	4	Gq/11	numeric__bound__icl2_axis_tm5_angle	0.0	0.0
bound_geometry	receptor_grouped_5fold	4	Gq/11	numeric__bound__icl2_active_reference_displacement	0.0	0.0
bound_geometry	receptor_grouped_5fold	4	Gq/11	numeric__bound__tm5_cytoplasmic_extension	0.03644489464669131	0.03644489464669131
bound_geometry	receptor_grouped_5fold	4	Gq/11	numeric__bound__tm5_cytoplasmic_kink	0.0	0.0
bound_geometry	receptor_grouped_5fold	4	Gq/11	numeric__bound__tm5_r350_561_distance	0.0	0.0
bound_geometry	receptor_grouped_5fold	4	Gq/11	numeric__bound__tm5_r350_564_distance	0.4451907068968829	0.4451907068968829
bound_geometry	receptor_grouped_5fold	4	Gq/11	numeric__bound__tm5_tm6_cavity_distance	0.0	0.0
bound_geometry	receptor_grouped_5fold	4	Gq/11	numeric__bound__tm5_axis_tm3_angle	0.0	0.0
bound_geometry	receptor_grouped_5fold	4	Gq/11	numeric__bound__tm6_lower_upper_kink	-0.20496078299268036	0.20496078299268036
bound_geometry	receptor_grouped_5fold	4	Gq/11	numeric__bound__tm6_axis_tm3_angle	0.0	0.0
bound_geometry	receptor_grouped_5fold	4	Gq/11	numeric__bound__tm6_tm7_cavity_distance	0.0	0.0
bound_geometry	receptor_grouped_5fold	4	Gq/11	numeric__bound__tm7_h8_angle	0.0	0.0
bound_geometry	receptor_grouped_5fold	4	Gq/11	numeric__bound__h8_end_to_end_distance	-0.2174186747792214	0.2174186747792214
bound_geometry	receptor_grouped_5fold	4	Gq/11	numeric__bound__h8_r350_distance	0.0	0.0
bound_geometry	receptor_grouped_5fold	4	Gq/11	numeric__bound__h8_tm6_distance	0.0	0.0
bound_geometry	receptor_grouped_5fold	4	Gq/11	numeric__bound__icl2_helix_fraction	0.0	0.0
bound_geometry	receptor_grouped_5fold	4	Gq/11	numeric__bound__icl2_longest_helix	0.0	0.0
bound_geometry	receptor_grouped_5fold	4	Gq/11	numeric__bound__icl2_mean_phi	0.0	0.0
bound_geometry	receptor_grouped_5fold	4	Gq/11	numeric__bound__icl2_mean_psi	0.0	0.0
bound_geometry	receptor_grouped_5fold	4	Gq/11	numeric__bound__intracellular_cavity_core_volume	0.0	0.0
bound_geometry	receptor_grouped_5fold	4	Gq/11	numeric__bound__intracellular_cavity_core_mouth_area	0.0	0.0
bound_geometry	receptor_grouped_5fold	4	Gq/11	numeric__bound__intracellular_cavity_core_depth	0.0	0.0
bound_geometry	receptor_grouped_5fold	4	Gq/11	numeric__bound__intracellular_cavity_core_maximum_width	0.0	0.0
bound_geometry	receptor_grouped_5fold	4	Gq/11	numeric__bound__intracellular_cavity_core_average_cross_section	0.0	0.0
bound_geometry	receptor_grouped_5fold	4	Gq/11	numeric__bound__intracellular_cavity_core_bottleneck_area	0.0	0.0
bound_geometry	receptor_grouped_5fold	4	Gq/11	numeric__bound__intracellular_cavity_core_bottleneck_radius	0.0	0.0
bound_geometry	receptor_grouped_5fold	4	Gq/11	numeric__bound__intracellular_cavity_core_max_inscribed_radius	0.0	0.0
bound_geometry	receptor_grouped_5fold	4	Gq/11	numeric__bound__intracellular_cavity_core_surface_area	0.0	0.0
bound_geometry	receptor_grouped_5fold	4	Gq/11	numeric__bound__intracellular_cavity_core_centroid_x	0.0	0.0
bound_geometry	receptor_grouped_5fold	4	Gq/11	numeric__bound__intracellular_cavity_core_centroid_y	0.0	0.0
bound_geometry	receptor_grouped_5fold	4	Gq/11	numeric__bound__intracellular_cavity_core_centroid_z	0.0	0.0
bound_geometry	receptor_grouped_5fold	4	Gq/11	numeric__bound__intracellular_cavity_core_principal_length_1	0.0	0.0
bound_geometry	receptor_grouped_5fold	4	Gq/11	numeric__bound__intracellular_cavity_core_principal_length_2	-0.14146826038424032	0.14146826038424032
bound_geometry	receptor_grouped_5fold	4	Gq/11	numeric__bound__intracellular_cavity_core_principal_length_3	0.0	0.0
bound_geometry	receptor_grouped_5fold	4	Gq/11	numeric__bound__intracellular_cavity_core_principal_axis_1_z_alignment	0.0	0.0
bound_geometry	receptor_grouped_5fold	4	Gq/11	numeric__bound__intracellular_cavity_core_eccentricity	0.0	0.0
bound_geometry	receptor_grouped_5fold	4	Gq/11	numeric__bound__intracellular_cavity_core_sphericity	0.0	0.0
bound_geometry	receptor_grouped_5fold	4	Gq/11	numeric__bound__intracellular_cavity_core_asymmetry	0.0	0.0
bound_geometry	receptor_grouped_5fold	4	Gq/11	numeric__bound__intracellular_cavity_core_tm3_side_fraction	0.0	0.0
bound_geometry	receptor_grouped_5fold	4	Gq/11	numeric__bound__intracellular_cavity_core_tm6_side_fraction	0.0	0.0
bound_geometry	receptor_grouped_5fold	4	Gq/11	numeric__bound__intracellular_cavity_core_tm5_side_fraction	0.0	0.0
bound_geometry	receptor_grouped_5fold	4	Gq/11	numeric__bound__intracellular_cavity_core_tm7_side_fraction	0.0	0.0
bound_geometry	receptor_grouped_5fold	4	Gq/11	numeric__bound__intracellular_cavity_core_wall_fraction_h8	0.0	0.0
bound_geometry	receptor_grouped_5fold	4	Gq/11	numeric__bound__intracellular_cavity_core_wall_fraction_icl2	0.12364280410399653	0.12364280410399653
bound_geometry	receptor_grouped_5fold	4	Gq/11	numeric__bound__intracellular_cavity_core_wall_fraction_tm3	0.0	0.0
bound_geometry	receptor_grouped_5fold	4	Gq/11	numeric__bound__intracellular_cavity_core_wall_fraction_tm7	0.0	0.0
bound_geometry	receptor_grouped_5fold	4	Gs	numeric__bound__activation_consensus_score	0.2747077599510367	0.2747077599510367
bound_geometry	receptor_grouped_5fold	4	Gs	numeric__bound__tm6_r350_634_distance	0.0	0.0
bound_geometry	receptor_grouped_5fold	4	Gs	numeric__bound__tm6_aligned_displacement	0.0	0.0
bound_geometry	receptor_grouped_5fold	4	Gs	numeric__bound__tm7_displacement	0.0	0.0
bound_geometry	receptor_grouped_5fold	4	Gs	numeric__bound__tm3_tm7_distance	0.0	0.0
bound_geometry	receptor_grouped_5fold	4	Gs	numeric__bound__tm6_r350_630_distance	0.2870388038958933	0.2870388038958933
bound_geometry	receptor_grouped_5fold	4	Gs	numeric__bound__dry_r350_630_min_distance	0.15443861768250697	0.15443861768250697
bound_geometry	receptor_grouped_5fold	4	Gs	numeric__bound__dry_r350_630_ca_distance	0.2870388038958933	0.2870388038958933
bound_geometry	receptor_grouped_5fold	4	Gs	numeric__bound__dry_d349_r350_min_distance	0.0	0.0
bound_geometry	receptor_grouped_5fold	4	Gs	numeric__bound__r350_chi1	0.0	0.0
bound_geometry	receptor_grouped_5fold	4	Gs	numeric__bound__r350_chi2	0.03755784743860996	0.03755784743860996
bound_geometry	receptor_grouped_5fold	4	Gs	numeric__bound__pif_550_340_distance	0.0	0.0
bound_geometry	receptor_grouped_5fold	4	Gs	numeric__bound__pif_340_644_distance	0.0	0.0
bound_geometry	receptor_grouped_5fold	4	Gs	numeric__bound__pif_550_644_distance	0.0	0.0
bound_geometry	receptor_grouped_5fold	4	Gs	numeric__bound__pif_550_340_min_distance	0.0	0.0
bound_geometry	receptor_grouped_5fold	4	Gs	numeric__bound__pif_340_644_min_distance	0.0	0.0
bound_geometry	receptor_grouped_5fold	4	Gs	numeric__bound__pif_550_644_min_distance	0.0	0.0
bound_geometry	receptor_grouped_5fold	4	Gs	numeric__bound__pif_triangle_perimeter	0.0	0.0
bound_geometry	receptor_grouped_5fold	4	Gs	numeric__bound__position_644_chi1	0.0	0.0
bound_geometry	receptor_grouped_5fold	4	Gs	numeric__bound__position_644_chi2	0.0	0.0
bound_geometry	receptor_grouped_5fold	4	Gs	numeric__bound__w648_chi1	-0.466072843922519	0.466072843922519
bound_geometry	receptor_grouped_5fold	4	Gs	numeric__bound__w648_chi2	0.0	0.0
bound_geometry	receptor_grouped_5fold	4	Gs	numeric__bound__w648_displacement	0.0	0.0
bound_geometry	receptor_grouped_5fold	4	Gs	numeric__bound__w648_to_644_distance	0.0	0.0
bound_geometry	receptor_grouped_5fold	4	Gs	numeric__bound__cwxp_647_650_distance	-0.11645164563849608	0.11645164563849608
bound_geometry	receptor_grouped_5fold	4	Gs	numeric__bound__y753_chi1	0.0	0.0
bound_geometry	receptor_grouped_5fold	4	Gs	numeric__bound__y753_chi2	0.0	0.0
bound_geometry	receptor_grouped_5fold	4	Gs	numeric__bound__y753_y558_distance	0.0	0.0
bound_geometry	receptor_grouped_5fold	4	Gs	numeric__bound__y753_y558_min_distance	-0.1278287632500849	0.1278287632500849
bound_geometry	receptor_grouped_5fold	4	Gs	numeric__bound__n749_y753_distance	0.0	0.0
bound_geometry	receptor_grouped_5fold	4	Gs	numeric__bound__npxxy_local_spread	0.0	0.0
bound_geometry	receptor_grouped_5fold	4	Gs	numeric__bound__y753_displacement	0.0	0.0
bound_geometry	receptor_grouped_5fold	4	Gs	numeric__bound__sodium_d250_s339_distance	0.0	0.0
bound_geometry	receptor_grouped_5fold	4	Gs	numeric__bound__sodium_d250_n745_distance	0.0	0.0
bound_geometry	receptor_grouped_5fold	4	Gs	numeric__bound__sodium_d250_s746_distance	0.1991977244800582	0.1991977244800582
bound_geometry	receptor_grouped_5fold	4	Gs	numeric__bound__sodium_d250_n749_distance	0.0	0.0
bound_geometry	receptor_grouped_5fold	4	Gs	numeric__bound__sodium_pocket_volume	0.0	0.0
bound_geometry	receptor_grouped_5fold	4	Gs	numeric__bound__sodium_pocket_spread	0.0	0.0
bound_geometry	receptor_grouped_5fold	4	Gs	numeric__bound__tm7_rotation	0.0	0.0
bound_geometry	receptor_grouped_5fold	4	Gs	numeric__bound__icl2_generic_ca_count	0.0	0.0
bound_geometry	receptor_grouped_5fold	4	Gs	numeric__bound__icl2_end_to_end_distance	0.0	0.0
bound_geometry	receptor_grouped_5fold	4	Gs	numeric__bound__icl2_centroid_to_r350	0.0	0.0
bound_geometry	receptor_grouped_5fold	4	Gs	numeric__bound__icl2_centroid_to_tm5_561	0.0	0.0
bound_geometry	receptor_grouped_5fold	4	Gs	numeric__bound__icl2_centroid_to_tm6_634	0.0	0.0
bound_geometry	receptor_grouped_5fold	4	Gs	numeric__bound__icl2_centroid_to_tm7_753	0.0	0.0
bound_geometry	receptor_grouped_5fold	4	Gs	numeric__bound__icl2_axis_tm3_angle	0.0	0.0
bound_geometry	receptor_grouped_5fold	4	Gs	numeric__bound__icl2_axis_tm5_angle	-0.17951334224226204	0.17951334224226204
bound_geometry	receptor_grouped_5fold	4	Gs	numeric__bound__icl2_active_reference_displacement	0.0	0.0
bound_geometry	receptor_grouped_5fold	4	Gs	numeric__bound__tm5_cytoplasmic_extension	0.0	0.0
bound_geometry	receptor_grouped_5fold	4	Gs	numeric__bound__tm5_cytoplasmic_kink	0.0	0.0
bound_geometry	receptor_grouped_5fold	4	Gs	numeric__bound__tm5_r350_561_distance	0.0	0.0
bound_geometry	receptor_grouped_5fold	4	Gs	numeric__bound__tm5_r350_564_distance	-0.5449279004127701	0.5449279004127701
bound_geometry	receptor_grouped_5fold	4	Gs	numeric__bound__tm5_tm6_cavity_distance	0.0	0.0
bound_geometry	receptor_grouped_5fold	4	Gs	numeric__bound__tm5_axis_tm3_angle	0.0	0.0
bound_geometry	receptor_grouped_5fold	4	Gs	numeric__bound__tm6_lower_upper_kink	0.27042793843342977	0.27042793843342977
bound_geometry	receptor_grouped_5fold	4	Gs	numeric__bound__tm6_axis_tm3_angle	0.0	0.0
bound_geometry	receptor_grouped_5fold	4	Gs	numeric__bound__tm6_tm7_cavity_distance	0.0	0.0
bound_geometry	receptor_grouped_5fold	4	Gs	numeric__bound__tm7_h8_angle	0.0	0.0
bound_geometry	receptor_grouped_5fold	4	Gs	numeric__bound__h8_end_to_end_distance	0.0	0.0
bound_geometry	receptor_grouped_5fold	4	Gs	numeric__bound__h8_r350_distance	0.0	0.0
bound_geometry	receptor_grouped_5fold	4	Gs	numeric__bound__h8_tm6_distance	0.0	0.0
bound_geometry	receptor_grouped_5fold	4	Gs	numeric__bound__icl2_helix_fraction	0.0	0.0
bound_geometry	receptor_grouped_5fold	4	Gs	numeric__bound__icl2_longest_helix	0.0	0.0
bound_geometry	receptor_grouped_5fold	4	Gs	numeric__bound__icl2_mean_phi	-0.7792240842451124	0.7792240842451124
bound_geometry	receptor_grouped_5fold	4	Gs	numeric__bound__icl2_mean_psi	0.0	0.0
bound_geometry	receptor_grouped_5fold	4	Gs	numeric__bound__intracellular_cavity_core_volume	0.0	0.0
bound_geometry	receptor_grouped_5fold	4	Gs	numeric__bound__intracellular_cavity_core_mouth_area	0.0	0.0
bound_geometry	receptor_grouped_5fold	4	Gs	numeric__bound__intracellular_cavity_core_depth	0.0	0.0
bound_geometry	receptor_grouped_5fold	4	Gs	numeric__bound__intracellular_cavity_core_maximum_width	0.0	0.0
bound_geometry	receptor_grouped_5fold	4	Gs	numeric__bound__intracellular_cavity_core_average_cross_section	0.0	0.0
bound_geometry	receptor_grouped_5fold	4	Gs	numeric__bound__intracellular_cavity_core_bottleneck_area	0.0	0.0
bound_geometry	receptor_grouped_5fold	4	Gs	numeric__bound__intracellular_cavity_core_bottleneck_radius	0.0	0.0
bound_geometry	receptor_grouped_5fold	4	Gs	numeric__bound__intracellular_cavity_core_max_inscribed_radius	0.0	0.0
bound_geometry	receptor_grouped_5fold	4	Gs	numeric__bound__intracellular_cavity_core_surface_area	0.0	0.0
bound_geometry	receptor_grouped_5fold	4	Gs	numeric__bound__intracellular_cavity_core_centroid_x	0.0	0.0
bound_geometry	receptor_grouped_5fold	4	Gs	numeric__bound__intracellular_cavity_core_centroid_y	0.0	0.0
bound_geometry	receptor_grouped_5fold	4	Gs	numeric__bound__intracellular_cavity_core_centroid_z	0.0	0.0
bound_geometry	receptor_grouped_5fold	4	Gs	numeric__bound__intracellular_cavity_core_principal_length_1	-0.5227296173004603	0.5227296173004603
bound_geometry	receptor_grouped_5fold	4	Gs	numeric__bound__intracellular_cavity_core_principal_length_2	0.0	0.0
bound_geometry	receptor_grouped_5fold	4	Gs	numeric__bound__intracellular_cavity_core_principal_length_3	0.0	0.0
bound_geometry	receptor_grouped_5fold	4	Gs	numeric__bound__intracellular_cavity_core_principal_axis_1_z_alignment	0.0	0.0
bound_geometry	receptor_grouped_5fold	4	Gs	numeric__bound__intracellular_cavity_core_eccentricity	-0.16387258048330078	0.16387258048330078
bound_geometry	receptor_grouped_5fold	4	Gs	numeric__bound__intracellular_cavity_core_sphericity	0.0	0.0
bound_geometry	receptor_grouped_5fold	4	Gs	numeric__bound__intracellular_cavity_core_asymmetry	-0.3010178423579546	0.3010178423579546
bound_geometry	receptor_grouped_5fold	4	Gs	numeric__bound__intracellular_cavity_core_tm3_side_fraction	0.0	0.0
bound_geometry	receptor_grouped_5fold	4	Gs	numeric__bound__intracellular_cavity_core_tm6_side_fraction	0.0	0.0
bound_geometry	receptor_grouped_5fold	4	Gs	numeric__bound__intracellular_cavity_core_tm5_side_fraction	0.0	0.0
bound_geometry	receptor_grouped_5fold	4	Gs	numeric__bound__intracellular_cavity_core_tm7_side_fraction	0.0	0.0
bound_geometry	receptor_grouped_5fold	4	Gs	numeric__bound__intracellular_cavity_core_wall_fraction_h8	1.005571940109211	1.005571940109211
bound_geometry	receptor_grouped_5fold	4	Gs	numeric__bound__intracellular_cavity_core_wall_fraction_icl2	0.0	0.0
bound_geometry	receptor_grouped_5fold	4	Gs	numeric__bound__intracellular_cavity_core_wall_fraction_tm3	0.0	0.0
bound_geometry	receptor_grouped_5fold	4	Gs	numeric__bound__intracellular_cavity_core_wall_fraction_tm7	0.0	0.0
receptor_only_geometry	receptor_grouped_5fold	0	Gi/o	numeric__receptor_only__activation_consensus_score	0.0	0.0
receptor_only_geometry	receptor_grouped_5fold	0	Gi/o	numeric__receptor_only__tm6_r350_634_distance	0.0	0.0
receptor_only_geometry	receptor_grouped_5fold	0	Gi/o	numeric__receptor_only__tm6_aligned_displacement	0.0	0.0
receptor_only_geometry	receptor_grouped_5fold	0	Gi/o	numeric__receptor_only__tm7_displacement	0.0	0.0
receptor_only_geometry	receptor_grouped_5fold	0	Gi/o	numeric__receptor_only__tm3_tm7_distance	0.0	0.0
receptor_only_geometry	receptor_grouped_5fold	0	Gi/o	numeric__receptor_only__tm6_r350_630_distance	0.0	0.0
receptor_only_geometry	receptor_grouped_5fold	0	Gi/o	numeric__receptor_only__dry_r350_630_min_distance	0.0	0.0
receptor_only_geometry	receptor_grouped_5fold	0	Gi/o	numeric__receptor_only__dry_r350_630_ca_distance	0.0	0.0
receptor_only_geometry	receptor_grouped_5fold	0	Gi/o	numeric__receptor_only__dry_d349_r350_min_distance	0.0	0.0
receptor_only_geometry	receptor_grouped_5fold	0	Gi/o	numeric__receptor_only__r350_chi1	0.1095936898950833	0.1095936898950833
receptor_only_geometry	receptor_grouped_5fold	0	Gi/o	numeric__receptor_only__r350_chi2	0.0	0.0
receptor_only_geometry	receptor_grouped_5fold	0	Gi/o	numeric__receptor_only__pif_550_340_distance	0.0	0.0
receptor_only_geometry	receptor_grouped_5fold	0	Gi/o	numeric__receptor_only__pif_340_644_distance	0.0	0.0
receptor_only_geometry	receptor_grouped_5fold	0	Gi/o	numeric__receptor_only__pif_550_644_distance	0.0	0.0
receptor_only_geometry	receptor_grouped_5fold	0	Gi/o	numeric__receptor_only__pif_550_340_min_distance	0.0	0.0
receptor_only_geometry	receptor_grouped_5fold	0	Gi/o	numeric__receptor_only__pif_340_644_min_distance	0.0	0.0
receptor_only_geometry	receptor_grouped_5fold	0	Gi/o	numeric__receptor_only__pif_550_644_min_distance	0.0	0.0
receptor_only_geometry	receptor_grouped_5fold	0	Gi/o	numeric__receptor_only__pif_triangle_perimeter	0.0	0.0
receptor_only_geometry	receptor_grouped_5fold	0	Gi/o	numeric__receptor_only__position_644_chi1	-0.24084685325439473	0.24084685325439473
receptor_only_geometry	receptor_grouped_5fold	0	Gi/o	numeric__receptor_only__position_644_chi2	0.0	0.0
receptor_only_geometry	receptor_grouped_5fold	0	Gi/o	numeric__receptor_only__w648_chi1	0.0	0.0
receptor_only_geometry	receptor_grouped_5fold	0	Gi/o	numeric__receptor_only__w648_chi2	0.0	0.0
receptor_only_geometry	receptor_grouped_5fold	0	Gi/o	numeric__receptor_only__w648_displacement	0.0	0.0
receptor_only_geometry	receptor_grouped_5fold	0	Gi/o	numeric__receptor_only__w648_to_644_distance	0.0	0.0
receptor_only_geometry	receptor_grouped_5fold	0	Gi/o	numeric__receptor_only__cwxp_647_650_distance	0.0	0.0
receptor_only_geometry	receptor_grouped_5fold	0	Gi/o	numeric__receptor_only__y753_chi1	0.0	0.0
receptor_only_geometry	receptor_grouped_5fold	0	Gi/o	numeric__receptor_only__y753_chi2	0.0	0.0
receptor_only_geometry	receptor_grouped_5fold	0	Gi/o	numeric__receptor_only__y753_y558_distance	0.0	0.0
receptor_only_geometry	receptor_grouped_5fold	0	Gi/o	numeric__receptor_only__y753_y558_min_distance	0.0	0.0
receptor_only_geometry	receptor_grouped_5fold	0	Gi/o	numeric__receptor_only__n749_y753_distance	0.0	0.0
receptor_only_geometry	receptor_grouped_5fold	0	Gi/o	numeric__receptor_only__npxxy_local_spread	0.0	0.0
receptor_only_geometry	receptor_grouped_5fold	0	Gi/o	numeric__receptor_only__y753_displacement	0.0	0.0
receptor_only_geometry	receptor_grouped_5fold	0	Gi/o	numeric__receptor_only__sodium_d250_s339_distance	0.0	0.0
receptor_only_geometry	receptor_grouped_5fold	0	Gi/o	numeric__receptor_only__sodium_d250_n745_distance	0.0	0.0
receptor_only_geometry	receptor_grouped_5fold	0	Gi/o	numeric__receptor_only__sodium_d250_s746_distance	0.0	0.0
receptor_only_geometry	receptor_grouped_5fold	0	Gi/o	numeric__receptor_only__sodium_d250_n749_distance	0.0	0.0
receptor_only_geometry	receptor_grouped_5fold	0	Gi/o	numeric__receptor_only__sodium_pocket_volume	0.0	0.0
receptor_only_geometry	receptor_grouped_5fold	0	Gi/o	numeric__receptor_only__sodium_pocket_spread	0.0	0.0
receptor_only_geometry	receptor_grouped_5fold	0	Gi/o	numeric__receptor_only__tm7_rotation	0.0	0.0
receptor_only_geometry	receptor_grouped_5fold	0	Gi/o	numeric__receptor_only__icl2_generic_ca_count	0.0	0.0
receptor_only_geometry	receptor_grouped_5fold	0	Gi/o	numeric__receptor_only__icl2_end_to_end_distance	0.0	0.0
receptor_only_geometry	receptor_grouped_5fold	0	Gi/o	numeric__receptor_only__icl2_centroid_to_r350	0.0	0.0
receptor_only_geometry	receptor_grouped_5fold	0	Gi/o	numeric__receptor_only__icl2_centroid_to_tm5_561	0.0	0.0
receptor_only_geometry	receptor_grouped_5fold	0	Gi/o	numeric__receptor_only__icl2_centroid_to_tm6_634	0.0	0.0
receptor_only_geometry	receptor_grouped_5fold	0	Gi/o	numeric__receptor_only__icl2_centroid_to_tm7_753	0.0	0.0
receptor_only_geometry	receptor_grouped_5fold	0	Gi/o	numeric__receptor_only__icl2_axis_tm3_angle	0.0	0.0
receptor_only_geometry	receptor_grouped_5fold	0	Gi/o	numeric__receptor_only__icl2_axis_tm5_angle	0.0	0.0
receptor_only_geometry	receptor_grouped_5fold	0	Gi/o	numeric__receptor_only__icl2_active_reference_displacement	0.0	0.0
receptor_only_geometry	receptor_grouped_5fold	0	Gi/o	numeric__receptor_only__tm5_cytoplasmic_extension	0.0	0.0
receptor_only_geometry	receptor_grouped_5fold	0	Gi/o	numeric__receptor_only__tm5_cytoplasmic_kink	0.0	0.0
receptor_only_geometry	receptor_grouped_5fold	0	Gi/o	numeric__receptor_only__tm5_r350_561_distance	0.0	0.0
receptor_only_geometry	receptor_grouped_5fold	0	Gi/o	numeric__receptor_only__tm5_r350_564_distance	0.0	0.0
receptor_only_geometry	receptor_grouped_5fold	0	Gi/o	numeric__receptor_only__tm5_tm6_cavity_distance	0.0	0.0
receptor_only_geometry	receptor_grouped_5fold	0	Gi/o	numeric__receptor_only__tm5_axis_tm3_angle	-0.4059266077157815	0.4059266077157815
receptor_only_geometry	receptor_grouped_5fold	0	Gi/o	numeric__receptor_only__tm6_lower_upper_kink	0.0	0.0
receptor_only_geometry	receptor_grouped_5fold	0	Gi/o	numeric__receptor_only__tm6_axis_tm3_angle	0.0	0.0
receptor_only_geometry	receptor_grouped_5fold	0	Gi/o	numeric__receptor_only__tm6_tm7_cavity_distance	0.0	0.0
receptor_only_geometry	receptor_grouped_5fold	0	Gi/o	numeric__receptor_only__tm7_h8_angle	0.0	0.0
receptor_only_geometry	receptor_grouped_5fold	0	Gi/o	numeric__receptor_only__h8_end_to_end_distance	0.0	0.0
receptor_only_geometry	receptor_grouped_5fold	0	Gi/o	numeric__receptor_only__h8_r350_distance	0.0	0.0
receptor_only_geometry	receptor_grouped_5fold	0	Gi/o	numeric__receptor_only__h8_tm6_distance	-0.07719778449157687	0.07719778449157687
receptor_only_geometry	receptor_grouped_5fold	0	Gi/o	numeric__receptor_only__icl2_helix_fraction	0.0	0.0
receptor_only_geometry	receptor_grouped_5fold	0	Gi/o	numeric__receptor_only__icl2_longest_helix	0.0	0.0
receptor_only_geometry	receptor_grouped_5fold	0	Gi/o	numeric__receptor_only__icl2_mean_phi	0.0	0.0
receptor_only_geometry	receptor_grouped_5fold	0	Gi/o	numeric__receptor_only__icl2_mean_psi	0.13979534167025628	0.13979534167025628
receptor_only_geometry	receptor_grouped_5fold	0	Gi/o	numeric__receptor_only__intracellular_cavity_core_volume	0.0	0.0
receptor_only_geometry	receptor_grouped_5fold	0	Gi/o	numeric__receptor_only__intracellular_cavity_core_mouth_area	0.0	0.0
receptor_only_geometry	receptor_grouped_5fold	0	Gi/o	numeric__receptor_only__intracellular_cavity_core_depth	0.0	0.0
receptor_only_geometry	receptor_grouped_5fold	0	Gi/o	numeric__receptor_only__intracellular_cavity_core_maximum_width	0.0	0.0
receptor_only_geometry	receptor_grouped_5fold	0	Gi/o	numeric__receptor_only__intracellular_cavity_core_average_cross_section	0.0	0.0
receptor_only_geometry	receptor_grouped_5fold	0	Gi/o	numeric__receptor_only__intracellular_cavity_core_bottleneck_area	0.0	0.0
receptor_only_geometry	receptor_grouped_5fold	0	Gi/o	numeric__receptor_only__intracellular_cavity_core_bottleneck_radius	0.0	0.0
receptor_only_geometry	receptor_grouped_5fold	0	Gi/o	numeric__receptor_only__intracellular_cavity_core_max_inscribed_radius	0.0	0.0
receptor_only_geometry	receptor_grouped_5fold	0	Gi/o	numeric__receptor_only__intracellular_cavity_core_surface_area	0.0	0.0
receptor_only_geometry	receptor_grouped_5fold	0	Gi/o	numeric__receptor_only__intracellular_cavity_core_centroid_x	0.0	0.0
receptor_only_geometry	receptor_grouped_5fold	0	Gi/o	numeric__receptor_only__intracellular_cavity_core_centroid_y	0.0	0.0
receptor_only_geometry	receptor_grouped_5fold	0	Gi/o	numeric__receptor_only__intracellular_cavity_core_centroid_z	0.0	0.0
receptor_only_geometry	receptor_grouped_5fold	0	Gi/o	numeric__receptor_only__intracellular_cavity_core_principal_length_1	0.0	0.0
receptor_only_geometry	receptor_grouped_5fold	0	Gi/o	numeric__receptor_only__intracellular_cavity_core_principal_length_2	0.0	0.0
receptor_only_geometry	receptor_grouped_5fold	0	Gi/o	numeric__receptor_only__intracellular_cavity_core_principal_length_3	0.0	0.0
receptor_only_geometry	receptor_grouped_5fold	0	Gi/o	numeric__receptor_only__intracellular_cavity_core_principal_axis_1_z_alignment	0.0	0.0
receptor_only_geometry	receptor_grouped_5fold	0	Gi/o	numeric__receptor_only__intracellular_cavity_core_eccentricity	0.0	0.0
receptor_only_geometry	receptor_grouped_5fold	0	Gi/o	numeric__receptor_only__intracellular_cavity_core_sphericity	0.0	0.0
receptor_only_geometry	receptor_grouped_5fold	0	Gi/o	numeric__receptor_only__intracellular_cavity_core_asymmetry	0.0	0.0
receptor_only_geometry	receptor_grouped_5fold	0	Gi/o	numeric__receptor_only__intracellular_cavity_core_tm3_side_fraction	0.0	0.0
receptor_only_geometry	receptor_grouped_5fold	0	Gi/o	numeric__receptor_only__intracellular_cavity_core_tm6_side_fraction	0.0	0.0
receptor_only_geometry	receptor_grouped_5fold	0	Gi/o	numeric__receptor_only__intracellular_cavity_core_tm5_side_fraction	0.0	0.0
receptor_only_geometry	receptor_grouped_5fold	0	Gi/o	numeric__receptor_only__intracellular_cavity_core_tm7_side_fraction	0.0	0.0
receptor_only_geometry	receptor_grouped_5fold	0	Gi/o	numeric__receptor_only__intracellular_cavity_core_wall_fraction_h8	0.3439154953818618	0.3439154953818618
receptor_only_geometry	receptor_grouped_5fold	0	Gi/o	numeric__receptor_only__intracellular_cavity_core_wall_fraction_icl2	0.0	0.0
receptor_only_geometry	receptor_grouped_5fold	0	Gi/o	numeric__receptor_only__intracellular_cavity_core_wall_fraction_tm3	0.0	0.0
receptor_only_geometry	receptor_grouped_5fold	0	Gi/o	numeric__receptor_only__intracellular_cavity_core_wall_fraction_tm7	0.0	0.0
receptor_only_geometry	receptor_grouped_5fold	0	Gq/11	numeric__receptor_only__activation_consensus_score	0.0	0.0
receptor_only_geometry	receptor_grouped_5fold	0	Gq/11	numeric__receptor_only__tm6_r350_634_distance	0.0	0.0
receptor_only_geometry	receptor_grouped_5fold	0	Gq/11	numeric__receptor_only__tm6_aligned_displacement	0.0	0.0
receptor_only_geometry	receptor_grouped_5fold	0	Gq/11	numeric__receptor_only__tm7_displacement	0.0	0.0
receptor_only_geometry	receptor_grouped_5fold	0	Gq/11	numeric__receptor_only__tm3_tm7_distance	0.0	0.0
receptor_only_geometry	receptor_grouped_5fold	0	Gq/11	numeric__receptor_only__tm6_r350_630_distance	0.0	0.0
receptor_only_geometry	receptor_grouped_5fold	0	Gq/11	numeric__receptor_only__dry_r350_630_min_distance	0.0	0.0
receptor_only_geometry	receptor_grouped_5fold	0	Gq/11	numeric__receptor_only__dry_r350_630_ca_distance	0.0	0.0
receptor_only_geometry	receptor_grouped_5fold	0	Gq/11	numeric__receptor_only__dry_d349_r350_min_distance	-0.1366212923835659	0.1366212923835659
receptor_only_geometry	receptor_grouped_5fold	0	Gq/11	numeric__receptor_only__r350_chi1	0.0	0.0
receptor_only_geometry	receptor_grouped_5fold	0	Gq/11	numeric__receptor_only__r350_chi2	0.0	0.0
receptor_only_geometry	receptor_grouped_5fold	0	Gq/11	numeric__receptor_only__pif_550_340_distance	0.0	0.0
receptor_only_geometry	receptor_grouped_5fold	0	Gq/11	numeric__receptor_only__pif_340_644_distance	-0.5202518946017518	0.5202518946017518
receptor_only_geometry	receptor_grouped_5fold	0	Gq/11	numeric__receptor_only__pif_550_644_distance	0.0	0.0
receptor_only_geometry	receptor_grouped_5fold	0	Gq/11	numeric__receptor_only__pif_550_340_min_distance	0.0	0.0
receptor_only_geometry	receptor_grouped_5fold	0	Gq/11	numeric__receptor_only__pif_340_644_min_distance	0.0	0.0
receptor_only_geometry	receptor_grouped_5fold	0	Gq/11	numeric__receptor_only__pif_550_644_min_distance	0.0	0.0
receptor_only_geometry	receptor_grouped_5fold	0	Gq/11	numeric__receptor_only__pif_triangle_perimeter	0.0	0.0
receptor_only_geometry	receptor_grouped_5fold	0	Gq/11	numeric__receptor_only__position_644_chi1	0.0	0.0
receptor_only_geometry	receptor_grouped_5fold	0	Gq/11	numeric__receptor_only__position_644_chi2	0.0	0.0
receptor_only_geometry	receptor_grouped_5fold	0	Gq/11	numeric__receptor_only__w648_chi1	0.0	0.0
receptor_only_geometry	receptor_grouped_5fold	0	Gq/11	numeric__receptor_only__w648_chi2	0.0	0.0
receptor_only_geometry	receptor_grouped_5fold	0	Gq/11	numeric__receptor_only__w648_displacement	0.0	0.0
receptor_only_geometry	receptor_grouped_5fold	0	Gq/11	numeric__receptor_only__w648_to_644_distance	0.0	0.0
receptor_only_geometry	receptor_grouped_5fold	0	Gq/11	numeric__receptor_only__cwxp_647_650_distance	0.0	0.0
receptor_only_geometry	receptor_grouped_5fold	0	Gq/11	numeric__receptor_only__y753_chi1	0.0	0.0
receptor_only_geometry	receptor_grouped_5fold	0	Gq/11	numeric__receptor_only__y753_chi2	0.0	0.0
receptor_only_geometry	receptor_grouped_5fold	0	Gq/11	numeric__receptor_only__y753_y558_distance	0.0	0.0
receptor_only_geometry	receptor_grouped_5fold	0	Gq/11	numeric__receptor_only__y753_y558_min_distance	0.0	0.0
receptor_only_geometry	receptor_grouped_5fold	0	Gq/11	numeric__receptor_only__n749_y753_distance	0.0	0.0
receptor_only_geometry	receptor_grouped_5fold	0	Gq/11	numeric__receptor_only__npxxy_local_spread	0.0	0.0
receptor_only_geometry	receptor_grouped_5fold	0	Gq/11	numeric__receptor_only__y753_displacement	0.0	0.0
receptor_only_geometry	receptor_grouped_5fold	0	Gq/11	numeric__receptor_only__sodium_d250_s339_distance	0.0	0.0
receptor_only_geometry	receptor_grouped_5fold	0	Gq/11	numeric__receptor_only__sodium_d250_n745_distance	0.0	0.0
receptor_only_geometry	receptor_grouped_5fold	0	Gq/11	numeric__receptor_only__sodium_d250_s746_distance	0.0	0.0
receptor_only_geometry	receptor_grouped_5fold	0	Gq/11	numeric__receptor_only__sodium_d250_n749_distance	0.0	0.0
receptor_only_geometry	receptor_grouped_5fold	0	Gq/11	numeric__receptor_only__sodium_pocket_volume	0.0	0.0
receptor_only_geometry	receptor_grouped_5fold	0	Gq/11	numeric__receptor_only__sodium_pocket_spread	0.0	0.0
receptor_only_geometry	receptor_grouped_5fold	0	Gq/11	numeric__receptor_only__tm7_rotation	0.0	0.0
receptor_only_geometry	receptor_grouped_5fold	0	Gq/11	numeric__receptor_only__icl2_generic_ca_count	0.0	0.0
receptor_only_geometry	receptor_grouped_5fold	0	Gq/11	numeric__receptor_only__icl2_end_to_end_distance	0.0	0.0
receptor_only_geometry	receptor_grouped_5fold	0	Gq/11	numeric__receptor_only__icl2_centroid_to_r350	0.0	0.0
receptor_only_geometry	receptor_grouped_5fold	0	Gq/11	numeric__receptor_only__icl2_centroid_to_tm5_561	0.0	0.0
receptor_only_geometry	receptor_grouped_5fold	0	Gq/11	numeric__receptor_only__icl2_centroid_to_tm6_634	0.0	0.0
receptor_only_geometry	receptor_grouped_5fold	0	Gq/11	numeric__receptor_only__icl2_centroid_to_tm7_753	0.0	0.0
receptor_only_geometry	receptor_grouped_5fold	0	Gq/11	numeric__receptor_only__icl2_axis_tm3_angle	0.0	0.0
receptor_only_geometry	receptor_grouped_5fold	0	Gq/11	numeric__receptor_only__icl2_axis_tm5_angle	0.0	0.0
receptor_only_geometry	receptor_grouped_5fold	0	Gq/11	numeric__receptor_only__icl2_active_reference_displacement	0.0	0.0
receptor_only_geometry	receptor_grouped_5fold	0	Gq/11	numeric__receptor_only__tm5_cytoplasmic_extension	0.0	0.0
receptor_only_geometry	receptor_grouped_5fold	0	Gq/11	numeric__receptor_only__tm5_cytoplasmic_kink	0.0	0.0
receptor_only_geometry	receptor_grouped_5fold	0	Gq/11	numeric__receptor_only__tm5_r350_561_distance	0.0	0.0
receptor_only_geometry	receptor_grouped_5fold	0	Gq/11	numeric__receptor_only__tm5_r350_564_distance	0.0	0.0
receptor_only_geometry	receptor_grouped_5fold	0	Gq/11	numeric__receptor_only__tm5_tm6_cavity_distance	0.0	0.0
receptor_only_geometry	receptor_grouped_5fold	0	Gq/11	numeric__receptor_only__tm5_axis_tm3_angle	0.0	0.0
receptor_only_geometry	receptor_grouped_5fold	0	Gq/11	numeric__receptor_only__tm6_lower_upper_kink	0.0	0.0
receptor_only_geometry	receptor_grouped_5fold	0	Gq/11	numeric__receptor_only__tm6_axis_tm3_angle	0.0	0.0
receptor_only_geometry	receptor_grouped_5fold	0	Gq/11	numeric__receptor_only__tm6_tm7_cavity_distance	0.0	0.0
receptor_only_geometry	receptor_grouped_5fold	0	Gq/11	numeric__receptor_only__tm7_h8_angle	0.0	0.0
receptor_only_geometry	receptor_grouped_5fold	0	Gq/11	numeric__receptor_only__h8_end_to_end_distance	0.0	0.0
receptor_only_geometry	receptor_grouped_5fold	0	Gq/11	numeric__receptor_only__h8_r350_distance	0.0	0.0
receptor_only_geometry	receptor_grouped_5fold	0	Gq/11	numeric__receptor_only__h8_tm6_distance	0.0	0.0
receptor_only_geometry	receptor_grouped_5fold	0	Gq/11	numeric__receptor_only__icl2_helix_fraction	0.0	0.0
receptor_only_geometry	receptor_grouped_5fold	0	Gq/11	numeric__receptor_only__icl2_longest_helix	0.0	0.0
receptor_only_geometry	receptor_grouped_5fold	0	Gq/11	numeric__receptor_only__icl2_mean_phi	0.0	0.0
receptor_only_geometry	receptor_grouped_5fold	0	Gq/11	numeric__receptor_only__icl2_mean_psi	0.0	0.0
receptor_only_geometry	receptor_grouped_5fold	0	Gq/11	numeric__receptor_only__intracellular_cavity_core_volume	0.0	0.0
receptor_only_geometry	receptor_grouped_5fold	0	Gq/11	numeric__receptor_only__intracellular_cavity_core_mouth_area	0.0	0.0
receptor_only_geometry	receptor_grouped_5fold	0	Gq/11	numeric__receptor_only__intracellular_cavity_core_depth	0.0	0.0
receptor_only_geometry	receptor_grouped_5fold	0	Gq/11	numeric__receptor_only__intracellular_cavity_core_maximum_width	0.0	0.0
receptor_only_geometry	receptor_grouped_5fold	0	Gq/11	numeric__receptor_only__intracellular_cavity_core_average_cross_section	0.0	0.0
receptor_only_geometry	receptor_grouped_5fold	0	Gq/11	numeric__receptor_only__intracellular_cavity_core_bottleneck_area	0.0	0.0
receptor_only_geometry	receptor_grouped_5fold	0	Gq/11	numeric__receptor_only__intracellular_cavity_core_bottleneck_radius	0.0	0.0
receptor_only_geometry	receptor_grouped_5fold	0	Gq/11	numeric__receptor_only__intracellular_cavity_core_max_inscribed_radius	0.0	0.0
receptor_only_geometry	receptor_grouped_5fold	0	Gq/11	numeric__receptor_only__intracellular_cavity_core_surface_area	0.0	0.0
receptor_only_geometry	receptor_grouped_5fold	0	Gq/11	numeric__receptor_only__intracellular_cavity_core_centroid_x	0.0	0.0
receptor_only_geometry	receptor_grouped_5fold	0	Gq/11	numeric__receptor_only__intracellular_cavity_core_centroid_y	0.0	0.0
receptor_only_geometry	receptor_grouped_5fold	0	Gq/11	numeric__receptor_only__intracellular_cavity_core_centroid_z	0.0	0.0
receptor_only_geometry	receptor_grouped_5fold	0	Gq/11	numeric__receptor_only__intracellular_cavity_core_principal_length_1	0.0	0.0
receptor_only_geometry	receptor_grouped_5fold	0	Gq/11	numeric__receptor_only__intracellular_cavity_core_principal_length_2	0.0	0.0
receptor_only_geometry	receptor_grouped_5fold	0	Gq/11	numeric__receptor_only__intracellular_cavity_core_principal_length_3	0.0	0.0
receptor_only_geometry	receptor_grouped_5fold	0	Gq/11	numeric__receptor_only__intracellular_cavity_core_principal_axis_1_z_alignment	0.0	0.0
receptor_only_geometry	receptor_grouped_5fold	0	Gq/11	numeric__receptor_only__intracellular_cavity_core_eccentricity	0.0	0.0
receptor_only_geometry	receptor_grouped_5fold	0	Gq/11	numeric__receptor_only__intracellular_cavity_core_sphericity	0.0	0.0
receptor_only_geometry	receptor_grouped_5fold	0	Gq/11	numeric__receptor_only__intracellular_cavity_core_asymmetry	0.0	0.0
receptor_only_geometry	receptor_grouped_5fold	0	Gq/11	numeric__receptor_only__intracellular_cavity_core_tm3_side_fraction	-0.03481347181843361	0.03481347181843361
receptor_only_geometry	receptor_grouped_5fold	0	Gq/11	numeric__receptor_only__intracellular_cavity_core_tm6_side_fraction	0.034813471818430836	0.034813471818430836
receptor_only_geometry	receptor_grouped_5fold	0	Gq/11	numeric__receptor_only__intracellular_cavity_core_tm5_side_fraction	0.0	0.0
receptor_only_geometry	receptor_grouped_5fold	0	Gq/11	numeric__receptor_only__intracellular_cavity_core_tm7_side_fraction	0.0	0.0
receptor_only_geometry	receptor_grouped_5fold	0	Gq/11	numeric__receptor_only__intracellular_cavity_core_wall_fraction_h8	0.0	0.0
receptor_only_geometry	receptor_grouped_5fold	0	Gq/11	numeric__receptor_only__intracellular_cavity_core_wall_fraction_icl2	0.0	0.0
receptor_only_geometry	receptor_grouped_5fold	0	Gq/11	numeric__receptor_only__intracellular_cavity_core_wall_fraction_tm3	0.0	0.0
receptor_only_geometry	receptor_grouped_5fold	0	Gq/11	numeric__receptor_only__intracellular_cavity_core_wall_fraction_tm7	0.0	0.0
receptor_only_geometry	receptor_grouped_5fold	0	Gs	numeric__receptor_only__activation_consensus_score	0.0	0.0
receptor_only_geometry	receptor_grouped_5fold	0	Gs	numeric__receptor_only__tm6_r350_634_distance	0.0	0.0
receptor_only_geometry	receptor_grouped_5fold	0	Gs	numeric__receptor_only__tm6_aligned_displacement	0.0	0.0
receptor_only_geometry	receptor_grouped_5fold	0	Gs	numeric__receptor_only__tm7_displacement	0.0	0.0
receptor_only_geometry	receptor_grouped_5fold	0	Gs	numeric__receptor_only__tm3_tm7_distance	0.0	0.0
receptor_only_geometry	receptor_grouped_5fold	0	Gs	numeric__receptor_only__tm6_r350_630_distance	0.0	0.0
receptor_only_geometry	receptor_grouped_5fold	0	Gs	numeric__receptor_only__dry_r350_630_min_distance	0.0	0.0
receptor_only_geometry	receptor_grouped_5fold	0	Gs	numeric__receptor_only__dry_r350_630_ca_distance	0.0	0.0
receptor_only_geometry	receptor_grouped_5fold	0	Gs	numeric__receptor_only__dry_d349_r350_min_distance	0.0	0.0
receptor_only_geometry	receptor_grouped_5fold	0	Gs	numeric__receptor_only__r350_chi1	-0.3355517122195274	0.3355517122195274
receptor_only_geometry	receptor_grouped_5fold	0	Gs	numeric__receptor_only__r350_chi2	0.0	0.0
receptor_only_geometry	receptor_grouped_5fold	0	Gs	numeric__receptor_only__pif_550_340_distance	0.0	0.0
receptor_only_geometry	receptor_grouped_5fold	0	Gs	numeric__receptor_only__pif_340_644_distance	0.0	0.0
receptor_only_geometry	receptor_grouped_5fold	0	Gs	numeric__receptor_only__pif_550_644_distance	0.0	0.0
receptor_only_geometry	receptor_grouped_5fold	0	Gs	numeric__receptor_only__pif_550_340_min_distance	0.0	0.0
receptor_only_geometry	receptor_grouped_5fold	0	Gs	numeric__receptor_only__pif_340_644_min_distance	0.0	0.0
receptor_only_geometry	receptor_grouped_5fold	0	Gs	numeric__receptor_only__pif_550_644_min_distance	0.0	0.0
receptor_only_geometry	receptor_grouped_5fold	0	Gs	numeric__receptor_only__pif_triangle_perimeter	0.0	0.0
receptor_only_geometry	receptor_grouped_5fold	0	Gs	numeric__receptor_only__position_644_chi1	0.0	0.0
receptor_only_geometry	receptor_grouped_5fold	0	Gs	numeric__receptor_only__position_644_chi2	0.0	0.0
receptor_only_geometry	receptor_grouped_5fold	0	Gs	numeric__receptor_only__w648_chi1	0.0	0.0
receptor_only_geometry	receptor_grouped_5fold	0	Gs	numeric__receptor_only__w648_chi2	0.0	0.0
receptor_only_geometry	receptor_grouped_5fold	0	Gs	numeric__receptor_only__w648_displacement	0.0	0.0
receptor_only_geometry	receptor_grouped_5fold	0	Gs	numeric__receptor_only__w648_to_644_distance	0.0	0.0
receptor_only_geometry	receptor_grouped_5fold	0	Gs	numeric__receptor_only__cwxp_647_650_distance	0.0	0.0
receptor_only_geometry	receptor_grouped_5fold	0	Gs	numeric__receptor_only__y753_chi1	0.0	0.0
receptor_only_geometry	receptor_grouped_5fold	0	Gs	numeric__receptor_only__y753_chi2	0.0	0.0
receptor_only_geometry	receptor_grouped_5fold	0	Gs	numeric__receptor_only__y753_y558_distance	0.0	0.0
receptor_only_geometry	receptor_grouped_5fold	0	Gs	numeric__receptor_only__y753_y558_min_distance	0.0	0.0
receptor_only_geometry	receptor_grouped_5fold	0	Gs	numeric__receptor_only__n749_y753_distance	0.0	0.0
receptor_only_geometry	receptor_grouped_5fold	0	Gs	numeric__receptor_only__npxxy_local_spread	0.0	0.0
receptor_only_geometry	receptor_grouped_5fold	0	Gs	numeric__receptor_only__y753_displacement	0.0	0.0
receptor_only_geometry	receptor_grouped_5fold	0	Gs	numeric__receptor_only__sodium_d250_s339_distance	0.0	0.0
receptor_only_geometry	receptor_grouped_5fold	0	Gs	numeric__receptor_only__sodium_d250_n745_distance	0.0	0.0
receptor_only_geometry	receptor_grouped_5fold	0	Gs	numeric__receptor_only__sodium_d250_s746_distance	0.0	0.0
receptor_only_geometry	receptor_grouped_5fold	0	Gs	numeric__receptor_only__sodium_d250_n749_distance	0.0	0.0
receptor_only_geometry	receptor_grouped_5fold	0	Gs	numeric__receptor_only__sodium_pocket_volume	0.0	0.0
receptor_only_geometry	receptor_grouped_5fold	0	Gs	numeric__receptor_only__sodium_pocket_spread	0.0	0.0
receptor_only_geometry	receptor_grouped_5fold	0	Gs	numeric__receptor_only__tm7_rotation	0.0	0.0
receptor_only_geometry	receptor_grouped_5fold	0	Gs	numeric__receptor_only__icl2_generic_ca_count	0.0	0.0
receptor_only_geometry	receptor_grouped_5fold	0	Gs	numeric__receptor_only__icl2_end_to_end_distance	0.0	0.0
receptor_only_geometry	receptor_grouped_5fold	0	Gs	numeric__receptor_only__icl2_centroid_to_r350	0.0	0.0
receptor_only_geometry	receptor_grouped_5fold	0	Gs	numeric__receptor_only__icl2_centroid_to_tm5_561	0.0	0.0
receptor_only_geometry	receptor_grouped_5fold	0	Gs	numeric__receptor_only__icl2_centroid_to_tm6_634	0.0	0.0
receptor_only_geometry	receptor_grouped_5fold	0	Gs	numeric__receptor_only__icl2_centroid_to_tm7_753	0.0	0.0
receptor_only_geometry	receptor_grouped_5fold	0	Gs	numeric__receptor_only__icl2_axis_tm3_angle	0.0	0.0
receptor_only_geometry	receptor_grouped_5fold	0	Gs	numeric__receptor_only__icl2_axis_tm5_angle	0.0	0.0
receptor_only_geometry	receptor_grouped_5fold	0	Gs	numeric__receptor_only__icl2_active_reference_displacement	0.0	0.0
receptor_only_geometry	receptor_grouped_5fold	0	Gs	numeric__receptor_only__tm5_cytoplasmic_extension	0.5002526425594953	0.5002526425594953
receptor_only_geometry	receptor_grouped_5fold	0	Gs	numeric__receptor_only__tm5_cytoplasmic_kink	0.0	0.0
receptor_only_geometry	receptor_grouped_5fold	0	Gs	numeric__receptor_only__tm5_r350_561_distance	0.0	0.0
receptor_only_geometry	receptor_grouped_5fold	0	Gs	numeric__receptor_only__tm5_r350_564_distance	0.0	0.0
receptor_only_geometry	receptor_grouped_5fold	0	Gs	numeric__receptor_only__tm5_tm6_cavity_distance	0.0	0.0
receptor_only_geometry	receptor_grouped_5fold	0	Gs	numeric__receptor_only__tm5_axis_tm3_angle	0.0	0.0
receptor_only_geometry	receptor_grouped_5fold	0	Gs	numeric__receptor_only__tm6_lower_upper_kink	0.0	0.0
receptor_only_geometry	receptor_grouped_5fold	0	Gs	numeric__receptor_only__tm6_axis_tm3_angle	0.0	0.0
receptor_only_geometry	receptor_grouped_5fold	0	Gs	numeric__receptor_only__tm6_tm7_cavity_distance	0.0	0.0
receptor_only_geometry	receptor_grouped_5fold	0	Gs	numeric__receptor_only__tm7_h8_angle	0.0	0.0
receptor_only_geometry	receptor_grouped_5fold	0	Gs	numeric__receptor_only__h8_end_to_end_distance	0.0	0.0
receptor_only_geometry	receptor_grouped_5fold	0	Gs	numeric__receptor_only__h8_r350_distance	0.0	0.0
receptor_only_geometry	receptor_grouped_5fold	0	Gs	numeric__receptor_only__h8_tm6_distance	0.0	0.0
receptor_only_geometry	receptor_grouped_5fold	0	Gs	numeric__receptor_only__icl2_helix_fraction	0.0	0.0
receptor_only_geometry	receptor_grouped_5fold	0	Gs	numeric__receptor_only__icl2_longest_helix	0.0	0.0
receptor_only_geometry	receptor_grouped_5fold	0	Gs	numeric__receptor_only__icl2_mean_phi	0.0	0.0
receptor_only_geometry	receptor_grouped_5fold	0	Gs	numeric__receptor_only__icl2_mean_psi	0.0	0.0
receptor_only_geometry	receptor_grouped_5fold	0	Gs	numeric__receptor_only__intracellular_cavity_core_volume	0.0	0.0
receptor_only_geometry	receptor_grouped_5fold	0	Gs	numeric__receptor_only__intracellular_cavity_core_mouth_area	0.0	0.0
receptor_only_geometry	receptor_grouped_5fold	0	Gs	numeric__receptor_only__intracellular_cavity_core_depth	0.0	0.0
receptor_only_geometry	receptor_grouped_5fold	0	Gs	numeric__receptor_only__intracellular_cavity_core_maximum_width	0.0	0.0
receptor_only_geometry	receptor_grouped_5fold	0	Gs	numeric__receptor_only__intracellular_cavity_core_average_cross_section	0.0	0.0
receptor_only_geometry	receptor_grouped_5fold	0	Gs	numeric__receptor_only__intracellular_cavity_core_bottleneck_area	0.0	0.0
receptor_only_geometry	receptor_grouped_5fold	0	Gs	numeric__receptor_only__intracellular_cavity_core_bottleneck_radius	0.0	0.0
receptor_only_geometry	receptor_grouped_5fold	0	Gs	numeric__receptor_only__intracellular_cavity_core_max_inscribed_radius	0.0	0.0
receptor_only_geometry	receptor_grouped_5fold	0	Gs	numeric__receptor_only__intracellular_cavity_core_surface_area	0.0	0.0
receptor_only_geometry	receptor_grouped_5fold	0	Gs	numeric__receptor_only__intracellular_cavity_core_centroid_x	0.0	0.0
receptor_only_geometry	receptor_grouped_5fold	0	Gs	numeric__receptor_only__intracellular_cavity_core_centroid_y	0.0	0.0
receptor_only_geometry	receptor_grouped_5fold	0	Gs	numeric__receptor_only__intracellular_cavity_core_centroid_z	0.0	0.0
receptor_only_geometry	receptor_grouped_5fold	0	Gs	numeric__receptor_only__intracellular_cavity_core_principal_length_1	0.0	0.0
receptor_only_geometry	receptor_grouped_5fold	0	Gs	numeric__receptor_only__intracellular_cavity_core_principal_length_2	0.0	0.0
receptor_only_geometry	receptor_grouped_5fold	0	Gs	numeric__receptor_only__intracellular_cavity_core_principal_length_3	0.0	0.0
receptor_only_geometry	receptor_grouped_5fold	0	Gs	numeric__receptor_only__intracellular_cavity_core_principal_axis_1_z_alignment	0.0	0.0
receptor_only_geometry	receptor_grouped_5fold	0	Gs	numeric__receptor_only__intracellular_cavity_core_eccentricity	-0.6832168075616125	0.6832168075616125
receptor_only_geometry	receptor_grouped_5fold	0	Gs	numeric__receptor_only__intracellular_cavity_core_sphericity	0.0	0.0
receptor_only_geometry	receptor_grouped_5fold	0	Gs	numeric__receptor_only__intracellular_cavity_core_asymmetry	0.0	0.0
receptor_only_geometry	receptor_grouped_5fold	0	Gs	numeric__receptor_only__intracellular_cavity_core_tm3_side_fraction	0.0	0.0
receptor_only_geometry	receptor_grouped_5fold	0	Gs	numeric__receptor_only__intracellular_cavity_core_tm6_side_fraction	0.0	0.0
receptor_only_geometry	receptor_grouped_5fold	0	Gs	numeric__receptor_only__intracellular_cavity_core_tm5_side_fraction	0.0	0.0
receptor_only_geometry	receptor_grouped_5fold	0	Gs	numeric__receptor_only__intracellular_cavity_core_tm7_side_fraction	0.0	0.0
receptor_only_geometry	receptor_grouped_5fold	0	Gs	numeric__receptor_only__intracellular_cavity_core_wall_fraction_h8	0.0	0.0
receptor_only_geometry	receptor_grouped_5fold	0	Gs	numeric__receptor_only__intracellular_cavity_core_wall_fraction_icl2	0.0	0.0
receptor_only_geometry	receptor_grouped_5fold	0	Gs	numeric__receptor_only__intracellular_cavity_core_wall_fraction_tm3	0.0	0.0
receptor_only_geometry	receptor_grouped_5fold	0	Gs	numeric__receptor_only__intracellular_cavity_core_wall_fraction_tm7	0.0	0.0
receptor_only_geometry	receptor_grouped_5fold	1	Gi/o	numeric__receptor_only__activation_consensus_score	0.0	0.0
receptor_only_geometry	receptor_grouped_5fold	1	Gi/o	numeric__receptor_only__tm6_r350_634_distance	0.0	0.0
receptor_only_geometry	receptor_grouped_5fold	1	Gi/o	numeric__receptor_only__tm6_aligned_displacement	-0.06502687988349724	0.06502687988349724
receptor_only_geometry	receptor_grouped_5fold	1	Gi/o	numeric__receptor_only__tm7_displacement	0.0	0.0
receptor_only_geometry	receptor_grouped_5fold	1	Gi/o	numeric__receptor_only__tm3_tm7_distance	0.0	0.0
receptor_only_geometry	receptor_grouped_5fold	1	Gi/o	numeric__receptor_only__tm6_r350_630_distance	0.0	0.0
receptor_only_geometry	receptor_grouped_5fold	1	Gi/o	numeric__receptor_only__dry_r350_630_min_distance	0.0	0.0
receptor_only_geometry	receptor_grouped_5fold	1	Gi/o	numeric__receptor_only__dry_r350_630_ca_distance	0.0	0.0
receptor_only_geometry	receptor_grouped_5fold	1	Gi/o	numeric__receptor_only__dry_d349_r350_min_distance	0.009941672870115298	0.009941672870115298
receptor_only_geometry	receptor_grouped_5fold	1	Gi/o	numeric__receptor_only__r350_chi1	0.048169433423205774	0.048169433423205774
receptor_only_geometry	receptor_grouped_5fold	1	Gi/o	numeric__receptor_only__r350_chi2	0.0	0.0
receptor_only_geometry	receptor_grouped_5fold	1	Gi/o	numeric__receptor_only__pif_550_340_distance	0.0	0.0
receptor_only_geometry	receptor_grouped_5fold	1	Gi/o	numeric__receptor_only__pif_340_644_distance	0.0	0.0
receptor_only_geometry	receptor_grouped_5fold	1	Gi/o	numeric__receptor_only__pif_550_644_distance	-0.039906134651050224	0.039906134651050224
receptor_only_geometry	receptor_grouped_5fold	1	Gi/o	numeric__receptor_only__pif_550_340_min_distance	0.0	0.0
receptor_only_geometry	receptor_grouped_5fold	1	Gi/o	numeric__receptor_only__pif_340_644_min_distance	0.0	0.0
receptor_only_geometry	receptor_grouped_5fold	1	Gi/o	numeric__receptor_only__pif_550_644_min_distance	-0.024026123042050332	0.024026123042050332
receptor_only_geometry	receptor_grouped_5fold	1	Gi/o	numeric__receptor_only__pif_triangle_perimeter	0.0	0.0
receptor_only_geometry	receptor_grouped_5fold	1	Gi/o	numeric__receptor_only__position_644_chi1	0.0	0.0
receptor_only_geometry	receptor_grouped_5fold	1	Gi/o	numeric__receptor_only__position_644_chi2	0.0	0.0
receptor_only_geometry	receptor_grouped_5fold	1	Gi/o	numeric__receptor_only__w648_chi1	0.0	0.0
receptor_only_geometry	receptor_grouped_5fold	1	Gi/o	numeric__receptor_only__w648_chi2	0.0	0.0
receptor_only_geometry	receptor_grouped_5fold	1	Gi/o	numeric__receptor_only__w648_displacement	0.010120025475570714	0.010120025475570714
receptor_only_geometry	receptor_grouped_5fold	1	Gi/o	numeric__receptor_only__w648_to_644_distance	-0.025191375125695605	0.025191375125695605
receptor_only_geometry	receptor_grouped_5fold	1	Gi/o	numeric__receptor_only__cwxp_647_650_distance	0.0	0.0
receptor_only_geometry	receptor_grouped_5fold	1	Gi/o	numeric__receptor_only__y753_chi1	0.0	0.0
receptor_only_geometry	receptor_grouped_5fold	1	Gi/o	numeric__receptor_only__y753_chi2	0.0	0.0
receptor_only_geometry	receptor_grouped_5fold	1	Gi/o	numeric__receptor_only__y753_y558_distance	0.0	0.0
receptor_only_geometry	receptor_grouped_5fold	1	Gi/o	numeric__receptor_only__y753_y558_min_distance	0.0	0.0
receptor_only_geometry	receptor_grouped_5fold	1	Gi/o	numeric__receptor_only__n749_y753_distance	0.0	0.0
receptor_only_geometry	receptor_grouped_5fold	1	Gi/o	numeric__receptor_only__npxxy_local_spread	0.0	0.0
receptor_only_geometry	receptor_grouped_5fold	1	Gi/o	numeric__receptor_only__y753_displacement	0.0	0.0
receptor_only_geometry	receptor_grouped_5fold	1	Gi/o	numeric__receptor_only__sodium_d250_s339_distance	0.0	0.0
receptor_only_geometry	receptor_grouped_5fold	1	Gi/o	numeric__receptor_only__sodium_d250_n745_distance	0.0	0.0
receptor_only_geometry	receptor_grouped_5fold	1	Gi/o	numeric__receptor_only__sodium_d250_s746_distance	0.0	0.0
receptor_only_geometry	receptor_grouped_5fold	1	Gi/o	numeric__receptor_only__sodium_d250_n749_distance	0.0	0.0
receptor_only_geometry	receptor_grouped_5fold	1	Gi/o	numeric__receptor_only__sodium_pocket_volume	0.0	0.0
receptor_only_geometry	receptor_grouped_5fold	1	Gi/o	numeric__receptor_only__sodium_pocket_spread	0.0	0.0
receptor_only_geometry	receptor_grouped_5fold	1	Gi/o	numeric__receptor_only__tm7_rotation	0.0	0.0
receptor_only_geometry	receptor_grouped_5fold	1	Gi/o	numeric__receptor_only__icl2_generic_ca_count	0.0	0.0
receptor_only_geometry	receptor_grouped_5fold	1	Gi/o	numeric__receptor_only__icl2_end_to_end_distance	0.0	0.0
receptor_only_geometry	receptor_grouped_5fold	1	Gi/o	numeric__receptor_only__icl2_centroid_to_r350	0.0	0.0
receptor_only_geometry	receptor_grouped_5fold	1	Gi/o	numeric__receptor_only__icl2_centroid_to_tm5_561	0.0	0.0
receptor_only_geometry	receptor_grouped_5fold	1	Gi/o	numeric__receptor_only__icl2_centroid_to_tm6_634	0.0	0.0
receptor_only_geometry	receptor_grouped_5fold	1	Gi/o	numeric__receptor_only__icl2_centroid_to_tm7_753	0.0	0.0
receptor_only_geometry	receptor_grouped_5fold	1	Gi/o	numeric__receptor_only__icl2_axis_tm3_angle	0.0	0.0
receptor_only_geometry	receptor_grouped_5fold	1	Gi/o	numeric__receptor_only__icl2_axis_tm5_angle	0.023646537656882148	0.023646537656882148
receptor_only_geometry	receptor_grouped_5fold	1	Gi/o	numeric__receptor_only__icl2_active_reference_displacement	0.0	0.0
receptor_only_geometry	receptor_grouped_5fold	1	Gi/o	numeric__receptor_only__tm5_cytoplasmic_extension	0.0	0.0
receptor_only_geometry	receptor_grouped_5fold	1	Gi/o	numeric__receptor_only__tm5_cytoplasmic_kink	0.0	0.0
receptor_only_geometry	receptor_grouped_5fold	1	Gi/o	numeric__receptor_only__tm5_r350_561_distance	0.0	0.0
receptor_only_geometry	receptor_grouped_5fold	1	Gi/o	numeric__receptor_only__tm5_r350_564_distance	0.0	0.0
receptor_only_geometry	receptor_grouped_5fold	1	Gi/o	numeric__receptor_only__tm5_tm6_cavity_distance	0.0	0.0
receptor_only_geometry	receptor_grouped_5fold	1	Gi/o	numeric__receptor_only__tm5_axis_tm3_angle	0.0	0.0
receptor_only_geometry	receptor_grouped_5fold	1	Gi/o	numeric__receptor_only__tm6_lower_upper_kink	0.0	0.0
receptor_only_geometry	receptor_grouped_5fold	1	Gi/o	numeric__receptor_only__tm6_axis_tm3_angle	0.0	0.0
receptor_only_geometry	receptor_grouped_5fold	1	Gi/o	numeric__receptor_only__tm6_tm7_cavity_distance	0.0	0.0
receptor_only_geometry	receptor_grouped_5fold	1	Gi/o	numeric__receptor_only__tm7_h8_angle	0.0	0.0
receptor_only_geometry	receptor_grouped_5fold	1	Gi/o	numeric__receptor_only__h8_end_to_end_distance	0.0	0.0
receptor_only_geometry	receptor_grouped_5fold	1	Gi/o	numeric__receptor_only__h8_r350_distance	0.0	0.0
receptor_only_geometry	receptor_grouped_5fold	1	Gi/o	numeric__receptor_only__h8_tm6_distance	-0.07099446722985508	0.07099446722985508
receptor_only_geometry	receptor_grouped_5fold	1	Gi/o	numeric__receptor_only__icl2_helix_fraction	0.0	0.0
receptor_only_geometry	receptor_grouped_5fold	1	Gi/o	numeric__receptor_only__icl2_longest_helix	0.0	0.0
receptor_only_geometry	receptor_grouped_5fold	1	Gi/o	numeric__receptor_only__icl2_mean_phi	0.0	0.0
receptor_only_geometry	receptor_grouped_5fold	1	Gi/o	numeric__receptor_only__icl2_mean_psi	0.0	0.0
receptor_only_geometry	receptor_grouped_5fold	1	Gi/o	numeric__receptor_only__intracellular_cavity_core_volume	0.0	0.0
receptor_only_geometry	receptor_grouped_5fold	1	Gi/o	numeric__receptor_only__intracellular_cavity_core_mouth_area	0.0	0.0
receptor_only_geometry	receptor_grouped_5fold	1	Gi/o	numeric__receptor_only__intracellular_cavity_core_depth	0.0	0.0
receptor_only_geometry	receptor_grouped_5fold	1	Gi/o	numeric__receptor_only__intracellular_cavity_core_maximum_width	0.0	0.0
receptor_only_geometry	receptor_grouped_5fold	1	Gi/o	numeric__receptor_only__intracellular_cavity_core_average_cross_section	0.0	0.0
receptor_only_geometry	receptor_grouped_5fold	1	Gi/o	numeric__receptor_only__intracellular_cavity_core_bottleneck_area	0.0	0.0
receptor_only_geometry	receptor_grouped_5fold	1	Gi/o	numeric__receptor_only__intracellular_cavity_core_bottleneck_radius	0.0	0.0
receptor_only_geometry	receptor_grouped_5fold	1	Gi/o	numeric__receptor_only__intracellular_cavity_core_max_inscribed_radius	0.0	0.0
receptor_only_geometry	receptor_grouped_5fold	1	Gi/o	numeric__receptor_only__intracellular_cavity_core_surface_area	0.0	0.0
receptor_only_geometry	receptor_grouped_5fold	1	Gi/o	numeric__receptor_only__intracellular_cavity_core_centroid_x	0.0	0.0
receptor_only_geometry	receptor_grouped_5fold	1	Gi/o	numeric__receptor_only__intracellular_cavity_core_centroid_y	0.10193607387290328	0.10193607387290328
receptor_only_geometry	receptor_grouped_5fold	1	Gi/o	numeric__receptor_only__intracellular_cavity_core_centroid_z	0.0	0.0
receptor_only_geometry	receptor_grouped_5fold	1	Gi/o	numeric__receptor_only__intracellular_cavity_core_principal_length_1	0.0	0.0
receptor_only_geometry	receptor_grouped_5fold	1	Gi/o	numeric__receptor_only__intracellular_cavity_core_principal_length_2	0.0	0.0
receptor_only_geometry	receptor_grouped_5fold	1	Gi/o	numeric__receptor_only__intracellular_cavity_core_principal_length_3	0.0	0.0
receptor_only_geometry	receptor_grouped_5fold	1	Gi/o	numeric__receptor_only__intracellular_cavity_core_principal_axis_1_z_alignment	0.0	0.0
receptor_only_geometry	receptor_grouped_5fold	1	Gi/o	numeric__receptor_only__intracellular_cavity_core_eccentricity	0.0	0.0
receptor_only_geometry	receptor_grouped_5fold	1	Gi/o	numeric__receptor_only__intracellular_cavity_core_sphericity	0.0	0.0
receptor_only_geometry	receptor_grouped_5fold	1	Gi/o	numeric__receptor_only__intracellular_cavity_core_asymmetry	0.0	0.0
receptor_only_geometry	receptor_grouped_5fold	1	Gi/o	numeric__receptor_only__intracellular_cavity_core_tm3_side_fraction	0.0	0.0
receptor_only_geometry	receptor_grouped_5fold	1	Gi/o	numeric__receptor_only__intracellular_cavity_core_tm6_side_fraction	0.0	0.0
receptor_only_geometry	receptor_grouped_5fold	1	Gi/o	numeric__receptor_only__intracellular_cavity_core_tm5_side_fraction	0.11264850914509436	0.11264850914509436
receptor_only_geometry	receptor_grouped_5fold	1	Gi/o	numeric__receptor_only__intracellular_cavity_core_tm7_side_fraction	-0.11264850914509426	0.11264850914509426
receptor_only_geometry	receptor_grouped_5fold	1	Gi/o	numeric__receptor_only__intracellular_cavity_core_wall_fraction_h8	0.0	0.0
receptor_only_geometry	receptor_grouped_5fold	1	Gi/o	numeric__receptor_only__intracellular_cavity_core_wall_fraction_icl2	0.0	0.0
receptor_only_geometry	receptor_grouped_5fold	1	Gi/o	numeric__receptor_only__intracellular_cavity_core_wall_fraction_tm3	0.0	0.0
receptor_only_geometry	receptor_grouped_5fold	1	Gi/o	numeric__receptor_only__intracellular_cavity_core_wall_fraction_tm7	0.0	0.0
receptor_only_geometry	receptor_grouped_5fold	1	Gq/11	numeric__receptor_only__activation_consensus_score	0.0	0.0
receptor_only_geometry	receptor_grouped_5fold	1	Gq/11	numeric__receptor_only__tm6_r350_634_distance	0.0	0.0
receptor_only_geometry	receptor_grouped_5fold	1	Gq/11	numeric__receptor_only__tm6_aligned_displacement	0.0	0.0
receptor_only_geometry	receptor_grouped_5fold	1	Gq/11	numeric__receptor_only__tm7_displacement	0.0	0.0
receptor_only_geometry	receptor_grouped_5fold	1	Gq/11	numeric__receptor_only__tm3_tm7_distance	0.0	0.0
receptor_only_geometry	receptor_grouped_5fold	1	Gq/11	numeric__receptor_only__tm6_r350_630_distance	0.0	0.0
receptor_only_geometry	receptor_grouped_5fold	1	Gq/11	numeric__receptor_only__dry_r350_630_min_distance	0.0	0.0
receptor_only_geometry	receptor_grouped_5fold	1	Gq/11	numeric__receptor_only__dry_r350_630_ca_distance	0.0	0.0
receptor_only_geometry	receptor_grouped_5fold	1	Gq/11	numeric__receptor_only__dry_d349_r350_min_distance	0.0	0.0
receptor_only_geometry	receptor_grouped_5fold	1	Gq/11	numeric__receptor_only__r350_chi1	0.0	0.0
receptor_only_geometry	receptor_grouped_5fold	1	Gq/11	numeric__receptor_only__r350_chi2	0.0	0.0
receptor_only_geometry	receptor_grouped_5fold	1	Gq/11	numeric__receptor_only__pif_550_340_distance	0.0	0.0
receptor_only_geometry	receptor_grouped_5fold	1	Gq/11	numeric__receptor_only__pif_340_644_distance	-0.05123405043091964	0.05123405043091964
receptor_only_geometry	receptor_grouped_5fold	1	Gq/11	numeric__receptor_only__pif_550_644_distance	0.0	0.0
receptor_only_geometry	receptor_grouped_5fold	1	Gq/11	numeric__receptor_only__pif_550_340_min_distance	0.0	0.0
receptor_only_geometry	receptor_grouped_5fold	1	Gq/11	numeric__receptor_only__pif_340_644_min_distance	0.0	0.0
receptor_only_geometry	receptor_grouped_5fold	1	Gq/11	numeric__receptor_only__pif_550_644_min_distance	0.00807538635333066	0.00807538635333066
receptor_only_geometry	receptor_grouped_5fold	1	Gq/11	numeric__receptor_only__pif_triangle_perimeter	0.0	0.0
receptor_only_geometry	receptor_grouped_5fold	1	Gq/11	numeric__receptor_only__position_644_chi1	0.0	0.0
receptor_only_geometry	receptor_grouped_5fold	1	Gq/11	numeric__receptor_only__position_644_chi2	0.0	0.0
receptor_only_geometry	receptor_grouped_5fold	1	Gq/11	numeric__receptor_only__w648_chi1	0.0	0.0
receptor_only_geometry	receptor_grouped_5fold	1	Gq/11	numeric__receptor_only__w648_chi2	0.040309112705893504	0.040309112705893504
receptor_only_geometry	receptor_grouped_5fold	1	Gq/11	numeric__receptor_only__w648_displacement	0.0	0.0
receptor_only_geometry	receptor_grouped_5fold	1	Gq/11	numeric__receptor_only__w648_to_644_distance	0.0	0.0
receptor_only_geometry	receptor_grouped_5fold	1	Gq/11	numeric__receptor_only__cwxp_647_650_distance	0.0	0.0
receptor_only_geometry	receptor_grouped_5fold	1	Gq/11	numeric__receptor_only__y753_chi1	0.0	0.0
receptor_only_geometry	receptor_grouped_5fold	1	Gq/11	numeric__receptor_only__y753_chi2	0.0	0.0
receptor_only_geometry	receptor_grouped_5fold	1	Gq/11	numeric__receptor_only__y753_y558_distance	0.0	0.0
receptor_only_geometry	receptor_grouped_5fold	1	Gq/11	numeric__receptor_only__y753_y558_min_distance	0.0	0.0
receptor_only_geometry	receptor_grouped_5fold	1	Gq/11	numeric__receptor_only__n749_y753_distance	0.0	0.0
receptor_only_geometry	receptor_grouped_5fold	1	Gq/11	numeric__receptor_only__npxxy_local_spread	0.0	0.0
receptor_only_geometry	receptor_grouped_5fold	1	Gq/11	numeric__receptor_only__y753_displacement	0.0	0.0
receptor_only_geometry	receptor_grouped_5fold	1	Gq/11	numeric__receptor_only__sodium_d250_s339_distance	0.0	0.0
receptor_only_geometry	receptor_grouped_5fold	1	Gq/11	numeric__receptor_only__sodium_d250_n745_distance	0.0	0.0
receptor_only_geometry	receptor_grouped_5fold	1	Gq/11	numeric__receptor_only__sodium_d250_s746_distance	0.0	0.0
receptor_only_geometry	receptor_grouped_5fold	1	Gq/11	numeric__receptor_only__sodium_d250_n749_distance	-0.0008271669851380887	0.0008271669851380887
receptor_only_geometry	receptor_grouped_5fold	1	Gq/11	numeric__receptor_only__sodium_pocket_volume	0.0	0.0
receptor_only_geometry	receptor_grouped_5fold	1	Gq/11	numeric__receptor_only__sodium_pocket_spread	0.0	0.0
receptor_only_geometry	receptor_grouped_5fold	1	Gq/11	numeric__receptor_only__tm7_rotation	0.0	0.0
receptor_only_geometry	receptor_grouped_5fold	1	Gq/11	numeric__receptor_only__icl2_generic_ca_count	0.0	0.0
receptor_only_geometry	receptor_grouped_5fold	1	Gq/11	numeric__receptor_only__icl2_end_to_end_distance	0.0	0.0
receptor_only_geometry	receptor_grouped_5fold	1	Gq/11	numeric__receptor_only__icl2_centroid_to_r350	0.0	0.0
receptor_only_geometry	receptor_grouped_5fold	1	Gq/11	numeric__receptor_only__icl2_centroid_to_tm5_561	0.0	0.0
receptor_only_geometry	receptor_grouped_5fold	1	Gq/11	numeric__receptor_only__icl2_centroid_to_tm6_634	0.0	0.0
receptor_only_geometry	receptor_grouped_5fold	1	Gq/11	numeric__receptor_only__icl2_centroid_to_tm7_753	0.0	0.0
receptor_only_geometry	receptor_grouped_5fold	1	Gq/11	numeric__receptor_only__icl2_axis_tm3_angle	0.00618735604678299	0.00618735604678299
receptor_only_geometry	receptor_grouped_5fold	1	Gq/11	numeric__receptor_only__icl2_axis_tm5_angle	0.0	0.0
receptor_only_geometry	receptor_grouped_5fold	1	Gq/11	numeric__receptor_only__icl2_active_reference_displacement	0.0	0.0
receptor_only_geometry	receptor_grouped_5fold	1	Gq/11	numeric__receptor_only__tm5_cytoplasmic_extension	0.0	0.0
receptor_only_geometry	receptor_grouped_5fold	1	Gq/11	numeric__receptor_only__tm5_cytoplasmic_kink	0.0	0.0
receptor_only_geometry	receptor_grouped_5fold	1	Gq/11	numeric__receptor_only__tm5_r350_561_distance	0.0	0.0
receptor_only_geometry	receptor_grouped_5fold	1	Gq/11	numeric__receptor_only__tm5_r350_564_distance	-0.012568767910969397	0.012568767910969397
receptor_only_geometry	receptor_grouped_5fold	1	Gq/11	numeric__receptor_only__tm5_tm6_cavity_distance	0.0	0.0
receptor_only_geometry	receptor_grouped_5fold	1	Gq/11	numeric__receptor_only__tm5_axis_tm3_angle	0.0	0.0
receptor_only_geometry	receptor_grouped_5fold	1	Gq/11	numeric__receptor_only__tm6_lower_upper_kink	0.0	0.0
receptor_only_geometry	receptor_grouped_5fold	1	Gq/11	numeric__receptor_only__tm6_axis_tm3_angle	0.0	0.0
receptor_only_geometry	receptor_grouped_5fold	1	Gq/11	numeric__receptor_only__tm6_tm7_cavity_distance	0.0	0.0
receptor_only_geometry	receptor_grouped_5fold	1	Gq/11	numeric__receptor_only__tm7_h8_angle	0.0	0.0
receptor_only_geometry	receptor_grouped_5fold	1	Gq/11	numeric__receptor_only__h8_end_to_end_distance	0.0	0.0
receptor_only_geometry	receptor_grouped_5fold	1	Gq/11	numeric__receptor_only__h8_r350_distance	0.0	0.0
receptor_only_geometry	receptor_grouped_5fold	1	Gq/11	numeric__receptor_only__h8_tm6_distance	0.0	0.0
receptor_only_geometry	receptor_grouped_5fold	1	Gq/11	numeric__receptor_only__icl2_helix_fraction	0.0	0.0
receptor_only_geometry	receptor_grouped_5fold	1	Gq/11	numeric__receptor_only__icl2_longest_helix	0.0	0.0
receptor_only_geometry	receptor_grouped_5fold	1	Gq/11	numeric__receptor_only__icl2_mean_phi	0.0	0.0
receptor_only_geometry	receptor_grouped_5fold	1	Gq/11	numeric__receptor_only__icl2_mean_psi	0.0	0.0
receptor_only_geometry	receptor_grouped_5fold	1	Gq/11	numeric__receptor_only__intracellular_cavity_core_volume	0.0	0.0
receptor_only_geometry	receptor_grouped_5fold	1	Gq/11	numeric__receptor_only__intracellular_cavity_core_mouth_area	0.0	0.0
receptor_only_geometry	receptor_grouped_5fold	1	Gq/11	numeric__receptor_only__intracellular_cavity_core_depth	0.0	0.0
receptor_only_geometry	receptor_grouped_5fold	1	Gq/11	numeric__receptor_only__intracellular_cavity_core_maximum_width	0.0	0.0
receptor_only_geometry	receptor_grouped_5fold	1	Gq/11	numeric__receptor_only__intracellular_cavity_core_average_cross_section	0.0	0.0
receptor_only_geometry	receptor_grouped_5fold	1	Gq/11	numeric__receptor_only__intracellular_cavity_core_bottleneck_area	0.0	0.0
receptor_only_geometry	receptor_grouped_5fold	1	Gq/11	numeric__receptor_only__intracellular_cavity_core_bottleneck_radius	0.0	0.0
receptor_only_geometry	receptor_grouped_5fold	1	Gq/11	numeric__receptor_only__intracellular_cavity_core_max_inscribed_radius	0.0	0.0
receptor_only_geometry	receptor_grouped_5fold	1	Gq/11	numeric__receptor_only__intracellular_cavity_core_surface_area	0.0	0.0
receptor_only_geometry	receptor_grouped_5fold	1	Gq/11	numeric__receptor_only__intracellular_cavity_core_centroid_x	0.09897903616595959	0.09897903616595959
receptor_only_geometry	receptor_grouped_5fold	1	Gq/11	numeric__receptor_only__intracellular_cavity_core_centroid_y	0.0	0.0
receptor_only_geometry	receptor_grouped_5fold	1	Gq/11	numeric__receptor_only__intracellular_cavity_core_centroid_z	0.0	0.0
receptor_only_geometry	receptor_grouped_5fold	1	Gq/11	numeric__receptor_only__intracellular_cavity_core_principal_length_1	0.0	0.0
receptor_only_geometry	receptor_grouped_5fold	1	Gq/11	numeric__receptor_only__intracellular_cavity_core_principal_length_2	0.0	0.0
receptor_only_geometry	receptor_grouped_5fold	1	Gq/11	numeric__receptor_only__intracellular_cavity_core_principal_length_3	0.0	0.0
receptor_only_geometry	receptor_grouped_5fold	1	Gq/11	numeric__receptor_only__intracellular_cavity_core_principal_axis_1_z_alignment	0.0	0.0
receptor_only_geometry	receptor_grouped_5fold	1	Gq/11	numeric__receptor_only__intracellular_cavity_core_eccentricity	0.0	0.0
receptor_only_geometry	receptor_grouped_5fold	1	Gq/11	numeric__receptor_only__intracellular_cavity_core_sphericity	0.0	0.0
receptor_only_geometry	receptor_grouped_5fold	1	Gq/11	numeric__receptor_only__intracellular_cavity_core_asymmetry	0.0	0.0
receptor_only_geometry	receptor_grouped_5fold	1	Gq/11	numeric__receptor_only__intracellular_cavity_core_tm3_side_fraction	-0.03301972847716812	0.03301972847716812
receptor_only_geometry	receptor_grouped_5fold	1	Gq/11	numeric__receptor_only__intracellular_cavity_core_tm6_side_fraction	0.033019728477167984	0.033019728477167984
receptor_only_geometry	receptor_grouped_5fold	1	Gq/11	numeric__receptor_only__intracellular_cavity_core_tm5_side_fraction	0.0	0.0
receptor_only_geometry	receptor_grouped_5fold	1	Gq/11	numeric__receptor_only__intracellular_cavity_core_tm7_side_fraction	0.0	0.0
receptor_only_geometry	receptor_grouped_5fold	1	Gq/11	numeric__receptor_only__intracellular_cavity_core_wall_fraction_h8	-0.05600750135091799	0.05600750135091799
receptor_only_geometry	receptor_grouped_5fold	1	Gq/11	numeric__receptor_only__intracellular_cavity_core_wall_fraction_icl2	0.0	0.0
receptor_only_geometry	receptor_grouped_5fold	1	Gq/11	numeric__receptor_only__intracellular_cavity_core_wall_fraction_tm3	0.0	0.0
receptor_only_geometry	receptor_grouped_5fold	1	Gq/11	numeric__receptor_only__intracellular_cavity_core_wall_fraction_tm7	0.0004451908120785775	0.0004451908120785775
receptor_only_geometry	receptor_grouped_5fold	1	Gs	numeric__receptor_only__activation_consensus_score	0.0	0.0
receptor_only_geometry	receptor_grouped_5fold	1	Gs	numeric__receptor_only__tm6_r350_634_distance	0.0	0.0
receptor_only_geometry	receptor_grouped_5fold	1	Gs	numeric__receptor_only__tm6_aligned_displacement	0.07032294168472662	0.07032294168472662
receptor_only_geometry	receptor_grouped_5fold	1	Gs	numeric__receptor_only__tm7_displacement	0.0	0.0
receptor_only_geometry	receptor_grouped_5fold	1	Gs	numeric__receptor_only__tm3_tm7_distance	0.0	0.0
receptor_only_geometry	receptor_grouped_5fold	1	Gs	numeric__receptor_only__tm6_r350_630_distance	0.0	0.0
receptor_only_geometry	receptor_grouped_5fold	1	Gs	numeric__receptor_only__dry_r350_630_min_distance	0.0	0.0
receptor_only_geometry	receptor_grouped_5fold	1	Gs	numeric__receptor_only__dry_r350_630_ca_distance	0.0	0.0
receptor_only_geometry	receptor_grouped_5fold	1	Gs	numeric__receptor_only__dry_d349_r350_min_distance	0.0	0.0
receptor_only_geometry	receptor_grouped_5fold	1	Gs	numeric__receptor_only__r350_chi1	-0.11948041489353156	0.11948041489353156
receptor_only_geometry	receptor_grouped_5fold	1	Gs	numeric__receptor_only__r350_chi2	0.0	0.0
receptor_only_geometry	receptor_grouped_5fold	1	Gs	numeric__receptor_only__pif_550_340_distance	0.0	0.0
receptor_only_geometry	receptor_grouped_5fold	1	Gs	numeric__receptor_only__pif_340_644_distance	0.0	0.0
receptor_only_geometry	receptor_grouped_5fold	1	Gs	numeric__receptor_only__pif_550_644_distance	0.0	0.0
receptor_only_geometry	receptor_grouped_5fold	1	Gs	numeric__receptor_only__pif_550_340_min_distance	0.0	0.0
receptor_only_geometry	receptor_grouped_5fold	1	Gs	numeric__receptor_only__pif_340_644_min_distance	0.0	0.0
receptor_only_geometry	receptor_grouped_5fold	1	Gs	numeric__receptor_only__pif_550_644_min_distance	0.0	0.0
receptor_only_geometry	receptor_grouped_5fold	1	Gs	numeric__receptor_only__pif_triangle_perimeter	0.0	0.0
receptor_only_geometry	receptor_grouped_5fold	1	Gs	numeric__receptor_only__position_644_chi1	0.0	0.0
receptor_only_geometry	receptor_grouped_5fold	1	Gs	numeric__receptor_only__position_644_chi2	0.0	0.0
receptor_only_geometry	receptor_grouped_5fold	1	Gs	numeric__receptor_only__w648_chi1	0.0	0.0
receptor_only_geometry	receptor_grouped_5fold	1	Gs	numeric__receptor_only__w648_chi2	0.0	0.0
receptor_only_geometry	receptor_grouped_5fold	1	Gs	numeric__receptor_only__w648_displacement	0.0	0.0
receptor_only_geometry	receptor_grouped_5fold	1	Gs	numeric__receptor_only__w648_to_644_distance	0.0	0.0
receptor_only_geometry	receptor_grouped_5fold	1	Gs	numeric__receptor_only__cwxp_647_650_distance	0.0	0.0
receptor_only_geometry	receptor_grouped_5fold	1	Gs	numeric__receptor_only__y753_chi1	0.0	0.0
receptor_only_geometry	receptor_grouped_5fold	1	Gs	numeric__receptor_only__y753_chi2	0.0	0.0
receptor_only_geometry	receptor_grouped_5fold	1	Gs	numeric__receptor_only__y753_y558_distance	0.0	0.0
receptor_only_geometry	receptor_grouped_5fold	1	Gs	numeric__receptor_only__y753_y558_min_distance	0.0	0.0
receptor_only_geometry	receptor_grouped_5fold	1	Gs	numeric__receptor_only__n749_y753_distance	0.0	0.0
receptor_only_geometry	receptor_grouped_5fold	1	Gs	numeric__receptor_only__npxxy_local_spread	0.0	0.0
receptor_only_geometry	receptor_grouped_5fold	1	Gs	numeric__receptor_only__y753_displacement	0.0	0.0
receptor_only_geometry	receptor_grouped_5fold	1	Gs	numeric__receptor_only__sodium_d250_s339_distance	0.0805665641778557	0.0805665641778557
receptor_only_geometry	receptor_grouped_5fold	1	Gs	numeric__receptor_only__sodium_d250_n745_distance	0.0	0.0
receptor_only_geometry	receptor_grouped_5fold	1	Gs	numeric__receptor_only__sodium_d250_s746_distance	0.0	0.0
receptor_only_geometry	receptor_grouped_5fold	1	Gs	numeric__receptor_only__sodium_d250_n749_distance	0.06962228079013527	0.06962228079013527
receptor_only_geometry	receptor_grouped_5fold	1	Gs	numeric__receptor_only__sodium_pocket_volume	0.047231902575481016	0.047231902575481016
receptor_only_geometry	receptor_grouped_5fold	1	Gs	numeric__receptor_only__sodium_pocket_spread	0.03224208902560411	0.03224208902560411
receptor_only_geometry	receptor_grouped_5fold	1	Gs	numeric__receptor_only__tm7_rotation	0.0	0.0
receptor_only_geometry	receptor_grouped_5fold	1	Gs	numeric__receptor_only__icl2_generic_ca_count	0.0	0.0
receptor_only_geometry	receptor_grouped_5fold	1	Gs	numeric__receptor_only__icl2_end_to_end_distance	0.0	0.0
receptor_only_geometry	receptor_grouped_5fold	1	Gs	numeric__receptor_only__icl2_centroid_to_r350	0.0	0.0
receptor_only_geometry	receptor_grouped_5fold	1	Gs	numeric__receptor_only__icl2_centroid_to_tm5_561	0.0	0.0
receptor_only_geometry	receptor_grouped_5fold	1	Gs	numeric__receptor_only__icl2_centroid_to_tm6_634	0.0	0.0
receptor_only_geometry	receptor_grouped_5fold	1	Gs	numeric__receptor_only__icl2_centroid_to_tm7_753	0.0	0.0
receptor_only_geometry	receptor_grouped_5fold	1	Gs	numeric__receptor_only__icl2_axis_tm3_angle	-0.14340030209732985	0.14340030209732985
receptor_only_geometry	receptor_grouped_5fold	1	Gs	numeric__receptor_only__icl2_axis_tm5_angle	-0.09746347359366457	0.09746347359366457
receptor_only_geometry	receptor_grouped_5fold	1	Gs	numeric__receptor_only__icl2_active_reference_displacement	0.0	0.0
receptor_only_geometry	receptor_grouped_5fold	1	Gs	numeric__receptor_only__tm5_cytoplasmic_extension	0.18555650419669484	0.18555650419669484
receptor_only_geometry	receptor_grouped_5fold	1	Gs	numeric__receptor_only__tm5_cytoplasmic_kink	0.0	0.0
receptor_only_geometry	receptor_grouped_5fold	1	Gs	numeric__receptor_only__tm5_r350_561_distance	0.001899661463598807	0.001899661463598807
receptor_only_geometry	receptor_grouped_5fold	1	Gs	numeric__receptor_only__tm5_r350_564_distance	0.060672879859297486	0.060672879859297486
receptor_only_geometry	receptor_grouped_5fold	1	Gs	numeric__receptor_only__tm5_tm6_cavity_distance	0.0	0.0
receptor_only_geometry	receptor_grouped_5fold	1	Gs	numeric__receptor_only__tm5_axis_tm3_angle	0.0	0.0
receptor_only_geometry	receptor_grouped_5fold	1	Gs	numeric__receptor_only__tm6_lower_upper_kink	0.13693940052350254	0.13693940052350254
receptor_only_geometry	receptor_grouped_5fold	1	Gs	numeric__receptor_only__tm6_axis_tm3_angle	0.0	0.0
receptor_only_geometry	receptor_grouped_5fold	1	Gs	numeric__receptor_only__tm6_tm7_cavity_distance	0.0	0.0
receptor_only_geometry	receptor_grouped_5fold	1	Gs	numeric__receptor_only__tm7_h8_angle	0.0	0.0
receptor_only_geometry	receptor_grouped_5fold	1	Gs	numeric__receptor_only__h8_end_to_end_distance	0.0	0.0
receptor_only_geometry	receptor_grouped_5fold	1	Gs	numeric__receptor_only__h8_r350_distance	0.0	0.0
receptor_only_geometry	receptor_grouped_5fold	1	Gs	numeric__receptor_only__h8_tm6_distance	0.0	0.0
receptor_only_geometry	receptor_grouped_5fold	1	Gs	numeric__receptor_only__icl2_helix_fraction	0.0	0.0
receptor_only_geometry	receptor_grouped_5fold	1	Gs	numeric__receptor_only__icl2_longest_helix	0.0	0.0
receptor_only_geometry	receptor_grouped_5fold	1	Gs	numeric__receptor_only__icl2_mean_phi	0.0	0.0
receptor_only_geometry	receptor_grouped_5fold	1	Gs	numeric__receptor_only__icl2_mean_psi	0.0	0.0
receptor_only_geometry	receptor_grouped_5fold	1	Gs	numeric__receptor_only__intracellular_cavity_core_volume	0.0	0.0
receptor_only_geometry	receptor_grouped_5fold	1	Gs	numeric__receptor_only__intracellular_cavity_core_mouth_area	0.0	0.0
receptor_only_geometry	receptor_grouped_5fold	1	Gs	numeric__receptor_only__intracellular_cavity_core_depth	-0.04432935626029998	0.04432935626029998
receptor_only_geometry	receptor_grouped_5fold	1	Gs	numeric__receptor_only__intracellular_cavity_core_maximum_width	0.0	0.0
receptor_only_geometry	receptor_grouped_5fold	1	Gs	numeric__receptor_only__intracellular_cavity_core_average_cross_section	0.0	0.0
receptor_only_geometry	receptor_grouped_5fold	1	Gs	numeric__receptor_only__intracellular_cavity_core_bottleneck_area	0.0	0.0
receptor_only_geometry	receptor_grouped_5fold	1	Gs	numeric__receptor_only__intracellular_cavity_core_bottleneck_radius	0.0	0.0
receptor_only_geometry	receptor_grouped_5fold	1	Gs	numeric__receptor_only__intracellular_cavity_core_max_inscribed_radius	0.0	0.0
receptor_only_geometry	receptor_grouped_5fold	1	Gs	numeric__receptor_only__intracellular_cavity_core_surface_area	0.0	0.0
receptor_only_geometry	receptor_grouped_5fold	1	Gs	numeric__receptor_only__intracellular_cavity_core_centroid_x	-0.035185117421398425	0.035185117421398425
receptor_only_geometry	receptor_grouped_5fold	1	Gs	numeric__receptor_only__intracellular_cavity_core_centroid_y	-0.05456716737361484	0.05456716737361484
receptor_only_geometry	receptor_grouped_5fold	1	Gs	numeric__receptor_only__intracellular_cavity_core_centroid_z	0.02640495485665385	0.02640495485665385
receptor_only_geometry	receptor_grouped_5fold	1	Gs	numeric__receptor_only__intracellular_cavity_core_principal_length_1	-0.05125631580601914	0.05125631580601914
receptor_only_geometry	receptor_grouped_5fold	1	Gs	numeric__receptor_only__intracellular_cavity_core_principal_length_2	0.0	0.0
receptor_only_geometry	receptor_grouped_5fold	1	Gs	numeric__receptor_only__intracellular_cavity_core_principal_length_3	0.0	0.0
receptor_only_geometry	receptor_grouped_5fold	1	Gs	numeric__receptor_only__intracellular_cavity_core_principal_axis_1_z_alignment	-0.0022621274948456793	0.0022621274948456793
receptor_only_geometry	receptor_grouped_5fold	1	Gs	numeric__receptor_only__intracellular_cavity_core_eccentricity	0.0	0.0
receptor_only_geometry	receptor_grouped_5fold	1	Gs	numeric__receptor_only__intracellular_cavity_core_sphericity	0.0	0.0
receptor_only_geometry	receptor_grouped_5fold	1	Gs	numeric__receptor_only__intracellular_cavity_core_asymmetry	0.0	0.0
receptor_only_geometry	receptor_grouped_5fold	1	Gs	numeric__receptor_only__intracellular_cavity_core_tm3_side_fraction	0.0	0.0
receptor_only_geometry	receptor_grouped_5fold	1	Gs	numeric__receptor_only__intracellular_cavity_core_tm6_side_fraction	0.0	0.0
receptor_only_geometry	receptor_grouped_5fold	1	Gs	numeric__receptor_only__intracellular_cavity_core_tm5_side_fraction	0.0	0.0
receptor_only_geometry	receptor_grouped_5fold	1	Gs	numeric__receptor_only__intracellular_cavity_core_tm7_side_fraction	0.0	0.0
receptor_only_geometry	receptor_grouped_5fold	1	Gs	numeric__receptor_only__intracellular_cavity_core_wall_fraction_h8	0.0	0.0
receptor_only_geometry	receptor_grouped_5fold	1	Gs	numeric__receptor_only__intracellular_cavity_core_wall_fraction_icl2	0.0	0.0
receptor_only_geometry	receptor_grouped_5fold	1	Gs	numeric__receptor_only__intracellular_cavity_core_wall_fraction_tm3	0.0	0.0
receptor_only_geometry	receptor_grouped_5fold	1	Gs	numeric__receptor_only__intracellular_cavity_core_wall_fraction_tm7	0.0	0.0
receptor_only_geometry	receptor_grouped_5fold	2	Gi/o	numeric__receptor_only__activation_consensus_score	0.0	0.0
receptor_only_geometry	receptor_grouped_5fold	2	Gi/o	numeric__receptor_only__tm6_r350_634_distance	0.0	0.0
receptor_only_geometry	receptor_grouped_5fold	2	Gi/o	numeric__receptor_only__tm6_aligned_displacement	0.0	0.0
receptor_only_geometry	receptor_grouped_5fold	2	Gi/o	numeric__receptor_only__tm7_displacement	0.0	0.0
receptor_only_geometry	receptor_grouped_5fold	2	Gi/o	numeric__receptor_only__tm3_tm7_distance	0.0	0.0
receptor_only_geometry	receptor_grouped_5fold	2	Gi/o	numeric__receptor_only__tm6_r350_630_distance	0.0	0.0
receptor_only_geometry	receptor_grouped_5fold	2	Gi/o	numeric__receptor_only__dry_r350_630_min_distance	0.0	0.0
receptor_only_geometry	receptor_grouped_5fold	2	Gi/o	numeric__receptor_only__dry_r350_630_ca_distance	0.0	0.0
receptor_only_geometry	receptor_grouped_5fold	2	Gi/o	numeric__receptor_only__dry_d349_r350_min_distance	0.0	0.0
receptor_only_geometry	receptor_grouped_5fold	2	Gi/o	numeric__receptor_only__r350_chi1	0.0	0.0
receptor_only_geometry	receptor_grouped_5fold	2	Gi/o	numeric__receptor_only__r350_chi2	0.0	0.0
receptor_only_geometry	receptor_grouped_5fold	2	Gi/o	numeric__receptor_only__pif_550_340_distance	0.0	0.0
receptor_only_geometry	receptor_grouped_5fold	2	Gi/o	numeric__receptor_only__pif_340_644_distance	0.0	0.0
receptor_only_geometry	receptor_grouped_5fold	2	Gi/o	numeric__receptor_only__pif_550_644_distance	0.0	0.0
receptor_only_geometry	receptor_grouped_5fold	2	Gi/o	numeric__receptor_only__pif_550_340_min_distance	0.0	0.0
receptor_only_geometry	receptor_grouped_5fold	2	Gi/o	numeric__receptor_only__pif_340_644_min_distance	0.0	0.0
receptor_only_geometry	receptor_grouped_5fold	2	Gi/o	numeric__receptor_only__pif_550_644_min_distance	0.0	0.0
receptor_only_geometry	receptor_grouped_5fold	2	Gi/o	numeric__receptor_only__pif_triangle_perimeter	0.0	0.0
receptor_only_geometry	receptor_grouped_5fold	2	Gi/o	numeric__receptor_only__position_644_chi1	0.0	0.0
receptor_only_geometry	receptor_grouped_5fold	2	Gi/o	numeric__receptor_only__position_644_chi2	0.0	0.0
receptor_only_geometry	receptor_grouped_5fold	2	Gi/o	numeric__receptor_only__w648_chi1	0.0	0.0
receptor_only_geometry	receptor_grouped_5fold	2	Gi/o	numeric__receptor_only__w648_chi2	0.0	0.0
receptor_only_geometry	receptor_grouped_5fold	2	Gi/o	numeric__receptor_only__w648_displacement	0.0	0.0
receptor_only_geometry	receptor_grouped_5fold	2	Gi/o	numeric__receptor_only__w648_to_644_distance	0.0	0.0
receptor_only_geometry	receptor_grouped_5fold	2	Gi/o	numeric__receptor_only__cwxp_647_650_distance	0.0	0.0
receptor_only_geometry	receptor_grouped_5fold	2	Gi/o	numeric__receptor_only__y753_chi1	0.0	0.0
receptor_only_geometry	receptor_grouped_5fold	2	Gi/o	numeric__receptor_only__y753_chi2	0.0	0.0
receptor_only_geometry	receptor_grouped_5fold	2	Gi/o	numeric__receptor_only__y753_y558_distance	0.0	0.0
receptor_only_geometry	receptor_grouped_5fold	2	Gi/o	numeric__receptor_only__y753_y558_min_distance	0.0	0.0
receptor_only_geometry	receptor_grouped_5fold	2	Gi/o	numeric__receptor_only__n749_y753_distance	0.0	0.0
receptor_only_geometry	receptor_grouped_5fold	2	Gi/o	numeric__receptor_only__npxxy_local_spread	0.0	0.0
receptor_only_geometry	receptor_grouped_5fold	2	Gi/o	numeric__receptor_only__y753_displacement	0.0	0.0
receptor_only_geometry	receptor_grouped_5fold	2	Gi/o	numeric__receptor_only__sodium_d250_s339_distance	0.0	0.0
receptor_only_geometry	receptor_grouped_5fold	2	Gi/o	numeric__receptor_only__sodium_d250_n745_distance	0.0	0.0
receptor_only_geometry	receptor_grouped_5fold	2	Gi/o	numeric__receptor_only__sodium_d250_s746_distance	0.0	0.0
receptor_only_geometry	receptor_grouped_5fold	2	Gi/o	numeric__receptor_only__sodium_d250_n749_distance	0.0	0.0
receptor_only_geometry	receptor_grouped_5fold	2	Gi/o	numeric__receptor_only__sodium_pocket_volume	0.0	0.0
receptor_only_geometry	receptor_grouped_5fold	2	Gi/o	numeric__receptor_only__sodium_pocket_spread	0.0	0.0
receptor_only_geometry	receptor_grouped_5fold	2	Gi/o	numeric__receptor_only__tm7_rotation	0.0	0.0
receptor_only_geometry	receptor_grouped_5fold	2	Gi/o	numeric__receptor_only__icl2_generic_ca_count	0.0	0.0
receptor_only_geometry	receptor_grouped_5fold	2	Gi/o	numeric__receptor_only__icl2_end_to_end_distance	0.0	0.0
receptor_only_geometry	receptor_grouped_5fold	2	Gi/o	numeric__receptor_only__icl2_centroid_to_r350	0.0	0.0
receptor_only_geometry	receptor_grouped_5fold	2	Gi/o	numeric__receptor_only__icl2_centroid_to_tm5_561	0.0	0.0
receptor_only_geometry	receptor_grouped_5fold	2	Gi/o	numeric__receptor_only__icl2_centroid_to_tm6_634	0.0	0.0
receptor_only_geometry	receptor_grouped_5fold	2	Gi/o	numeric__receptor_only__icl2_centroid_to_tm7_753	0.0	0.0
receptor_only_geometry	receptor_grouped_5fold	2	Gi/o	numeric__receptor_only__icl2_axis_tm3_angle	0.0	0.0
receptor_only_geometry	receptor_grouped_5fold	2	Gi/o	numeric__receptor_only__icl2_axis_tm5_angle	0.0	0.0
receptor_only_geometry	receptor_grouped_5fold	2	Gi/o	numeric__receptor_only__icl2_active_reference_displacement	0.0	0.0
receptor_only_geometry	receptor_grouped_5fold	2	Gi/o	numeric__receptor_only__tm5_cytoplasmic_extension	0.0	0.0
receptor_only_geometry	receptor_grouped_5fold	2	Gi/o	numeric__receptor_only__tm5_cytoplasmic_kink	0.0	0.0
receptor_only_geometry	receptor_grouped_5fold	2	Gi/o	numeric__receptor_only__tm5_r350_561_distance	0.0	0.0
receptor_only_geometry	receptor_grouped_5fold	2	Gi/o	numeric__receptor_only__tm5_r350_564_distance	0.0	0.0
receptor_only_geometry	receptor_grouped_5fold	2	Gi/o	numeric__receptor_only__tm5_tm6_cavity_distance	0.0	0.0
receptor_only_geometry	receptor_grouped_5fold	2	Gi/o	numeric__receptor_only__tm5_axis_tm3_angle	0.0	0.0
receptor_only_geometry	receptor_grouped_5fold	2	Gi/o	numeric__receptor_only__tm6_lower_upper_kink	0.0	0.0
receptor_only_geometry	receptor_grouped_5fold	2	Gi/o	numeric__receptor_only__tm6_axis_tm3_angle	0.0	0.0
receptor_only_geometry	receptor_grouped_5fold	2	Gi/o	numeric__receptor_only__tm6_tm7_cavity_distance	0.0	0.0
receptor_only_geometry	receptor_grouped_5fold	2	Gi/o	numeric__receptor_only__tm7_h8_angle	0.0	0.0
receptor_only_geometry	receptor_grouped_5fold	2	Gi/o	numeric__receptor_only__h8_end_to_end_distance	0.0	0.0
receptor_only_geometry	receptor_grouped_5fold	2	Gi/o	numeric__receptor_only__h8_r350_distance	0.0	0.0
receptor_only_geometry	receptor_grouped_5fold	2	Gi/o	numeric__receptor_only__h8_tm6_distance	-0.012239552544854202	0.012239552544854202
receptor_only_geometry	receptor_grouped_5fold	2	Gi/o	numeric__receptor_only__icl2_helix_fraction	0.0	0.0
receptor_only_geometry	receptor_grouped_5fold	2	Gi/o	numeric__receptor_only__icl2_longest_helix	0.0	0.0
receptor_only_geometry	receptor_grouped_5fold	2	Gi/o	numeric__receptor_only__icl2_mean_phi	0.0	0.0
receptor_only_geometry	receptor_grouped_5fold	2	Gi/o	numeric__receptor_only__icl2_mean_psi	0.0	0.0
receptor_only_geometry	receptor_grouped_5fold	2	Gi/o	numeric__receptor_only__intracellular_cavity_core_volume	0.0	0.0
receptor_only_geometry	receptor_grouped_5fold	2	Gi/o	numeric__receptor_only__intracellular_cavity_core_mouth_area	0.0	0.0
receptor_only_geometry	receptor_grouped_5fold	2	Gi/o	numeric__receptor_only__intracellular_cavity_core_depth	0.0	0.0
receptor_only_geometry	receptor_grouped_5fold	2	Gi/o	numeric__receptor_only__intracellular_cavity_core_maximum_width	0.0	0.0
receptor_only_geometry	receptor_grouped_5fold	2	Gi/o	numeric__receptor_only__intracellular_cavity_core_average_cross_section	0.0	0.0
receptor_only_geometry	receptor_grouped_5fold	2	Gi/o	numeric__receptor_only__intracellular_cavity_core_bottleneck_area	0.0	0.0
receptor_only_geometry	receptor_grouped_5fold	2	Gi/o	numeric__receptor_only__intracellular_cavity_core_bottleneck_radius	0.0	0.0
receptor_only_geometry	receptor_grouped_5fold	2	Gi/o	numeric__receptor_only__intracellular_cavity_core_max_inscribed_radius	0.0	0.0
receptor_only_geometry	receptor_grouped_5fold	2	Gi/o	numeric__receptor_only__intracellular_cavity_core_surface_area	0.0	0.0
receptor_only_geometry	receptor_grouped_5fold	2	Gi/o	numeric__receptor_only__intracellular_cavity_core_centroid_x	0.0	0.0
receptor_only_geometry	receptor_grouped_5fold	2	Gi/o	numeric__receptor_only__intracellular_cavity_core_centroid_y	0.0	0.0
receptor_only_geometry	receptor_grouped_5fold	2	Gi/o	numeric__receptor_only__intracellular_cavity_core_centroid_z	0.0	0.0
receptor_only_geometry	receptor_grouped_5fold	2	Gi/o	numeric__receptor_only__intracellular_cavity_core_principal_length_1	0.0	0.0
receptor_only_geometry	receptor_grouped_5fold	2	Gi/o	numeric__receptor_only__intracellular_cavity_core_principal_length_2	0.0	0.0
receptor_only_geometry	receptor_grouped_5fold	2	Gi/o	numeric__receptor_only__intracellular_cavity_core_principal_length_3	0.0	0.0
receptor_only_geometry	receptor_grouped_5fold	2	Gi/o	numeric__receptor_only__intracellular_cavity_core_principal_axis_1_z_alignment	0.0	0.0
receptor_only_geometry	receptor_grouped_5fold	2	Gi/o	numeric__receptor_only__intracellular_cavity_core_eccentricity	0.0	0.0
receptor_only_geometry	receptor_grouped_5fold	2	Gi/o	numeric__receptor_only__intracellular_cavity_core_sphericity	0.0	0.0
receptor_only_geometry	receptor_grouped_5fold	2	Gi/o	numeric__receptor_only__intracellular_cavity_core_asymmetry	0.0	0.0
receptor_only_geometry	receptor_grouped_5fold	2	Gi/o	numeric__receptor_only__intracellular_cavity_core_tm3_side_fraction	0.0	0.0
receptor_only_geometry	receptor_grouped_5fold	2	Gi/o	numeric__receptor_only__intracellular_cavity_core_tm6_side_fraction	0.0	0.0
receptor_only_geometry	receptor_grouped_5fold	2	Gi/o	numeric__receptor_only__intracellular_cavity_core_tm5_side_fraction	0.0	0.0
receptor_only_geometry	receptor_grouped_5fold	2	Gi/o	numeric__receptor_only__intracellular_cavity_core_tm7_side_fraction	0.0	0.0
receptor_only_geometry	receptor_grouped_5fold	2	Gi/o	numeric__receptor_only__intracellular_cavity_core_wall_fraction_h8	0.0	0.0
receptor_only_geometry	receptor_grouped_5fold	2	Gi/o	numeric__receptor_only__intracellular_cavity_core_wall_fraction_icl2	0.0	0.0
receptor_only_geometry	receptor_grouped_5fold	2	Gi/o	numeric__receptor_only__intracellular_cavity_core_wall_fraction_tm3	0.0	0.0
receptor_only_geometry	receptor_grouped_5fold	2	Gi/o	numeric__receptor_only__intracellular_cavity_core_wall_fraction_tm7	0.0	0.0
receptor_only_geometry	receptor_grouped_5fold	2	Gq/11	numeric__receptor_only__activation_consensus_score	0.0	0.0
receptor_only_geometry	receptor_grouped_5fold	2	Gq/11	numeric__receptor_only__tm6_r350_634_distance	0.0	0.0
receptor_only_geometry	receptor_grouped_5fold	2	Gq/11	numeric__receptor_only__tm6_aligned_displacement	0.0	0.0
receptor_only_geometry	receptor_grouped_5fold	2	Gq/11	numeric__receptor_only__tm7_displacement	0.0	0.0
receptor_only_geometry	receptor_grouped_5fold	2	Gq/11	numeric__receptor_only__tm3_tm7_distance	0.0	0.0
receptor_only_geometry	receptor_grouped_5fold	2	Gq/11	numeric__receptor_only__tm6_r350_630_distance	0.0	0.0
receptor_only_geometry	receptor_grouped_5fold	2	Gq/11	numeric__receptor_only__dry_r350_630_min_distance	0.0	0.0
receptor_only_geometry	receptor_grouped_5fold	2	Gq/11	numeric__receptor_only__dry_r350_630_ca_distance	0.0	0.0
receptor_only_geometry	receptor_grouped_5fold	2	Gq/11	numeric__receptor_only__dry_d349_r350_min_distance	0.0	0.0
receptor_only_geometry	receptor_grouped_5fold	2	Gq/11	numeric__receptor_only__r350_chi1	0.0	0.0
receptor_only_geometry	receptor_grouped_5fold	2	Gq/11	numeric__receptor_only__r350_chi2	0.0	0.0
receptor_only_geometry	receptor_grouped_5fold	2	Gq/11	numeric__receptor_only__pif_550_340_distance	0.0	0.0
receptor_only_geometry	receptor_grouped_5fold	2	Gq/11	numeric__receptor_only__pif_340_644_distance	0.0	0.0
receptor_only_geometry	receptor_grouped_5fold	2	Gq/11	numeric__receptor_only__pif_550_644_distance	0.0	0.0
receptor_only_geometry	receptor_grouped_5fold	2	Gq/11	numeric__receptor_only__pif_550_340_min_distance	0.0	0.0
receptor_only_geometry	receptor_grouped_5fold	2	Gq/11	numeric__receptor_only__pif_340_644_min_distance	0.0	0.0
receptor_only_geometry	receptor_grouped_5fold	2	Gq/11	numeric__receptor_only__pif_550_644_min_distance	0.0	0.0
receptor_only_geometry	receptor_grouped_5fold	2	Gq/11	numeric__receptor_only__pif_triangle_perimeter	0.0	0.0
receptor_only_geometry	receptor_grouped_5fold	2	Gq/11	numeric__receptor_only__position_644_chi1	0.0	0.0
receptor_only_geometry	receptor_grouped_5fold	2	Gq/11	numeric__receptor_only__position_644_chi2	0.0	0.0
receptor_only_geometry	receptor_grouped_5fold	2	Gq/11	numeric__receptor_only__w648_chi1	0.0	0.0
receptor_only_geometry	receptor_grouped_5fold	2	Gq/11	numeric__receptor_only__w648_chi2	0.0	0.0
receptor_only_geometry	receptor_grouped_5fold	2	Gq/11	numeric__receptor_only__w648_displacement	0.0	0.0
receptor_only_geometry	receptor_grouped_5fold	2	Gq/11	numeric__receptor_only__w648_to_644_distance	0.0	0.0
receptor_only_geometry	receptor_grouped_5fold	2	Gq/11	numeric__receptor_only__cwxp_647_650_distance	0.0	0.0
receptor_only_geometry	receptor_grouped_5fold	2	Gq/11	numeric__receptor_only__y753_chi1	0.0	0.0
receptor_only_geometry	receptor_grouped_5fold	2	Gq/11	numeric__receptor_only__y753_chi2	0.0	0.0
receptor_only_geometry	receptor_grouped_5fold	2	Gq/11	numeric__receptor_only__y753_y558_distance	0.0	0.0
receptor_only_geometry	receptor_grouped_5fold	2	Gq/11	numeric__receptor_only__y753_y558_min_distance	0.0	0.0
receptor_only_geometry	receptor_grouped_5fold	2	Gq/11	numeric__receptor_only__n749_y753_distance	0.0	0.0
receptor_only_geometry	receptor_grouped_5fold	2	Gq/11	numeric__receptor_only__npxxy_local_spread	0.0	0.0
receptor_only_geometry	receptor_grouped_5fold	2	Gq/11	numeric__receptor_only__y753_displacement	0.0	0.0
receptor_only_geometry	receptor_grouped_5fold	2	Gq/11	numeric__receptor_only__sodium_d250_s339_distance	0.0	0.0
receptor_only_geometry	receptor_grouped_5fold	2	Gq/11	numeric__receptor_only__sodium_d250_n745_distance	0.0	0.0
receptor_only_geometry	receptor_grouped_5fold	2	Gq/11	numeric__receptor_only__sodium_d250_s746_distance	0.0	0.0
receptor_only_geometry	receptor_grouped_5fold	2	Gq/11	numeric__receptor_only__sodium_d250_n749_distance	0.0	0.0
receptor_only_geometry	receptor_grouped_5fold	2	Gq/11	numeric__receptor_only__sodium_pocket_volume	0.0	0.0
receptor_only_geometry	receptor_grouped_5fold	2	Gq/11	numeric__receptor_only__sodium_pocket_spread	0.0	0.0
receptor_only_geometry	receptor_grouped_5fold	2	Gq/11	numeric__receptor_only__tm7_rotation	0.0	0.0
receptor_only_geometry	receptor_grouped_5fold	2	Gq/11	numeric__receptor_only__icl2_generic_ca_count	0.0	0.0
receptor_only_geometry	receptor_grouped_5fold	2	Gq/11	numeric__receptor_only__icl2_end_to_end_distance	0.0	0.0
receptor_only_geometry	receptor_grouped_5fold	2	Gq/11	numeric__receptor_only__icl2_centroid_to_r350	0.0	0.0
receptor_only_geometry	receptor_grouped_5fold	2	Gq/11	numeric__receptor_only__icl2_centroid_to_tm5_561	0.0	0.0
receptor_only_geometry	receptor_grouped_5fold	2	Gq/11	numeric__receptor_only__icl2_centroid_to_tm6_634	0.0	0.0
receptor_only_geometry	receptor_grouped_5fold	2	Gq/11	numeric__receptor_only__icl2_centroid_to_tm7_753	0.0	0.0
receptor_only_geometry	receptor_grouped_5fold	2	Gq/11	numeric__receptor_only__icl2_axis_tm3_angle	0.0	0.0
receptor_only_geometry	receptor_grouped_5fold	2	Gq/11	numeric__receptor_only__icl2_axis_tm5_angle	0.0	0.0
receptor_only_geometry	receptor_grouped_5fold	2	Gq/11	numeric__receptor_only__icl2_active_reference_displacement	0.0	0.0
receptor_only_geometry	receptor_grouped_5fold	2	Gq/11	numeric__receptor_only__tm5_cytoplasmic_extension	0.0	0.0
receptor_only_geometry	receptor_grouped_5fold	2	Gq/11	numeric__receptor_only__tm5_cytoplasmic_kink	0.0	0.0
receptor_only_geometry	receptor_grouped_5fold	2	Gq/11	numeric__receptor_only__tm5_r350_561_distance	0.0	0.0
receptor_only_geometry	receptor_grouped_5fold	2	Gq/11	numeric__receptor_only__tm5_r350_564_distance	0.0	0.0
receptor_only_geometry	receptor_grouped_5fold	2	Gq/11	numeric__receptor_only__tm5_tm6_cavity_distance	0.0	0.0
receptor_only_geometry	receptor_grouped_5fold	2	Gq/11	numeric__receptor_only__tm5_axis_tm3_angle	0.0	0.0
receptor_only_geometry	receptor_grouped_5fold	2	Gq/11	numeric__receptor_only__tm6_lower_upper_kink	0.0	0.0
receptor_only_geometry	receptor_grouped_5fold	2	Gq/11	numeric__receptor_only__tm6_axis_tm3_angle	0.0	0.0
receptor_only_geometry	receptor_grouped_5fold	2	Gq/11	numeric__receptor_only__tm6_tm7_cavity_distance	0.0	0.0
receptor_only_geometry	receptor_grouped_5fold	2	Gq/11	numeric__receptor_only__tm7_h8_angle	0.0	0.0
receptor_only_geometry	receptor_grouped_5fold	2	Gq/11	numeric__receptor_only__h8_end_to_end_distance	0.0	0.0
receptor_only_geometry	receptor_grouped_5fold	2	Gq/11	numeric__receptor_only__h8_r350_distance	0.0	0.0
receptor_only_geometry	receptor_grouped_5fold	2	Gq/11	numeric__receptor_only__h8_tm6_distance	0.0	0.0
receptor_only_geometry	receptor_grouped_5fold	2	Gq/11	numeric__receptor_only__icl2_helix_fraction	0.0	0.0
receptor_only_geometry	receptor_grouped_5fold	2	Gq/11	numeric__receptor_only__icl2_longest_helix	0.0	0.0
receptor_only_geometry	receptor_grouped_5fold	2	Gq/11	numeric__receptor_only__icl2_mean_phi	0.0	0.0
receptor_only_geometry	receptor_grouped_5fold	2	Gq/11	numeric__receptor_only__icl2_mean_psi	0.0	0.0
receptor_only_geometry	receptor_grouped_5fold	2	Gq/11	numeric__receptor_only__intracellular_cavity_core_volume	0.0	0.0
receptor_only_geometry	receptor_grouped_5fold	2	Gq/11	numeric__receptor_only__intracellular_cavity_core_mouth_area	0.0	0.0
receptor_only_geometry	receptor_grouped_5fold	2	Gq/11	numeric__receptor_only__intracellular_cavity_core_depth	0.0	0.0
receptor_only_geometry	receptor_grouped_5fold	2	Gq/11	numeric__receptor_only__intracellular_cavity_core_maximum_width	0.0	0.0
receptor_only_geometry	receptor_grouped_5fold	2	Gq/11	numeric__receptor_only__intracellular_cavity_core_average_cross_section	0.0	0.0
receptor_only_geometry	receptor_grouped_5fold	2	Gq/11	numeric__receptor_only__intracellular_cavity_core_bottleneck_area	0.0	0.0
receptor_only_geometry	receptor_grouped_5fold	2	Gq/11	numeric__receptor_only__intracellular_cavity_core_bottleneck_radius	0.0	0.0
receptor_only_geometry	receptor_grouped_5fold	2	Gq/11	numeric__receptor_only__intracellular_cavity_core_max_inscribed_radius	0.0	0.0
receptor_only_geometry	receptor_grouped_5fold	2	Gq/11	numeric__receptor_only__intracellular_cavity_core_surface_area	0.0	0.0
receptor_only_geometry	receptor_grouped_5fold	2	Gq/11	numeric__receptor_only__intracellular_cavity_core_centroid_x	0.0	0.0
receptor_only_geometry	receptor_grouped_5fold	2	Gq/11	numeric__receptor_only__intracellular_cavity_core_centroid_y	0.0	0.0
receptor_only_geometry	receptor_grouped_5fold	2	Gq/11	numeric__receptor_only__intracellular_cavity_core_centroid_z	0.0	0.0
receptor_only_geometry	receptor_grouped_5fold	2	Gq/11	numeric__receptor_only__intracellular_cavity_core_principal_length_1	0.0	0.0
receptor_only_geometry	receptor_grouped_5fold	2	Gq/11	numeric__receptor_only__intracellular_cavity_core_principal_length_2	0.0	0.0
receptor_only_geometry	receptor_grouped_5fold	2	Gq/11	numeric__receptor_only__intracellular_cavity_core_principal_length_3	0.0	0.0
receptor_only_geometry	receptor_grouped_5fold	2	Gq/11	numeric__receptor_only__intracellular_cavity_core_principal_axis_1_z_alignment	0.0	0.0
receptor_only_geometry	receptor_grouped_5fold	2	Gq/11	numeric__receptor_only__intracellular_cavity_core_eccentricity	0.0	0.0
receptor_only_geometry	receptor_grouped_5fold	2	Gq/11	numeric__receptor_only__intracellular_cavity_core_sphericity	0.0	0.0
receptor_only_geometry	receptor_grouped_5fold	2	Gq/11	numeric__receptor_only__intracellular_cavity_core_asymmetry	0.0	0.0
receptor_only_geometry	receptor_grouped_5fold	2	Gq/11	numeric__receptor_only__intracellular_cavity_core_tm3_side_fraction	0.0	0.0
receptor_only_geometry	receptor_grouped_5fold	2	Gq/11	numeric__receptor_only__intracellular_cavity_core_tm6_side_fraction	0.0	0.0
receptor_only_geometry	receptor_grouped_5fold	2	Gq/11	numeric__receptor_only__intracellular_cavity_core_tm5_side_fraction	0.0	0.0
receptor_only_geometry	receptor_grouped_5fold	2	Gq/11	numeric__receptor_only__intracellular_cavity_core_tm7_side_fraction	0.0	0.0
receptor_only_geometry	receptor_grouped_5fold	2	Gq/11	numeric__receptor_only__intracellular_cavity_core_wall_fraction_h8	0.0	0.0
receptor_only_geometry	receptor_grouped_5fold	2	Gq/11	numeric__receptor_only__intracellular_cavity_core_wall_fraction_icl2	0.0	0.0
receptor_only_geometry	receptor_grouped_5fold	2	Gq/11	numeric__receptor_only__intracellular_cavity_core_wall_fraction_tm3	0.0	0.0
receptor_only_geometry	receptor_grouped_5fold	2	Gq/11	numeric__receptor_only__intracellular_cavity_core_wall_fraction_tm7	0.0	0.0
receptor_only_geometry	receptor_grouped_5fold	2	Gs	numeric__receptor_only__activation_consensus_score	0.0	0.0
receptor_only_geometry	receptor_grouped_5fold	2	Gs	numeric__receptor_only__tm6_r350_634_distance	0.0	0.0
receptor_only_geometry	receptor_grouped_5fold	2	Gs	numeric__receptor_only__tm6_aligned_displacement	0.0	0.0
receptor_only_geometry	receptor_grouped_5fold	2	Gs	numeric__receptor_only__tm7_displacement	0.0	0.0
receptor_only_geometry	receptor_grouped_5fold	2	Gs	numeric__receptor_only__tm3_tm7_distance	0.0	0.0
receptor_only_geometry	receptor_grouped_5fold	2	Gs	numeric__receptor_only__tm6_r350_630_distance	0.0	0.0
receptor_only_geometry	receptor_grouped_5fold	2	Gs	numeric__receptor_only__dry_r350_630_min_distance	0.0	0.0
receptor_only_geometry	receptor_grouped_5fold	2	Gs	numeric__receptor_only__dry_r350_630_ca_distance	0.0	0.0
receptor_only_geometry	receptor_grouped_5fold	2	Gs	numeric__receptor_only__dry_d349_r350_min_distance	0.0	0.0
receptor_only_geometry	receptor_grouped_5fold	2	Gs	numeric__receptor_only__r350_chi1	0.0	0.0
receptor_only_geometry	receptor_grouped_5fold	2	Gs	numeric__receptor_only__r350_chi2	0.0	0.0
receptor_only_geometry	receptor_grouped_5fold	2	Gs	numeric__receptor_only__pif_550_340_distance	0.0	0.0
receptor_only_geometry	receptor_grouped_5fold	2	Gs	numeric__receptor_only__pif_340_644_distance	0.0	0.0
receptor_only_geometry	receptor_grouped_5fold	2	Gs	numeric__receptor_only__pif_550_644_distance	0.0	0.0
receptor_only_geometry	receptor_grouped_5fold	2	Gs	numeric__receptor_only__pif_550_340_min_distance	0.0	0.0
receptor_only_geometry	receptor_grouped_5fold	2	Gs	numeric__receptor_only__pif_340_644_min_distance	0.0	0.0
receptor_only_geometry	receptor_grouped_5fold	2	Gs	numeric__receptor_only__pif_550_644_min_distance	0.0	0.0
receptor_only_geometry	receptor_grouped_5fold	2	Gs	numeric__receptor_only__pif_triangle_perimeter	0.0	0.0
receptor_only_geometry	receptor_grouped_5fold	2	Gs	numeric__receptor_only__position_644_chi1	0.0	0.0
receptor_only_geometry	receptor_grouped_5fold	2	Gs	numeric__receptor_only__position_644_chi2	0.0	0.0
receptor_only_geometry	receptor_grouped_5fold	2	Gs	numeric__receptor_only__w648_chi1	0.0	0.0
receptor_only_geometry	receptor_grouped_5fold	2	Gs	numeric__receptor_only__w648_chi2	0.0	0.0
receptor_only_geometry	receptor_grouped_5fold	2	Gs	numeric__receptor_only__w648_displacement	0.0	0.0
receptor_only_geometry	receptor_grouped_5fold	2	Gs	numeric__receptor_only__w648_to_644_distance	0.0	0.0
receptor_only_geometry	receptor_grouped_5fold	2	Gs	numeric__receptor_only__cwxp_647_650_distance	0.0	0.0
receptor_only_geometry	receptor_grouped_5fold	2	Gs	numeric__receptor_only__y753_chi1	0.0	0.0
receptor_only_geometry	receptor_grouped_5fold	2	Gs	numeric__receptor_only__y753_chi2	0.0	0.0
receptor_only_geometry	receptor_grouped_5fold	2	Gs	numeric__receptor_only__y753_y558_distance	0.0	0.0
receptor_only_geometry	receptor_grouped_5fold	2	Gs	numeric__receptor_only__y753_y558_min_distance	0.0	0.0
receptor_only_geometry	receptor_grouped_5fold	2	Gs	numeric__receptor_only__n749_y753_distance	0.0	0.0
receptor_only_geometry	receptor_grouped_5fold	2	Gs	numeric__receptor_only__npxxy_local_spread	0.0	0.0
receptor_only_geometry	receptor_grouped_5fold	2	Gs	numeric__receptor_only__y753_displacement	0.0	0.0
receptor_only_geometry	receptor_grouped_5fold	2	Gs	numeric__receptor_only__sodium_d250_s339_distance	0.0	0.0
receptor_only_geometry	receptor_grouped_5fold	2	Gs	numeric__receptor_only__sodium_d250_n745_distance	0.06025699466259396	0.06025699466259396
receptor_only_geometry	receptor_grouped_5fold	2	Gs	numeric__receptor_only__sodium_d250_s746_distance	0.0	0.0
receptor_only_geometry	receptor_grouped_5fold	2	Gs	numeric__receptor_only__sodium_d250_n749_distance	0.04161348610760411	0.04161348610760411
receptor_only_geometry	receptor_grouped_5fold	2	Gs	numeric__receptor_only__sodium_pocket_volume	0.0	0.0
receptor_only_geometry	receptor_grouped_5fold	2	Gs	numeric__receptor_only__sodium_pocket_spread	0.0	0.0
receptor_only_geometry	receptor_grouped_5fold	2	Gs	numeric__receptor_only__tm7_rotation	0.0	0.0
receptor_only_geometry	receptor_grouped_5fold	2	Gs	numeric__receptor_only__icl2_generic_ca_count	0.0	0.0
receptor_only_geometry	receptor_grouped_5fold	2	Gs	numeric__receptor_only__icl2_end_to_end_distance	0.0	0.0
receptor_only_geometry	receptor_grouped_5fold	2	Gs	numeric__receptor_only__icl2_centroid_to_r350	0.0	0.0
receptor_only_geometry	receptor_grouped_5fold	2	Gs	numeric__receptor_only__icl2_centroid_to_tm5_561	0.0	0.0
receptor_only_geometry	receptor_grouped_5fold	2	Gs	numeric__receptor_only__icl2_centroid_to_tm6_634	0.0	0.0
receptor_only_geometry	receptor_grouped_5fold	2	Gs	numeric__receptor_only__icl2_centroid_to_tm7_753	0.0	0.0
receptor_only_geometry	receptor_grouped_5fold	2	Gs	numeric__receptor_only__icl2_axis_tm3_angle	0.0	0.0
receptor_only_geometry	receptor_grouped_5fold	2	Gs	numeric__receptor_only__icl2_axis_tm5_angle	0.0	0.0
receptor_only_geometry	receptor_grouped_5fold	2	Gs	numeric__receptor_only__icl2_active_reference_displacement	0.0	0.0
receptor_only_geometry	receptor_grouped_5fold	2	Gs	numeric__receptor_only__tm5_cytoplasmic_extension	0.2862438578912469	0.2862438578912469
receptor_only_geometry	receptor_grouped_5fold	2	Gs	numeric__receptor_only__tm5_cytoplasmic_kink	0.0	0.0
receptor_only_geometry	receptor_grouped_5fold	2	Gs	numeric__receptor_only__tm5_r350_561_distance	0.0	0.0
receptor_only_geometry	receptor_grouped_5fold	2	Gs	numeric__receptor_only__tm5_r350_564_distance	0.0	0.0
receptor_only_geometry	receptor_grouped_5fold	2	Gs	numeric__receptor_only__tm5_tm6_cavity_distance	0.0	0.0
receptor_only_geometry	receptor_grouped_5fold	2	Gs	numeric__receptor_only__tm5_axis_tm3_angle	0.0	0.0
receptor_only_geometry	receptor_grouped_5fold	2	Gs	numeric__receptor_only__tm6_lower_upper_kink	0.0	0.0
receptor_only_geometry	receptor_grouped_5fold	2	Gs	numeric__receptor_only__tm6_axis_tm3_angle	0.0	0.0
receptor_only_geometry	receptor_grouped_5fold	2	Gs	numeric__receptor_only__tm6_tm7_cavity_distance	0.0	0.0
receptor_only_geometry	receptor_grouped_5fold	2	Gs	numeric__receptor_only__tm7_h8_angle	0.0	0.0
receptor_only_geometry	receptor_grouped_5fold	2	Gs	numeric__receptor_only__h8_end_to_end_distance	0.0	0.0
receptor_only_geometry	receptor_grouped_5fold	2	Gs	numeric__receptor_only__h8_r350_distance	0.0	0.0
receptor_only_geometry	receptor_grouped_5fold	2	Gs	numeric__receptor_only__h8_tm6_distance	0.0025499073938741457	0.0025499073938741457
receptor_only_geometry	receptor_grouped_5fold	2	Gs	numeric__receptor_only__icl2_helix_fraction	0.0	0.0
receptor_only_geometry	receptor_grouped_5fold	2	Gs	numeric__receptor_only__icl2_longest_helix	0.0	0.0
receptor_only_geometry	receptor_grouped_5fold	2	Gs	numeric__receptor_only__icl2_mean_phi	0.0	0.0
receptor_only_geometry	receptor_grouped_5fold	2	Gs	numeric__receptor_only__icl2_mean_psi	0.0	0.0
receptor_only_geometry	receptor_grouped_5fold	2	Gs	numeric__receptor_only__intracellular_cavity_core_volume	0.0	0.0
receptor_only_geometry	receptor_grouped_5fold	2	Gs	numeric__receptor_only__intracellular_cavity_core_mouth_area	0.0	0.0
receptor_only_geometry	receptor_grouped_5fold	2	Gs	numeric__receptor_only__intracellular_cavity_core_depth	0.0	0.0
receptor_only_geometry	receptor_grouped_5fold	2	Gs	numeric__receptor_only__intracellular_cavity_core_maximum_width	0.0	0.0
receptor_only_geometry	receptor_grouped_5fold	2	Gs	numeric__receptor_only__intracellular_cavity_core_average_cross_section	0.0	0.0
receptor_only_geometry	receptor_grouped_5fold	2	Gs	numeric__receptor_only__intracellular_cavity_core_bottleneck_area	0.0	0.0
receptor_only_geometry	receptor_grouped_5fold	2	Gs	numeric__receptor_only__intracellular_cavity_core_bottleneck_radius	0.0	0.0
receptor_only_geometry	receptor_grouped_5fold	2	Gs	numeric__receptor_only__intracellular_cavity_core_max_inscribed_radius	0.0	0.0
receptor_only_geometry	receptor_grouped_5fold	2	Gs	numeric__receptor_only__intracellular_cavity_core_surface_area	0.0	0.0
receptor_only_geometry	receptor_grouped_5fold	2	Gs	numeric__receptor_only__intracellular_cavity_core_centroid_x	0.0	0.0
receptor_only_geometry	receptor_grouped_5fold	2	Gs	numeric__receptor_only__intracellular_cavity_core_centroid_y	0.0	0.0
receptor_only_geometry	receptor_grouped_5fold	2	Gs	numeric__receptor_only__intracellular_cavity_core_centroid_z	0.0	0.0
receptor_only_geometry	receptor_grouped_5fold	2	Gs	numeric__receptor_only__intracellular_cavity_core_principal_length_1	0.0	0.0
receptor_only_geometry	receptor_grouped_5fold	2	Gs	numeric__receptor_only__intracellular_cavity_core_principal_length_2	0.0	0.0
receptor_only_geometry	receptor_grouped_5fold	2	Gs	numeric__receptor_only__intracellular_cavity_core_principal_length_3	0.0	0.0
receptor_only_geometry	receptor_grouped_5fold	2	Gs	numeric__receptor_only__intracellular_cavity_core_principal_axis_1_z_alignment	0.0	0.0
receptor_only_geometry	receptor_grouped_5fold	2	Gs	numeric__receptor_only__intracellular_cavity_core_eccentricity	0.0	0.0
receptor_only_geometry	receptor_grouped_5fold	2	Gs	numeric__receptor_only__intracellular_cavity_core_sphericity	0.0	0.0
receptor_only_geometry	receptor_grouped_5fold	2	Gs	numeric__receptor_only__intracellular_cavity_core_asymmetry	0.0	0.0
receptor_only_geometry	receptor_grouped_5fold	2	Gs	numeric__receptor_only__intracellular_cavity_core_tm3_side_fraction	0.0	0.0
receptor_only_geometry	receptor_grouped_5fold	2	Gs	numeric__receptor_only__intracellular_cavity_core_tm6_side_fraction	0.0	0.0
receptor_only_geometry	receptor_grouped_5fold	2	Gs	numeric__receptor_only__intracellular_cavity_core_tm5_side_fraction	0.0	0.0
receptor_only_geometry	receptor_grouped_5fold	2	Gs	numeric__receptor_only__intracellular_cavity_core_tm7_side_fraction	0.0	0.0
receptor_only_geometry	receptor_grouped_5fold	2	Gs	numeric__receptor_only__intracellular_cavity_core_wall_fraction_h8	0.0	0.0
receptor_only_geometry	receptor_grouped_5fold	2	Gs	numeric__receptor_only__intracellular_cavity_core_wall_fraction_icl2	0.0	0.0
receptor_only_geometry	receptor_grouped_5fold	2	Gs	numeric__receptor_only__intracellular_cavity_core_wall_fraction_tm3	0.0	0.0
receptor_only_geometry	receptor_grouped_5fold	2	Gs	numeric__receptor_only__intracellular_cavity_core_wall_fraction_tm7	0.0	0.0
receptor_only_geometry	receptor_grouped_5fold	3	Gi/o	numeric__receptor_only__activation_consensus_score	0.0	0.0
receptor_only_geometry	receptor_grouped_5fold	3	Gi/o	numeric__receptor_only__tm6_r350_634_distance	0.0	0.0
receptor_only_geometry	receptor_grouped_5fold	3	Gi/o	numeric__receptor_only__tm6_aligned_displacement	0.0	0.0
receptor_only_geometry	receptor_grouped_5fold	3	Gi/o	numeric__receptor_only__tm7_displacement	0.0	0.0
receptor_only_geometry	receptor_grouped_5fold	3	Gi/o	numeric__receptor_only__tm3_tm7_distance	0.0	0.0
receptor_only_geometry	receptor_grouped_5fold	3	Gi/o	numeric__receptor_only__tm6_r350_630_distance	0.0	0.0
receptor_only_geometry	receptor_grouped_5fold	3	Gi/o	numeric__receptor_only__dry_r350_630_min_distance	0.0	0.0
receptor_only_geometry	receptor_grouped_5fold	3	Gi/o	numeric__receptor_only__dry_r350_630_ca_distance	0.0	0.0
receptor_only_geometry	receptor_grouped_5fold	3	Gi/o	numeric__receptor_only__dry_d349_r350_min_distance	0.0	0.0
receptor_only_geometry	receptor_grouped_5fold	3	Gi/o	numeric__receptor_only__r350_chi1	0.13312525785536075	0.13312525785536075
receptor_only_geometry	receptor_grouped_5fold	3	Gi/o	numeric__receptor_only__r350_chi2	-0.25289696236464054	0.25289696236464054
receptor_only_geometry	receptor_grouped_5fold	3	Gi/o	numeric__receptor_only__pif_550_340_distance	0.0	0.0
receptor_only_geometry	receptor_grouped_5fold	3	Gi/o	numeric__receptor_only__pif_340_644_distance	0.0	0.0
receptor_only_geometry	receptor_grouped_5fold	3	Gi/o	numeric__receptor_only__pif_550_644_distance	0.0	0.0
receptor_only_geometry	receptor_grouped_5fold	3	Gi/o	numeric__receptor_only__pif_550_340_min_distance	-0.2273672264275097	0.2273672264275097
receptor_only_geometry	receptor_grouped_5fold	3	Gi/o	numeric__receptor_only__pif_340_644_min_distance	0.0	0.0
receptor_only_geometry	receptor_grouped_5fold	3	Gi/o	numeric__receptor_only__pif_550_644_min_distance	0.0	0.0
receptor_only_geometry	receptor_grouped_5fold	3	Gi/o	numeric__receptor_only__pif_triangle_perimeter	0.0	0.0
receptor_only_geometry	receptor_grouped_5fold	3	Gi/o	numeric__receptor_only__position_644_chi1	0.0	0.0
receptor_only_geometry	receptor_grouped_5fold	3	Gi/o	numeric__receptor_only__position_644_chi2	0.0	0.0
receptor_only_geometry	receptor_grouped_5fold	3	Gi/o	numeric__receptor_only__w648_chi1	0.0	0.0
receptor_only_geometry	receptor_grouped_5fold	3	Gi/o	numeric__receptor_only__w648_chi2	0.0	0.0
receptor_only_geometry	receptor_grouped_5fold	3	Gi/o	numeric__receptor_only__w648_displacement	0.0	0.0
receptor_only_geometry	receptor_grouped_5fold	3	Gi/o	numeric__receptor_only__w648_to_644_distance	0.0	0.0
receptor_only_geometry	receptor_grouped_5fold	3	Gi/o	numeric__receptor_only__cwxp_647_650_distance	0.0	0.0
receptor_only_geometry	receptor_grouped_5fold	3	Gi/o	numeric__receptor_only__y753_chi1	0.0	0.0
receptor_only_geometry	receptor_grouped_5fold	3	Gi/o	numeric__receptor_only__y753_chi2	0.0	0.0
receptor_only_geometry	receptor_grouped_5fold	3	Gi/o	numeric__receptor_only__y753_y558_distance	0.0	0.0
receptor_only_geometry	receptor_grouped_5fold	3	Gi/o	numeric__receptor_only__y753_y558_min_distance	0.0	0.0
receptor_only_geometry	receptor_grouped_5fold	3	Gi/o	numeric__receptor_only__n749_y753_distance	0.0	0.0
receptor_only_geometry	receptor_grouped_5fold	3	Gi/o	numeric__receptor_only__npxxy_local_spread	0.0	0.0
receptor_only_geometry	receptor_grouped_5fold	3	Gi/o	numeric__receptor_only__y753_displacement	0.0	0.0
receptor_only_geometry	receptor_grouped_5fold	3	Gi/o	numeric__receptor_only__sodium_d250_s339_distance	0.0	0.0
receptor_only_geometry	receptor_grouped_5fold	3	Gi/o	numeric__receptor_only__sodium_d250_n745_distance	0.0	0.0
receptor_only_geometry	receptor_grouped_5fold	3	Gi/o	numeric__receptor_only__sodium_d250_s746_distance	0.21338826333831917	0.21338826333831917
receptor_only_geometry	receptor_grouped_5fold	3	Gi/o	numeric__receptor_only__sodium_d250_n749_distance	0.0	0.0
receptor_only_geometry	receptor_grouped_5fold	3	Gi/o	numeric__receptor_only__sodium_pocket_volume	-0.023555786073154318	0.023555786073154318
receptor_only_geometry	receptor_grouped_5fold	3	Gi/o	numeric__receptor_only__sodium_pocket_spread	0.0	0.0
receptor_only_geometry	receptor_grouped_5fold	3	Gi/o	numeric__receptor_only__tm7_rotation	0.0	0.0
receptor_only_geometry	receptor_grouped_5fold	3	Gi/o	numeric__receptor_only__icl2_generic_ca_count	0.0	0.0
receptor_only_geometry	receptor_grouped_5fold	3	Gi/o	numeric__receptor_only__icl2_end_to_end_distance	0.0	0.0
receptor_only_geometry	receptor_grouped_5fold	3	Gi/o	numeric__receptor_only__icl2_centroid_to_r350	0.0	0.0
receptor_only_geometry	receptor_grouped_5fold	3	Gi/o	numeric__receptor_only__icl2_centroid_to_tm5_561	0.0	0.0
receptor_only_geometry	receptor_grouped_5fold	3	Gi/o	numeric__receptor_only__icl2_centroid_to_tm6_634	0.0	0.0
receptor_only_geometry	receptor_grouped_5fold	3	Gi/o	numeric__receptor_only__icl2_centroid_to_tm7_753	0.0	0.0
receptor_only_geometry	receptor_grouped_5fold	3	Gi/o	numeric__receptor_only__icl2_axis_tm3_angle	0.0	0.0
receptor_only_geometry	receptor_grouped_5fold	3	Gi/o	numeric__receptor_only__icl2_axis_tm5_angle	0.0	0.0
receptor_only_geometry	receptor_grouped_5fold	3	Gi/o	numeric__receptor_only__icl2_active_reference_displacement	0.0	0.0
receptor_only_geometry	receptor_grouped_5fold	3	Gi/o	numeric__receptor_only__tm5_cytoplasmic_extension	0.0	0.0
receptor_only_geometry	receptor_grouped_5fold	3	Gi/o	numeric__receptor_only__tm5_cytoplasmic_kink	0.0	0.0
receptor_only_geometry	receptor_grouped_5fold	3	Gi/o	numeric__receptor_only__tm5_r350_561_distance	0.0	0.0
receptor_only_geometry	receptor_grouped_5fold	3	Gi/o	numeric__receptor_only__tm5_r350_564_distance	0.0	0.0
receptor_only_geometry	receptor_grouped_5fold	3	Gi/o	numeric__receptor_only__tm5_tm6_cavity_distance	0.0	0.0
receptor_only_geometry	receptor_grouped_5fold	3	Gi/o	numeric__receptor_only__tm5_axis_tm3_angle	0.0	0.0
receptor_only_geometry	receptor_grouped_5fold	3	Gi/o	numeric__receptor_only__tm6_lower_upper_kink	0.0	0.0
receptor_only_geometry	receptor_grouped_5fold	3	Gi/o	numeric__receptor_only__tm6_axis_tm3_angle	0.0	0.0
receptor_only_geometry	receptor_grouped_5fold	3	Gi/o	numeric__receptor_only__tm6_tm7_cavity_distance	0.0	0.0
receptor_only_geometry	receptor_grouped_5fold	3	Gi/o	numeric__receptor_only__tm7_h8_angle	0.0	0.0
receptor_only_geometry	receptor_grouped_5fold	3	Gi/o	numeric__receptor_only__h8_end_to_end_distance	0.0	0.0
receptor_only_geometry	receptor_grouped_5fold	3	Gi/o	numeric__receptor_only__h8_r350_distance	0.0	0.0
receptor_only_geometry	receptor_grouped_5fold	3	Gi/o	numeric__receptor_only__h8_tm6_distance	0.0	0.0
receptor_only_geometry	receptor_grouped_5fold	3	Gi/o	numeric__receptor_only__icl2_helix_fraction	0.0	0.0
receptor_only_geometry	receptor_grouped_5fold	3	Gi/o	numeric__receptor_only__icl2_longest_helix	0.0	0.0
receptor_only_geometry	receptor_grouped_5fold	3	Gi/o	numeric__receptor_only__icl2_mean_phi	0.0	0.0
receptor_only_geometry	receptor_grouped_5fold	3	Gi/o	numeric__receptor_only__icl2_mean_psi	0.0	0.0
receptor_only_geometry	receptor_grouped_5fold	3	Gi/o	numeric__receptor_only__intracellular_cavity_core_volume	0.0	0.0
receptor_only_geometry	receptor_grouped_5fold	3	Gi/o	numeric__receptor_only__intracellular_cavity_core_mouth_area	0.0	0.0
receptor_only_geometry	receptor_grouped_5fold	3	Gi/o	numeric__receptor_only__intracellular_cavity_core_depth	0.0	0.0
receptor_only_geometry	receptor_grouped_5fold	3	Gi/o	numeric__receptor_only__intracellular_cavity_core_maximum_width	0.0	0.0
receptor_only_geometry	receptor_grouped_5fold	3	Gi/o	numeric__receptor_only__intracellular_cavity_core_average_cross_section	0.0	0.0
receptor_only_geometry	receptor_grouped_5fold	3	Gi/o	numeric__receptor_only__intracellular_cavity_core_bottleneck_area	0.0	0.0
receptor_only_geometry	receptor_grouped_5fold	3	Gi/o	numeric__receptor_only__intracellular_cavity_core_bottleneck_radius	0.0	0.0
receptor_only_geometry	receptor_grouped_5fold	3	Gi/o	numeric__receptor_only__intracellular_cavity_core_max_inscribed_radius	0.0	0.0
receptor_only_geometry	receptor_grouped_5fold	3	Gi/o	numeric__receptor_only__intracellular_cavity_core_surface_area	0.0	0.0
receptor_only_geometry	receptor_grouped_5fold	3	Gi/o	numeric__receptor_only__intracellular_cavity_core_centroid_x	0.0	0.0
receptor_only_geometry	receptor_grouped_5fold	3	Gi/o	numeric__receptor_only__intracellular_cavity_core_centroid_y	0.0	0.0
receptor_only_geometry	receptor_grouped_5fold	3	Gi/o	numeric__receptor_only__intracellular_cavity_core_centroid_z	0.0	0.0
receptor_only_geometry	receptor_grouped_5fold	3	Gi/o	numeric__receptor_only__intracellular_cavity_core_principal_length_1	0.0	0.0
receptor_only_geometry	receptor_grouped_5fold	3	Gi/o	numeric__receptor_only__intracellular_cavity_core_principal_length_2	0.0	0.0
receptor_only_geometry	receptor_grouped_5fold	3	Gi/o	numeric__receptor_only__intracellular_cavity_core_principal_length_3	0.0	0.0
receptor_only_geometry	receptor_grouped_5fold	3	Gi/o	numeric__receptor_only__intracellular_cavity_core_principal_axis_1_z_alignment	0.0	0.0
receptor_only_geometry	receptor_grouped_5fold	3	Gi/o	numeric__receptor_only__intracellular_cavity_core_eccentricity	0.0	0.0
receptor_only_geometry	receptor_grouped_5fold	3	Gi/o	numeric__receptor_only__intracellular_cavity_core_sphericity	0.0	0.0
receptor_only_geometry	receptor_grouped_5fold	3	Gi/o	numeric__receptor_only__intracellular_cavity_core_asymmetry	0.0	0.0
receptor_only_geometry	receptor_grouped_5fold	3	Gi/o	numeric__receptor_only__intracellular_cavity_core_tm3_side_fraction	0.0	0.0
receptor_only_geometry	receptor_grouped_5fold	3	Gi/o	numeric__receptor_only__intracellular_cavity_core_tm6_side_fraction	0.0	0.0
receptor_only_geometry	receptor_grouped_5fold	3	Gi/o	numeric__receptor_only__intracellular_cavity_core_tm5_side_fraction	0.0	0.0
receptor_only_geometry	receptor_grouped_5fold	3	Gi/o	numeric__receptor_only__intracellular_cavity_core_tm7_side_fraction	0.0	0.0
receptor_only_geometry	receptor_grouped_5fold	3	Gi/o	numeric__receptor_only__intracellular_cavity_core_wall_fraction_h8	0.0	0.0
receptor_only_geometry	receptor_grouped_5fold	3	Gi/o	numeric__receptor_only__intracellular_cavity_core_wall_fraction_icl2	0.0	0.0
receptor_only_geometry	receptor_grouped_5fold	3	Gi/o	numeric__receptor_only__intracellular_cavity_core_wall_fraction_tm3	0.0	0.0
receptor_only_geometry	receptor_grouped_5fold	3	Gi/o	numeric__receptor_only__intracellular_cavity_core_wall_fraction_tm7	0.0	0.0
receptor_only_geometry	receptor_grouped_5fold	3	Gq/11	numeric__receptor_only__activation_consensus_score	0.0	0.0
receptor_only_geometry	receptor_grouped_5fold	3	Gq/11	numeric__receptor_only__tm6_r350_634_distance	0.0	0.0
receptor_only_geometry	receptor_grouped_5fold	3	Gq/11	numeric__receptor_only__tm6_aligned_displacement	0.0	0.0
receptor_only_geometry	receptor_grouped_5fold	3	Gq/11	numeric__receptor_only__tm7_displacement	0.0	0.0
receptor_only_geometry	receptor_grouped_5fold	3	Gq/11	numeric__receptor_only__tm3_tm7_distance	0.0	0.0
receptor_only_geometry	receptor_grouped_5fold	3	Gq/11	numeric__receptor_only__tm6_r350_630_distance	0.0	0.0
receptor_only_geometry	receptor_grouped_5fold	3	Gq/11	numeric__receptor_only__dry_r350_630_min_distance	0.0	0.0
receptor_only_geometry	receptor_grouped_5fold	3	Gq/11	numeric__receptor_only__dry_r350_630_ca_distance	0.0	0.0
receptor_only_geometry	receptor_grouped_5fold	3	Gq/11	numeric__receptor_only__dry_d349_r350_min_distance	0.0	0.0
receptor_only_geometry	receptor_grouped_5fold	3	Gq/11	numeric__receptor_only__r350_chi1	0.0	0.0
receptor_only_geometry	receptor_grouped_5fold	3	Gq/11	numeric__receptor_only__r350_chi2	0.0	0.0
receptor_only_geometry	receptor_grouped_5fold	3	Gq/11	numeric__receptor_only__pif_550_340_distance	0.0	0.0
receptor_only_geometry	receptor_grouped_5fold	3	Gq/11	numeric__receptor_only__pif_340_644_distance	-0.5987971283794489	0.5987971283794489
receptor_only_geometry	receptor_grouped_5fold	3	Gq/11	numeric__receptor_only__pif_550_644_distance	0.0	0.0
receptor_only_geometry	receptor_grouped_5fold	3	Gq/11	numeric__receptor_only__pif_550_340_min_distance	0.0	0.0
receptor_only_geometry	receptor_grouped_5fold	3	Gq/11	numeric__receptor_only__pif_340_644_min_distance	0.0	0.0
receptor_only_geometry	receptor_grouped_5fold	3	Gq/11	numeric__receptor_only__pif_550_644_min_distance	0.0	0.0
receptor_only_geometry	receptor_grouped_5fold	3	Gq/11	numeric__receptor_only__pif_triangle_perimeter	0.0	0.0
receptor_only_geometry	receptor_grouped_5fold	3	Gq/11	numeric__receptor_only__position_644_chi1	0.0	0.0
receptor_only_geometry	receptor_grouped_5fold	3	Gq/11	numeric__receptor_only__position_644_chi2	0.0	0.0
receptor_only_geometry	receptor_grouped_5fold	3	Gq/11	numeric__receptor_only__w648_chi1	0.0	0.0
receptor_only_geometry	receptor_grouped_5fold	3	Gq/11	numeric__receptor_only__w648_chi2	0.0	0.0
receptor_only_geometry	receptor_grouped_5fold	3	Gq/11	numeric__receptor_only__w648_displacement	0.0	0.0
receptor_only_geometry	receptor_grouped_5fold	3	Gq/11	numeric__receptor_only__w648_to_644_distance	0.0	0.0
receptor_only_geometry	receptor_grouped_5fold	3	Gq/11	numeric__receptor_only__cwxp_647_650_distance	0.0	0.0
receptor_only_geometry	receptor_grouped_5fold	3	Gq/11	numeric__receptor_only__y753_chi1	0.0	0.0
receptor_only_geometry	receptor_grouped_5fold	3	Gq/11	numeric__receptor_only__y753_chi2	0.0	0.0
receptor_only_geometry	receptor_grouped_5fold	3	Gq/11	numeric__receptor_only__y753_y558_distance	0.0	0.0
receptor_only_geometry	receptor_grouped_5fold	3	Gq/11	numeric__receptor_only__y753_y558_min_distance	0.0	0.0
receptor_only_geometry	receptor_grouped_5fold	3	Gq/11	numeric__receptor_only__n749_y753_distance	0.0	0.0
receptor_only_geometry	receptor_grouped_5fold	3	Gq/11	numeric__receptor_only__npxxy_local_spread	0.0	0.0
receptor_only_geometry	receptor_grouped_5fold	3	Gq/11	numeric__receptor_only__y753_displacement	0.0	0.0
receptor_only_geometry	receptor_grouped_5fold	3	Gq/11	numeric__receptor_only__sodium_d250_s339_distance	0.0	0.0
receptor_only_geometry	receptor_grouped_5fold	3	Gq/11	numeric__receptor_only__sodium_d250_n745_distance	0.0	0.0
receptor_only_geometry	receptor_grouped_5fold	3	Gq/11	numeric__receptor_only__sodium_d250_s746_distance	0.0	0.0
receptor_only_geometry	receptor_grouped_5fold	3	Gq/11	numeric__receptor_only__sodium_d250_n749_distance	0.0	0.0
receptor_only_geometry	receptor_grouped_5fold	3	Gq/11	numeric__receptor_only__sodium_pocket_volume	0.0	0.0
receptor_only_geometry	receptor_grouped_5fold	3	Gq/11	numeric__receptor_only__sodium_pocket_spread	0.0	0.0
receptor_only_geometry	receptor_grouped_5fold	3	Gq/11	numeric__receptor_only__tm7_rotation	0.0	0.0
receptor_only_geometry	receptor_grouped_5fold	3	Gq/11	numeric__receptor_only__icl2_generic_ca_count	0.0	0.0
receptor_only_geometry	receptor_grouped_5fold	3	Gq/11	numeric__receptor_only__icl2_end_to_end_distance	0.0	0.0
receptor_only_geometry	receptor_grouped_5fold	3	Gq/11	numeric__receptor_only__icl2_centroid_to_r350	0.0	0.0
receptor_only_geometry	receptor_grouped_5fold	3	Gq/11	numeric__receptor_only__icl2_centroid_to_tm5_561	0.0	0.0
receptor_only_geometry	receptor_grouped_5fold	3	Gq/11	numeric__receptor_only__icl2_centroid_to_tm6_634	0.0	0.0
receptor_only_geometry	receptor_grouped_5fold	3	Gq/11	numeric__receptor_only__icl2_centroid_to_tm7_753	0.0	0.0
receptor_only_geometry	receptor_grouped_5fold	3	Gq/11	numeric__receptor_only__icl2_axis_tm3_angle	0.0	0.0
receptor_only_geometry	receptor_grouped_5fold	3	Gq/11	numeric__receptor_only__icl2_axis_tm5_angle	0.0	0.0
receptor_only_geometry	receptor_grouped_5fold	3	Gq/11	numeric__receptor_only__icl2_active_reference_displacement	0.0	0.0
receptor_only_geometry	receptor_grouped_5fold	3	Gq/11	numeric__receptor_only__tm5_cytoplasmic_extension	0.0	0.0
receptor_only_geometry	receptor_grouped_5fold	3	Gq/11	numeric__receptor_only__tm5_cytoplasmic_kink	0.0	0.0
receptor_only_geometry	receptor_grouped_5fold	3	Gq/11	numeric__receptor_only__tm5_r350_561_distance	0.0	0.0
receptor_only_geometry	receptor_grouped_5fold	3	Gq/11	numeric__receptor_only__tm5_r350_564_distance	0.0	0.0
receptor_only_geometry	receptor_grouped_5fold	3	Gq/11	numeric__receptor_only__tm5_tm6_cavity_distance	0.0	0.0
receptor_only_geometry	receptor_grouped_5fold	3	Gq/11	numeric__receptor_only__tm5_axis_tm3_angle	0.0	0.0
receptor_only_geometry	receptor_grouped_5fold	3	Gq/11	numeric__receptor_only__tm6_lower_upper_kink	0.0	0.0
receptor_only_geometry	receptor_grouped_5fold	3	Gq/11	numeric__receptor_only__tm6_axis_tm3_angle	0.0	0.0
receptor_only_geometry	receptor_grouped_5fold	3	Gq/11	numeric__receptor_only__tm6_tm7_cavity_distance	0.0	0.0
receptor_only_geometry	receptor_grouped_5fold	3	Gq/11	numeric__receptor_only__tm7_h8_angle	0.0	0.0
receptor_only_geometry	receptor_grouped_5fold	3	Gq/11	numeric__receptor_only__h8_end_to_end_distance	0.0	0.0
receptor_only_geometry	receptor_grouped_5fold	3	Gq/11	numeric__receptor_only__h8_r350_distance	0.0	0.0
receptor_only_geometry	receptor_grouped_5fold	3	Gq/11	numeric__receptor_only__h8_tm6_distance	0.0	0.0
receptor_only_geometry	receptor_grouped_5fold	3	Gq/11	numeric__receptor_only__icl2_helix_fraction	0.0	0.0
receptor_only_geometry	receptor_grouped_5fold	3	Gq/11	numeric__receptor_only__icl2_longest_helix	0.0	0.0
receptor_only_geometry	receptor_grouped_5fold	3	Gq/11	numeric__receptor_only__icl2_mean_phi	0.0	0.0
receptor_only_geometry	receptor_grouped_5fold	3	Gq/11	numeric__receptor_only__icl2_mean_psi	0.0	0.0
receptor_only_geometry	receptor_grouped_5fold	3	Gq/11	numeric__receptor_only__intracellular_cavity_core_volume	0.0	0.0
receptor_only_geometry	receptor_grouped_5fold	3	Gq/11	numeric__receptor_only__intracellular_cavity_core_mouth_area	0.0	0.0
receptor_only_geometry	receptor_grouped_5fold	3	Gq/11	numeric__receptor_only__intracellular_cavity_core_depth	0.0	0.0
receptor_only_geometry	receptor_grouped_5fold	3	Gq/11	numeric__receptor_only__intracellular_cavity_core_maximum_width	0.0	0.0
receptor_only_geometry	receptor_grouped_5fold	3	Gq/11	numeric__receptor_only__intracellular_cavity_core_average_cross_section	0.0	0.0
receptor_only_geometry	receptor_grouped_5fold	3	Gq/11	numeric__receptor_only__intracellular_cavity_core_bottleneck_area	0.0	0.0
receptor_only_geometry	receptor_grouped_5fold	3	Gq/11	numeric__receptor_only__intracellular_cavity_core_bottleneck_radius	0.0	0.0
receptor_only_geometry	receptor_grouped_5fold	3	Gq/11	numeric__receptor_only__intracellular_cavity_core_max_inscribed_radius	0.0	0.0
receptor_only_geometry	receptor_grouped_5fold	3	Gq/11	numeric__receptor_only__intracellular_cavity_core_surface_area	0.0	0.0
receptor_only_geometry	receptor_grouped_5fold	3	Gq/11	numeric__receptor_only__intracellular_cavity_core_centroid_x	0.17875661365806766	0.17875661365806766
receptor_only_geometry	receptor_grouped_5fold	3	Gq/11	numeric__receptor_only__intracellular_cavity_core_centroid_y	0.0	0.0
receptor_only_geometry	receptor_grouped_5fold	3	Gq/11	numeric__receptor_only__intracellular_cavity_core_centroid_z	0.0	0.0
receptor_only_geometry	receptor_grouped_5fold	3	Gq/11	numeric__receptor_only__intracellular_cavity_core_principal_length_1	0.0	0.0
receptor_only_geometry	receptor_grouped_5fold	3	Gq/11	numeric__receptor_only__intracellular_cavity_core_principal_length_2	0.0	0.0
receptor_only_geometry	receptor_grouped_5fold	3	Gq/11	numeric__receptor_only__intracellular_cavity_core_principal_length_3	0.0	0.0
receptor_only_geometry	receptor_grouped_5fold	3	Gq/11	numeric__receptor_only__intracellular_cavity_core_principal_axis_1_z_alignment	0.0	0.0
receptor_only_geometry	receptor_grouped_5fold	3	Gq/11	numeric__receptor_only__intracellular_cavity_core_eccentricity	0.0	0.0
receptor_only_geometry	receptor_grouped_5fold	3	Gq/11	numeric__receptor_only__intracellular_cavity_core_sphericity	0.0	0.0
receptor_only_geometry	receptor_grouped_5fold	3	Gq/11	numeric__receptor_only__intracellular_cavity_core_asymmetry	0.0	0.0
receptor_only_geometry	receptor_grouped_5fold	3	Gq/11	numeric__receptor_only__intracellular_cavity_core_tm3_side_fraction	0.0	0.0
receptor_only_geometry	receptor_grouped_5fold	3	Gq/11	numeric__receptor_only__intracellular_cavity_core_tm6_side_fraction	0.0	0.0
receptor_only_geometry	receptor_grouped_5fold	3	Gq/11	numeric__receptor_only__intracellular_cavity_core_tm5_side_fraction	0.0	0.0
receptor_only_geometry	receptor_grouped_5fold	3	Gq/11	numeric__receptor_only__intracellular_cavity_core_tm7_side_fraction	0.0	0.0
receptor_only_geometry	receptor_grouped_5fold	3	Gq/11	numeric__receptor_only__intracellular_cavity_core_wall_fraction_h8	-0.2594956484116078	0.2594956484116078
receptor_only_geometry	receptor_grouped_5fold	3	Gq/11	numeric__receptor_only__intracellular_cavity_core_wall_fraction_icl2	0.0	0.0
receptor_only_geometry	receptor_grouped_5fold	3	Gq/11	numeric__receptor_only__intracellular_cavity_core_wall_fraction_tm3	0.0	0.0
receptor_only_geometry	receptor_grouped_5fold	3	Gq/11	numeric__receptor_only__intracellular_cavity_core_wall_fraction_tm7	0.0	0.0
receptor_only_geometry	receptor_grouped_5fold	3	Gs	numeric__receptor_only__activation_consensus_score	0.0	0.0
receptor_only_geometry	receptor_grouped_5fold	3	Gs	numeric__receptor_only__tm6_r350_634_distance	0.0	0.0
receptor_only_geometry	receptor_grouped_5fold	3	Gs	numeric__receptor_only__tm6_aligned_displacement	0.0	0.0
receptor_only_geometry	receptor_grouped_5fold	3	Gs	numeric__receptor_only__tm7_displacement	0.0	0.0
receptor_only_geometry	receptor_grouped_5fold	3	Gs	numeric__receptor_only__tm3_tm7_distance	0.0	0.0
receptor_only_geometry	receptor_grouped_5fold	3	Gs	numeric__receptor_only__tm6_r350_630_distance	0.0	0.0
receptor_only_geometry	receptor_grouped_5fold	3	Gs	numeric__receptor_only__dry_r350_630_min_distance	0.0	0.0
receptor_only_geometry	receptor_grouped_5fold	3	Gs	numeric__receptor_only__dry_r350_630_ca_distance	0.0	0.0
receptor_only_geometry	receptor_grouped_5fold	3	Gs	numeric__receptor_only__dry_d349_r350_min_distance	0.0	0.0
receptor_only_geometry	receptor_grouped_5fold	3	Gs	numeric__receptor_only__r350_chi1	-0.19043384028115667	0.19043384028115667
receptor_only_geometry	receptor_grouped_5fold	3	Gs	numeric__receptor_only__r350_chi2	0.0	0.0
receptor_only_geometry	receptor_grouped_5fold	3	Gs	numeric__receptor_only__pif_550_340_distance	0.0	0.0
receptor_only_geometry	receptor_grouped_5fold	3	Gs	numeric__receptor_only__pif_340_644_distance	0.0	0.0
receptor_only_geometry	receptor_grouped_5fold	3	Gs	numeric__receptor_only__pif_550_644_distance	0.0	0.0
receptor_only_geometry	receptor_grouped_5fold	3	Gs	numeric__receptor_only__pif_550_340_min_distance	0.0	0.0
receptor_only_geometry	receptor_grouped_5fold	3	Gs	numeric__receptor_only__pif_340_644_min_distance	0.0	0.0
receptor_only_geometry	receptor_grouped_5fold	3	Gs	numeric__receptor_only__pif_550_644_min_distance	0.0	0.0
receptor_only_geometry	receptor_grouped_5fold	3	Gs	numeric__receptor_only__pif_triangle_perimeter	0.2166548661568267	0.2166548661568267
receptor_only_geometry	receptor_grouped_5fold	3	Gs	numeric__receptor_only__position_644_chi1	0.0	0.0
receptor_only_geometry	receptor_grouped_5fold	3	Gs	numeric__receptor_only__position_644_chi2	0.0	0.0
receptor_only_geometry	receptor_grouped_5fold	3	Gs	numeric__receptor_only__w648_chi1	0.0	0.0
receptor_only_geometry	receptor_grouped_5fold	3	Gs	numeric__receptor_only__w648_chi2	0.0	0.0
receptor_only_geometry	receptor_grouped_5fold	3	Gs	numeric__receptor_only__w648_displacement	0.0	0.0
receptor_only_geometry	receptor_grouped_5fold	3	Gs	numeric__receptor_only__w648_to_644_distance	0.0	0.0
receptor_only_geometry	receptor_grouped_5fold	3	Gs	numeric__receptor_only__cwxp_647_650_distance	0.0	0.0
receptor_only_geometry	receptor_grouped_5fold	3	Gs	numeric__receptor_only__y753_chi1	0.0	0.0
receptor_only_geometry	receptor_grouped_5fold	3	Gs	numeric__receptor_only__y753_chi2	0.0	0.0
receptor_only_geometry	receptor_grouped_5fold	3	Gs	numeric__receptor_only__y753_y558_distance	0.0	0.0
receptor_only_geometry	receptor_grouped_5fold	3	Gs	numeric__receptor_only__y753_y558_min_distance	0.0	0.0
receptor_only_geometry	receptor_grouped_5fold	3	Gs	numeric__receptor_only__n749_y753_distance	0.0	0.0
receptor_only_geometry	receptor_grouped_5fold	3	Gs	numeric__receptor_only__npxxy_local_spread	0.0	0.0
receptor_only_geometry	receptor_grouped_5fold	3	Gs	numeric__receptor_only__y753_displacement	0.0	0.0
receptor_only_geometry	receptor_grouped_5fold	3	Gs	numeric__receptor_only__sodium_d250_s339_distance	0.0	0.0
receptor_only_geometry	receptor_grouped_5fold	3	Gs	numeric__receptor_only__sodium_d250_n745_distance	0.0	0.0
receptor_only_geometry	receptor_grouped_5fold	3	Gs	numeric__receptor_only__sodium_d250_s746_distance	0.0	0.0
receptor_only_geometry	receptor_grouped_5fold	3	Gs	numeric__receptor_only__sodium_d250_n749_distance	0.0	0.0
receptor_only_geometry	receptor_grouped_5fold	3	Gs	numeric__receptor_only__sodium_pocket_volume	0.029536045470527954	0.029536045470527954
receptor_only_geometry	receptor_grouped_5fold	3	Gs	numeric__receptor_only__sodium_pocket_spread	0.028894107266096116	0.028894107266096116
receptor_only_geometry	receptor_grouped_5fold	3	Gs	numeric__receptor_only__tm7_rotation	0.0	0.0
receptor_only_geometry	receptor_grouped_5fold	3	Gs	numeric__receptor_only__icl2_generic_ca_count	0.0	0.0
receptor_only_geometry	receptor_grouped_5fold	3	Gs	numeric__receptor_only__icl2_end_to_end_distance	0.0	0.0
receptor_only_geometry	receptor_grouped_5fold	3	Gs	numeric__receptor_only__icl2_centroid_to_r350	0.0	0.0
receptor_only_geometry	receptor_grouped_5fold	3	Gs	numeric__receptor_only__icl2_centroid_to_tm5_561	0.0	0.0
receptor_only_geometry	receptor_grouped_5fold	3	Gs	numeric__receptor_only__icl2_centroid_to_tm6_634	0.0	0.0
receptor_only_geometry	receptor_grouped_5fold	3	Gs	numeric__receptor_only__icl2_centroid_to_tm7_753	0.0	0.0
receptor_only_geometry	receptor_grouped_5fold	3	Gs	numeric__receptor_only__icl2_axis_tm3_angle	0.0	0.0
receptor_only_geometry	receptor_grouped_5fold	3	Gs	numeric__receptor_only__icl2_axis_tm5_angle	0.0	0.0
receptor_only_geometry	receptor_grouped_5fold	3	Gs	numeric__receptor_only__icl2_active_reference_displacement	0.0	0.0
receptor_only_geometry	receptor_grouped_5fold	3	Gs	numeric__receptor_only__tm5_cytoplasmic_extension	1.0231263912919717	1.0231263912919717
receptor_only_geometry	receptor_grouped_5fold	3	Gs	numeric__receptor_only__tm5_cytoplasmic_kink	0.0	0.0
receptor_only_geometry	receptor_grouped_5fold	3	Gs	numeric__receptor_only__tm5_r350_561_distance	0.0	0.0
receptor_only_geometry	receptor_grouped_5fold	3	Gs	numeric__receptor_only__tm5_r350_564_distance	0.0	0.0
receptor_only_geometry	receptor_grouped_5fold	3	Gs	numeric__receptor_only__tm5_tm6_cavity_distance	0.0	0.0
receptor_only_geometry	receptor_grouped_5fold	3	Gs	numeric__receptor_only__tm5_axis_tm3_angle	0.0	0.0
receptor_only_geometry	receptor_grouped_5fold	3	Gs	numeric__receptor_only__tm6_lower_upper_kink	0.0	0.0
receptor_only_geometry	receptor_grouped_5fold	3	Gs	numeric__receptor_only__tm6_axis_tm3_angle	0.0	0.0
receptor_only_geometry	receptor_grouped_5fold	3	Gs	numeric__receptor_only__tm6_tm7_cavity_distance	0.0	0.0
receptor_only_geometry	receptor_grouped_5fold	3	Gs	numeric__receptor_only__tm7_h8_angle	0.0	0.0
receptor_only_geometry	receptor_grouped_5fold	3	Gs	numeric__receptor_only__h8_end_to_end_distance	0.0	0.0
receptor_only_geometry	receptor_grouped_5fold	3	Gs	numeric__receptor_only__h8_r350_distance	0.0	0.0
receptor_only_geometry	receptor_grouped_5fold	3	Gs	numeric__receptor_only__h8_tm6_distance	0.0	0.0
receptor_only_geometry	receptor_grouped_5fold	3	Gs	numeric__receptor_only__icl2_helix_fraction	0.0	0.0
receptor_only_geometry	receptor_grouped_5fold	3	Gs	numeric__receptor_only__icl2_longest_helix	0.0	0.0
receptor_only_geometry	receptor_grouped_5fold	3	Gs	numeric__receptor_only__icl2_mean_phi	0.0	0.0
receptor_only_geometry	receptor_grouped_5fold	3	Gs	numeric__receptor_only__icl2_mean_psi	0.0	0.0
receptor_only_geometry	receptor_grouped_5fold	3	Gs	numeric__receptor_only__intracellular_cavity_core_volume	0.0	0.0
receptor_only_geometry	receptor_grouped_5fold	3	Gs	numeric__receptor_only__intracellular_cavity_core_mouth_area	0.0	0.0
receptor_only_geometry	receptor_grouped_5fold	3	Gs	numeric__receptor_only__intracellular_cavity_core_depth	0.0	0.0
receptor_only_geometry	receptor_grouped_5fold	3	Gs	numeric__receptor_only__intracellular_cavity_core_maximum_width	0.0	0.0
receptor_only_geometry	receptor_grouped_5fold	3	Gs	numeric__receptor_only__intracellular_cavity_core_average_cross_section	0.0	0.0
receptor_only_geometry	receptor_grouped_5fold	3	Gs	numeric__receptor_only__intracellular_cavity_core_bottleneck_area	0.0	0.0
receptor_only_geometry	receptor_grouped_5fold	3	Gs	numeric__receptor_only__intracellular_cavity_core_bottleneck_radius	0.0	0.0
receptor_only_geometry	receptor_grouped_5fold	3	Gs	numeric__receptor_only__intracellular_cavity_core_max_inscribed_radius	0.0	0.0
receptor_only_geometry	receptor_grouped_5fold	3	Gs	numeric__receptor_only__intracellular_cavity_core_surface_area	0.0	0.0
receptor_only_geometry	receptor_grouped_5fold	3	Gs	numeric__receptor_only__intracellular_cavity_core_centroid_x	-0.07429961624606239	0.07429961624606239
receptor_only_geometry	receptor_grouped_5fold	3	Gs	numeric__receptor_only__intracellular_cavity_core_centroid_y	0.0	0.0
receptor_only_geometry	receptor_grouped_5fold	3	Gs	numeric__receptor_only__intracellular_cavity_core_centroid_z	0.0	0.0
receptor_only_geometry	receptor_grouped_5fold	3	Gs	numeric__receptor_only__intracellular_cavity_core_principal_length_1	-0.03797697951729097	0.03797697951729097
receptor_only_geometry	receptor_grouped_5fold	3	Gs	numeric__receptor_only__intracellular_cavity_core_principal_length_2	0.0	0.0
receptor_only_geometry	receptor_grouped_5fold	3	Gs	numeric__receptor_only__intracellular_cavity_core_principal_length_3	0.0	0.0
receptor_only_geometry	receptor_grouped_5fold	3	Gs	numeric__receptor_only__intracellular_cavity_core_principal_axis_1_z_alignment	0.0	0.0
receptor_only_geometry	receptor_grouped_5fold	3	Gs	numeric__receptor_only__intracellular_cavity_core_eccentricity	-0.16711509913418796	0.16711509913418796
receptor_only_geometry	receptor_grouped_5fold	3	Gs	numeric__receptor_only__intracellular_cavity_core_sphericity	0.0	0.0
receptor_only_geometry	receptor_grouped_5fold	3	Gs	numeric__receptor_only__intracellular_cavity_core_asymmetry	0.0	0.0
receptor_only_geometry	receptor_grouped_5fold	3	Gs	numeric__receptor_only__intracellular_cavity_core_tm3_side_fraction	0.0	0.0
receptor_only_geometry	receptor_grouped_5fold	3	Gs	numeric__receptor_only__intracellular_cavity_core_tm6_side_fraction	0.0	0.0
receptor_only_geometry	receptor_grouped_5fold	3	Gs	numeric__receptor_only__intracellular_cavity_core_tm5_side_fraction	0.0	0.0
receptor_only_geometry	receptor_grouped_5fold	3	Gs	numeric__receptor_only__intracellular_cavity_core_tm7_side_fraction	0.0	0.0
receptor_only_geometry	receptor_grouped_5fold	3	Gs	numeric__receptor_only__intracellular_cavity_core_wall_fraction_h8	0.0	0.0
receptor_only_geometry	receptor_grouped_5fold	3	Gs	numeric__receptor_only__intracellular_cavity_core_wall_fraction_icl2	0.0	0.0
receptor_only_geometry	receptor_grouped_5fold	3	Gs	numeric__receptor_only__intracellular_cavity_core_wall_fraction_tm3	0.0	0.0
receptor_only_geometry	receptor_grouped_5fold	3	Gs	numeric__receptor_only__intracellular_cavity_core_wall_fraction_tm7	0.0	0.0
receptor_only_geometry	receptor_grouped_5fold	4	Gi/o	numeric__receptor_only__activation_consensus_score	0.0	0.0
receptor_only_geometry	receptor_grouped_5fold	4	Gi/o	numeric__receptor_only__tm6_r350_634_distance	0.0	0.0
receptor_only_geometry	receptor_grouped_5fold	4	Gi/o	numeric__receptor_only__tm6_aligned_displacement	0.0	0.0
receptor_only_geometry	receptor_grouped_5fold	4	Gi/o	numeric__receptor_only__tm7_displacement	0.0	0.0
receptor_only_geometry	receptor_grouped_5fold	4	Gi/o	numeric__receptor_only__tm3_tm7_distance	0.0	0.0
receptor_only_geometry	receptor_grouped_5fold	4	Gi/o	numeric__receptor_only__tm6_r350_630_distance	0.0	0.0
receptor_only_geometry	receptor_grouped_5fold	4	Gi/o	numeric__receptor_only__dry_r350_630_min_distance	0.0	0.0
receptor_only_geometry	receptor_grouped_5fold	4	Gi/o	numeric__receptor_only__dry_r350_630_ca_distance	0.0	0.0
receptor_only_geometry	receptor_grouped_5fold	4	Gi/o	numeric__receptor_only__dry_d349_r350_min_distance	0.0	0.0
receptor_only_geometry	receptor_grouped_5fold	4	Gi/o	numeric__receptor_only__r350_chi1	1.1998891630058308	1.1998891630058308
receptor_only_geometry	receptor_grouped_5fold	4	Gi/o	numeric__receptor_only__r350_chi2	-0.23756089168007744	0.23756089168007744
receptor_only_geometry	receptor_grouped_5fold	4	Gi/o	numeric__receptor_only__pif_550_340_distance	0.0	0.0
receptor_only_geometry	receptor_grouped_5fold	4	Gi/o	numeric__receptor_only__pif_340_644_distance	0.0	0.0
receptor_only_geometry	receptor_grouped_5fold	4	Gi/o	numeric__receptor_only__pif_550_644_distance	-0.25859695339937266	0.25859695339937266
receptor_only_geometry	receptor_grouped_5fold	4	Gi/o	numeric__receptor_only__pif_550_340_min_distance	0.0	0.0
receptor_only_geometry	receptor_grouped_5fold	4	Gi/o	numeric__receptor_only__pif_340_644_min_distance	0.0	0.0
receptor_only_geometry	receptor_grouped_5fold	4	Gi/o	numeric__receptor_only__pif_550_644_min_distance	-0.12730623394882604	0.12730623394882604
receptor_only_geometry	receptor_grouped_5fold	4	Gi/o	numeric__receptor_only__pif_triangle_perimeter	0.0	0.0
receptor_only_geometry	receptor_grouped_5fold	4	Gi/o	numeric__receptor_only__position_644_chi1	0.0	0.0
receptor_only_geometry	receptor_grouped_5fold	4	Gi/o	numeric__receptor_only__position_644_chi2	0.0	0.0
receptor_only_geometry	receptor_grouped_5fold	4	Gi/o	numeric__receptor_only__w648_chi1	0.0	0.0
receptor_only_geometry	receptor_grouped_5fold	4	Gi/o	numeric__receptor_only__w648_chi2	0.0	0.0
receptor_only_geometry	receptor_grouped_5fold	4	Gi/o	numeric__receptor_only__w648_displacement	0.0	0.0
receptor_only_geometry	receptor_grouped_5fold	4	Gi/o	numeric__receptor_only__w648_to_644_distance	0.0	0.0
receptor_only_geometry	receptor_grouped_5fold	4	Gi/o	numeric__receptor_only__cwxp_647_650_distance	0.5040147647106823	0.5040147647106823
receptor_only_geometry	receptor_grouped_5fold	4	Gi/o	numeric__receptor_only__y753_chi1	-0.178451813056602	0.178451813056602
receptor_only_geometry	receptor_grouped_5fold	4	Gi/o	numeric__receptor_only__y753_chi2	0.13139615511491098	0.13139615511491098
receptor_only_geometry	receptor_grouped_5fold	4	Gi/o	numeric__receptor_only__y753_y558_distance	0.0	0.0
receptor_only_geometry	receptor_grouped_5fold	4	Gi/o	numeric__receptor_only__y753_y558_min_distance	0.0	0.0
receptor_only_geometry	receptor_grouped_5fold	4	Gi/o	numeric__receptor_only__n749_y753_distance	0.0	0.0
receptor_only_geometry	receptor_grouped_5fold	4	Gi/o	numeric__receptor_only__npxxy_local_spread	0.0	0.0
receptor_only_geometry	receptor_grouped_5fold	4	Gi/o	numeric__receptor_only__y753_displacement	0.0	0.0
receptor_only_geometry	receptor_grouped_5fold	4	Gi/o	numeric__receptor_only__sodium_d250_s339_distance	0.0	0.0
receptor_only_geometry	receptor_grouped_5fold	4	Gi/o	numeric__receptor_only__sodium_d250_n745_distance	0.0	0.0
receptor_only_geometry	receptor_grouped_5fold	4	Gi/o	numeric__receptor_only__sodium_d250_s746_distance	0.6007682462900145	0.6007682462900145
receptor_only_geometry	receptor_grouped_5fold	4	Gi/o	numeric__receptor_only__sodium_d250_n749_distance	0.0	0.0
receptor_only_geometry	receptor_grouped_5fold	4	Gi/o	numeric__receptor_only__sodium_pocket_volume	0.0	0.0
receptor_only_geometry	receptor_grouped_5fold	4	Gi/o	numeric__receptor_only__sodium_pocket_spread	0.0	0.0
receptor_only_geometry	receptor_grouped_5fold	4	Gi/o	numeric__receptor_only__tm7_rotation	0.0	0.0
receptor_only_geometry	receptor_grouped_5fold	4	Gi/o	numeric__receptor_only__icl2_generic_ca_count	0.0	0.0
receptor_only_geometry	receptor_grouped_5fold	4	Gi/o	numeric__receptor_only__icl2_end_to_end_distance	0.0	0.0
receptor_only_geometry	receptor_grouped_5fold	4	Gi/o	numeric__receptor_only__icl2_centroid_to_r350	0.03720078206647846	0.03720078206647846
receptor_only_geometry	receptor_grouped_5fold	4	Gi/o	numeric__receptor_only__icl2_centroid_to_tm5_561	0.0	0.0
receptor_only_geometry	receptor_grouped_5fold	4	Gi/o	numeric__receptor_only__icl2_centroid_to_tm6_634	0.0	0.0
receptor_only_geometry	receptor_grouped_5fold	4	Gi/o	numeric__receptor_only__icl2_centroid_to_tm7_753	0.2778677418443545	0.2778677418443545
receptor_only_geometry	receptor_grouped_5fold	4	Gi/o	numeric__receptor_only__icl2_axis_tm3_angle	0.0	0.0
receptor_only_geometry	receptor_grouped_5fold	4	Gi/o	numeric__receptor_only__icl2_axis_tm5_angle	0.0	0.0
receptor_only_geometry	receptor_grouped_5fold	4	Gi/o	numeric__receptor_only__icl2_active_reference_displacement	0.0	0.0
receptor_only_geometry	receptor_grouped_5fold	4	Gi/o	numeric__receptor_only__tm5_cytoplasmic_extension	-0.04242093975138432	0.04242093975138432
receptor_only_geometry	receptor_grouped_5fold	4	Gi/o	numeric__receptor_only__tm5_cytoplasmic_kink	0.0	0.0
receptor_only_geometry	receptor_grouped_5fold	4	Gi/o	numeric__receptor_only__tm5_r350_561_distance	-0.047366575532197974	0.047366575532197974
receptor_only_geometry	receptor_grouped_5fold	4	Gi/o	numeric__receptor_only__tm5_r350_564_distance	0.0	0.0
receptor_only_geometry	receptor_grouped_5fold	4	Gi/o	numeric__receptor_only__tm5_tm6_cavity_distance	0.0	0.0
receptor_only_geometry	receptor_grouped_5fold	4	Gi/o	numeric__receptor_only__tm5_axis_tm3_angle	-0.08191826195893152	0.08191826195893152
receptor_only_geometry	receptor_grouped_5fold	4	Gi/o	numeric__receptor_only__tm6_lower_upper_kink	0.0	0.0
receptor_only_geometry	receptor_grouped_5fold	4	Gi/o	numeric__receptor_only__tm6_axis_tm3_angle	0.0	0.0
receptor_only_geometry	receptor_grouped_5fold	4	Gi/o	numeric__receptor_only__tm6_tm7_cavity_distance	0.0	0.0
receptor_only_geometry	receptor_grouped_5fold	4	Gi/o	numeric__receptor_only__tm7_h8_angle	0.0	0.0
receptor_only_geometry	receptor_grouped_5fold	4	Gi/o	numeric__receptor_only__h8_end_to_end_distance	0.0	0.0
receptor_only_geometry	receptor_grouped_5fold	4	Gi/o	numeric__receptor_only__h8_r350_distance	0.0	0.0
receptor_only_geometry	receptor_grouped_5fold	4	Gi/o	numeric__receptor_only__h8_tm6_distance	0.0	0.0
receptor_only_geometry	receptor_grouped_5fold	4	Gi/o	numeric__receptor_only__icl2_helix_fraction	0.0	0.0
receptor_only_geometry	receptor_grouped_5fold	4	Gi/o	numeric__receptor_only__icl2_longest_helix	0.0	0.0
receptor_only_geometry	receptor_grouped_5fold	4	Gi/o	numeric__receptor_only__icl2_mean_phi	-0.035870077783300945	0.035870077783300945
receptor_only_geometry	receptor_grouped_5fold	4	Gi/o	numeric__receptor_only__icl2_mean_psi	0.0794973762919166	0.0794973762919166
receptor_only_geometry	receptor_grouped_5fold	4	Gi/o	numeric__receptor_only__intracellular_cavity_core_volume	0.0	0.0
receptor_only_geometry	receptor_grouped_5fold	4	Gi/o	numeric__receptor_only__intracellular_cavity_core_mouth_area	0.0	0.0
receptor_only_geometry	receptor_grouped_5fold	4	Gi/o	numeric__receptor_only__intracellular_cavity_core_depth	0.0	0.0
receptor_only_geometry	receptor_grouped_5fold	4	Gi/o	numeric__receptor_only__intracellular_cavity_core_maximum_width	0.0	0.0
receptor_only_geometry	receptor_grouped_5fold	4	Gi/o	numeric__receptor_only__intracellular_cavity_core_average_cross_section	0.0	0.0
receptor_only_geometry	receptor_grouped_5fold	4	Gi/o	numeric__receptor_only__intracellular_cavity_core_bottleneck_area	0.0	0.0
receptor_only_geometry	receptor_grouped_5fold	4	Gi/o	numeric__receptor_only__intracellular_cavity_core_bottleneck_radius	0.0	0.0
receptor_only_geometry	receptor_grouped_5fold	4	Gi/o	numeric__receptor_only__intracellular_cavity_core_max_inscribed_radius	0.0	0.0
receptor_only_geometry	receptor_grouped_5fold	4	Gi/o	numeric__receptor_only__intracellular_cavity_core_surface_area	0.0	0.0
receptor_only_geometry	receptor_grouped_5fold	4	Gi/o	numeric__receptor_only__intracellular_cavity_core_centroid_x	0.0	0.0
receptor_only_geometry	receptor_grouped_5fold	4	Gi/o	numeric__receptor_only__intracellular_cavity_core_centroid_y	0.0	0.0
receptor_only_geometry	receptor_grouped_5fold	4	Gi/o	numeric__receptor_only__intracellular_cavity_core_centroid_z	0.0	0.0
receptor_only_geometry	receptor_grouped_5fold	4	Gi/o	numeric__receptor_only__intracellular_cavity_core_principal_length_1	0.0	0.0
receptor_only_geometry	receptor_grouped_5fold	4	Gi/o	numeric__receptor_only__intracellular_cavity_core_principal_length_2	0.0	0.0
receptor_only_geometry	receptor_grouped_5fold	4	Gi/o	numeric__receptor_only__intracellular_cavity_core_principal_length_3	0.0	0.0
receptor_only_geometry	receptor_grouped_5fold	4	Gi/o	numeric__receptor_only__intracellular_cavity_core_principal_axis_1_z_alignment	0.0	0.0
receptor_only_geometry	receptor_grouped_5fold	4	Gi/o	numeric__receptor_only__intracellular_cavity_core_eccentricity	0.0	0.0
receptor_only_geometry	receptor_grouped_5fold	4	Gi/o	numeric__receptor_only__intracellular_cavity_core_sphericity	0.0	0.0
receptor_only_geometry	receptor_grouped_5fold	4	Gi/o	numeric__receptor_only__intracellular_cavity_core_asymmetry	0.0	0.0
receptor_only_geometry	receptor_grouped_5fold	4	Gi/o	numeric__receptor_only__intracellular_cavity_core_tm3_side_fraction	0.0	0.0
receptor_only_geometry	receptor_grouped_5fold	4	Gi/o	numeric__receptor_only__intracellular_cavity_core_tm6_side_fraction	0.0	0.0
receptor_only_geometry	receptor_grouped_5fold	4	Gi/o	numeric__receptor_only__intracellular_cavity_core_tm5_side_fraction	0.0	0.0
receptor_only_geometry	receptor_grouped_5fold	4	Gi/o	numeric__receptor_only__intracellular_cavity_core_tm7_side_fraction	0.0	0.0
receptor_only_geometry	receptor_grouped_5fold	4	Gi/o	numeric__receptor_only__intracellular_cavity_core_wall_fraction_h8	0.9143940792865229	0.9143940792865229
receptor_only_geometry	receptor_grouped_5fold	4	Gi/o	numeric__receptor_only__intracellular_cavity_core_wall_fraction_icl2	0.0	0.0
receptor_only_geometry	receptor_grouped_5fold	4	Gi/o	numeric__receptor_only__intracellular_cavity_core_wall_fraction_tm3	0.015099680486154184	0.015099680486154184
receptor_only_geometry	receptor_grouped_5fold	4	Gi/o	numeric__receptor_only__intracellular_cavity_core_wall_fraction_tm7	0.0	0.0
receptor_only_geometry	receptor_grouped_5fold	4	Gq/11	numeric__receptor_only__activation_consensus_score	0.0	0.0
receptor_only_geometry	receptor_grouped_5fold	4	Gq/11	numeric__receptor_only__tm6_r350_634_distance	0.0	0.0
receptor_only_geometry	receptor_grouped_5fold	4	Gq/11	numeric__receptor_only__tm6_aligned_displacement	0.0	0.0
receptor_only_geometry	receptor_grouped_5fold	4	Gq/11	numeric__receptor_only__tm7_displacement	0.0	0.0
receptor_only_geometry	receptor_grouped_5fold	4	Gq/11	numeric__receptor_only__tm3_tm7_distance	-0.08265455117454239	0.08265455117454239
receptor_only_geometry	receptor_grouped_5fold	4	Gq/11	numeric__receptor_only__tm6_r350_630_distance	0.0	0.0
receptor_only_geometry	receptor_grouped_5fold	4	Gq/11	numeric__receptor_only__dry_r350_630_min_distance	0.0	0.0
receptor_only_geometry	receptor_grouped_5fold	4	Gq/11	numeric__receptor_only__dry_r350_630_ca_distance	0.0	0.0
receptor_only_geometry	receptor_grouped_5fold	4	Gq/11	numeric__receptor_only__dry_d349_r350_min_distance	-0.2573959040500949	0.2573959040500949
receptor_only_geometry	receptor_grouped_5fold	4	Gq/11	numeric__receptor_only__r350_chi1	0.0	0.0
receptor_only_geometry	receptor_grouped_5fold	4	Gq/11	numeric__receptor_only__r350_chi2	0.09700345209943688	0.09700345209943688
receptor_only_geometry	receptor_grouped_5fold	4	Gq/11	numeric__receptor_only__pif_550_340_distance	0.0	0.0
receptor_only_geometry	receptor_grouped_5fold	4	Gq/11	numeric__receptor_only__pif_340_644_distance	-1.387412867421734	1.387412867421734
receptor_only_geometry	receptor_grouped_5fold	4	Gq/11	numeric__receptor_only__pif_550_644_distance	0.0	0.0
receptor_only_geometry	receptor_grouped_5fold	4	Gq/11	numeric__receptor_only__pif_550_340_min_distance	0.0	0.0
receptor_only_geometry	receptor_grouped_5fold	4	Gq/11	numeric__receptor_only__pif_340_644_min_distance	0.0	0.0
receptor_only_geometry	receptor_grouped_5fold	4	Gq/11	numeric__receptor_only__pif_550_644_min_distance	0.0	0.0
receptor_only_geometry	receptor_grouped_5fold	4	Gq/11	numeric__receptor_only__pif_triangle_perimeter	0.0	0.0
receptor_only_geometry	receptor_grouped_5fold	4	Gq/11	numeric__receptor_only__position_644_chi1	0.0	0.0
receptor_only_geometry	receptor_grouped_5fold	4	Gq/11	numeric__receptor_only__position_644_chi2	0.0	0.0
receptor_only_geometry	receptor_grouped_5fold	4	Gq/11	numeric__receptor_only__w648_chi1	0.0	0.0
receptor_only_geometry	receptor_grouped_5fold	4	Gq/11	numeric__receptor_only__w648_chi2	0.0	0.0
receptor_only_geometry	receptor_grouped_5fold	4	Gq/11	numeric__receptor_only__w648_displacement	0.0	0.0
receptor_only_geometry	receptor_grouped_5fold	4	Gq/11	numeric__receptor_only__w648_to_644_distance	0.05677810445710568	0.05677810445710568
receptor_only_geometry	receptor_grouped_5fold	4	Gq/11	numeric__receptor_only__cwxp_647_650_distance	0.0	0.0
receptor_only_geometry	receptor_grouped_5fold	4	Gq/11	numeric__receptor_only__y753_chi1	0.0	0.0
receptor_only_geometry	receptor_grouped_5fold	4	Gq/11	numeric__receptor_only__y753_chi2	0.0	0.0
receptor_only_geometry	receptor_grouped_5fold	4	Gq/11	numeric__receptor_only__y753_y558_distance	0.0	0.0
receptor_only_geometry	receptor_grouped_5fold	4	Gq/11	numeric__receptor_only__y753_y558_min_distance	0.0	0.0
receptor_only_geometry	receptor_grouped_5fold	4	Gq/11	numeric__receptor_only__n749_y753_distance	0.0	0.0
receptor_only_geometry	receptor_grouped_5fold	4	Gq/11	numeric__receptor_only__npxxy_local_spread	0.0	0.0
receptor_only_geometry	receptor_grouped_5fold	4	Gq/11	numeric__receptor_only__y753_displacement	0.0	0.0
receptor_only_geometry	receptor_grouped_5fold	4	Gq/11	numeric__receptor_only__sodium_d250_s339_distance	0.0	0.0
receptor_only_geometry	receptor_grouped_5fold	4	Gq/11	numeric__receptor_only__sodium_d250_n745_distance	0.0	0.0
receptor_only_geometry	receptor_grouped_5fold	4	Gq/11	numeric__receptor_only__sodium_d250_s746_distance	0.0	0.0
receptor_only_geometry	receptor_grouped_5fold	4	Gq/11	numeric__receptor_only__sodium_d250_n749_distance	0.0	0.0
receptor_only_geometry	receptor_grouped_5fold	4	Gq/11	numeric__receptor_only__sodium_pocket_volume	0.0	0.0
receptor_only_geometry	receptor_grouped_5fold	4	Gq/11	numeric__receptor_only__sodium_pocket_spread	0.0	0.0
receptor_only_geometry	receptor_grouped_5fold	4	Gq/11	numeric__receptor_only__tm7_rotation	0.0	0.0
receptor_only_geometry	receptor_grouped_5fold	4	Gq/11	numeric__receptor_only__icl2_generic_ca_count	0.0	0.0
receptor_only_geometry	receptor_grouped_5fold	4	Gq/11	numeric__receptor_only__icl2_end_to_end_distance	0.0	0.0
receptor_only_geometry	receptor_grouped_5fold	4	Gq/11	numeric__receptor_only__icl2_centroid_to_r350	0.0	0.0
receptor_only_geometry	receptor_grouped_5fold	4	Gq/11	numeric__receptor_only__icl2_centroid_to_tm5_561	0.0	0.0
receptor_only_geometry	receptor_grouped_5fold	4	Gq/11	numeric__receptor_only__icl2_centroid_to_tm6_634	0.0	0.0
receptor_only_geometry	receptor_grouped_5fold	4	Gq/11	numeric__receptor_only__icl2_centroid_to_tm7_753	0.0	0.0
receptor_only_geometry	receptor_grouped_5fold	4	Gq/11	numeric__receptor_only__icl2_axis_tm3_angle	0.0	0.0
receptor_only_geometry	receptor_grouped_5fold	4	Gq/11	numeric__receptor_only__icl2_axis_tm5_angle	0.0	0.0
receptor_only_geometry	receptor_grouped_5fold	4	Gq/11	numeric__receptor_only__icl2_active_reference_displacement	0.0	0.0
receptor_only_geometry	receptor_grouped_5fold	4	Gq/11	numeric__receptor_only__tm5_cytoplasmic_extension	0.0	0.0
receptor_only_geometry	receptor_grouped_5fold	4	Gq/11	numeric__receptor_only__tm5_cytoplasmic_kink	0.0	0.0
receptor_only_geometry	receptor_grouped_5fold	4	Gq/11	numeric__receptor_only__tm5_r350_561_distance	0.0	0.0
receptor_only_geometry	receptor_grouped_5fold	4	Gq/11	numeric__receptor_only__tm5_r350_564_distance	0.0	0.0
receptor_only_geometry	receptor_grouped_5fold	4	Gq/11	numeric__receptor_only__tm5_tm6_cavity_distance	0.0	0.0
receptor_only_geometry	receptor_grouped_5fold	4	Gq/11	numeric__receptor_only__tm5_axis_tm3_angle	0.0	0.0
receptor_only_geometry	receptor_grouped_5fold	4	Gq/11	numeric__receptor_only__tm6_lower_upper_kink	0.0	0.0
receptor_only_geometry	receptor_grouped_5fold	4	Gq/11	numeric__receptor_only__tm6_axis_tm3_angle	0.0	0.0
receptor_only_geometry	receptor_grouped_5fold	4	Gq/11	numeric__receptor_only__tm6_tm7_cavity_distance	0.0	0.0
receptor_only_geometry	receptor_grouped_5fold	4	Gq/11	numeric__receptor_only__tm7_h8_angle	0.21260679789249035	0.21260679789249035
receptor_only_geometry	receptor_grouped_5fold	4	Gq/11	numeric__receptor_only__h8_end_to_end_distance	0.0	0.0
receptor_only_geometry	receptor_grouped_5fold	4	Gq/11	numeric__receptor_only__h8_r350_distance	0.0	0.0
receptor_only_geometry	receptor_grouped_5fold	4	Gq/11	numeric__receptor_only__h8_tm6_distance	0.0	0.0
receptor_only_geometry	receptor_grouped_5fold	4	Gq/11	numeric__receptor_only__icl2_helix_fraction	0.0	0.0
receptor_only_geometry	receptor_grouped_5fold	4	Gq/11	numeric__receptor_only__icl2_longest_helix	0.0	0.0
receptor_only_geometry	receptor_grouped_5fold	4	Gq/11	numeric__receptor_only__icl2_mean_phi	0.14272765435149545	0.14272765435149545
receptor_only_geometry	receptor_grouped_5fold	4	Gq/11	numeric__receptor_only__icl2_mean_psi	0.0	0.0
receptor_only_geometry	receptor_grouped_5fold	4	Gq/11	numeric__receptor_only__intracellular_cavity_core_volume	0.0	0.0
receptor_only_geometry	receptor_grouped_5fold	4	Gq/11	numeric__receptor_only__intracellular_cavity_core_mouth_area	0.0	0.0
receptor_only_geometry	receptor_grouped_5fold	4	Gq/11	numeric__receptor_only__intracellular_cavity_core_depth	0.0	0.0
receptor_only_geometry	receptor_grouped_5fold	4	Gq/11	numeric__receptor_only__intracellular_cavity_core_maximum_width	0.0	0.0
receptor_only_geometry	receptor_grouped_5fold	4	Gq/11	numeric__receptor_only__intracellular_cavity_core_average_cross_section	0.0	0.0
receptor_only_geometry	receptor_grouped_5fold	4	Gq/11	numeric__receptor_only__intracellular_cavity_core_bottleneck_area	0.0	0.0
receptor_only_geometry	receptor_grouped_5fold	4	Gq/11	numeric__receptor_only__intracellular_cavity_core_bottleneck_radius	0.0	0.0
receptor_only_geometry	receptor_grouped_5fold	4	Gq/11	numeric__receptor_only__intracellular_cavity_core_max_inscribed_radius	0.0	0.0
receptor_only_geometry	receptor_grouped_5fold	4	Gq/11	numeric__receptor_only__intracellular_cavity_core_surface_area	0.0	0.0
receptor_only_geometry	receptor_grouped_5fold	4	Gq/11	numeric__receptor_only__intracellular_cavity_core_centroid_x	0.569298181122222	0.569298181122222
receptor_only_geometry	receptor_grouped_5fold	4	Gq/11	numeric__receptor_only__intracellular_cavity_core_centroid_y	0.0	0.0
receptor_only_geometry	receptor_grouped_5fold	4	Gq/11	numeric__receptor_only__intracellular_cavity_core_centroid_z	0.0	0.0
receptor_only_geometry	receptor_grouped_5fold	4	Gq/11	numeric__receptor_only__intracellular_cavity_core_principal_length_1	0.0	0.0
receptor_only_geometry	receptor_grouped_5fold	4	Gq/11	numeric__receptor_only__intracellular_cavity_core_principal_length_2	0.0	0.0
receptor_only_geometry	receptor_grouped_5fold	4	Gq/11	numeric__receptor_only__intracellular_cavity_core_principal_length_3	0.0	0.0
receptor_only_geometry	receptor_grouped_5fold	4	Gq/11	numeric__receptor_only__intracellular_cavity_core_principal_axis_1_z_alignment	0.0	0.0
receptor_only_geometry	receptor_grouped_5fold	4	Gq/11	numeric__receptor_only__intracellular_cavity_core_eccentricity	0.0	0.0
receptor_only_geometry	receptor_grouped_5fold	4	Gq/11	numeric__receptor_only__intracellular_cavity_core_sphericity	0.0	0.0
receptor_only_geometry	receptor_grouped_5fold	4	Gq/11	numeric__receptor_only__intracellular_cavity_core_asymmetry	0.0	0.0
receptor_only_geometry	receptor_grouped_5fold	4	Gq/11	numeric__receptor_only__intracellular_cavity_core_tm3_side_fraction	0.0	0.0
receptor_only_geometry	receptor_grouped_5fold	4	Gq/11	numeric__receptor_only__intracellular_cavity_core_tm6_side_fraction	0.0	0.0
receptor_only_geometry	receptor_grouped_5fold	4	Gq/11	numeric__receptor_only__intracellular_cavity_core_tm5_side_fraction	0.0	0.0
receptor_only_geometry	receptor_grouped_5fold	4	Gq/11	numeric__receptor_only__intracellular_cavity_core_tm7_side_fraction	0.0	0.0
receptor_only_geometry	receptor_grouped_5fold	4	Gq/11	numeric__receptor_only__intracellular_cavity_core_wall_fraction_h8	0.0	0.0
receptor_only_geometry	receptor_grouped_5fold	4	Gq/11	numeric__receptor_only__intracellular_cavity_core_wall_fraction_icl2	0.0	0.0
receptor_only_geometry	receptor_grouped_5fold	4	Gq/11	numeric__receptor_only__intracellular_cavity_core_wall_fraction_tm3	-0.6649991818581545	0.6649991818581545
receptor_only_geometry	receptor_grouped_5fold	4	Gq/11	numeric__receptor_only__intracellular_cavity_core_wall_fraction_tm7	0.0	0.0
receptor_only_geometry	receptor_grouped_5fold	4	Gs	numeric__receptor_only__activation_consensus_score	0.0	0.0
receptor_only_geometry	receptor_grouped_5fold	4	Gs	numeric__receptor_only__tm6_r350_634_distance	0.0	0.0
receptor_only_geometry	receptor_grouped_5fold	4	Gs	numeric__receptor_only__tm6_aligned_displacement	0.0	0.0
receptor_only_geometry	receptor_grouped_5fold	4	Gs	numeric__receptor_only__tm7_displacement	0.0	0.0
receptor_only_geometry	receptor_grouped_5fold	4	Gs	numeric__receptor_only__tm3_tm7_distance	0.0	0.0
receptor_only_geometry	receptor_grouped_5fold	4	Gs	numeric__receptor_only__tm6_r350_630_distance	0.0	0.0
receptor_only_geometry	receptor_grouped_5fold	4	Gs	numeric__receptor_only__dry_r350_630_min_distance	0.0	0.0
receptor_only_geometry	receptor_grouped_5fold	4	Gs	numeric__receptor_only__dry_r350_630_ca_distance	0.0	0.0
receptor_only_geometry	receptor_grouped_5fold	4	Gs	numeric__receptor_only__dry_d349_r350_min_distance	0.0	0.0
receptor_only_geometry	receptor_grouped_5fold	4	Gs	numeric__receptor_only__r350_chi1	0.0	0.0
receptor_only_geometry	receptor_grouped_5fold	4	Gs	numeric__receptor_only__r350_chi2	0.0	0.0
receptor_only_geometry	receptor_grouped_5fold	4	Gs	numeric__receptor_only__pif_550_340_distance	0.0	0.0
receptor_only_geometry	receptor_grouped_5fold	4	Gs	numeric__receptor_only__pif_340_644_distance	0.0	0.0
receptor_only_geometry	receptor_grouped_5fold	4	Gs	numeric__receptor_only__pif_550_644_distance	0.7930208238040124	0.7930208238040124
receptor_only_geometry	receptor_grouped_5fold	4	Gs	numeric__receptor_only__pif_550_340_min_distance	0.0	0.0
receptor_only_geometry	receptor_grouped_5fold	4	Gs	numeric__receptor_only__pif_340_644_min_distance	0.0	0.0
receptor_only_geometry	receptor_grouped_5fold	4	Gs	numeric__receptor_only__pif_550_644_min_distance	0.0	0.0
receptor_only_geometry	receptor_grouped_5fold	4	Gs	numeric__receptor_only__pif_triangle_perimeter	0.1824286642217189	0.1824286642217189
receptor_only_geometry	receptor_grouped_5fold	4	Gs	numeric__receptor_only__position_644_chi1	0.0	0.0
receptor_only_geometry	receptor_grouped_5fold	4	Gs	numeric__receptor_only__position_644_chi2	0.0	0.0
receptor_only_geometry	receptor_grouped_5fold	4	Gs	numeric__receptor_only__w648_chi1	0.0	0.0
receptor_only_geometry	receptor_grouped_5fold	4	Gs	numeric__receptor_only__w648_chi2	0.0	0.0
receptor_only_geometry	receptor_grouped_5fold	4	Gs	numeric__receptor_only__w648_displacement	0.0	0.0
receptor_only_geometry	receptor_grouped_5fold	4	Gs	numeric__receptor_only__w648_to_644_distance	0.0	0.0
receptor_only_geometry	receptor_grouped_5fold	4	Gs	numeric__receptor_only__cwxp_647_650_distance	0.0	0.0
receptor_only_geometry	receptor_grouped_5fold	4	Gs	numeric__receptor_only__y753_chi1	0.24306629540775992	0.24306629540775992
receptor_only_geometry	receptor_grouped_5fold	4	Gs	numeric__receptor_only__y753_chi2	0.0	0.0
receptor_only_geometry	receptor_grouped_5fold	4	Gs	numeric__receptor_only__y753_y558_distance	0.0	0.0
receptor_only_geometry	receptor_grouped_5fold	4	Gs	numeric__receptor_only__y753_y558_min_distance	0.0	0.0
receptor_only_geometry	receptor_grouped_5fold	4	Gs	numeric__receptor_only__n749_y753_distance	0.0	0.0
receptor_only_geometry	receptor_grouped_5fold	4	Gs	numeric__receptor_only__npxxy_local_spread	0.0	0.0
receptor_only_geometry	receptor_grouped_5fold	4	Gs	numeric__receptor_only__y753_displacement	0.0	0.0
receptor_only_geometry	receptor_grouped_5fold	4	Gs	numeric__receptor_only__sodium_d250_s339_distance	0.0	0.0
receptor_only_geometry	receptor_grouped_5fold	4	Gs	numeric__receptor_only__sodium_d250_n745_distance	0.0	0.0
receptor_only_geometry	receptor_grouped_5fold	4	Gs	numeric__receptor_only__sodium_d250_s746_distance	0.0	0.0
receptor_only_geometry	receptor_grouped_5fold	4	Gs	numeric__receptor_only__sodium_d250_n749_distance	0.0	0.0
receptor_only_geometry	receptor_grouped_5fold	4	Gs	numeric__receptor_only__sodium_pocket_volume	0.0	0.0
receptor_only_geometry	receptor_grouped_5fold	4	Gs	numeric__receptor_only__sodium_pocket_spread	0.0	0.0
receptor_only_geometry	receptor_grouped_5fold	4	Gs	numeric__receptor_only__tm7_rotation	0.0	0.0
receptor_only_geometry	receptor_grouped_5fold	4	Gs	numeric__receptor_only__icl2_generic_ca_count	0.0	0.0
receptor_only_geometry	receptor_grouped_5fold	4	Gs	numeric__receptor_only__icl2_end_to_end_distance	0.0	0.0
receptor_only_geometry	receptor_grouped_5fold	4	Gs	numeric__receptor_only__icl2_centroid_to_r350	0.0	0.0
receptor_only_geometry	receptor_grouped_5fold	4	Gs	numeric__receptor_only__icl2_centroid_to_tm5_561	0.0	0.0
receptor_only_geometry	receptor_grouped_5fold	4	Gs	numeric__receptor_only__icl2_centroid_to_tm6_634	0.0	0.0
receptor_only_geometry	receptor_grouped_5fold	4	Gs	numeric__receptor_only__icl2_centroid_to_tm7_753	0.0	0.0
receptor_only_geometry	receptor_grouped_5fold	4	Gs	numeric__receptor_only__icl2_axis_tm3_angle	0.0	0.0
receptor_only_geometry	receptor_grouped_5fold	4	Gs	numeric__receptor_only__icl2_axis_tm5_angle	0.0	0.0
receptor_only_geometry	receptor_grouped_5fold	4	Gs	numeric__receptor_only__icl2_active_reference_displacement	0.0	0.0
receptor_only_geometry	receptor_grouped_5fold	4	Gs	numeric__receptor_only__tm5_cytoplasmic_extension	1.5673274699700455	1.5673274699700455
receptor_only_geometry	receptor_grouped_5fold	4	Gs	numeric__receptor_only__tm5_cytoplasmic_kink	0.0	0.0
receptor_only_geometry	receptor_grouped_5fold	4	Gs	numeric__receptor_only__tm5_r350_561_distance	0.0	0.0
receptor_only_geometry	receptor_grouped_5fold	4	Gs	numeric__receptor_only__tm5_r350_564_distance	0.0	0.0
receptor_only_geometry	receptor_grouped_5fold	4	Gs	numeric__receptor_only__tm5_tm6_cavity_distance	0.0	0.0
receptor_only_geometry	receptor_grouped_5fold	4	Gs	numeric__receptor_only__tm5_axis_tm3_angle	0.0	0.0
receptor_only_geometry	receptor_grouped_5fold	4	Gs	numeric__receptor_only__tm6_lower_upper_kink	0.0	0.0
receptor_only_geometry	receptor_grouped_5fold	4	Gs	numeric__receptor_only__tm6_axis_tm3_angle	0.0	0.0
receptor_only_geometry	receptor_grouped_5fold	4	Gs	numeric__receptor_only__tm6_tm7_cavity_distance	0.0	0.0
receptor_only_geometry	receptor_grouped_5fold	4	Gs	numeric__receptor_only__tm7_h8_angle	0.0	0.0
receptor_only_geometry	receptor_grouped_5fold	4	Gs	numeric__receptor_only__h8_end_to_end_distance	0.0	0.0
receptor_only_geometry	receptor_grouped_5fold	4	Gs	numeric__receptor_only__h8_r350_distance	0.0	0.0
receptor_only_geometry	receptor_grouped_5fold	4	Gs	numeric__receptor_only__h8_tm6_distance	0.0	0.0
receptor_only_geometry	receptor_grouped_5fold	4	Gs	numeric__receptor_only__icl2_helix_fraction	0.0	0.0
receptor_only_geometry	receptor_grouped_5fold	4	Gs	numeric__receptor_only__icl2_longest_helix	0.0	0.0
receptor_only_geometry	receptor_grouped_5fold	4	Gs	numeric__receptor_only__icl2_mean_phi	0.0	0.0
receptor_only_geometry	receptor_grouped_5fold	4	Gs	numeric__receptor_only__icl2_mean_psi	0.0	0.0
receptor_only_geometry	receptor_grouped_5fold	4	Gs	numeric__receptor_only__intracellular_cavity_core_volume	0.0	0.0
receptor_only_geometry	receptor_grouped_5fold	4	Gs	numeric__receptor_only__intracellular_cavity_core_mouth_area	0.0	0.0
receptor_only_geometry	receptor_grouped_5fold	4	Gs	numeric__receptor_only__intracellular_cavity_core_depth	0.0	0.0
receptor_only_geometry	receptor_grouped_5fold	4	Gs	numeric__receptor_only__intracellular_cavity_core_maximum_width	0.0	0.0
receptor_only_geometry	receptor_grouped_5fold	4	Gs	numeric__receptor_only__intracellular_cavity_core_average_cross_section	0.0	0.0
receptor_only_geometry	receptor_grouped_5fold	4	Gs	numeric__receptor_only__intracellular_cavity_core_bottleneck_area	0.0	0.0
receptor_only_geometry	receptor_grouped_5fold	4	Gs	numeric__receptor_only__intracellular_cavity_core_bottleneck_radius	0.0	0.0
receptor_only_geometry	receptor_grouped_5fold	4	Gs	numeric__receptor_only__intracellular_cavity_core_max_inscribed_radius	0.0	0.0
receptor_only_geometry	receptor_grouped_5fold	4	Gs	numeric__receptor_only__intracellular_cavity_core_surface_area	0.0	0.0
receptor_only_geometry	receptor_grouped_5fold	4	Gs	numeric__receptor_only__intracellular_cavity_core_centroid_x	-1.0979155656423907	1.0979155656423907
receptor_only_geometry	receptor_grouped_5fold	4	Gs	numeric__receptor_only__intracellular_cavity_core_centroid_y	0.0	0.0
receptor_only_geometry	receptor_grouped_5fold	4	Gs	numeric__receptor_only__intracellular_cavity_core_centroid_z	0.0	0.0
receptor_only_geometry	receptor_grouped_5fold	4	Gs	numeric__receptor_only__intracellular_cavity_core_principal_length_1	-0.18160168465857973	0.18160168465857973
receptor_only_geometry	receptor_grouped_5fold	4	Gs	numeric__receptor_only__intracellular_cavity_core_principal_length_2	0.0	0.0
receptor_only_geometry	receptor_grouped_5fold	4	Gs	numeric__receptor_only__intracellular_cavity_core_principal_length_3	0.0	0.0
receptor_only_geometry	receptor_grouped_5fold	4	Gs	numeric__receptor_only__intracellular_cavity_core_principal_axis_1_z_alignment	0.0	0.0
receptor_only_geometry	receptor_grouped_5fold	4	Gs	numeric__receptor_only__intracellular_cavity_core_eccentricity	-0.1369012681376874	0.1369012681376874
receptor_only_geometry	receptor_grouped_5fold	4	Gs	numeric__receptor_only__intracellular_cavity_core_sphericity	0.0	0.0
receptor_only_geometry	receptor_grouped_5fold	4	Gs	numeric__receptor_only__intracellular_cavity_core_asymmetry	0.0	0.0
receptor_only_geometry	receptor_grouped_5fold	4	Gs	numeric__receptor_only__intracellular_cavity_core_tm3_side_fraction	0.0	0.0
receptor_only_geometry	receptor_grouped_5fold	4	Gs	numeric__receptor_only__intracellular_cavity_core_tm6_side_fraction	0.0	0.0
receptor_only_geometry	receptor_grouped_5fold	4	Gs	numeric__receptor_only__intracellular_cavity_core_tm5_side_fraction	0.0	0.0
receptor_only_geometry	receptor_grouped_5fold	4	Gs	numeric__receptor_only__intracellular_cavity_core_tm7_side_fraction	0.0	0.0
receptor_only_geometry	receptor_grouped_5fold	4	Gs	numeric__receptor_only__intracellular_cavity_core_wall_fraction_h8	0.0	0.0
receptor_only_geometry	receptor_grouped_5fold	4	Gs	numeric__receptor_only__intracellular_cavity_core_wall_fraction_icl2	0.0	0.0
receptor_only_geometry	receptor_grouped_5fold	4	Gs	numeric__receptor_only__intracellular_cavity_core_wall_fraction_tm3	0.0	0.0
receptor_only_geometry	receptor_grouped_5fold	4	Gs	numeric__receptor_only__intracellular_cavity_core_wall_fraction_tm7	0.0	0.0
