pdb_id	chain_id	receptor_name	transducer_family	receptor_only_structure_count	receptor_only_pdb_ids	receptor_only_chains	bound__activation_consensus_score	receptor_only__activation_consensus_score	delta__activation_consensus_score	bound__tm6_r350_634_distance	receptor_only__tm6_r350_634_distance	delta__tm6_r350_634_distance	bound__tm6_aligned_displacement	receptor_only__tm6_aligned_displacement	delta__tm6_aligned_displacement	bound__tm7_displacement	receptor_only__tm7_displacement	delta__tm7_displacement	bound__tm3_tm7_distance	receptor_only__tm3_tm7_distance	delta__tm3_tm7_distance	bound__tm6_r350_630_distance	receptor_only__tm6_r350_630_distance	delta__tm6_r350_630_distance	bound__dry_r350_630_min_distance	receptor_only__dry_r350_630_min_distance	delta__dry_r350_630_min_distance	bound__dry_r350_630_ca_distance	receptor_only__dry_r350_630_ca_distance	delta__dry_r350_630_ca_distance	bound__dry_d349_r350_min_distance	receptor_only__dry_d349_r350_min_distance	delta__dry_d349_r350_min_distance	bound__r350_chi1	receptor_only__r350_chi1	delta__r350_chi1	bound__r350_chi2	receptor_only__r350_chi2	delta__r350_chi2	bound__pif_550_340_distance	receptor_only__pif_550_340_distance	delta__pif_550_340_distance	bound__pif_340_644_distance	receptor_only__pif_340_644_distance	delta__pif_340_644_distance	bound__pif_550_644_distance	receptor_only__pif_550_644_distance	delta__pif_550_644_distance	bound__pif_550_340_min_distance	receptor_only__pif_550_340_min_distance	delta__pif_550_340_min_distance	bound__pif_340_644_min_distance	receptor_only__pif_340_644_min_distance	delta__pif_340_644_min_distance	bound__pif_550_644_min_distance	receptor_only__pif_550_644_min_distance	delta__pif_550_644_min_distance	bound__pif_triangle_perimeter	receptor_only__pif_triangle_perimeter	delta__pif_triangle_perimeter	bound__position_644_chi1	receptor_only__position_644_chi1	delta__position_644_chi1	bound__position_644_chi2	receptor_only__position_644_chi2	delta__position_644_chi2	bound__w648_chi1	receptor_only__w648_chi1	delta__w648_chi1	bound__w648_chi2	receptor_only__w648_chi2	delta__w648_chi2	bound__w648_displacement	receptor_only__w648_displacement	delta__w648_displacement	bound__w648_to_644_distance	receptor_only__w648_to_644_distance	delta__w648_to_644_distance	bound__cwxp_647_650_distance	receptor_only__cwxp_647_650_distance	delta__cwxp_647_650_distance	bound__y753_chi1	receptor_only__y753_chi1	delta__y753_chi1	bound__y753_chi2	receptor_only__y753_chi2	delta__y753_chi2	bound__y753_y558_distance	receptor_only__y753_y558_distance	delta__y753_y558_distance	bound__y753_y558_min_distance	receptor_only__y753_y558_min_distance	delta__y753_y558_min_distance	bound__n749_y753_distance	receptor_only__n749_y753_distance	delta__n749_y753_distance	bound__npxxy_local_spread	receptor_only__npxxy_local_spread	delta__npxxy_local_spread	bound__y753_displacement	receptor_only__y753_displacement	delta__y753_displacement	bound__sodium_d250_s339_distance	receptor_only__sodium_d250_s339_distance	delta__sodium_d250_s339_distance	bound__sodium_d250_n745_distance	receptor_only__sodium_d250_n745_distance	delta__sodium_d250_n745_distance	bound__sodium_d250_s746_distance	receptor_only__sodium_d250_s746_distance	delta__sodium_d250_s746_distance	bound__sodium_d250_n749_distance	receptor_only__sodium_d250_n749_distance	delta__sodium_d250_n749_distance	bound__sodium_pocket_volume	receptor_only__sodium_pocket_volume	delta__sodium_pocket_volume	bound__sodium_pocket_spread	receptor_only__sodium_pocket_spread	delta__sodium_pocket_spread	bound__tm7_rotation	receptor_only__tm7_rotation	delta__tm7_rotation	bound__icl2_generic_ca_count	receptor_only__icl2_generic_ca_count	delta__icl2_generic_ca_count	bound__icl2_end_to_end_distance	receptor_only__icl2_end_to_end_distance	delta__icl2_end_to_end_distance	bound__icl2_centroid_to_r350	receptor_only__icl2_centroid_to_r350	delta__icl2_centroid_to_r350	bound__icl2_centroid_to_tm5_561	receptor_only__icl2_centroid_to_tm5_561	delta__icl2_centroid_to_tm5_561	bound__icl2_centroid_to_tm6_634	receptor_only__icl2_centroid_to_tm6_634	delta__icl2_centroid_to_tm6_634	bound__icl2_centroid_to_tm7_753	receptor_only__icl2_centroid_to_tm7_753	delta__icl2_centroid_to_tm7_753	bound__icl2_axis_tm3_angle	receptor_only__icl2_axis_tm3_angle	delta__icl2_axis_tm3_angle	bound__icl2_axis_tm5_angle	receptor_only__icl2_axis_tm5_angle	delta__icl2_axis_tm5_angle	bound__icl2_active_reference_displacement	receptor_only__icl2_active_reference_displacement	delta__icl2_active_reference_displacement	bound__tm5_cytoplasmic_extension	receptor_only__tm5_cytoplasmic_extension	delta__tm5_cytoplasmic_extension	bound__tm5_cytoplasmic_kink	receptor_only__tm5_cytoplasmic_kink	delta__tm5_cytoplasmic_kink	bound__tm5_r350_561_distance	receptor_only__tm5_r350_561_distance	delta__tm5_r350_561_distance	bound__tm5_r350_564_distance	receptor_only__tm5_r350_564_distance	delta__tm5_r350_564_distance	bound__tm5_tm6_cavity_distance	receptor_only__tm5_tm6_cavity_distance	delta__tm5_tm6_cavity_distance	bound__tm5_axis_tm3_angle	receptor_only__tm5_axis_tm3_angle	delta__tm5_axis_tm3_angle	bound__tm6_lower_upper_kink	receptor_only__tm6_lower_upper_kink	delta__tm6_lower_upper_kink	bound__tm6_axis_tm3_angle	receptor_only__tm6_axis_tm3_angle	delta__tm6_axis_tm3_angle	bound__tm6_tm7_cavity_distance	receptor_only__tm6_tm7_cavity_distance	delta__tm6_tm7_cavity_distance	bound__tm7_h8_angle	receptor_only__tm7_h8_angle	delta__tm7_h8_angle	bound__h8_end_to_end_distance	receptor_only__h8_end_to_end_distance	delta__h8_end_to_end_distance	bound__h8_r350_distance	receptor_only__h8_r350_distance	delta__h8_r350_distance	bound__h8_tm6_distance	receptor_only__h8_tm6_distance	delta__h8_tm6_distance	bound__icl2_helix_fraction	receptor_only__icl2_helix_fraction	delta__icl2_helix_fraction	bound__icl2_longest_helix	receptor_only__icl2_longest_helix	delta__icl2_longest_helix	bound__icl2_mean_phi	receptor_only__icl2_mean_phi	delta__icl2_mean_phi	bound__icl2_mean_psi	receptor_only__icl2_mean_psi	delta__icl2_mean_psi	bound__intracellular_cavity_core_volume	receptor_only__intracellular_cavity_core_volume	delta__intracellular_cavity_core_volume	bound__intracellular_cavity_core_mouth_area	receptor_only__intracellular_cavity_core_mouth_area	delta__intracellular_cavity_core_mouth_area	bound__intracellular_cavity_core_depth	receptor_only__intracellular_cavity_core_depth	delta__intracellular_cavity_core_depth	bound__intracellular_cavity_core_maximum_width	receptor_only__intracellular_cavity_core_maximum_width	delta__intracellular_cavity_core_maximum_width	bound__intracellular_cavity_core_average_cross_section	receptor_only__intracellular_cavity_core_average_cross_section	delta__intracellular_cavity_core_average_cross_section	bound__intracellular_cavity_core_bottleneck_area	receptor_only__intracellular_cavity_core_bottleneck_area	delta__intracellular_cavity_core_bottleneck_area	bound__intracellular_cavity_core_bottleneck_radius	receptor_only__intracellular_cavity_core_bottleneck_radius	delta__intracellular_cavity_core_bottleneck_radius	bound__intracellular_cavity_core_max_inscribed_radius	receptor_only__intracellular_cavity_core_max_inscribed_radius	delta__intracellular_cavity_core_max_inscribed_radius	bound__intracellular_cavity_core_surface_area	receptor_only__intracellular_cavity_core_surface_area	delta__intracellular_cavity_core_surface_area	bound__intracellular_cavity_core_centroid_x	receptor_only__intracellular_cavity_core_centroid_x	delta__intracellular_cavity_core_centroid_x	bound__intracellular_cavity_core_centroid_y	receptor_only__intracellular_cavity_core_centroid_y	delta__intracellular_cavity_core_centroid_y	bound__intracellular_cavity_core_centroid_z	receptor_only__intracellular_cavity_core_centroid_z	delta__intracellular_cavity_core_centroid_z	bound__intracellular_cavity_core_principal_length_1	receptor_only__intracellular_cavity_core_principal_length_1	delta__intracellular_cavity_core_principal_length_1	bound__intracellular_cavity_core_principal_length_2	receptor_only__intracellular_cavity_core_principal_length_2	delta__intracellular_cavity_core_principal_length_2	bound__intracellular_cavity_core_principal_length_3	receptor_only__intracellular_cavity_core_principal_length_3	delta__intracellular_cavity_core_principal_length_3	bound__intracellular_cavity_core_principal_axis_1_z_alignment	receptor_only__intracellular_cavity_core_principal_axis_1_z_alignment	delta__intracellular_cavity_core_principal_axis_1_z_alignment	bound__intracellular_cavity_core_eccentricity	receptor_only__intracellular_cavity_core_eccentricity	delta__intracellular_cavity_core_eccentricity	bound__intracellular_cavity_core_sphericity	receptor_only__intracellular_cavity_core_sphericity	delta__intracellular_cavity_core_sphericity	bound__intracellular_cavity_core_asymmetry	receptor_only__intracellular_cavity_core_asymmetry	delta__intracellular_cavity_core_asymmetry	bound__intracellular_cavity_core_tm3_side_fraction	receptor_only__intracellular_cavity_core_tm3_side_fraction	delta__intracellular_cavity_core_tm3_side_fraction	bound__intracellular_cavity_core_tm6_side_fraction	receptor_only__intracellular_cavity_core_tm6_side_fraction	delta__intracellular_cavity_core_tm6_side_fraction	bound__intracellular_cavity_core_tm5_side_fraction	receptor_only__intracellular_cavity_core_tm5_side_fraction	delta__intracellular_cavity_core_tm5_side_fraction	bound__intracellular_cavity_core_tm7_side_fraction	receptor_only__intracellular_cavity_core_tm7_side_fraction	delta__intracellular_cavity_core_tm7_side_fraction	bound__intracellular_cavity_core_wall_fraction_h8	receptor_only__intracellular_cavity_core_wall_fraction_h8	delta__intracellular_cavity_core_wall_fraction_h8	bound__intracellular_cavity_core_wall_fraction_icl2	receptor_only__intracellular_cavity_core_wall_fraction_icl2	delta__intracellular_cavity_core_wall_fraction_icl2	bound__intracellular_cavity_core_wall_fraction_tm3	receptor_only__intracellular_cavity_core_wall_fraction_tm3	delta__intracellular_cavity_core_wall_fraction_tm3	bound__intracellular_cavity_core_wall_fraction_tm7	receptor_only__intracellular_cavity_core_wall_fraction_tm7	delta__intracellular_cavity_core_wall_fraction_tm7
8DPF	A	5ht2c_human	Gq/11	1	6BQG	A	0.2798105590185665	0.1911536092221937	0.08865694979637279	11.9666	11.4202	0.5464000000000002	6.7782	6.8075	-0.029300000000000104	3.9865	1.9944	1.9921	12.0793	13.4105	-1.3312000000000008	13.5909	13.5411	0.0497999999999994	12.0152	10.4678	1.5473999999999997	13.5909	13.5411	0.0497999999999994	1.339	1.3358	0.0031999999999998696	-75.1318	-81.9042	6.772400000000005	173.5109	170.1745	3.3363999999999976	5.8245	5.9718	-0.14730000000000043	6.3984	6.0438	0.3545999999999996	7.976	8.2501	-0.2740999999999998	3.9799	4.1033	-0.12339999999999973	4.6222	3.9981	0.6241000000000003	5.3067	5.5736	-0.2668999999999997	20.1989	20.2657	-0.06680000000000064	171.2873	171.6711	-0.3838000000000079	79.1646	78.0504	1.1141999999999967	-76.7424	-83.6633	6.920900000000003	109.234	117.4161	-8.182100000000005	2.6118	2.1314	0.48039999999999994	6.3966	6.7113	-0.3146999999999993	8.2805	7.7254	0.5551000000000004	-81.5013	-63.12	-18.381300000000003	75.1873	-78.4828	153.6701	12.8734	14.3293	-1.4558999999999997	9.9343	11.1634	-1.229099999999999	5.9615	6.5333	-0.5717999999999996	3.2078	3.1217	0.08610000000000007	6.3	3.9096	2.3903999999999996	5.9197	4.2874	1.6322999999999999	9.6059	7.0714	2.5345000000000004	3.7519	3.8025	-0.0506000000000002	7.5231	4.6084	2.9147000000000007	44.1889	31.7526	12.436299999999996	4.1996	3.4368	0.7628000000000004	54.159	33.7393	20.4197	8.0	5.0	3.0	10.721	18.3155	-7.5945	11.976	12.1969	-0.22089999999999854	17.196	17.5226	-0.3265999999999991	21.5641	21.007	0.5570999999999984	21.7209	21.412	0.3089000000000013	57.7913	69.9256	-12.134300000000003	51.548	54.9656	-3.4176	1.6382	3.8933	-2.2550999999999997	22.6491	22.4676	0.18149999999999977	23.326	23.3805	-0.05450000000000088	8.3729	7.9863	0.3865999999999996	11.774	11.6207	0.15329999999999977	9.0616	9.4454	-0.38379999999999903	31.2138	30.207	1.0067999999999984	35.5318	37.3909	-1.859100000000005	12.4507	12.2674	0.18329999999999913	15.5566	15.9799	-0.4233000000000011	60.8203	88.9767	-28.15639999999999	10.1209	9.8437	0.27720000000000056	19.1775	18.1386	1.0388999999999982	19.729	19.7871	-0.058099999999999596	0.875	0.4	0.475	7.0	2.0	5.0	-64.026	-52.0465	-11.979499999999994	-19.5019	-0.7212	-18.7807	1496.157	1357.4714	138.68560000000002	126.75	117.8775	8.872500000000002	19.5	19.5	0.0	12.7037	12.251	0.4527000000000001	76.726	69.6139	7.112099999999998	34.645	32.11	2.5350000000000037	3.3208	3.197	0.12380000000000013	9.098	9.338	-0.23999999999999844	1422.135	1346.93	75.20499999999993	0.4507	0.9253	-0.4746	-3.001	-2.5321	-0.4689000000000001	5.2494	5.396	-0.14660000000000029	21.3392	21.0837	0.2555000000000014	14.795	14.9442	-0.14920000000000044	9.514	8.6023	0.9116999999999997	0.961	0.9728	-0.011800000000000033	0.8951	0.913	-0.017900000000000027	0.4448	0.4402	0.004599999999999993	0.0903	0.2045	-0.11419999999999998	0.3715	0.3233	0.04820000000000002	0.6285	0.6767	-0.04820000000000002	0.1993	0.2403	-0.04100000000000001	0.8007	0.7597	0.040999999999999925	0.1122	0.0958	0.016399999999999998	0.0597	0.076	-0.016299999999999995	0.2738	0.2561	0.017699999999999994	0.2052	0.1988	0.006399999999999989
5G53	B	aa2ar_human	Gs	9	2YDO;2YDV;3QAK;4UG2;4UHR;5WF5;5WF6;7EZC;8UGW	A;B	0.650635857610742	0.2061762757986426	0.44445958181209944	15.579	9.5109	6.068100000000001	11.969	5.9857	5.9833	4.6888	4.0446	0.6441999999999997	11.7996	11.5973	0.20229999999999926	18.3006	9.822	8.4786	16.2416	8.1225	8.119099999999998	18.3006	9.822	8.4786	1.3303	1.3337	-0.0034000000000000696		-63.3348			-67.5912		5.9515	5.7581	0.19340000000000046	5.4572	5.4165	0.04070000000000018	6.9315	6.6492	0.28229999999999933	4.0916	3.9491	0.14249999999999963	3.6988	3.6117	0.08709999999999996	4.6499	4.7217	-0.07180000000000053	18.3402	17.8109	0.5292999999999992	-178.2893	-173.4254	-4.863900000000001	78.6969	84.1958	-5.498900000000006	-74.2904	-78.3234	4.033000000000001	102.7986	108.8692	-6.070600000000013	2.409	2.4196	-0.010600000000000165	5.7028	5.6815	0.021300000000000097	7.4561	7.4082	0.047900000000000276	-73.5556	173.4183	-246.9739	79.7891	80.208	-0.4188999999999936	7.1687	13.2276	-6.0589	3.6815	10.8034	-7.1219	5.7513	9.1212	-3.3699000000000003	3.2167	3.2004	0.01629999999999976	6.6369	6.246	0.39089999999999936	4.1735	4.5022	-0.32870000000000044	6.7165	7.2585	-0.5419999999999998	3.8682	3.9493	-0.08110000000000017	4.7728	7.4379	-2.6651	28.3495	37.4041	-9.0546	3.3249	4.058	-0.7330999999999999	56.6342	67.1568	-10.522600000000004	8.0	8.0	0.0	10.7495	10.6588	0.0907	11.0417	11.2353	-0.1936	16.1121	16.5441	-0.4319999999999986	25.1973	19.3148	5.882499999999997	21.2374	21.5911	-0.3536999999999999	47.1047	45.1439	1.960799999999999	41.1778	26.43405	14.743749999999999	0.8603	0.9705	-0.11020000000000008	23.3304	23.3378	-0.007400000000000517	25.9577	17.2113	8.746399999999998	7.829	8.7131	-0.884100000000001	11.7161	12.655	-0.9388999999999985	10.1793	6.3781	3.8011999999999997	41.3856	31.12605	10.259549999999997	56.5069	35.3513	21.1556	32.4633	8.747	23.716299999999997	17.5943	13.9485	3.6458000000000013	46.486	42.1584	4.327599999999997	10.0575	10.173	-0.11550000000000082	17.7559	17.0761	0.6798000000000002	22.1367	17.7663	4.3704	0.875	0.875	0.0	7.0	7.0	0.0	-73.6122	-80.5295	6.917299999999997	-21.3066	-18.0461	-3.2605000000000004	1384.9339	288.21895	1096.71495	144.495	40.56	103.935	18.2	13.325	4.875	13.5638	7.1854	6.378400000000001	76.0953	22.0228	54.07249999999999	3.38	3.8025	-0.4225000000000003	1.0372	1.0933	-0.05610000000000004	8.2398	4.4232	3.816600000000001	1289.47	593.6125	695.8575000000001	-0.8503	-1.78165	0.93135	-3.6506	-4.83765	1.1870500000000002	6.8729	7.6617999999999995	-0.7888999999999999	16.1531	17.7362	-1.5831000000000017	15.5625	11.7426	3.8199000000000005	10.4403	4.519299999999999	5.921000000000001	0.8581	0.1481	0.71	0.7631	0.9672000000000001	-0.20410000000000006	0.466	0.3615	0.10450000000000004	0.0307	0.1015	-0.0708	0.5762	0.7452	-0.16899999999999993	0.4238	0.2548	0.16899999999999998	0.1563	0.1701	-0.013800000000000007	0.8437	0.8299	0.013800000000000034	0.1526	0.1436	0.009000000000000008	0.029	0.0562	-0.0272	0.1685	0.1597	0.008800000000000002	0.1118	0.0327	0.0791
8E9W	A	acm3_human	Gq/11	1	8EA0	A	0.3887849932338835	0.3942664285440477	-0.005481435310164207	15.1211	15.6199	-0.49879999999999924	11.2797	10.9377	0.3420000000000005	5.5996	5.1079	0.4916999999999998	11.1404	10.9554	0.1850000000000005	17.2165	16.5705	0.6460000000000008	14.6873	14.1894	0.49790000000000134	17.2165	16.5705	0.6460000000000008	1.3345	1.3351	-0.0005999999999999339	-61.9697	-91.4196	29.4499	-165.6612	164.4255	-330.0867	5.2005	5.5646	-0.36410000000000053	5.082	5.2632	-0.18120000000000047	7.7119	7.5006	0.2112999999999996	3.6123	3.8932	-0.28090000000000037	3.3697	3.5653	-0.19560000000000022	6.0022	5.2802	0.7220000000000004	17.9944	18.3284	-0.33399999999999963	-147.3292	-174.5502	27.221000000000004	85.4716	74.7286	10.742999999999995	-79.7772	-86.1704	6.393200000000007	48.6708	106.6791	-58.008300000000006	2.3641	2.2484	0.11569999999999991	4.6373	5.5321	-0.8948	7.7803	7.6236	0.15670000000000073	-75.9999	-68.7891	-7.210799999999992	79.1555	-89.9092	169.06470000000002	7.098	7.5713	-0.47330000000000005	3.5564	3.8753	-0.3189000000000002	6.2388	5.6233	0.6154999999999999	3.2343	3.1695	0.06479999999999997	7.216	6.6934	0.5226000000000006	4.8079	4.1909	0.617	6.8708	6.6833	0.1875	3.4277	3.4044	0.02330000000000032	4.6396	4.6027	0.036900000000000155	26.6211	29.5714	-2.950300000000002	3.2786	3.4114	-0.13280000000000003	62.8247	54.7205	8.104199999999999	8.0	8.0	0.0	11.7008	11.7801	-0.07929999999999993	11.4661	11.3628	0.10330000000000084	16.5957	16.4029	0.19280000000000186	24.9825	25.1906	-0.20809999999999818	20.7767	20.6107	0.16600000000000037	55.3718	52.6725	2.699300000000001	42.5101	39.942	2.568100000000001	0.9672	1.169	-0.2018000000000001	23.0467	22.7267	0.3200000000000003	22.684	25.1298	-2.4457999999999984	8.1565	8.3203	-0.16380000000000017	12.0807	12.268	-0.18730000000000047	10.3288	10.0038	0.3249999999999993	32.889	31.861	1.0280000000000022	60.0725	52.0402	8.0323	28.2079	22.4653	5.7425999999999995	17.5288	17.0243	0.5045000000000002	38.6056	49.2784	-10.672799999999995	10.0806	10.2532	-0.1725999999999992	17.3163	17.0288	0.28749999999999787	21.852	21.7208	0.13119999999999976	0.875	0.875	0.0	7.0	7.0	0.0	-77.8514	-83.5571	5.705700000000007	-18.8854	-13.8094	-5.0760000000000005	1584.5863	1457.7095	126.8768	151.6775	138.1575	13.52000000000001	18.85	18.85	0.0	13.8968	13.263	0.6338000000000008	84.0629	77.3321	6.730800000000002	15.21	16.9	-1.6899999999999977	2.2003	2.3194	-0.11909999999999998	6.7226	6.7814	-0.05879999999999974	1419.6	1401.01	18.589999999999918	0.3897	0.4756	-0.08590000000000003	-3.3293	-3.1342	-0.19510000000000005	5.8856	5.6596	0.22599999999999998	18.0819	18.5543	-0.4724000000000004	13.3178	13.015	0.3027999999999995	12.9126	12.42	0.4925999999999995	0.8395	0.8452	-0.005699999999999927	0.7	0.7429	-0.04290000000000005	0.463	0.4438	0.01920000000000005	0.1185	0.0701	0.0484	0.4695	0.465	0.0044999999999999485	0.5305	0.535	-0.0045000000000000595	0.1983	0.1628	0.035500000000000004	0.8017	0.8372	-0.03550000000000009	0.117	0.0861	0.03090000000000001	0.0655	0.0628	0.002700000000000008	0.1853	0.17	0.01529999999999998	0.1403	0.1656	-0.02529999999999999
8GG0	R	adrb2_human	Gs	21	8GGI;8GGJ;8GGK;8GGL;8GGM;8GGN;8GGO;8GGP;8GGQ;8GGR;8GGS;8GGT;8GGU;8GGV;8GGW;8GGX;8GGY;8GGZ;8GH0;8GH1;8JJ8	F;R	0.3903163079606939	0.2998552594241324	0.0904610485365615	15.7085	16.0055	-0.2970000000000006	12.4586	12.2771	0.18149999999999977	4.0063	4.0114	-0.00509999999999966	12.3704	12.3329	0.037499999999999645	18.2192	18.5326	-0.3133999999999979	14.4687	14.8134	-0.34469999999999956	18.2192	18.5326	-0.3133999999999979	1.3356	1.3353	0.00029999999999996696	-61.3778	-86.1778	24.800000000000004	-178.229	140.9712	-319.2002	6.1249	5.8742	0.25070000000000014	5.7538	6.0112	-0.25739999999999963	7.9762	8.0908	-0.11459999999999937	4.3947	4.1296	0.26510000000000034	3.7458	4.0538	-0.30799999999999983	5.6359	5.6824	-0.046499999999999986	19.855	19.9718	-0.11680000000000135	161.5386	160.6223	0.9163000000000068	70.7277	69.0991	1.6285999999999916	-88.2006	-88.186	-0.01459999999998729	123.3485	122.5758	0.7727000000000004	1.6106	1.6017	0.00890000000000013	7.1723	7.1821	-0.009800000000000253	8.2893	7.8763	0.41300000000000114	-69.0774	-77.89505	8.81765	-84.3592	-79.29044999999999	-5.0687500000000085	9.0835	8.9549	0.1286000000000005	4.7885	4.453	0.3354999999999997	6.0223	5.9882	0.03410000000000046	3.1447	3.1226	0.02210000000000001	6.0004	6.0412	-0.04079999999999995	4.4999	6.1906	-1.6906999999999996	7.8779	9.0594	-1.1814999999999998	4.182	4.1888	-0.006799999999999251	4.8314	6.0344	-1.2029999999999994	42.543	48.491	-5.948	3.8158	4.0784	-0.2626000000000004	41.2063	44.3467	-3.1403999999999996	8.0	8.0	0.0	11.4754	11.632	-0.15659999999999918	11.3507	11.5692	-0.21850000000000058	16.5443	16.4806	0.06370000000000076	25.7575	26.1071	-0.3495999999999988	21.8132	22.0923	-0.27910000000000323	46.8641	45.5197	1.3444000000000003	33.5731	32.5933	0.9797999999999973	0.3468	0.5445	-0.1977	23.1276	22.9562	0.171400000000002	28.2929	25.5558	2.737099999999998	8.3098	8.4284	-0.1186000000000007	12.107	12.3049	-0.19790000000000063	10.8056	11.4059	-0.6003000000000007	36.435	35.7272	0.7077999999999989	62.465	65.0934	-2.628399999999999	32.9516	34.1312	-1.1796000000000006	18.0934	16.4821	1.6113	76.0365	70.9183	5.118200000000002	9.9364	9.9681	-0.03169999999999895	18.8525	18.6313	0.22119999999999962	23.9196	22.8646	1.0549999999999997	0.875	0.875	0.0	7.0	7.0	0.0	-78.1551	-77.5583	-0.5968000000000018	-11.2335	-13.2799	2.0464	2120.9289	2114.6125	6.316399999999703	162.6625	163.085	-0.42250000000001364	19.5	19.5	0.0	14.3913	14.4472	-0.05590000000000117	108.7656	108.4417	0.32390000000000896	45.2075	42.25	2.957500000000003	3.7934	3.6672	0.1262000000000003	8.7138	8.894	-0.18019999999999925	1742.39	1764.36	-21.9699999999998	0.3761	0.3961	-0.020000000000000018	-3.3508	-3.247	-0.10380000000000011	5.3022	5.1572	0.14500000000000046	20.3258	20.1497	0.1761000000000017	15.0005	15.0623	-0.061799999999999855	13.4406	13.4486	-0.008000000000000895	0.953	0.9587	-0.005700000000000038	0.7502	0.7445	0.005699999999999927	0.4582	0.4525	0.005699999999999983	0.0669	0.072	-0.005099999999999993	0.4158	0.4424	-0.026600000000000013	0.5842	0.5576	0.026600000000000068	0.2175	0.216	0.0015000000000000013	0.7825	0.784	-0.0015000000000000568	0.1867	0.182	0.00470000000000001	0.0306	0.0306	0.0	0.3253	0.3105	0.01479999999999998			
8GHV	D	cnr1_human	Gi/o	3	5XR8;5XRA;7V3Z	A	0.353605511228956	0.2378380915058644	0.1157674197230916	14.3	12.635	1.665000000000001	9.6758	6.3797	3.296100000000001	3.7301	4.6134	-0.8833000000000002	12.2598	13.2247	-0.9649000000000001	15.5269	14.4307	1.0961999999999996	13.4507	9.9564	3.494299999999999	15.5269	14.4307	1.0961999999999996	1.3363	1.3347	0.0016000000000000458	-66.038	-72.5964	6.558400000000006	-177.9111	167.2099	-345.121	5.6647	5.0434	0.6212999999999997	8.334	7.6032	0.7307999999999995	10.7118	10.5678	0.14400000000000013	3.8657	3.6253	0.24039999999999973	6.9715	5.6908	1.2806999999999995	6.6484	6.9281	-0.27970000000000006	24.7104	23.3	1.4103999999999992	-176.0303	-78.4305	-97.59980000000002	80.1005	-163.3966	243.4971	-81.2539	-65.3765	-15.877400000000009	116.4829	102.7036	13.779300000000006	3.2055	3.2349	-0.029400000000000315	6.8152	6.5685	0.2466999999999997	7.7482	7.7845	-0.036300000000000665	-73.2703	-53.1494	-20.120900000000006	-89.8716	-84.8346	-5.037000000000006	7.959	8.3392	-0.3802000000000003	3.9159	5.1014	-1.1854999999999998	5.9321	5.5085	0.4236000000000004	3.2611	3.1332	0.1278999999999999	5.4281	5.1854	0.24270000000000014	4.1795	4.673	-0.49350000000000005	7.0633	7.4952	-0.43189999999999973	3.751	3.7488	0.0021999999999997577	5.4614	5.2197	0.2417000000000007	35.209	37.1399	-1.930899999999994	3.6553	3.7075	-0.052200000000000024	48.7078	65.7492	-17.041400000000003	8.0	8.0	0.0	11.6632	10.7402	0.923	11.3939	10.8375	0.5564	15.8044	16.6602	-0.8558000000000003	23.4996	22.0211	1.4785000000000004	21.9468	22.2993	-0.35249999999999915	43.5186	40.6361	2.8825000000000003	35.0899	29.0878	6.002099999999999	0.9932	2.2702	-1.2770000000000001	22.6196	22.565	0.054599999999997095	0.6786	2.0147	-1.3361	8.1745	8.6303	-0.4558	12.5213	12.5514	-0.030099999999999127	9.4604	9.8422	-0.38180000000000014	29.0469	36.7769	-7.729999999999997	42.7333	32.1426	10.590699999999998	13.8809	26.8214	-12.9405	17.0534	15.5203	1.5330999999999992	58.2469	43.4846	14.762299999999996	10.3359	10.0138	0.3221000000000007	17.0194	18.8169	-1.7974999999999994	21.2827	19.7772	1.5054999999999978	0.875	0.875	0.0	7.0	7.0	0.0	-73.803	-77.8906	4.087600000000009	-12.5615	-13.3812	0.8196999999999992	1676.311	1751.8329	-75.52190000000019	145.34	162.24	-16.900000000000006	19.5	20.15	-0.6499999999999986	13.6034	14.3726	-0.7691999999999997	85.9647	86.9396	-0.9749000000000052	14.365	13.9425	0.42249999999999943	2.1383	2.1067	0.03160000000000007	9.4444	9.757	-0.31259999999999977	1444.105	1420.445	23.660000000000082	0.5592	0.5314	0.027800000000000047	-2.8215	-2.2187	-0.6027999999999998	6.0725	5.9082	0.1642999999999999	18.5471	18.8542	-0.3070999999999984	14.1937	16.101	-1.9072999999999993	11.6914	10.6748	1.0166000000000004	0.9452	0.923	0.022199999999999998	0.7763	0.8243	-0.04800000000000004	0.4726	0.4939	-0.021299999999999986	0.0993	0.0776	0.021699999999999997	0.4199	0.3864	0.033499999999999974	0.5801	0.6136	-0.033500000000000085	0.2682	0.3454	-0.07719999999999999	0.7318	0.6546	0.07720000000000005	0.1336	0.1689	-0.0353	0.0433	0.0582	-0.014900000000000004	0.2025	0.2562	-0.05369999999999997	0.1905	0.1682	0.022300000000000014
8K8J	R	cnr1_human	Gs	3	5XR8;5XRA;7V3Z	A	0.3438505425256898	0.2378380915058644	0.1060124510198254	14.2435	12.635	1.6084999999999994	8.6877	6.3797	2.308	4.6367	4.6134	0.023299999999999876	11.8863	13.2247	-1.3384	16.1239	14.4307	1.6931999999999992	13.6002	9.9564	3.643799999999999	16.1239	14.4307	1.6931999999999992	1.3335	1.3347	-0.0012000000000000899	-69.675	-72.5964	2.9214000000000055	163.1732	167.2099	-4.036699999999996	5.3761	5.0434	0.3327	8.0345	7.6032	0.43129999999999935	10.3947	10.5678	-0.1730999999999998	3.6667	3.6253	0.04139999999999988	7.3764	5.6908	1.6856	6.5718	6.9281	-0.35630000000000006	23.8053	23.3	0.5052999999999983	-172.7291	-78.4305	-94.2986	148.7699	-163.3966	312.16650000000004	-78.5389	-65.3765	-13.162400000000005	108.0593	102.7036	5.355699999999999	2.7172	3.2349	-0.5177	7.3336	6.5685	0.7650999999999994	7.7441	7.7845	-0.04039999999999999	-89.3402	-53.1494	-36.190799999999996	-88.6417	-84.8346	-3.8071000000000055	7.0063	8.3392	-1.3328999999999995	3.1932	5.1014	-1.9082	5.6116	5.5085	0.10310000000000041	3.1351	3.1332	0.0019000000000000128	5.8569	5.1854	0.6715000000000009	4.5296	4.673	-0.14339999999999975	7.2128	7.4952	-0.2824	4.0074	3.7488	0.2585999999999995	5.1729	5.2197	-0.04679999999999929	35.5869	37.1399	-1.5529999999999973	3.6173	3.7075	-0.09019999999999984	63.8247	65.7492	-1.9245000000000019	8.0	8.0	0.0	10.9592	10.7402	0.21899999999999942	10.9118	10.8375	0.07429999999999914	16.0627	16.6602	-0.5975000000000001	23.4129	22.0211	1.3918	21.3745	22.2993	-0.9247999999999976	48.4294	40.6361	7.793300000000002	29.5164	29.0878	0.4285999999999994	1.0338	2.2702	-1.2364	22.0161	22.565	-0.5488999999999997	1.768	2.0147	-0.24669999999999992	8.2703	8.6303	-0.35999999999999943	12.4225	12.5514	-0.1288999999999998	10.1469	9.8422	0.3047000000000004	34.8535	36.7769	-1.9234000000000009	42.8808	32.1426	10.738199999999999	25.3398	26.8214	-1.4816000000000003	16.3311	15.5203	0.8107999999999986	45.7419	43.4846	2.2573000000000008	9.9013	10.0138	-0.11249999999999893	16.3666	18.8169	-2.450300000000002	19.6138	19.7772	-0.16339999999999932	0.875	0.875	0.0	7.0	7.0	0.0	-87.1435	-77.8906	-9.252899999999997	-6.1074	-13.3812	7.2738	1601.3384	1751.8329	-150.49450000000002	161.395	162.24	-0.8449999999999989	18.85	20.15	-1.2999999999999972	14.3351	14.3726	-0.037499999999999645	84.9516	86.9396	-1.9879999999999995	16.9	13.9425	2.957499999999998	2.3194	2.1067	0.2126999999999999	7.0792	9.757	-2.6777999999999995	1439.035	1420.445	18.590000000000146	0.461	0.5314	-0.07039999999999996	-2.304	-2.2187	-0.08529999999999971	6.1355	5.9082	0.2273000000000005	18.1257	18.8542	-0.7285000000000004	14.048	16.101	-2.052999999999999	12.029	10.6748	1.3542000000000005	0.9018	0.923	-0.021199999999999997	0.748	0.8243	-0.07630000000000003	0.46	0.4939	-0.033899999999999986	0.0983	0.0776	0.020699999999999996	0.3948	0.3864	0.008399999999999963	0.6052	0.6136	-0.008400000000000074	0.2463	0.3454	-0.0991	0.7537	0.6546	0.09910000000000008	0.2723	0.1689	0.10339999999999999	0.0509	0.0582	-0.007300000000000001	0.1918	0.2562	-0.06439999999999999	0.1528	0.1682	-0.015399999999999997
9K1C	R	ffar1_human	Gi/o	4	4PHU;5KW2;5TZR;5TZY	A	0.1585921525070522	0.09396533324186265	0.06462681926518954	11.4945	7.9893	3.5052000000000003	6.4762	4.73975	1.7364500000000005	5.8861	6.1132	-0.22710000000000008	14.5309	10.3981	4.132800000000001	13.148	8.249500000000001	4.8984999999999985	11.3459	6.4471	4.8988000000000005	13.148	8.249500000000001	4.8984999999999985	1.3359	1.335	0.0009000000000001229	-68.6554	-77.0786	8.423199999999994	164.8284	-75.8137	240.64209999999997	6.1524	5.2621	0.8902999999999999	4.9765	4.9498	0.026699999999999946	8.2178	6.77525	1.4425500000000007	4.2798	3.41705	0.8627499999999997	3.809	3.82315	-0.014149999999999885	5.5842	4.553800000000001	1.0303999999999993	19.3467	17.1586	2.1880999999999986	161.0081	-76.4978	237.5059	76.4102	173.07285000000002	-96.66265000000001	-167.3251	-69.2721	-98.053				3.9122	2.87175	1.0404499999999999	5.3248	5.99705	-0.67225	7.9172	7.1076999999999995	0.8095000000000008	-45.8015	63.22095	-109.02244999999999				14.2775	15.749500000000001	-1.4720000000000013	12.227	12.95355	-0.7265499999999996	5.6156	7.07155	-1.4559500000000005	3.1007	3.1923500000000002	-0.09165000000000045	3.2842	3.1239	0.1602999999999999	7.5763	6.1354500000000005	1.4408499999999993	6.9598	5.7194	1.2404000000000002	4.9476	5.2847	-0.3370999999999995	5.9294	4.3450500000000005	1.5843499999999997	64.7918	39.3852	25.406599999999997	4.5502	4.0417000000000005	0.5084999999999997	84.6004	83.71955	0.8808499999999952	8.0	4.5	3.5	10.3388	10.462	-0.12319999999999887	11.5208	11.14985	0.3709499999999988	15.2929	14.4035	0.8894000000000002	21.346	16.3038	5.042200000000001	24.2631	20.52165	3.7414500000000004	59.4896	54.3688	5.120800000000003				1.5277	3.9156500000000003	-2.38795				20.3712	21.39385	-1.0226499999999987	7.1637	8.34765	-1.1839499999999994	10.8258	11.46235	-0.6365500000000015	9.14	5.7898499999999995	3.350150000000001				43.0869	26.157899999999998	16.929000000000002	18.7572	10.8106	7.9466	16.9049	13.9037	3.0012000000000008								16.5526			17.678150000000002		0.75	0.4375	0.3125	6.0	3.5	2.5	-74.0301	-74.5946	0.5644999999999953	-12.6154	48.780899999999995	-61.3963																																																																																	
8EJK	R	ffar1_human	Gq/11	4	4PHU;5KW2;5TZR;5TZY	A	0.2090133182529854	0.09396533324186265	0.11504798501112273	11.1916	7.9893	3.2022999999999993	6.3941	4.73975	1.65435	6.6249	6.1132	0.5117000000000003	12.5147	10.3981	2.1166	14.1521	8.249500000000001	5.9026	11.6079	6.4471	5.160800000000001	14.1521	8.249500000000001	5.9026	1.3354	1.335	0.00039999999999995595	-78.084	-77.0786	-1.0054000000000087	158.6957	-75.8137	234.50939999999997	6.0643	5.2621	0.8022	4.6408	4.9498	-0.30900000000000016	7.2308	6.77525	0.45555000000000057	3.7435	3.41705	0.3264499999999999	3.6958	3.82315	-0.12734999999999985	5.5101	4.553800000000001	0.9562999999999997	17.9359	17.1586	0.7773000000000003	-93.7612	-76.4978	-17.263400000000004	-64.5799	173.07285000000002	-237.65275000000003	175.1569	-69.2721	244.429				2.9505	2.87175	0.07874999999999988	5.8602	5.99705	-0.13684999999999992	6.6038	7.1076999999999995	-0.5038999999999998	68.1902	63.22095	4.969250000000002				11.8709	15.749500000000001	-3.8786000000000005	10.3568	12.95355	-2.59675	4.6493	7.07155	-2.42225	3.1382	3.1923500000000002	-0.054150000000000365	5.6034	3.1239	2.4795	7.0108	6.1354500000000005	0.8753499999999992	5.6101	5.7194	-0.10930000000000017	5.2604	5.2847	-0.02430000000000021	4.1492	4.3450500000000005	-0.19585000000000008	47.9618	39.3852	8.5766	4.2837	4.0417000000000005	0.2419999999999991	65.9983	83.71955	-17.721249999999998	8.0	4.5	3.5	10.3098	10.462	-0.15220000000000056	11.5956	11.14985	0.44574999999999854	15.5518	14.4035	1.1483000000000008	21.1571	16.3038	4.853300000000001	23.016	20.52165	2.494349999999997	52.1248	54.3688	-2.2439999999999998				1.3722	3.9156500000000003	-2.54345				21.8077	21.39385	0.41385000000000005	6.9352	8.34765	-1.4124499999999998	10.3052	11.46235	-1.1571500000000015	9.1183	5.7898499999999995	3.32845				50.2887	26.157899999999998	24.1308	27.6541	10.8106	16.8435	14.4186	13.9037	0.514899999999999							19.6079	16.5526	3.055299999999999	20.091	17.678150000000002	2.412849999999999	0.875	0.4375	0.4375	7.0	3.5	3.5	-72.9823	-74.5946	1.6123000000000047	-13.6536	48.780899999999995	-62.4345																																																																																	
7T6U	R	fpr2_human	Gi/o	1	6LW5	A	0.3773331286028005	0.3530369895095518	0.02429613909324868	14.5505	15.0281	-0.4776000000000007	10.3914	9.9625	0.4289000000000005	5.1994	5.1717	0.027699999999999392	11.3979	11.0919	0.30599999999999916										1.3216	1.3357	-0.014100000000000001	-68.8338	-68.8829	0.049100000000009913	177.937	-179.4521	357.3891	5.0628	4.9647	0.09810000000000052	5.6876	5.7239	-0.036300000000000665	6.1999	5.8397	0.36020000000000074	3.6243	3.6402	-0.015900000000000247	3.5899	3.5569	0.03299999999999992	3.4638	3.8882	-0.4243999999999999	16.9502	16.5283	0.4218999999999973	-169.2399	-174.5369	5.296999999999997	48.2894	85.6416	-37.352199999999996	-80.3739	-74.6305	-5.743400000000008	103.9622	102.4208	1.5413999999999959	2.9794	2.8919	0.08749999999999991	6.0573	5.585	0.4722999999999997	7.3547	7.5969	-0.24219999999999953	-77.3913	-72.4324	-4.9589	83.4523	83.3189	0.13339999999999463	6.9972	7.1058	-0.10860000000000003	3.6239	3.551	0.07289999999999974	5.4618	5.4472	0.014600000000000612	3.1282	3.1121	0.016100000000000225	7.1593	7.2289	-0.06960000000000033	4.0115	4.323	-0.31150000000000055	7.243	7.2767	-0.03369999999999962	3.8008	3.9949	-0.19409999999999972	4.7287	5.0293	-0.3006000000000002	29.4977	33.2404	-3.742700000000003	3.4298	3.5381	-0.10829999999999984	63.6299	65.2814	-1.6515000000000057	8.0	8.0	0.0	9.9682	9.4553	0.5129000000000001	11.7295	11.9772	-0.24770000000000003	16.2127	16.2804	-0.06769999999999854	24.3244	24.622	-0.2975999999999992	21.5995	21.4776	0.12190000000000012	55.2007	51.5172	3.683499999999995	42.3453	38.6626	3.682700000000004	0.7188	1.399	-0.6802	22.4539	23.1592	-0.7052999999999976	13.5502	15.7518	-2.201599999999999	8.0216	8.1909	-0.16929999999999978	12.181	12.0455	0.13549999999999862	10.7703	12.0495	-1.2791999999999994	32.642	28.2338	4.408200000000004							15.0089	14.357	0.6519000000000013	46.4448	41.4476	4.997199999999999	10.5313	10.635	-0.1036999999999999	17.2943	17.231	0.06329999999999814	19.7065	18.2735	1.4329999999999998	0.875	0.875	0.0	7.0	7.0	0.0	-73.4768	-83.2046	9.727800000000002	-19.7377	-14.992	-4.745699999999999																																																																																	
8W8Q	C	gp101_human	Gs	1	8W8S	R	0.3899166368441614	0.2895560314839862	0.10036060536017521	15.8313	16.0114	-0.1800999999999977	13.3591	13.2973	0.061799999999999855	5.5858	5.2783	0.3075000000000001	10.9765	11.2708	-0.2942999999999998	18.69			14.6138			18.69			1.3347	1.3341	0.0005999999999999339	-74.789	-166.8305	92.0415	178.0263	54.814	123.2123	4.9381	5.2923	-0.3541999999999996	5.7331	6.1933	-0.4601999999999995	5.6352	5.9064	-0.27119999999999944	3.5359	3.7104	-0.1745000000000001	3.3531	3.9755	-0.6223999999999998	3.1676	3.4116	-0.24399999999999977	16.3065	17.3919	-1.0854	179.5916	-177.7743	357.3659	75.8609	88.4621	-12.601200000000006	-102.0515	-103.4599	1.4084000000000003	-66.4886	-61.8228	-4.665800000000004	3.9468	3.8371	0.10970000000000013	5.168	5.0971	0.07089999999999996	7.4936	8.1705	-0.6769000000000007	-73.8832	-71.0422	-2.841000000000008	-78.1776	-85.5839	7.406300000000002	8.5005	8.8022	-0.3016999999999985	4.8019	5.0197	-0.21780000000000044	6.1044	6.131	-0.02660000000000018	3.1111	3.1346	-0.023499999999999854	7.1772	7.3788	-0.2016	4.6839	6.8613	-2.1773999999999996	5.9957	6.978	-0.9822999999999995	4.3107	4.2104	0.10029999999999983	4.4887	6.4795	-1.9908000000000001	32.6727	41.6797	-9.006999999999998	3.4681	3.9625	-0.49439999999999973	50.7496	51.4804	-0.7308000000000021	8.0	8.0	0.0	10.9545	11.9707	-1.0162000000000013	11.2196	12.0106	-0.7910000000000004	15.9282	16.6352	-0.7070000000000007	25.3915	25.9188	-0.5273000000000003	20.7441	21.9719	-1.227800000000002	47.4283	46.1692	1.2591000000000037	29.2437	30.7459	-1.5021999999999984	0.9841	1.0292	-0.04509999999999992	22.5749	23.1788	-0.6038999999999994	32.4511	30.9417	1.5093999999999959	8.5989	9.3343	-0.7354000000000003	12.344	13.4698	-1.1258	10.7633	10.8159	-0.05259999999999998	34.8431	33.8507	0.9923999999999964	56.0578			32.692			18.2037	16.7611	1.4426000000000023	45.667	43.2711	2.3959000000000046	10.1338	10.1083	0.025500000000000966	15.4175	15.9233	-0.5057999999999989	21.3626	21.0053	0.35730000000000217	0.875	0.75	0.125	7.0	4.0	3.0	-78.0456	-87.892	9.846400000000003	-14.914	-5.0442	-9.8698	1639.2366			155.48			19.5			14.0699			84.0634			14.7875			2.1696			6.9001			1524.38			0.4324			-2.4955			6.0769			18.8563			14.1521			11.9106			0.8173			0.7753			0.441			0.0575			0.4284			0.5716			0.2153			0.7847			0.1887			0.0437			0.1736			0.1445		
8XBH	R	gpr34_human	Gi/o	3	8IYX;8XBG;8XBI	A;C;R	0.1709789214462332	0.1540344692514302	0.016944452194803006	12.4137	12.3655	0.048199999999999577	6.6612	6.7181	-0.05689999999999973	1.5815	1.9421	-0.36060000000000003	13.4733	13.9141	-0.4407999999999994	14.7368	14.5742	0.1626000000000012	12.6569	12.5881	0.06879999999999953	14.7368	14.5742	0.1626000000000012	1.3369	1.3246	0.012299999999999978	-83.7472	-84.2992	0.5519999999999925	-171.2716	-173.4363	2.164699999999982	6.149	6.2609	-0.11190000000000033	6.5809	6.3407	0.24019999999999975	8.2657	8.2359	0.029799999999999827	3.863	3.9	-0.03699999999999992	4.5672	4.3954	0.1717999999999993	5.418	5.2737	0.14430000000000032	20.9956	20.8974	0.09819999999999851	-178.0613	175.2543	-353.3156	-89.1378	85.5832	-174.721	-80.1399	-75.7799	-4.359999999999999	-56.989	-58.675	1.686	3.8836	3.6665	0.21709999999999985	4.8792	5.2916	-0.4123999999999999	8.2356	7.6355	0.6000999999999994	-163.0839	-57.2947	-105.7892	70.7902	67.0352	3.7549999999999955	12.5858	13.435	-0.8491999999999997	8.8678	9.4994	-0.6315999999999988	9.0514	8.6669	0.3844999999999992	3.178	3.0809	0.09709999999999974	4.4672	4.2207	0.24650000000000016	4.3742	4.2783	0.09590000000000032	6.9846	6.9749	0.009700000000000486	3.7173	4.0574	-0.3401000000000005	5.5518	5.6287	-0.07690000000000019	44.794	42.3334	2.4605999999999995	3.9012	3.9243	-0.023100000000000342	31.6089	28.1729	3.436	0.0	0.0	0.0																									22.555	22.46435	0.09065000000000012	7.0435	6.37105	0.6724499999999995	8.1158	8.1788	-0.06300000000000061	12.3828	12.178650000000001	0.2041499999999985	7.8817	8.1633	-0.2815999999999992	38.1431	38.39265	-0.24955000000000638	36.8049	35.9927	0.8122000000000043	17.2618	17.8773	-0.6155000000000008	14.6724	14.6621	0.010299999999999088	54.6376	58.4336	-3.7959999999999994	9.8062	9.8825	-0.07629999999999981	18.8741	18.5553	0.31879999999999953	16.5158	17.2589	-0.7431000000000019	0.5556	0.5556	0.0	3.0	3.0	0.0	-68.7485	-72.0598	3.3112999999999886	-29.5183	-27.8567	-1.6616	1652.9679	1711.05105	-58.08314999999993	126.75	131.60875	-4.858749999999986	20.15	20.15	0.0	12.7037	12.9418	-0.2381000000000011	82.0331	84.91565	-2.882549999999995	44.3625	42.88375	1.478749999999998	3.7578	3.6944999999999997	0.06330000000000036	9.4001	9.80225	-0.4021500000000007	1486.355	1505.3675	-19.012500000000045	0.5133	0.4683	0.044999999999999984	-0.327	-0.43515000000000004	0.10815000000000002	4.9277	4.998200000000001	-0.0705000000000009	22.0751	21.9936	0.08149999999999835	15.1815	15.5428	-0.36129999999999995	9.6105	9.7048	-0.0943000000000005	0.9871	0.9875	-0.00040000000000006697	0.9003	0.89725	0.003049999999999997	0.4549	0.45945	-0.0045499999999999985	0.1092	0.08645	0.022750000000000006	0.3512	0.3624	-0.011199999999999988	0.6488	0.6376	0.011200000000000099	0.5059	0.483	0.02290000000000003	0.4941	0.517	-0.02290000000000003	0.203	0.1918	0.011200000000000015				0.6131	0.6195999999999999	-0.00649999999999995	0.1839	0.18855	-0.0046499999999999875
8TYW	A	gpr6_human	Gs	1	8TF5	A	0.3681955968655064	0.2660012501115625	0.1021943467539439	16.2481	13.3689	2.879200000000001	11.9122	7.9683	3.9439	4.4573	5.0942	-0.6368999999999998	11.9272	11.357	0.5701999999999998	19.592	14.8473	4.744699999999998	14.5138	9.8102	4.7036	19.592	14.8473	4.744699999999998	1.3372	1.337	0.00019999999999997797	-88.7731	-66.066	-22.707099999999997	155.9904	165.3281	-9.337700000000012	5.4159	5.5089	-0.09299999999999997	5.4347	5.9419	-0.5072000000000001	7.2309	8.3985	-1.1676000000000002	3.7027	3.7785	-0.07580000000000009	3.7274	4.1402	-0.4128000000000003	4.8086	5.9162	-1.1075999999999997	18.0816	19.8494	-1.7677999999999976	-156.685	-179.6202	22.93520000000001	66.6186	71.7782	-5.1595999999999975	-91.0886	-86.1809	-4.9077000000000055	114.9307	99.5503	15.380400000000009	1.5793	1.9103	-0.3310000000000002	6.8146	5.8978	0.9168000000000003	6.9812	7.5692	-0.5880000000000001	-89.3247	-66.669	-22.65570000000001	-69.3264	-74.9905	5.664099999999991	8.2325	12.3933	-4.1608	2.9448	8.5326	-5.5878000000000005	6.5353	5.9535	0.5818000000000003	3.0958	3.1235	-0.027699999999999836	6.1945	5.8935	0.30099999999999927	5.1598	3.8878	1.2719999999999998	7.6506	7.6801	-0.029500000000000526	3.4852	3.6315	-0.1463000000000001	6.2915	4.6896	1.6018999999999997	43.382	28.6881	14.6939	3.8789	3.5298	0.34909999999999997	71.7778	71.4511	0.32670000000000243	5.0	5.0	0.0	8.4922	7.8499	0.6423000000000005	11.5019	11.617	-0.11510000000000176	15.3917	15.498	-0.10629999999999917	25.262	22.0189	3.243100000000002	21.5456	20.9601	0.5854999999999997	76.4659	68.9757	7.4902000000000015	68.7118	61.5124	7.199399999999997	2.0802	2.9074	-0.8271999999999999	23.0952	23.2175	-0.12230000000000274	15.9894	15.8221	0.16729999999999912	7.8542	7.7691	0.08509999999999973	12.1894	11.2991	0.8902999999999999	12.3468	10.1494	2.1974	43.8137	35.44	8.3737	52.3067	33.2592	19.0475	38.7109	18.2567	20.454200000000004	18.7932	16.7739	2.0192999999999977	41.1667	46.5503	-5.383600000000001	10.0095	10.1876	-0.1781000000000006	18.0558	17.5664	0.48939999999999984	23.3188	20.7831	2.5356999999999985	0.8	0.8	0.0	2.0	4.0	-2.0	-85.3812	-76.4395	-8.941700000000012	-12.0778	-7.6974	-4.3804	1663.9529	1203.956	459.9969000000001	178.295	137.3125	40.98249999999999	15.6	18.85	-3.2500000000000018	15.0669	13.2224	1.8445	106.6636	63.8703	42.7933	11.83	10.985	0.8450000000000006	1.9405	1.8699	0.0706	8.0746	5.7444	2.3302000000000005	1475.37	1317.355	158.01499999999987	-1.0228	-0.5159	-0.5068999999999999	-3.6895	-3.7349	0.04540000000000033	7.5007	5.8436	1.6570999999999998	16.3259	16.8082	-0.4822999999999986	14.1126	14.4927	-0.38009999999999877	13.2749	10.5433	2.7316000000000003	0.1308	0.9384	-0.8076	0.5821	0.7788	-0.1967000000000001	0.4603	0.4155	0.044800000000000006	0.081	0.0967	-0.015699999999999992	0.612	0.529	0.08299999999999996	0.388	0.471	-0.08299999999999996	0.1981	0.1832	0.014899999999999997	0.8019	0.8168	-0.014900000000000024	0.18	0.1534	0.026599999999999985	0.0561	0.033	0.023099999999999996	0.1907	0.2457	-0.05499999999999999	0.0908	0.1378	-0.047
8J6J	R	hcar2_human	Gi/o	5	7ZL9;7ZLY;8K5B;8K5C;8K5D	A	0.2606534008204339	0.2010034471105085	0.05964995370992543	11.5351	11.1627	0.37240000000000073	6.0924	5.1886	0.9037999999999995	4.6242	4.7178	-0.09360000000000035	12.3538	12.8459	-0.49210000000000065	13.3962	12.9639	0.4322999999999997	10.906	10.0815	0.8245000000000005	13.3962	12.9639	0.4322999999999997	1.3343	1.3353	-0.0009999999999998899	-68.9269	-81.5041	12.57719999999999	177.5553	151.4161	26.139199999999988	5.4142	5.4032	0.01100000000000012	6.0036	5.9826	0.020999999999999908	6.8936	6.6076	0.2860000000000005	3.6636	3.5834	0.08020000000000005	4.2096	4.0752	0.1344000000000003	4.6304	4.3157	0.3147000000000002	18.3114	17.9387	0.37269999999999825	-178.3536	-171.5932	-6.760400000000004	84.1287	85.1951	-1.0664000000000016	-91.3206	-68.0526	-23.268	90.4751	-67.6563	158.13139999999999	3.3742	3.6443	-0.2700999999999998	4.9825	4.8011	0.1814	7.0315	7.4769	-0.44539999999999935	-86.6221	-88.2941	1.671999999999997	79.407	-52.6873	132.0943	10.831	11.152	-0.32099999999999973	8.0826	8.3584	-0.27580000000000027	6.2062	5.4501	0.7561	3.0967	3.1118	-0.015100000000000335	6.4155	5.8622	0.5533000000000001	4.398	4.7881	-0.39010000000000034	8.9247	6.2802	2.6445	4.8458	4.4774	0.3683999999999994	4.9071	4.2894	0.6177000000000001	33.8351	37.867	-4.0319	3.8503	3.5822	0.2681	57.4175	61.9971	-4.579600000000006	8.0	8.0	0.0	11.7387	12.3322	-0.5935000000000006	10.8246	10.8554	-0.030799999999999272	15.7239	15.6166	0.1073000000000004	20.9374	20.7268	0.21059999999999945	21.5681	21.7993	-0.23119999999999763	54.7832	55.6601	-0.8768999999999991	53.3949	49.0271	4.367800000000003	1.2903	1.9675	-0.6772	23.1139	22.2829	0.8309999999999995	18.3365	18.6874	-0.3508999999999993	7.9517	7.7833	0.1684000000000001	11.8575	11.8988	-0.04129999999999967	9.5552	10.0217	-0.4664999999999999	31.6549	29.6334	2.0214999999999996	32.213	33.4472	-1.2342000000000013	22.6823	22.6676	0.014700000000001268	14.3889	14.1282	0.26069999999999993	45.131	75.0682	-29.937200000000004	10.364	10.75005	-0.3860499999999991	17.7767	15.6463	2.1304000000000016	16.9374	12.8105	4.126900000000001	1.0	0.625	0.375	8.0	3.0	5.0	-74.0005	-78.9377	4.937200000000004	-19.8673	31.3344	-51.2017	1697.7318	1578.8191	118.91270000000009	149.9875	151.255	-1.267499999999984	19.5	19.5	0.0	13.8192	13.8775	-0.05829999999999913	87.0632	83.757	3.30619999999999	36.7575	34.2225	2.5350000000000037	3.4206	3.3005	0.12009999999999987	9.8533	9.1794	0.6739000000000015	1454.245	1435.655	18.589999999999918	0.2798	0.4099	-0.1301	-0.8018	-0.7797	-0.02210000000000001	5.2336	4.7894	0.4442000000000004	20.6394	20.9815	-0.34210000000000207	16.1217	16.5808	-0.4590999999999994	9.5285	9.0657	0.46279999999999966	0.9647	0.9693	-0.0046000000000000485	0.8871	0.8973	-0.010199999999999987	0.4733	0.4416	0.031700000000000006	0.0288	0.0995	-0.07070000000000001	0.3918	0.3637	0.02809999999999996	0.6082	0.6363	-0.028100000000000014	0.4298	0.4575	-0.027700000000000002	0.5702	0.5425	0.027700000000000058	0.2037	0.16	0.04369999999999999	0.0494	0.0296	0.019799999999999998	0.6231	0.6532	-0.030100000000000016	0.1238	0.1475	-0.0237
8JEI	A	hcar3_human	Gi/o	1	8IHK	R	0.2210327064836605	0.2172624666131988	0.0037702398704616835	11.1788	11.3218	-0.1429999999999989	5.6516	5.0691	0.5825000000000005	5.0323	4.7636	0.26869999999999994	12.3381	12.3403	-0.0021999999999984254	13.1197	13.7234	-0.6036999999999999	10.6252	10.4594	0.16579999999999906	13.1197	13.7234	-0.6036999999999999	1.3433	1.3352	0.008099999999999996	-58.1558	-86.7449	28.589100000000002	168.3968	155.129	13.267800000000022	5.3791	5.5282	-0.1490999999999998	5.6888	6.2195	-0.5307000000000004	6.8867	6.4137	0.47299999999999986	3.6749	3.6997	-0.024799999999999933	4.0162	4.4757	-0.45949999999999935	4.4959	4.2436	0.25229999999999997	17.9546	18.1614	-0.2068000000000012	-174.6062	-176.3413	1.7350999999999885	-86.6567	77.297	-163.9537	-72.5877	-76.3187	3.7310000000000088	-76.2084	70.0841	-146.29250000000002	3.3277	3.2507	0.07699999999999996	5.0721	5.1545	-0.0823999999999998	7.7754	7.5849	0.1905000000000001	-95.1441	-97.7206	2.57650000000001	72.3975	-90.906	163.30349999999999	11.0246	10.4664	0.5581999999999994	8.074	7.6102	0.4638	5.9641	5.2691	0.6950000000000003	3.1407	3.1152	0.025499999999999634	5.9505	5.9156	0.03489999999999949	5.3002	4.7386	0.5616000000000003	6.6132	6.9439	-0.3307000000000002	3.3804	3.6341	-0.25370000000000026	4.1628	4.915	-0.7522000000000002	31.1767	38.6501	-7.473400000000002	3.4125	3.6956	-0.28310000000000013	68.689	70.3434	-1.6544000000000096	8.0	8.0	0.0	12.8025	13.1754	-0.37289999999999957	10.9327	11.1451	-0.2123999999999988	15.6484	15.8333	-0.18489999999999895	20.6733	20.6515	0.021800000000002484	21.4469	21.8069	-0.35999999999999943	55.8259	55.3391	0.48679999999999524	46.5188	49.1888	-2.6700000000000017	1.4638	1.1389	0.32489999999999997	22.6903	22.6418	0.048500000000000654	20.5255	21.698	-1.1724999999999994	7.8788	7.7981	0.08070000000000022	12.1142	11.9742	0.14000000000000057	9.865	9.7753	0.08970000000000056	28.6974	29.2201	-0.5227000000000004	33.3905	33.433	-0.042499999999996874	21.8896	25.4338	-3.5442	15.0819	14.9237	0.158199999999999							14.9701	13.5299	1.4402000000000008	14.7354	11.4284	3.3070000000000004	0.625	0.625	0.0	3.0	3.0	0.0	-78.4598	-78.5964	0.1366000000000014	31.4225	30.294	1.128499999999999	1786.4356	1723.8211	62.614500000000135	160.9725	158.015	2.9575000000000102	19.5	19.5	0.0	14.3163	14.1842	0.13209999999999944	91.6121	88.4011	3.2109999999999985	34.2225	32.955	1.2674999999999983	3.3005	3.2388	0.06170000000000009	9.7393	9.8544	-0.11509999999999998	1502.41	1484.665	17.74500000000012	0.2804	0.2341	0.04629999999999998	-1.008	-0.9647	-0.043300000000000005	5.3499	5.2903	0.05959999999999965	20.579	20.5664	0.012599999999999056	17.327	17.1408	0.18620000000000303	9.355	9.2199	0.13509999999999955	0.9562	0.9578	-0.0015999999999999348	0.8907	0.8939	-0.0031999999999999806	0.4739	0.4683	0.005599999999999994	0.1087	0.0617	0.04700000000000001	0.4457	0.4692	-0.02350000000000002	0.5543	0.5308	0.023499999999999965	0.3928	0.3999	-0.007099999999999995	0.6072	0.6001	0.007099999999999995	0.2409	0.2412	-0.0002999999999999947	0.0403	0.0338	0.006500000000000006	0.6273	0.639	-0.011700000000000044	0.0915	0.086	0.005500000000000005
7TD0	R	lpar1_human	Gi/o	1	7YU4	A	0.3833240111480575	0.2442335247115803	0.13909048643647717	14.417	14.28	0.13700000000000045	10.1418	10.3884	-0.24660000000000082	3.9529	3.7307	0.22219999999999995	11.7588	12.1409	-0.38209999999999944	15.9118			13.2639			15.9118			1.3344	1.329	0.005400000000000071	-79.8024	-76.926	-2.876400000000004	177.8446	175.4444	2.4002000000000123	5.1182	5.0773	0.040899999999999714	5.8363	5.8667	-0.030400000000000205	6.9838	7.0528	-0.06900000000000084	3.5809	3.5276	0.053300000000000125	4.2976	4.1801	0.11749999999999972	5.0339	5.0598	-0.025900000000000034	17.9383	17.9968	-0.058499999999998664	-168.8623	-161.4979	-7.364400000000018	-72.1227	-80.515	8.392300000000006	-77.1503	-79.5821	2.4317999999999955	108.5462	111.7448	-3.198599999999999	2.1697	2.5085	-0.3388	5.39	5.1528	0.23719999999999963	7.499	6.9964	0.5025999999999993	-74.8794	-77.8645	2.9851000000000028	79.4903	88.7106	-9.220299999999995	7.9556	8.2487	-0.2930999999999999	4.2154	4.2179	-0.002500000000000391	6.2773	5.8496	0.42770000000000064	3.1855	3.1022	0.08330000000000037	6.2806	5.9372	0.3433999999999999	4.3235	4.4449	-0.12139999999999951	7.7184	7.7082	0.010200000000000209	4.1834	4.2627	-0.07929999999999993	4.3873	4.7041	-0.31680000000000064	31.9055	35.3231	-3.4175999999999966	3.5176	3.5864	-0.06879999999999997	43.0777	36.2986	6.7791	7.0	0.0	7.0	14.1329			13.6858			17.6411			24.2579			22.1146			55.5673			55.3337			6.0306			22.6858			7.4869			8.4706	8.3136	0.15700000000000003	12.775			10.2637	10.2633	0.0004000000000008441	27.499			49.3423			24.9579			16.2854	14.5981	1.6872999999999987	68.4352	73.8521	-5.416899999999998	10.1972	9.487	0.7102000000000004	18.3381	18.1329	0.20520000000000138	21.8089	20.7998	1.0091	0.2857			2.0	0.0	2.0	-69.4786			60.7587			953.2234			111.1175			17.55			11.8945			54.3147			2.9575			0.9703			7.9107			1108.64			-1.4713			-3.6301			7.7638			17.276			14.1804			7.7564			0.2836			0.8935			0.4225			0.0821			0.6808			0.3192			0.1685			0.8315			0.0138			0.084			0.2143			0.2353		
9IZG	R	lpar1_human	Gq/11	1	7YU4	A	0.3444244759066986	0.2442335247115803	0.10019095119511831	14.5122	14.28	0.23220000000000063	10.2995	10.3884	-0.08890000000000065	3.6627	3.7307	-0.06800000000000006	12.3293	12.1409	0.18839999999999968	16.3532			13.3943			16.3532			1.334	1.329	0.0050000000000001155	-79.8958	-76.926	-2.9697999999999922	171.7832	175.4444	-3.661200000000008	5.1466	5.0773	0.06930000000000014	5.4496	5.8667	-0.4170999999999996	6.8795	7.0528	-0.17330000000000023	3.7447	3.5276	0.21709999999999985	3.6588	4.1801	-0.5213000000000005	5.2429	5.0598	0.1830999999999996	17.4758	17.9968	-0.5210000000000008	-152.4942	-161.4979	9.00369999999998	83.5994	-80.515	164.1144	-82.0323	-79.5821	-2.4502000000000095	100.821	111.7448	-10.9238	2.1964	2.5085	-0.31210000000000004	5.2907	5.1528	0.13790000000000013	7.6677	6.9964	0.6712999999999996	-81.1913	-77.8645	-3.3267999999999915	-84.6491	88.7106	-173.3597	8.1198	8.2487	-0.1288999999999998	4.3902	4.2179	0.1722999999999999	5.7777	5.8496	-0.07189999999999941	3.1525	3.1022	0.05030000000000001	5.9372	5.9372	0.0	4.1682	4.4449	-0.27669999999999995	7.2422	7.7082	-0.4659999999999993	3.5667	4.2627	-0.6959999999999997	4.7691	4.7041	0.0649999999999995	29.8331	35.3231	-5.489999999999995	3.5502	3.5864	-0.03620000000000001	40.9936	36.2986	4.695	7.0	0.0	7.0	11.112			12.1377			17.0491			23.3178			20.7421			59.6745			56.1713			5.6641			22.7953			7.529			8.5026	8.3136	0.18900000000000006	12.696			10.6435	10.2633	0.3802000000000003	30.5997			50.6559			30.7468			16.0797	14.5981	1.4815999999999985	70.399	73.8521	-3.453099999999992	10.3255	9.487	0.8384999999999998	18.6497	18.1329	0.5167999999999999	21.8422	20.7998	1.042399999999997	0.2857			2.0	0.0	2.0	-95.9826			73.1423			1038.0825			124.6375			16.9			12.5974			61.425			5.07			1.2704			6.6522			1122.16			-1.3765			-3.5522			7.6013			17.5948			13.9342			8.0012			0.2917			0.8906			0.4418			0.027			0.6712			0.3288			0.2063			0.7937			0.0022			0.0906			0.2204			0.1777		
7VV5	R	mrgx2_human	Gi/o	1	7VV6	R	0.2608533774032545	0.2608533774032545	0.0	12.6956	12.6956	0.0	8.4004	8.4004	0.0	5.1136	5.1136	0.0	12.0556	12.0556	0.0	14.6147	14.6147	0.0	12.5933	12.5933	0.0	14.6147	14.6147	0.0	1.3351	1.3351	0.0	-62.8963	-62.8963	0.0	162.2005	162.2005	0.0	6.5646	6.5646	0.0	5.0521	5.0521	0.0	7.1683	7.1683	0.0	4.0273	4.0273	0.0	3.5941	3.5941	0.0	4.2946	4.2946	0.0	18.785	18.785	0.0	-166.2659	-166.2659	0.0	-89.1362	-89.1362	0.0							3.3948	3.3948	0.0	5.9159	5.9159	0.0	6.5727	6.5727	0.0	-65.7717	-65.7717	0.0	92.7461	92.7461	0.0	10.3844	10.3844	0.0	7.6232	7.6232	0.0	5.2665	5.2665	0.0	3.12	3.12	0.0	5.4012	5.4012	0.0	5.8524	5.8524	0.0	6.7953	6.7953	0.0	3.551	3.551	0.0	4.9857	4.9857	0.0	41.666	41.666	0.0	3.8291	3.8291	0.0	65.7337	65.7337	0.0	8.0	8.0	0.0	9.8152	9.8152	0.0	12.3855	12.3855	0.0	16.072	16.072	0.0	23.1852	23.1852	0.0	21.9676	21.9676	0.0	65.719	65.719	0.0	43.8222	43.8222	0.0	1.0906	1.0906	0.0	21.8541	21.8541	0.0	0.606	0.606	0.0	7.2516	7.2516	0.0	11.4725	11.4725	0.0	10.2082	10.2082	0.0	31.6538	31.6538	0.0	29.4175	29.4175	0.0	26.8526	26.8526	0.0	17.4177	17.4177	0.0													0.875	0.875	0.0	7.0	7.0	0.0	-80.2881	-80.2881	0.0	-13.1194	-13.1194	0.0	2133.8362	2133.8362	0.0	198.575	198.575	0.0	18.85	18.85	0.0	15.9007	15.9007	0.0	113.2009	113.2009	0.0	27.04	27.04	0.0	2.9338	2.9338	0.0	11.2895	11.2895	0.0	1671.41	1671.41	0.0	0.6173	0.6173	0.0	-1.9427	-1.9427	0.0	5.3242	5.3242	0.0	19.5687	19.5687	0.0	17.8559	17.8559	0.0	10.9803	10.9803	0.0	0.3141	0.3141	0.0	0.8277	0.8277	0.0	0.4796	0.4796	0.0	0.0489	0.0489	0.0	0.3838	0.3838	0.0	0.6162	0.6162	0.0	0.3694	0.3694	0.0	0.6306	0.6306	0.0				0.0588	0.0588	0.0	0.6508	0.6508	0.0	0.2904	0.2904	0.0
7S8L	R	mrgx2_human	Gq/11	1	7VV6	R	0.3357579997810506	0.2608533774032545	0.0749046223777961	13.7219	12.6956	1.026299999999999	8.9846	8.4004	0.5842000000000009	4.463	5.1136	-0.6505999999999998	12.6213	12.0556	0.5656999999999996	15.2503	14.6147	0.6356000000000002	11.617	12.5933	-0.9762999999999984	15.2503	14.6147	0.6356000000000002	1.3371	1.3351	0.0020000000000000018	-67.6078	-62.8963	-4.711500000000001	-179.8681	162.2005	-342.0686	6.331	6.5646	-0.23360000000000003	5.7903	5.0521	0.7382	7.3849	7.1683	0.21659999999999968	4.3181	4.0273	0.29079999999999995	3.8948	3.5941	0.30069999999999997	4.8597	4.2946	0.5651000000000002	19.5062	18.785	0.7211999999999996	-176.5338	-166.2659	-10.267900000000026	103.1207	-89.1362	192.2569							3.1086	3.3948	-0.2862	6.0794	5.9159	0.16349999999999998	6.8286	6.5727	0.2558999999999996	-76.1485	-65.7717	-10.376800000000003	83.2313	92.7461	-9.514799999999994	11.5506	10.3844	1.1662	8.6372	7.6232	1.0140000000000002	5.7131	5.2665	0.4466000000000001	3.1459	3.12	0.025900000000000034	5.3083	5.4012	-0.0929000000000002	8.159	5.8524	2.3066000000000004	8.4108	6.7953	1.6155	3.4341	3.551	-0.11690000000000023	6.3111	4.9857	1.3254000000000001	52.6058	41.666	10.939800000000005	4.3152	3.8291	0.4861	65.8588	65.7337	0.12510000000000332	8.0	8.0	0.0	10.3349	9.8152	0.5196999999999985	12.7783	12.3855	0.39279999999999937	16.7639	16.072	0.6919000000000004	24.6107	23.1852	1.425500000000003	22.7925	21.9676	0.8248999999999995	66.7035	65.719	0.9845000000000113	42.6133	43.8222	-1.2088999999999999	1.9329	1.0906	0.8423	23.2655	21.8541	1.4114000000000004	0.7126	0.606	0.10660000000000003	7.7851	7.2516	0.5335000000000001	12.0009	11.4725	0.5283999999999995	11.5529	10.2082	1.3446999999999996	31.0448	31.6538	-0.6090000000000018	27.3763	29.4175	-2.0412	27.729	26.8526	0.8764000000000003	17.2333	17.4177	-0.18440000000000012													0.75	0.875	-0.125	6.0	7.0	-1.0	-86.9556	-80.2881	-6.667500000000004	-7.3483	-13.1194	5.771100000000001	2516.9381	2133.8362	383.10189999999966	216.32	198.575	17.745000000000005	19.5	18.85	0.6499999999999986	16.596	15.9007	0.6952999999999996	129.0738	113.2009	15.872900000000001	36.7575	27.04	9.717500000000001	3.4206	2.9338	0.4867999999999997	11.9161	11.2895	0.6265999999999998	1911.39	1671.41	239.98000000000002	0.5726	0.6173	-0.04469999999999996	-1.8114	-1.9427	0.1313000000000002	5.4684	5.3242	0.14419999999999966	20.3778	19.5687	0.8091000000000008	18.966	17.8559	1.1101000000000028	11.6033	10.9803	0.6230000000000011	0.2862	0.3141	-0.02789999999999998	0.8221	0.8277	-0.005599999999999938	0.4681	0.4796	-0.01150000000000001	0.0376	0.0489	-0.011299999999999998	0.3954	0.3838	0.0116	0.6046	0.6162	-0.011599999999999944	0.4044	0.3694	0.034999999999999976	0.5956	0.6306	-0.03500000000000003				0.1014	0.0588	0.042600000000000006	0.619	0.6508	-0.03180000000000005	0.2796	0.2904	-0.010799999999999976
7S8P	R	mrgx4_human	Gq/11	1	8KEX	E	0.3721361026194916	0.3073921837685547	0.06474391885093689	14.6728	14.0156	0.6572000000000013	9.5919	8.6022	0.9897000000000009	3.8738	4.5706	-0.6967999999999996	12.5059	12.0067	0.4992000000000001	16.119	15.9517	0.16729999999999912	13.6803	13.1251	0.555200000000001	16.119	15.9517	0.16729999999999912	1.3318	1.3361	-0.0042999999999999705	-84.2581	-71.7324	-12.5257	165.3714	-54.8664	220.2378	6.3711	6.3864	-0.01529999999999987	5.5166	4.8813	0.6353	7.478	7.8519	-0.3738999999999999	3.8279	4.1947	-0.3668	3.3895	3.541	-0.15149999999999997	4.6345	5.1472	-0.5126999999999997	19.3657	19.1196	0.24610000000000198	177.5746	-164.5842	342.15880000000004	98.7256	-72.0025	170.72809999999998							3.1016	3.1284	-0.026800000000000157	6.2401	6.8248	-0.5846999999999998	7.1721	6.1151	1.0570000000000004	-77.5576	-70.6266	-6.930999999999997	82.2243	-78.359	160.5833	10.5241	10.8883	-0.3641999999999985	7.6571	7.8068	-0.14970000000000017	5.7364	5.342	0.3944000000000001	3.113	3.2147	-0.10170000000000012	5.2798	4.9149	0.36489999999999956	6.2456	5.578	0.6675999999999993	7.2744	7.3641	-0.08969999999999967	3.8588	3.9452	-0.08639999999999981	5.3483	4.716	0.6322999999999999	50.5574	46.1409	4.416499999999999	4.062	3.982	0.08000000000000007	66.8885	67.1566	-0.268100000000004	8.0	8.0	0.0	10.8511	10.0394	0.8117000000000001	12.6323	12.1957	0.4366000000000003	17.1122	16.5161	0.5960999999999999	25.5131	24.2479	1.2652	22.7526	21.8215	0.9311000000000007	69.1335	69.8493	-0.7158000000000015				2.052	0.6868	1.3652000000000002				1.553	6.0985	-4.5455	7.865	7.8499	0.015100000000000335	12.5271	11.7816	0.7455000000000016	11.1179	11.6416	-0.5236999999999998				26.1799	32.9403	-6.760400000000001	28.9547	31.1953	-2.2406000000000006	17.0591	16.9604	0.0987000000000009													0.7	0.8	-0.10000000000000009	6.0	7.0	-1.0	-88.7462	-61.5807	-27.1655	9.1123	-10.8063	19.918599999999998																																																																																	
7L0P	C	ntr1_rat	Gi/o	4	4GRV;4XEE;4XES;5T04	A	0.1772132099338002	0.20345158030926855	-0.02623837037546836	12.3435	12.33845	0.005050000000000665	5.5906	5.7197499999999994	-0.1291499999999992	2.3004	4.7197499999999994	-2.4193499999999997	14.8535	12.001349999999999	2.8521500000000017	14.2688	13.79115	0.4776500000000006	10.6411	9.626100000000001	1.0149999999999988	14.2688	13.79115	0.4776500000000006	1.3363	1.33215	0.004150000000000098	-97.9635	-67.12035	-30.843149999999994	168.4253	-145.34935000000002	313.77465	4.2966	4.7072	-0.4106000000000005	6.2016	6.1993	0.0022999999999999687	6.0635	6.18975	-0.12624999999999975	3.7517	3.9897	-0.238	4.5802	4.5266	0.053599999999999426	3.5417	4.3022	-0.7605	16.5617	17.393349999999998	-0.8316499999999998	172.1196	-162.97654999999997	335.09614999999997	62.5208	74.79135	-12.270549999999993	-59.6529	-73.9394	14.286500000000004	85.3872	70.03635	15.350850000000008	2.2814	2.3696	-0.08820000000000006	6.0839	5.3919	0.6920000000000002	7.2712	7.7284500000000005	-0.45725000000000016	-68.4711	-81.03225	12.561149999999998	-29.4001	-77.95304999999999	48.552949999999996	11.2263	8.61725	2.60905	8.3112	6.0362	2.2749999999999995	6.0177	5.075749999999999	0.9419500000000003	3.0703	3.1077000000000004	-0.03740000000000032	3.0178	6.52365	-3.50585	5.0387	4.4942	0.5445000000000002	5.751	5.89775	-0.14674999999999994	4.0711	3.747	0.3241000000000005	4.7477	4.6415500000000005	0.10614999999999952	41.6354	34.0232	7.612199999999994	3.7559	3.4696	0.2863000000000002	49.3912	29.39925	19.99195	8.0	8.0	0.0	9.771	10.421	-0.6499999999999986	11.1818	11.612100000000002	-0.4303000000000008	15.8813	16.35415	-0.4728500000000011	22.1203	22.329349999999998	-0.20904999999999774	24.484	22.6455	1.8385000000000034	52.8445	56.4546	-3.6101000000000028	41.4705	45.55225	-4.0817499999999995	1.5604	1.36405	0.19635000000000002	22.1281	22.320500000000003	-0.1924000000000028	23.7414	26.174550000000004	-2.433150000000005	7.8177	7.86015	-0.042449999999999655	11.8726	11.68945	0.18314999999999948	9.8482	9.3884	0.45979999999999954	33.3598	34.72725	-1.367449999999998	30.1479	25.509300000000003	4.638599999999997	23.2524	26.348799999999997	-3.0963999999999956	13.8517	12.13855	1.7131499999999988	83.465	66.3451	17.1199	10.4022	10.6434	-0.2411999999999992	19.7883	18.3947	1.3935999999999993	15.7606	14.7829	0.9777000000000005	0.875	0.875	0.0	7.0	7.0	0.0	-73.7873	-82.31315000000001	8.525850000000005	-17.1649	-12.554	-4.610899999999999	1286.8927	789.8215	497.0712000000001	111.9625	72.45875000000001	39.50375	19.5	19.175	0.3249999999999993	11.9396	9.5939	2.345700000000001	65.9945	41.90035	24.09415	12.2525	15.42125	-3.168750000000001	1.9749	2.21425	-0.23934999999999973	8.3478	6.395849999999999	1.95195	1404.39	1117.935	286.45500000000015	0.791	0.8249500000000001	-0.033950000000000036	-2.3434	-2.2731500000000002	-0.0702499999999997	5.224	4.631600000000001	0.5923999999999996	19.6502	21.19755	-1.547349999999998	17.1799	13.120750000000001	4.059149999999999	7.7801	7.7471000000000005	0.032999999999999474	0.9393	0.96385	-0.02454999999999996	0.9183	0.9378	-0.019499999999999962	0.4074	0.36905	0.038349999999999995	0.0977	0.17225	-0.07454999999999999	0.392	0.3507	0.0413	0.608	0.6493	-0.0413	0.2706	0.2026	0.068	0.7294	0.7974	-0.06799999999999995	0.1626	0.0034	0.1592	0.0106	0.0191	-0.008499999999999999	0.2533	0.20379999999999998	0.049500000000000044	0.1581	0.27845000000000003	-0.12035000000000004
8FMZ	A	ntr1_rat	Gq/11	4	4GRV;4XEE;4XES;5T04	A	0.2575980708015378	0.20345158030926855	0.054146490492269245	12.3353	12.33845	-0.003149999999999764	6.6924	5.7197499999999994	0.9726500000000007	4.5555	4.7197499999999994	-0.16424999999999912	11.863	12.001349999999999	-0.13834999999999908	14.5956	13.79115	0.8044499999999992	10.9448	9.626100000000001	1.3186999999999998	14.5956	13.79115	0.8044499999999992	1.3341	1.33215	0.0019500000000001183	-72.8501	-67.12035	-5.729749999999996	179.2178	-145.34935000000002	324.56715	4.368	4.7072	-0.33919999999999995	6.0889	6.1993	-0.11040000000000028	6.0687	6.18975	-0.12105000000000032	4.0327	3.9897	0.04300000000000015	4.4672	4.5266	-0.05940000000000012	4.1424	4.3022	-0.15979999999999972	16.5256	17.393349999999998	-0.8677499999999974	-166.9758	-162.97654999999997	-3.9992500000000177	83.3802	74.79135	8.588850000000008	-76.9905	-73.9394	-3.051099999999991	32.1069	70.03635	-37.929449999999996	3.3497	2.3696	0.9800999999999997	4.7832	5.3919	-0.6086999999999998	7.6261	7.7284500000000005	-0.10235000000000039	-76.9943	-81.03225	4.037950000000009	-92.6727	-77.95304999999999	-14.719650000000016	9.0689	8.61725	0.451649999999999	6.1508	6.0362	0.11460000000000026	5.5338	5.075749999999999	0.45805000000000096	3.1033	3.1077000000000004	-0.004400000000000404	6.1676	6.52365	-0.35604999999999976	4.7686	4.4942	0.2744	6.7337	5.89775	0.8359499999999995	3.6293	3.747	-0.1176999999999997	4.4479	4.6415500000000005	-0.19365000000000077	33.0331	34.0232	-0.9901000000000053	3.4698	3.4696	0.00020000000000042206	63.6107	29.39925	34.21145	8.0	8.0	0.0	10.3559	10.421	-0.06509999999999927	11.4136	11.612100000000002	-0.198500000000001	16.2786	16.35415	-0.07554999999999978	22.0465	22.329349999999998	-0.28284999999999627	21.731	22.6455	-0.9144999999999968	56.1544	56.4546	-0.3001999999999967	41.4402	45.55225	-4.1120500000000035	0.5626	1.36405	-0.80145	23.2304	22.320500000000003	0.9098999999999968	25.7876	26.174550000000004	-0.38695000000000235	8.0387	7.86015	0.17855000000000043	12.1043	11.68945	0.4148499999999995	8.9732	9.3884	-0.41520000000000046	36.718	34.72725	1.9907500000000056	30.1323	25.509300000000003	4.6229999999999976	23.0557	26.348799999999997	-3.2930999999999955	14.6726	12.13855	2.534049999999999		66.3451			10.6434		16.7275	18.3947	-1.6672000000000011	15.104	14.7829	0.3210999999999995	0.875	0.875	0.0	7.0	7.0	0.0	-69.69	-82.31315000000001	12.62315000000001	-15.2563	-12.554	-2.7022999999999993	1398.9398	789.8215	609.1183000000001	153.79	72.45875000000001	81.33124999999998	19.5	19.175	0.3249999999999993	13.9933	9.5939	4.3994	71.7405	41.90035	29.840149999999994	16.055	15.42125	0.6337499999999991	2.2606	2.21425	0.046350000000000335	8.3565	6.395849999999999	1.9606500000000011	1444.105	1117.935	326.1700000000001	0.2257	0.8249500000000001	-0.5992500000000001	-2.5614	-2.2731500000000002	-0.2882499999999997	6.2535	4.631600000000001	1.6218999999999992	19.3616	21.19755	-1.8359500000000004	14.7267	13.120750000000001	1.6059499999999982	10.8358	7.7471000000000005	3.0887000000000002	0.9564	0.96385	-0.007449999999999957	0.8287	0.9378	-0.10909999999999997	0.4189	0.36905	0.049850000000000005	0.1178	0.17225	-0.054449999999999985	0.4411	0.3507	0.09039999999999998	0.5589	0.6493	-0.09040000000000004	0.2676	0.2026	0.065	0.7324	0.7974	-0.06499999999999995	0.2434	0.0034	0.24000000000000002	0.0394	0.0191	0.0203	0.2709	0.20379999999999998	0.06709999999999999	0.0727	0.27845000000000003	-0.20575000000000004
8F7S	R	oprd_human	Gi/o	1	6PT3	A	0.3089038170879946	0.147435174598102	0.1614686424898926	13.3595	8.7608	4.598700000000001	9.3339	6.7057	2.6281999999999996	4.3181	4.3801	-0.06199999999999939	13.8492	12.6337	1.2155000000000005	15.8365	9.9794	5.857099999999999	12.0852	6.3465	5.738700000000001	15.8365	9.9794	5.857099999999999	1.3399	1.3542	-0.01429999999999998	-71.1252	-75.033	3.9077999999999946	-176.6264	-92.671	-83.95539999999998	5.6496	5.2815	0.3681000000000001	5.9811	5.4095	0.5715999999999992	6.4219	5.9414	0.48050000000000015	3.7412	3.392	0.3492000000000002	4.2092	3.7297	0.47950000000000026	4.5242	4.2309	0.29330000000000034	18.0526	16.6324	1.4202000000000012	-169.6056	-172.5228	2.91719999999998	81.1847	87.6153	-6.430599999999998	-74.1069	-79.0734	4.966500000000011	107.3068	108.123	-0.8162000000000091	2.6259	2.3264	0.2995000000000001	5.5203	5.5163	0.0039999999999995595	7.6003	7.0752	0.5251000000000001	-69.3701	-167.7316	98.36149999999999	-18.8087	-83.5025	64.6938	9.9851	16.0442	-6.059100000000001	7.5816	13.4383	-5.8567	5.106	8.9035	-3.7974999999999994	3.0231	3.1655	-0.1424000000000003	6.4763	5.6912	0.7850999999999999	5.2182	5.1485	0.0697000000000001	10.0756	10.2041	-0.12850000000000072	5.7965	5.5076	0.28889999999999993	10.3343	9.3737	0.9606000000000012	56.1823	36.3655	19.8168	4.8652	4.3483	0.5168999999999997	57.3119	71.2509	-13.939	8.0	8.0	0.0	9.8129	9.605	0.20790000000000042	11.1617	10.6677	0.4939999999999998	15.2573	15.3923	-0.1349999999999998	22.9977	17.6317	5.366	23.617	21.3183	2.2987	42.6507	39.9155	2.735199999999999	50.319	35.4589	14.860100000000003	1.4072	1.0054	0.40179999999999993	23.3346	22.5345	0.8000999999999969	23.6568	18.2701	5.386700000000001	8.1548	9.1297	-0.9748999999999999	12.1643	13.0584	-0.8940999999999999	10.7307	8.2357	2.495000000000001	34.9899	20.3299	14.66	42.5191	23.3931	19.126	25.1621	9.6518	15.510299999999999	16.767	16.6716	0.09539999999999793	34.484	37.9496	-3.465599999999995	10.3741	10.54	-0.16589999999999883	17.258	17.1778	0.08019999999999783	18.9548	19.3619	-0.4070999999999998	0.875	0.875	0.0	7.0	7.0	0.0	-70.7913	-75.6141	4.822799999999987	-20.4194	-23.3727	2.9532999999999987	1501.6495	631.0883	870.5612	164.3525	84.0775	80.27499999999999	20.15	19.5	0.6499999999999986	14.4658	10.3465	4.119299999999999	74.5235	32.3635	42.16	18.1675	14.7875	3.380000000000001	2.4048	2.1696	0.23519999999999985	7.699	4.9237	2.7752999999999997	1755.91	1335.1	420.8100000000002	-1.0246	-1.0846	0.06000000000000005	-0.8093	-1.5274	0.7181000000000001	6.2988	4.1485	2.1502999999999997	20.4382	23.7869	-3.348700000000001	17.8889	23.3504	-5.461500000000001	10.2003	6.8197	3.3806000000000003	0.8436	0.948	-0.10439999999999994	0.8666	0.958	-0.09139999999999993	0.3612	0.2665	0.0947	0.0724	0.1427	-0.07029999999999999	0.5931	0.7032	-0.11010000000000009	0.4069	0.2968	0.11009999999999998	0.451	0.3703	0.0807	0.549	0.6297	-0.0807	0.139	0.1321	0.006900000000000017	0.0408	0.0254	0.015400000000000004	0.385	0.2795	0.10549999999999998	0.0312	0.1042	-0.07300000000000001
4X1H	A	opsd_bovin	Gi/o	13	3CAP;3PXO;4BEZ;5DYS;5TE3;6FK6;6FK7;6FK8;6FK9;6FKA;6FKB;6FKC;6FKD	A	0.3234554986402512	0.3277339983311587	-0.004278499690907489	13.5994	13.2386	0.36079999999999934	8.9259	8.2707	0.6552000000000007	5.0336	4.926	0.1075999999999997	12.7878	12.6709	0.11690000000000111	14.7212	14.6633	0.05790000000000006	13.0249	12.7996	0.22530000000000072	14.7212	14.6633	0.05790000000000006	1.3275	1.3351	-0.007600000000000051	-77.3962	-68.8457	-8.5505	169.8586	167.5548	2.3037999999999954	5.3636	5.1127	0.2508999999999997	6.2093	6.6378	-0.42850000000000055	6.7784	7.0066	-0.2281999999999993	3.9626	4.0254	-0.06280000000000019	3.3665	3.6085	-0.242	4.1439	4.2589	-0.11499999999999932	18.3513	18.6681	-0.31680000000000064	-177.3925	-175.5425	-1.8500000000000227	85.5411	86.3586	-0.8174999999999955	-72.2956	-171.9488	99.65320000000001	112.7258	95.5533	17.172500000000014	4.0592	10.6751	-6.615900000000001	6.2876	6.3484	-0.06079999999999952	7.4104	6.7037	0.7066999999999997	-71.6681	-72.4067	0.7386000000000053	-83.6202	83.5402	-167.16039999999998	8.0181	7.8363	0.18180000000000085	4.5561	4.3701	0.18599999999999994	5.4933	5.6093	-0.11600000000000055	3.0647	3.0987	-0.03399999999999981	6.8695	6.9227	-0.05319999999999947	5.143	5.1368	0.006199999999999761	6.5738	6.6122	-0.038399999999999324	4.3908	4.3209	0.06989999999999963	6.2872	6.3989	-0.11169999999999991	42.2272	42.3874	-0.16019999999999612	3.8393	3.8346	0.0047000000000001485	64.0181	68.6361	-4.617999999999995	7.0	7.0	0.0	12.0851	11.9257	0.15939999999999976	12.0144	12.1482	-0.13379999999999903	15.0785	14.9745	0.1039999999999992	23.2863	23.142	0.1443000000000012	24.2898	24.3822	-0.09240000000000137	74.6273	73.3174	1.309899999999999	82.9798	82.6728	0.30700000000000216	4.0023	4.4021	-0.39979999999999993	22.3841	22.4674	-0.08330000000000126	17.8851	14.3153	3.5698000000000008	7.7409	7.7316	0.009299999999999642	11.5144	11.686	-0.17159999999999975	8.9605	9.281	-0.3205000000000009	37.6506	35.1993	2.4512999999999963	35.4726	36.7787	-1.3061000000000007	23.3181	21.5945	1.7236000000000011	17.1126	16.9921	0.12049999999999983	43.3483	39.5867	3.7616000000000014	10.182	10.3101	-0.12809999999999988	17.22	17.6939	-0.47390000000000043	19.7857	19.6634	0.12229999999999919	0.1429	0.2857	-0.1428	1.0	1.0	0.0	-72.4085	-99.0841	26.675600000000003	94.7403	75.1989	19.54140000000001	997.9873	1036.984	-38.99669999999992	127.595	126.75	0.8449999999999989	16.9	16.25	0.6499999999999986	12.7459	12.7037	0.042200000000001125	59.0525	63.8144	-4.761899999999997	3.8025	5.07	-1.2675	1.1002	1.2704	-0.1701999999999999	7.1633	7.1921	-0.02880000000000038	1047.8	1073.15	-25.350000000000136	-1.3351	-1.2961	-0.038999999999999924	-3.6609	-3.6126	-0.04829999999999979	7.3792	7.4425	-0.06329999999999991	17.4256	18.0714	-0.6458000000000013	13.2956	13.1399	0.1556999999999995	8.1471	8.291	-0.14390000000000036	0.5617	0.5631	-0.0014000000000000679	0.884	0.8872	-0.0031999999999999806	0.4609	0.4599	0.0010000000000000009	0.1376	0.0802	0.05740000000000001	0.6145	0.6566	-0.042099999999999915	0.3855	0.3434	0.042100000000000026	0.1863	0.2144	-0.028100000000000014	0.8137	0.7856	0.028100000000000014	0.2248	0.1969	0.027900000000000008	0.0624	0.0707	-0.008300000000000002	0.2458	0.2252	0.02059999999999998	0.0334	0.0293	0.0040999999999999995
7XXH	R	p2ry1_human	Gq/11	2	4XNV;4XNW	A;C	0.3094526159580764	0.038659258407248404	0.270793357550828	12.764	10.39935	2.3646499999999993	7.5906	4.16465	3.4259500000000003	3.8517	4.3739	-0.5221999999999998	12.5127	13.6837	-1.1709999999999994	14.7492	9.8203	4.9289000000000005	10.6888	7.2974	3.391400000000001	14.7492	9.8203	4.9289000000000005	1.3355	1.34345	-0.007950000000000124	-71.856	-115.13645	43.28045	172.0025	-11.489150000000002	183.49165	7.0823	5.73645	1.3458500000000004	6.1353	5.95185	0.18344999999999967	8.8715	8.135750000000002	0.7357499999999977	4.9025	3.69885	1.2036499999999997	4.0919	4.25255	-0.1606500000000004	5.4797	5.552899999999999	-0.07319999999999904	22.0892	19.82405	2.265150000000002	-174.4377	-91.8298	-82.6079	88.1391	4.098649999999999	84.04044999999999	-78.9147	-60.549	-18.365699999999997	-47.6823	-50.290549999999996	2.608249999999998	3.5932	4.22045	-0.6272499999999996	5.0513	4.9618	0.08950000000000014	6.1479	6.64515	-0.4972500000000002	-89.1866	-43.14165	-46.04495	54.1915	-35.70455	89.89605	8.0141	15.680299999999999	-7.6662	2.8934	11.68755	-8.79415	5.9312	6.38055	-0.4493500000000008	3.0695	3.21735	-0.14785000000000004	5.9135	3.1393500000000003	2.7741499999999997	6.8704	5.2717	1.5987	10.5072	6.93025	3.576949999999999	5.5014	3.7355	1.7659000000000002	8.3201	4.70365	3.6164500000000004	53.1141	40.6174	12.496699999999997	4.5108	3.72335	0.7874499999999998	52.6176	11.46755	41.15005000000001	8.0	7.5	0.5	10.7407	11.90075	-1.16005	11.327	11.91555	-0.5885499999999997	15.4143	17.26255	-1.8482500000000002	21.7501	21.092	0.658100000000001	22.6982	21.322000000000003	1.3761999999999972	54.8847	51.385850000000005	3.4988499999999974	36.69	42.010000000000005	-5.320000000000007	1.8465	2.7379	-0.8913999999999997	23.0807	22.90505	0.17565000000000097	12.8716	22.40475	-9.53315	8.0098	8.02	-0.01019999999999932	11.7508	11.77075	-0.01994999999999969	9.0582	9.02685	0.03134999999999977	37.8896	35.13035	2.7592500000000015	37.6142	21.612499999999997	16.0017	19.3205	18.937199999999997	0.383300000000002	15.4147	12.06775	3.3469499999999996	70.8071	77.2106	-6.403499999999994	8.7467	16.53185	-7.785149999999998	17.6236	16.03305	1.5905500000000004	18.2903	17.22215	1.0681499999999993	0.625	0.6517999999999999	-0.026799999999999935	4.0	3.5	0.5	-56.3364	-64.3142	7.977800000000002	10.2146	-19.2767	29.491300000000003	1986.088	1251.1915	734.8965000000001	158.4375	90.8375	67.6	19.5	20.8	-1.3000000000000007	14.2031	10.75025	3.4528499999999998	101.8507	60.153400000000005	41.6973	39.2925	39.50375	-0.21124999999999972	3.5366	3.5454	-0.008799999999999919	10.8428	9.73365	1.1091499999999996	1555.645	1428.895	126.75	0.5385	0.7027	-0.1642	-1.066	0.7376	-1.8036	5.5157	3.0738000000000003	2.4418999999999995	20.5067	24.2958	-3.7891000000000012	16.3999	14.1374	2.2624999999999993	10.4351	7.753299999999999	2.681800000000001	0.9757	0.9812000000000001	-0.00550000000000006	0.8608	0.9477	-0.08689999999999998	0.4912	0.393	0.09820000000000001	0.0785	0.06985	0.008650000000000005	0.3863	0.35435	0.03194999999999998	0.6137	0.6456500000000001	-0.031950000000000034	0.4212	0.5927	-0.17149999999999999	0.5788	0.4073	0.17149999999999999	0.1948	0.034	0.1608	0.0747	0.0349	0.0398	0.5465	0.6819500000000001	-0.13545000000000007	0.184	0.2491	-0.06509999999999999
8WJX	R	p2ry1_human	Gs	2	4XNV;4XNW	A;C	0.2802638183011569	0.038659258407248404	0.24160455989390847	12.5667	10.39935	2.1673500000000008	6.7386	4.16465	2.57395	4.5489	4.3739	0.17499999999999982	11.6182	13.6837	-2.0655	14.444	9.8203	4.623700000000001	11.9126	7.2974	4.6152	14.444	9.8203	4.623700000000001	1.335	1.34345	-0.008450000000000069	-70.9808	-115.13645	44.155649999999994	171.2352	-11.489150000000002	182.72435	6.4378	5.73645	0.7013500000000006	5.872	5.95185	-0.07985000000000042	8.0915	8.135750000000002	-0.04425000000000168	3.746	3.69885	0.0471499999999998	3.6397	4.25255	-0.6128500000000003	5.0707	5.552899999999999	-0.48219999999999885	20.4013	19.82405	0.5772499999999994	-174.9136	-91.8298	-83.0838	87.6495	4.098649999999999	83.55085	-80.7444	-60.549	-20.1954	-41.2514	-50.290549999999996	9.03915	3.2501	4.22045	-0.9703499999999994	5.1569	4.9618	0.19510000000000005	6.7261	6.64515	0.08094999999999963	-80.3275	-43.14165	-37.18585	76.9307	-35.70455	112.63525	7.1885	15.680299999999999	-8.491799999999998	3.33	11.68755	-8.35755	5.1911	6.38055	-1.1894500000000008	3.0869	3.21735	-0.13045000000000018	6.1979	3.1393500000000003	3.0585499999999994	4.6737	5.2717	-0.5979999999999999	7.7646	6.93025	0.8343499999999997	5.0026	3.7355	1.2671000000000001	5.9405	4.70365	1.2368500000000004	52.7403	40.6174	12.122899999999994	4.0641	3.72335	0.3407499999999999	67.0984	11.46755	55.630849999999995	8.0	7.5	0.5	10.8939	11.90075	-1.00685	11.5662	11.91555	-0.3493499999999994	15.5744	17.26255	-1.6881500000000003	21.7373	21.092	0.6453000000000024	21.9483	21.322000000000003	0.626299999999997	59.6026	51.385850000000005	8.216749999999998	38.3079	42.010000000000005	-3.7021000000000086	1.4571	2.7379	-1.2807999999999997	21.7897	22.90505	-1.1153499999999994	19.408	22.40475	-2.9967499999999987	7.6151	8.02	-0.4048999999999996	11.3809	11.77075	-0.38984999999999914	9.2846	9.02685	0.2577499999999997	29.3776	35.13035	-5.752749999999999	36.257	21.612499999999997	14.6445	18.1804	18.937199999999997	-0.7567999999999984	15.2805	12.06775	3.2127499999999998	58.4282	77.2106	-18.782400000000003	10.0616	16.53185	-6.470249999999998	16.1012	16.03305	0.06814999999999927	16.8792	17.22215	-0.3429499999999983	0.625	0.6517999999999999	-0.026799999999999935	3.0	3.5	-0.5	-95.5298	-64.3142	-31.215599999999995	4.4285	-19.2767	23.7052	1806.4832	1251.1915	555.2917	166.465	90.8375	75.6275	18.85	20.8	-1.9499999999999993	14.5585	10.75025	3.808250000000001	95.8347	60.153400000000005	35.68129999999999	36.7575	39.50375	-2.7462499999999963	3.4206	3.5454	-0.12480000000000002	9.6198	9.73365	-0.11385000000000112	1489.735	1428.895	60.83999999999992	0.5918	0.7027	-0.1109	-1.0514	0.7376	-1.789	5.3034	3.0738000000000003	2.2295999999999996	19.5587	24.2958	-4.737099999999998	16.4087	14.1374	2.2713	10.1269	7.753299999999999	2.3735999999999997	0.9812	0.9812000000000001	-1.1102230246251565e-16	0.8555	0.9477	-0.09219999999999995	0.4815	0.393	0.08849999999999997	0.0596	0.06985	-0.010249999999999995	0.3874	0.35435	0.033050000000000024	0.6126	0.6456500000000001	-0.033050000000000024	0.4127	0.5927	-0.18	0.5873	0.4073	0.18000000000000005	0.2294	0.034	0.1954	0.0691	0.0349	0.034199999999999994	0.5757	0.6819500000000001	-0.10625000000000007	0.1258	0.2491	-0.12329999999999999
7XXI	A	p2y12_human	Gi/o	4	4NTJ;4PXZ;4PY0;7PP1	A;AAA	0.2508583097536626	0.12707058847857233	0.12378772127509025	14.6779	10.4474	4.230499999999999	10.883	5.959899999999999	4.9231	2.3226	3.9620499999999996	-1.6394499999999996	13.6588	12.57375	1.085049999999999	17.7094	14.61085	3.0985499999999995	15.3412	10.5795	4.761700000000001	17.7094	14.61085	3.0985499999999995	1.3355	1.3432499999999998	-0.007749999999999924	-75.8534	-75.51525	-0.33814999999999884	157.6984	-66.61534999999999	224.31374999999997	5.6125	5.7631	-0.15059999999999985	6.0904	5.84565	0.2447499999999998	6.4389	6.8507	-0.4117999999999995	2.5715	3.5233499999999998	-0.9518499999999999	4.366	4.040850000000001	0.32514999999999894	4.8775	4.0741	0.8034000000000008	18.1418	18.47685	-0.33504999999999896	-163.1038	-127.9903	-35.1135	83.2378	82.38300000000001	0.8547999999999831	-84.0897	-54.5993	-29.490399999999994	102.8713	-59.073949999999996	161.94525	4.1334	4.43145	-0.2980499999999999	4.966	5.474	-0.508	7.344	7.6326	-0.28859999999999975	-88.9005	-42.43685	-46.463649999999994	-53.1163	-34.18285	-18.93345	10.2191	18.141	-7.921899999999999	5.9249	13.836	-7.9111	5.9698	7.8117	-1.8418999999999999	3.0871	3.2497	-0.16259999999999986	3.6779	3.08875	0.5891500000000001	5.3301	5.37955	-0.049450000000000216	8.1318	5.90535	2.22645	4.4895	4.3818	0.10769999999999946	5.1251	4.3932	0.7318999999999996	51.7271	33.80475	17.92235	4.1067	3.4654499999999997	0.6412500000000003	24.0113	13.65905	10.352249999999998	8.0	2.5	5.5	17.8639	18.3839	-0.5199999999999996	12.6559	13.0957	-0.43979999999999997	18.4366	19.86945	-1.432850000000002	26.0783	21.67685	4.401449999999997	22.8644	21.099449999999997	1.7649500000000025	63.4438	55.682550000000006	7.761249999999997	50.4152	31.49195	18.92325	2.1468	5.8459	-3.6991000000000005	22.0769	22.62955	-0.5526499999999999	10.4001	9.51605	0.8840500000000002	7.944	9.864999999999998	-1.9209999999999985	11.6599	13.8	-2.1401000000000003	10.4608	9.82575	0.6350500000000014	32.2175	30.725700000000003	1.4917999999999978	51.4665	38.97935	12.487150000000007	25.4276	14.56985	10.857750000000001	16.5732	14.78065	1.7925500000000003	86.6349	77.37100000000001	9.263899999999992	10.3763	10.4734	-0.0970999999999993	17.331	16.51475	0.8162500000000001	20.5024	17.701150000000002	2.8012499999999996	0.5	0.5	0.0	2.0	1.0	1.0	-76.8409	8.3111	-85.152	54.6589	35.3999	19.259	1550.2581	1260.8033500000001	289.4547499999999	124.6375	106.8925	17.745000000000005	20.8	21.775	-0.9749999999999979	12.5974	11.6561	0.9413	74.5316	58.009550000000004	16.522049999999993	13.52	15.6325	-2.1125000000000007	2.0745	2.1403499999999998	-0.06584999999999974	9.4974	10.21185	-0.7144499999999994	1466.92	1328.7624999999998	138.15750000000025	1.1055	0.41885	0.68665	-2.3137	-0.6657	-1.648	6.5012	6.644	-0.14280000000000026	19.2138	22.00875	-2.79495	15.5921	14.4587	1.1334	10.7321	8.45645	2.2756500000000006	0.9462	0.9901	-0.04389999999999994	0.8295	0.9243	-0.0948	0.4416	0.44645	-0.004850000000000021	0.155	0.10185	0.05315	0.3213	0.39195	-0.07065000000000005	0.6787	0.60805	0.07064999999999999	0.2399	0.44765	-0.20775	0.7601	0.55235	0.20775				0.0387	0.10855	-0.06985	0.1124	0.26085	-0.14845000000000003	0.2603	0.25179999999999997	0.008500000000000008
8XOS	R	par1_human	Gi/o	1	3VW7	A	0.2430900329119331	0.1092043565657607	0.13388567634617238	12.2577	9.0199	3.2378	6.2003	5.2102	0.9901	4.9074	5.2533	-0.3459000000000003	12.1091	11.7288	0.3803000000000001	13.9429	8.9626	4.9803	11.581	7.2518	4.329199999999999	13.9429	8.9626	4.9803	1.3299	1.3292	0.000700000000000145	-72.3294	-54.62	-17.70940000000001	172.5925	-44.3914	216.9839	6.3621	5.375	0.9870999999999999	6.0471	5.4391	0.6080000000000005	7.6878	6.2285	1.4592999999999998	4.2265	3.5802	0.6462999999999997	4.0917	3.8116	0.28010000000000046	4.3832	3.771	0.6122000000000005	20.0969	17.0426	3.0543000000000013	-178.0186	-98.0662	-79.9524	-86.9374	-73.1396	-13.797799999999995	-63.7688	-59.9331	-3.8356999999999957	-71.184	-29.3439	-41.84009999999999	3.8332	3.046	0.7872000000000003	6.0165	6.9007	-0.8841999999999999	7.9005	7.6431	0.2574000000000005	-72.9845	-44.2252	-28.759299999999996	-79.7903	-29.8237	-49.9666	8.2764	18.1588	-9.882399999999999	4.2831	15.0775	-10.7944	5.6409	5.7677	-0.12679999999999936	3.0985	3.0898	0.008700000000000152	5.9433	2.6177	3.3255999999999997	5.0759	5.864	-0.7881	7.1541	6.6264	0.5276999999999994	3.8594	3.9973	-0.13790000000000013	5.9605	4.3328	1.6277	47.821	37.4911	10.329899999999995	3.933	3.6174	0.3155999999999999	67.6647	25.7497	41.91499999999999	8.0	3.0	5.0	9.9728	10.2002	-0.22740000000000116	11.0928	9.8416	1.2512000000000008	15.4961	14.6132	0.8828999999999994	21.0287	17.372	3.6567000000000007	21.8219	19.7698	2.0520999999999994	50.0942	42.2078	7.886400000000002				1.5382	3.2099	-1.6717000000000002				22.3172	16.4045	5.912700000000001	7.9762	9.0123	-1.0360999999999994	11.9988	12.5755	-0.5767000000000007	9.2336	7.0077	2.2258999999999993				31.7986	25.7839	6.014700000000001	18.133	10.8101	7.322899999999999	15.81	11.4835	4.326500000000001							18.0584	13.4412	4.617199999999999	17.4584	12.1656	5.2928000000000015	0.875	0.3333	0.5417000000000001	7.0	1.0	6.0	-68.9906	22.8178	-91.8084	-17.0576	-17.009	-0.04860000000000042																																																																																	
8XOR	R	par1_human	Gq/11	1	3VW7	A	0.255916586805932	0.1092043565657607	0.14671223024017127	12.0645	9.0199	3.044600000000001	6.1361	5.2102	0.9258999999999995	4.3973	5.2533	-0.8559999999999999	11.7566	11.7288	0.027800000000000935	14.4431	8.9626	5.480499999999999	11.463	7.2518	4.211199999999999	14.4431	8.9626	5.480499999999999	1.336	1.3292	0.006800000000000139	-77.6541	-54.62	-23.034100000000002	174.2047	-44.3914	218.5961	6.5489	5.375	1.1738999999999997	6.2837	5.4391	0.8445999999999998	7.8683	6.2285	1.6397999999999993	4.4444	3.5802	0.8641999999999999	4.1539	3.8116	0.34230000000000027	4.6216	3.771	0.8506	20.7008	17.0426	3.658200000000001	179.2049	-98.0662	277.2711	88.8913	-73.1396	162.0309	-59.6299	-59.9331	0.3032000000000039	-66.2963	-29.3439	-36.9524	4.0785	3.046	1.0325000000000002	5.7412	6.9007	-1.1594999999999995	7.4593	7.6431	-0.18379999999999974	-69.3558	-44.2252	-25.1306	-71.7472	-29.8237	-41.923500000000004	8.3518	18.1588	-9.806999999999999	4.3157	15.0775	-10.761800000000001	5.2872	5.7677	-0.48049999999999926	3.1264	3.0898	0.036599999999999966	5.7657	2.6177	3.1479999999999997	5.209	5.864	-0.6550000000000002	7.4898	6.6264	0.8633999999999995	4.3072	3.9973	0.30989999999999984	5.7321	4.3328	1.3993000000000002	48.776	37.4911	11.2849	3.9168	3.6174	0.2993999999999999	64.499	25.7497	38.74929999999999	8.0	3.0	5.0	10.2576	10.2002	0.05739999999999945	11.3899	9.8416	1.5483000000000011	15.7351	14.6132	1.1218999999999983	20.8511	17.372	3.479099999999999	21.5764	19.7698	1.8065999999999995	51.6985	42.2078	9.490700000000004				1.2255	3.2099	-1.9844000000000002				24.7136	16.4045	8.3091	7.9973	9.0123	-1.0149999999999997	11.8369	12.5755	-0.7385999999999999	9.2054	7.0077	2.1976999999999993				32.9826	25.7839	7.198699999999999	19.2092	10.8101	8.399099999999999	15.4092	11.4835	3.925700000000001	26.7376			9.8039			19.2052	13.4412	5.764000000000001	17.2843	12.1656	5.118700000000002	0.875	0.3333	0.5417000000000001	7.0	1.0	6.0	-78.337	22.8178	-101.1548	-9.8963	-17.009	7.1127																																																																																	
7WU9	R	pe2r3_human	Gi/o	2	6AK3;6M9T	A;B	0.2584520032560554	0.1971587081156831	0.061293295140372295	13.3033	11.6588	1.6445000000000007	7.2325	5.25745	1.9750499999999995	3.3366	3.96155	-0.6249500000000001	13.3634	12.8402	0.523200000000001	14.3123	12.84645	1.4658499999999997	11.2177	10.036950000000001	1.1807499999999997	14.3123	12.84645	1.4658499999999997	1.3346	1.3472	-0.012599999999999945	-55.3294	-69.32545	13.996050000000004	151.1454	9.353899999999996	141.79149999999998	4.3724	4.384	-0.011600000000000499	5.8632	6.2595	-0.3963000000000001	7.8441	7.56675	0.2773500000000002	3.6617	3.64565	0.016050000000000342	3.8275	3.92455	-0.09704999999999986	5.6009	5.80275	-0.20184999999999942	18.0798	18.21035	-0.1305499999999995	-177.3179	-118.63485	-58.68305000000001	62.6227	111.54765	-48.92495	-62.6309	-87.61015	24.979250000000008	69.3179	99.23195	-29.914050000000003	2.407	2.25005	0.15695000000000014	7.075	7.1266	-0.051599999999999646	7.2309	7.72275	-0.49184999999999945	-68.3114	-73.0238	4.712399999999988	-38.2684	-82.33600000000001	44.06760000000001	9.7133	9.18295	0.5303500000000003	7.1035	6.56095	0.5425500000000003	6.4418	5.65615	0.7856499999999995	3.2261	3.16865	0.05745000000000022	5.1647	5.3826	-0.2179000000000002	6.7548	4.6456	2.1092000000000004	9.0036	7.69385	1.3097500000000002	4.235	4.789899999999999	-0.5548999999999991	5.5281	4.5837	0.9443999999999999	41.4157	24.33715	17.07855	3.9069	3.36465	0.5422499999999997	72.4012	74.05135	-1.6501499999999965	8.0	8.0	0.0	10.222	10.8698	-0.6478000000000002	11.7663	11.932400000000001	-0.1661000000000019	16.6847	16.3061	0.3785999999999987	23.7425	21.7003	2.042200000000001	23.18	22.6159	0.5640999999999998	47.7394	55.59145	-7.852049999999998	43.7133	46.421099999999996	-2.707799999999999	1.5365	1.9468	-0.4103000000000001	22.57	22.65865	-0.08865000000000123	6.7193	4.1043	2.6149999999999993	7.6164	7.02955	0.5868499999999992	11.7932	10.75695	1.0362500000000008	9.6397	9.14475	0.49494999999999933	34.0064	31.208199999999998	2.7982000000000014	39.0161	28.72895	10.28715	20.4452	20.62665	-0.18145000000000167	16.3992	15.33125	1.0679499999999997	57.3816	70.91255000000001	-13.530950000000011	9.5343	16.4562	-6.921899999999999	20.9468	20.47315	0.47364999999999924	14.4595	12.89655	1.5629500000000007	0.875	0.8125	0.0625	7.0	6.5	0.5	-75.9054	-83.8802	7.974800000000002	-11.2735	-15.5012	4.2277000000000005	788.723	496.93395	291.78905	92.105	70.5575	21.5475	19.5	14.625	4.875	10.8292	9.3715	1.4577000000000009	40.4473	33.76075	6.686549999999997	3.38	2.1125	1.2675	1.0372	0.81585	0.22134999999999994	5.406	5.5781	-0.17210000000000036	1346.93	912.1775	434.75250000000005	-1.7016	-1.2576	-0.44399999999999995	-3.1284	-4.177099999999999	1.0486999999999993	6.7082	7.009	-0.3008000000000006	20.8702	20.4756	0.3946000000000005	18.1607	11.8686	6.292099999999998	6.9812	6.46255	0.51865	0.1788	0.028399999999999998	0.15039999999999998	0.9424	0.9432	-0.0008000000000000229	0.3065	0.32535000000000003	-0.018850000000000033	0.1393	0.10955000000000001	0.02975	0.6828	0.69465	-0.011850000000000027	0.3172	0.30535	0.011849999999999972	0.2291	0.1869	0.04219999999999999	0.7709	0.8130999999999999	-0.042199999999999904	0.0698	0.21115	-0.14135	0.0372	0.0393	-0.0021000000000000046	0.237	0.22155000000000002	0.015449999999999964	0.0275	0.00925	0.018250000000000002
8XYD	A	ptafr_human	Gi/o	1	5ZKQ	A	0.2537570440868993	0.1068892575301216	0.1468677865567777	12.217	9.4116	2.8054000000000006	6.843	3.9483	2.8947	3.6497	4.8535	-1.2038000000000002	12.5193	13.8559	-1.3366000000000007	13.629	11.11	2.519	11.3443	8.6346	2.7096999999999998	13.629	11.11	2.519	1.3351	1.3506	-0.01550000000000007	-68.1123	-51.6907	-16.421600000000005	-176.4238	-40.1178	-136.30599999999998	6.095	5.7717	0.3232999999999997	5.9439	5.3917	0.5522	7.952	7.588	0.3639999999999999	4.3589	3.6866	0.6723000000000003	4.1542	3.8008	0.35340000000000016	5.5505	5.0052	0.5453000000000001	19.9909	18.7514	1.2394999999999996	-179.0225	-98.0208	-81.00170000000001	-92.0697	-87.8357	-4.233999999999995	-67.7779	-57.398	-10.3799	-83.7662	-65.8866	-17.879599999999996	4.1846	4.0896	0.09499999999999975	4.5874	5.4547	-0.8673000000000002	7.3978	7.0334	0.36439999999999984	-94.6795	-93.216	-1.4635000000000105	86.7596	94.223	-7.463399999999993	10.0078	17.2906	-7.282800000000002	7.015	13.3466	-6.331600000000001	6.127	8.3529	-2.2259	3.1034	3.3284	-0.22499999999999964	5.4083	4.3137	1.0945999999999998	4.8207	5.6761	-0.8553999999999995	7.8868	5.5427	2.3441	4.4289	4.4034	0.02549999999999919	6.2115	4.1058	2.1056999999999997	40.8775	30.4342	10.443299999999997	3.9269	3.4311	0.4958	69.6553	29.8216	39.83369999999999	8.0	4.0	4.0	13.2872	15.3618	-2.0746	11.8249	13.5916	-1.7667000000000002	16.9387	20.6439	-3.705199999999998	21.5404	21.5446	-0.004199999999997317	21.9711	19.8468	2.124299999999998	61.3798	61.1025	0.2773000000000039	43.3098	57.4777	-14.167899999999996	2.2232	5.8872	-3.664	24.397	22.2765	2.1205	9.6373	11.0362	-1.3988999999999994	8.2019	7.7458	0.45610000000000017	12.063	11.6359	0.42710000000000115	8.7739	7.8672	0.906699999999999	39.1261	39.5496	-0.4234999999999971	38.6808	31.6695	7.0112999999999985	15.5282	23.8025	-8.274299999999998	15.6509	12.2341	3.4168000000000003							21.9146			20.6061			0.625	0.75	-0.125	5.0	3.0	2.0	-92.1647	-96.0681	3.903400000000005	21.1416	12.793	8.348600000000001	2061.6099	1028.7452	1032.8646999999999	168.5775	81.5425	87.03499999999998	19.5	20.15	-0.6499999999999986	14.6506	10.1894	4.461200000000002	105.7236	51.0544	54.669200000000004	38.025	23.66	14.364999999999998	3.479	2.7443	0.7347000000000001	11.2861	10.3342	0.9519000000000002	1641.835	1126.385	515.45	0.1613	0.4574	-0.2961	-1.3428	0.7946	-2.1374	5.6432	3.9889	1.6543	19.8477	22.2264	-2.378700000000002	18.7571	12.7707	5.9864000000000015	10.1064	7.167	2.939400000000001	0.9765	0.9952	-0.01869999999999994	0.8606	0.9466	-0.08599999999999997	0.4771	0.4375	0.039600000000000024	0.1613	0.1025	0.058800000000000005	0.4193	0.3316	0.0877	0.5807	0.6684	-0.0877	0.4082	0.5998	-0.1916	0.5918	0.4002	0.1916				0.0939	0.0512	0.042699999999999995	0.5878	0.6952	-0.10740000000000005	0.3183	0.2536	0.06470000000000004
8WCB	R	taar1_mouse	Gq/11	1	8WCC	R	0.3122050834702308	0.3155232478357686	-0.0033181643655378346	15.3997	15.4992	-0.09950000000000081	12.131	12.2671	-0.136099999999999	5.2394	4.9187	0.32069999999999954	10.9501	11.5119	-0.5617999999999999										1.3283	1.3186	0.009700000000000042	-158.9168	-146.4425	-12.4743	160.1268	150.5727	9.554100000000005	5.0929	5.2221	-0.12919999999999998	6.1735	6.1671	0.006400000000000183	7.6981	8.163	-0.4649000000000001	3.4042	3.4879	-0.08369999999999989	4.0868	3.7545	0.33230000000000004	5.2214	5.0537	0.16769999999999996	18.9645	19.5522	-0.5876999999999981	172.0834	172.6492	-0.5657999999999959	87.8361	88.2465	-0.41039999999999566	-62.4205	-69.1761	6.755600000000008	126.773	127.825	-1.0520000000000067	3.3175	2.9192	0.3982999999999999	5.6873	6.1937	-0.5064000000000002	7.5368	7.7035	-0.16669999999999963	-66.8029	-57.6217	-9.181199999999997	80.169	70.3418	9.82719999999999	7.7438	8.3204	-0.5765999999999991	3.6591	4.5435	-0.8843999999999999	5.8476	5.8767	-0.02909999999999968	3.0361	3.1561	-0.1200000000000001	7.6954	7.0244	0.6710000000000003	5.5518	5.8077	-0.2558999999999996	9.3752	9.0365	0.33869999999999933	4.0996	3.9749	0.12469999999999981	6.4049	7.0873	-0.6824000000000003	39.0489	37.0227	2.026200000000003	3.928	3.8731	0.05489999999999995	58.1917	60.5863	-2.394600000000004	8.0	8.0	0.0	10.5388	11.0659	-0.527099999999999	10.4625	11.185	-0.7225000000000001	16.2949	17.1603	-0.8654000000000011	24.1473	25.2162	-1.0688999999999993	19.9958	20.89	-0.8942000000000014	39.1844	39.2354	-0.05100000000000193	28.5528	31.7643	-3.2114999999999974	1.641	0.7023	0.9387	22.5018	23.1095	-0.6077000000000012	22.9565	24.5991	-1.6426000000000016	9.1021	9.0529	0.0492000000000008	13.0468	12.8213	0.22549999999999848	10.0233	10.3034	-0.2800999999999991	33.0423	33.8558	-0.8135000000000048							16.2216	16.8241	-0.6025000000000027		51.7309			10.8672		14.7043	17.1959	-2.491600000000002	17.5588	21.3608	-3.8019999999999996	0.875	0.875	0.0	7.0	7.0	0.0	-93.0825	-80.1227	-12.959800000000001	0.4449	-17.9878	18.4327																																																																																	
8ZSV	R	taar1_mouse	Gs	1	8WCC	R	0.4434144430413129	0.3155232478357686	0.12789119520554426	15.2601	15.4992	-0.23910000000000053	12.3111	12.2671	0.04400000000000048	4.6317	4.9187	-0.2869999999999999	11.6407	11.5119	0.12880000000000003	20.845			16.3205			20.845			1.3325	1.3186	0.013900000000000023	-51.6991	-146.4425	94.7434	-163.5817	150.5727	-314.1544	5.4281	5.2221	0.20599999999999952	5.8081	6.1671	-0.359	8.4027	8.163	0.23969999999999914	3.7629	3.4879	0.27500000000000036	3.9307	3.7545	0.1761999999999997	5.2324	5.0537	0.17870000000000008	19.6389	19.5522	0.08670000000000044	170.5085	172.6492	-2.1407000000000096	80.797	88.2465	-7.4495000000000005	-90.1588	-69.1761	-20.982699999999994	130.2118	127.825	2.386800000000008	2.4999	2.9192	-0.41930000000000023	6.3922	6.1937	0.19850000000000012	7.426	7.7035	-0.27749999999999986	-71.7575	-57.6217	-14.135799999999996	82.6031	70.3418	12.261299999999991	7.5076	8.3204	-0.8127999999999993	3.9182	4.5435	-0.6252999999999997	5.306	5.8767	-0.5706999999999995	3.1147	3.1561	-0.04139999999999988	6.7371	7.0244	-0.2873000000000001	4.2657	5.8077	-1.5419999999999998	7.2794	9.0365	-1.7571000000000003	3.9645	3.9749	-0.010399999999999743	5.0605	7.0873	-2.0267999999999997	28.9692	37.0227	-8.0535	3.3887	3.8731	-0.48439999999999994	57.0895	60.5863	-3.4968000000000004	8.0	8.0	0.0	10.7783	11.0659	-0.2875999999999994	10.6862	11.185	-0.498800000000001	16.1567	17.1603	-1.0035999999999987	24.7919	25.2162	-0.42430000000000234	20.6034	20.89	-0.28659999999999997	39.6896	39.2354	0.45420000000000016	31.7098	31.7643	-0.05449999999999733	1.163	0.7023	0.4607	22.391	23.1095	-0.7185000000000024	28.6677	24.5991	4.0686	8.2337	9.0529	-0.8191999999999986	11.9032	12.8213	-0.9181000000000008	12.1864	10.3034	1.883000000000001	36.181	33.8558	2.3251999999999953	59.8451			36.1404			17.9872	16.8241	1.1631	56.1789	51.7309	4.448	10.6426	10.8672	-0.22460000000000058	16.1264	17.1959	-1.0695000000000014	20.3325	21.3608	-1.0283000000000015	0.75	0.875	-0.125	4.0	7.0	-3.0	-91.7421	-80.1227	-11.619399999999999	-3.1845	-17.9878	14.8033	2139.6034			185.4775			21.45			15.3674			99.7484			8.0275			1.5985			8.3879			1651.13			0.4857			-2.4214			8.1403			18.8546			16.436			12.9323			0.885			0.7277			0.4863			0.1506			0.4183			0.5817			0.2728			0.7272			0.2382			0.0359			0.1246			0.1214		
8IW9	R	taar9_mouse	Gs	2	8IWE;8IWM	R	0.3864179158137833	0.40124351743867764	-0.014825601624894325	15.3098	15.01295	0.29684999999999917	12.469	12.1182	0.35079999999999956	3.8928	4.659000000000001	-0.7662000000000009	12.2356	12.005600000000001	0.22999999999999865	18.16	17.67155	0.4884500000000003	15.044	14.68735	0.35665000000000013	18.16	17.67155	0.4884500000000003	1.3283	1.32795	0.0003500000000000725	-168.597	-116.4126	-52.18440000000001	65.283	6.427600000000002	58.8554	5.0485	4.83	0.2184999999999997	6.0899	6.14595	-0.05604999999999993	8.2937	8.18165	0.11204999999999998	3.6241	3.82325	-0.19914999999999994	3.192	3.7146999999999997	-0.5226999999999995	5.7629	4.9703	0.7926000000000002	19.4321	19.157600000000002	0.2744999999999962	154.5781	161.9287	-7.350599999999986	84.0339	70.4625	13.571399999999997	-100.5761	-106.1274	5.551299999999998	89.4808	102.196	-12.715199999999996	3.298	3.97885	-0.68085	6.2369	5.3825	0.8544	6.9271	6.487299999999999	0.43980000000000086	-84.3981	-66.63695	-17.76115	-20.0171	80.87665	-100.89375	8.38	8.3128	0.06720000000000148	3.9688	4.15885	-0.19005000000000027	5.1948	5.18065	0.014149999999999885	3.0973	3.1325000000000003	-0.03520000000000012	5.8674	6.2684	-0.4009999999999998	6.1432	5.5783000000000005	0.5648999999999997	8.187	8.1823	0.004699999999999704	4.1936	3.8634500000000003	0.3301499999999997	5.639	5.9388000000000005	-0.2998000000000003	44.1059	39.73555	4.370349999999995	3.8949	3.8348	0.06009999999999982	58.1822	60.543549999999996	-2.3613499999999945	8.0	8.0	0.0	11.2118	11.158850000000001	0.052949999999999164	11.6339	11.270150000000001	0.3637499999999996	16.5433	16.5064	0.03689999999999927	25.2387	24.71195	0.5267499999999998	22.0012	21.2314	0.7698	45.0764	45.1533	-0.07690000000000197	29.3916	32.43	-3.0383999999999993	1.1191	0.956	0.16310000000000002	22.802	22.717550000000003	0.0844499999999968	13.016	14.1269	-1.110899999999999	8.4726	8.45565	0.016949999999999577	12.3687	12.2132	0.15549999999999997	10.5841	10.10755	0.4765499999999996	34.3991	34.8496	-0.45050000000000523	60.6427	61.6959	-1.053200000000004	32.0164	29.753	2.263399999999997	18.9323	18.801499999999997	0.13080000000000425	58.8486	54.82315	4.025449999999999	10.4355	10.5974	-0.16190000000000104	17.4077	17.1982	0.20949999999999847	22.5487	22.131549999999997	0.417150000000003	0.75	0.75	0.0	4.0	4.0	0.0	-88.5007	-85.66955	-2.831149999999994	-11.6344	-9.66225	-1.9721499999999992	1331.1074	1265.6093	65.49810000000002	158.86	147.66375	11.19625000000002	18.85	17.875	0.9750000000000014	14.2221	13.71145	0.51065	70.6158	70.77965	-0.1638500000000107	1.2675	5.70375	-4.43625	0.6352	1.3280500000000002	-0.6928500000000002	8.0754	7.94805	0.12734999999999985	1322.425	1283.1325	39.29250000000002	-1.1911	-1.3973499999999999	0.20624999999999982	-3.3589	-3.2865	-0.07240000000000002	7.9402	7.8634	0.07679999999999954	16.5919	15.7369	0.8549999999999986	13.8308	14.33105	-0.5002499999999994	11.2416	11.06035	0.18125000000000036	0.1298	0.22815000000000002	-0.09835000000000002	0.7355	0.7089000000000001	0.026599999999999957	0.4425	0.44195	0.0005499999999999949	0.1013	0.1029	-0.0016000000000000042	0.6035	0.6548499999999999	-0.051349999999999896	0.3965	0.34514999999999996	0.05135000000000006	0.2434	0.21289999999999998	0.030500000000000027	0.7566	0.7870999999999999	-0.03049999999999986	0.2253	0.20279999999999998	0.02250000000000002	0.0635	0.06315000000000001	0.0003499999999999892	0.1636	0.18030000000000002	-0.01670000000000002	0.0407	0.0346	0.006100000000000001
