experiment	validation	fold	class_label	transformed_feature	coefficient	absolute_coefficient
bound_geometry_4fold	receptor_grouped_5fold	0	Gi/o	numeric__bound__activation_consensus_score	0.0	0.0
bound_geometry_4fold	receptor_grouped_5fold	0	Gi/o	numeric__bound__tm6_r350_634_distance	-0.07541658120542799	0.07541658120542799
bound_geometry_4fold	receptor_grouped_5fold	0	Gi/o	numeric__bound__tm6_aligned_displacement	-0.023201652803690187	0.023201652803690187
bound_geometry_4fold	receptor_grouped_5fold	0	Gi/o	numeric__bound__tm7_displacement	0.0	0.0
bound_geometry_4fold	receptor_grouped_5fold	0	Gi/o	numeric__bound__tm3_tm7_distance	0.0	0.0
bound_geometry_4fold	receptor_grouped_5fold	0	Gi/o	numeric__bound__tm6_r350_630_distance	0.0	0.0
bound_geometry_4fold	receptor_grouped_5fold	0	Gi/o	numeric__bound__dry_r350_630_min_distance	0.0	0.0
bound_geometry_4fold	receptor_grouped_5fold	0	Gi/o	numeric__bound__dry_r350_630_ca_distance	0.0	0.0
bound_geometry_4fold	receptor_grouped_5fold	0	Gi/o	numeric__bound__dry_d349_r350_min_distance	0.0	0.0
bound_geometry_4fold	receptor_grouped_5fold	0	Gi/o	numeric__bound__r350_chi1	0.0	0.0
bound_geometry_4fold	receptor_grouped_5fold	0	Gi/o	numeric__bound__r350_chi2	0.0	0.0
bound_geometry_4fold	receptor_grouped_5fold	0	Gi/o	numeric__bound__pif_550_340_distance	0.0	0.0
bound_geometry_4fold	receptor_grouped_5fold	0	Gi/o	numeric__bound__pif_340_644_distance	0.0	0.0
bound_geometry_4fold	receptor_grouped_5fold	0	Gi/o	numeric__bound__pif_550_644_distance	0.0	0.0
bound_geometry_4fold	receptor_grouped_5fold	0	Gi/o	numeric__bound__pif_550_340_min_distance	0.0	0.0
bound_geometry_4fold	receptor_grouped_5fold	0	Gi/o	numeric__bound__pif_340_644_min_distance	0.0	0.0
bound_geometry_4fold	receptor_grouped_5fold	0	Gi/o	numeric__bound__pif_550_644_min_distance	0.0	0.0
bound_geometry_4fold	receptor_grouped_5fold	0	Gi/o	numeric__bound__pif_triangle_perimeter	0.0	0.0
bound_geometry_4fold	receptor_grouped_5fold	0	Gi/o	numeric__bound__position_644_chi1	-0.05476752289029126	0.05476752289029126
bound_geometry_4fold	receptor_grouped_5fold	0	Gi/o	numeric__bound__position_644_chi2	-0.029976389019674216	0.029976389019674216
bound_geometry_4fold	receptor_grouped_5fold	0	Gi/o	numeric__bound__w648_chi1	0.0	0.0
bound_geometry_4fold	receptor_grouped_5fold	0	Gi/o	numeric__bound__w648_chi2	0.0	0.0
bound_geometry_4fold	receptor_grouped_5fold	0	Gi/o	numeric__bound__w648_displacement	0.0	0.0
bound_geometry_4fold	receptor_grouped_5fold	0	Gi/o	numeric__bound__w648_to_644_distance	0.0	0.0
bound_geometry_4fold	receptor_grouped_5fold	0	Gi/o	numeric__bound__cwxp_647_650_distance	0.0	0.0
bound_geometry_4fold	receptor_grouped_5fold	0	Gi/o	numeric__bound__y753_chi1	0.0	0.0
bound_geometry_4fold	receptor_grouped_5fold	0	Gi/o	numeric__bound__y753_chi2	0.0	0.0
bound_geometry_4fold	receptor_grouped_5fold	0	Gi/o	numeric__bound__y753_y558_distance	0.0	0.0
bound_geometry_4fold	receptor_grouped_5fold	0	Gi/o	numeric__bound__y753_y558_min_distance	0.0	0.0
bound_geometry_4fold	receptor_grouped_5fold	0	Gi/o	numeric__bound__n749_y753_distance	0.0	0.0
bound_geometry_4fold	receptor_grouped_5fold	0	Gi/o	numeric__bound__npxxy_local_spread	0.0	0.0
bound_geometry_4fold	receptor_grouped_5fold	0	Gi/o	numeric__bound__y753_displacement	0.0	0.0
bound_geometry_4fold	receptor_grouped_5fold	0	Gi/o	numeric__bound__sodium_d250_s339_distance	0.0	0.0
bound_geometry_4fold	receptor_grouped_5fold	0	Gi/o	numeric__bound__sodium_d250_n745_distance	0.0	0.0
bound_geometry_4fold	receptor_grouped_5fold	0	Gi/o	numeric__bound__sodium_d250_s746_distance	0.0	0.0
bound_geometry_4fold	receptor_grouped_5fold	0	Gi/o	numeric__bound__sodium_d250_n749_distance	0.0	0.0
bound_geometry_4fold	receptor_grouped_5fold	0	Gi/o	numeric__bound__sodium_pocket_volume	0.0	0.0
bound_geometry_4fold	receptor_grouped_5fold	0	Gi/o	numeric__bound__sodium_pocket_spread	0.0	0.0
bound_geometry_4fold	receptor_grouped_5fold	0	Gi/o	numeric__bound__tm7_rotation	0.0	0.0
bound_geometry_4fold	receptor_grouped_5fold	0	Gi/o	numeric__bound__icl2_generic_ca_count	0.0	0.0
bound_geometry_4fold	receptor_grouped_5fold	0	Gi/o	numeric__bound__icl2_end_to_end_distance	0.0	0.0
bound_geometry_4fold	receptor_grouped_5fold	0	Gi/o	numeric__bound__icl2_centroid_to_r350	0.0	0.0
bound_geometry_4fold	receptor_grouped_5fold	0	Gi/o	numeric__bound__icl2_centroid_to_tm5_561	0.0	0.0
bound_geometry_4fold	receptor_grouped_5fold	0	Gi/o	numeric__bound__icl2_centroid_to_tm6_634	-0.03255820130111872	0.03255820130111872
bound_geometry_4fold	receptor_grouped_5fold	0	Gi/o	numeric__bound__icl2_centroid_to_tm7_753	0.0	0.0
bound_geometry_4fold	receptor_grouped_5fold	0	Gi/o	numeric__bound__icl2_axis_tm3_angle	0.0	0.0
bound_geometry_4fold	receptor_grouped_5fold	0	Gi/o	numeric__bound__icl2_axis_tm5_angle	0.0	0.0
bound_geometry_4fold	receptor_grouped_5fold	0	Gi/o	numeric__bound__icl2_active_reference_displacement	0.0	0.0
bound_geometry_4fold	receptor_grouped_5fold	0	Gi/o	numeric__bound__tm5_cytoplasmic_extension	0.0	0.0
bound_geometry_4fold	receptor_grouped_5fold	0	Gi/o	numeric__bound__tm5_cytoplasmic_kink	0.0	0.0
bound_geometry_4fold	receptor_grouped_5fold	0	Gi/o	numeric__bound__tm5_r350_561_distance	0.0	0.0
bound_geometry_4fold	receptor_grouped_5fold	0	Gi/o	numeric__bound__tm5_r350_564_distance	0.0	0.0
bound_geometry_4fold	receptor_grouped_5fold	0	Gi/o	numeric__bound__tm5_tm6_cavity_distance	-0.000809271116171293	0.000809271116171293
bound_geometry_4fold	receptor_grouped_5fold	0	Gi/o	numeric__bound__tm5_axis_tm3_angle	0.0	0.0
bound_geometry_4fold	receptor_grouped_5fold	0	Gi/o	numeric__bound__tm6_lower_upper_kink	0.0	0.0
bound_geometry_4fold	receptor_grouped_5fold	0	Gi/o	numeric__bound__tm6_axis_tm3_angle	-0.061823086011243956	0.061823086011243956
bound_geometry_4fold	receptor_grouped_5fold	0	Gi/o	numeric__bound__tm6_tm7_cavity_distance	0.0	0.0
bound_geometry_4fold	receptor_grouped_5fold	0	Gi/o	numeric__bound__tm7_h8_angle	0.0	0.0
bound_geometry_4fold	receptor_grouped_5fold	0	Gi/o	numeric__bound__h8_end_to_end_distance	0.0	0.0
bound_geometry_4fold	receptor_grouped_5fold	0	Gi/o	numeric__bound__h8_r350_distance	0.0	0.0
bound_geometry_4fold	receptor_grouped_5fold	0	Gi/o	numeric__bound__h8_tm6_distance	0.0	0.0
bound_geometry_4fold	receptor_grouped_5fold	0	Gi/o	numeric__bound__icl2_helix_fraction	0.0	0.0
bound_geometry_4fold	receptor_grouped_5fold	0	Gi/o	numeric__bound__icl2_longest_helix	0.0	0.0
bound_geometry_4fold	receptor_grouped_5fold	0	Gi/o	numeric__bound__icl2_mean_phi	0.14315050915693264	0.14315050915693264
bound_geometry_4fold	receptor_grouped_5fold	0	Gi/o	numeric__bound__icl2_mean_psi	0.0	0.0
bound_geometry_4fold	receptor_grouped_5fold	0	Gi/o	numeric__bound__intracellular_cavity_core_volume	0.0	0.0
bound_geometry_4fold	receptor_grouped_5fold	0	Gi/o	numeric__bound__intracellular_cavity_core_mouth_area	0.0	0.0
bound_geometry_4fold	receptor_grouped_5fold	0	Gi/o	numeric__bound__intracellular_cavity_core_depth	0.0	0.0
bound_geometry_4fold	receptor_grouped_5fold	0	Gi/o	numeric__bound__intracellular_cavity_core_maximum_width	0.0	0.0
bound_geometry_4fold	receptor_grouped_5fold	0	Gi/o	numeric__bound__intracellular_cavity_core_average_cross_section	0.0	0.0
bound_geometry_4fold	receptor_grouped_5fold	0	Gi/o	numeric__bound__intracellular_cavity_core_bottleneck_area	0.0	0.0
bound_geometry_4fold	receptor_grouped_5fold	0	Gi/o	numeric__bound__intracellular_cavity_core_bottleneck_radius	0.0	0.0
bound_geometry_4fold	receptor_grouped_5fold	0	Gi/o	numeric__bound__intracellular_cavity_core_max_inscribed_radius	0.0	0.0
bound_geometry_4fold	receptor_grouped_5fold	0	Gi/o	numeric__bound__intracellular_cavity_core_surface_area	0.0	0.0
bound_geometry_4fold	receptor_grouped_5fold	0	Gi/o	numeric__bound__intracellular_cavity_core_centroid_x	0.0	0.0
bound_geometry_4fold	receptor_grouped_5fold	0	Gi/o	numeric__bound__intracellular_cavity_core_centroid_y	0.0	0.0
bound_geometry_4fold	receptor_grouped_5fold	0	Gi/o	numeric__bound__intracellular_cavity_core_centroid_z	0.0	0.0
bound_geometry_4fold	receptor_grouped_5fold	0	Gi/o	numeric__bound__intracellular_cavity_core_principal_length_1	0.0	0.0
bound_geometry_4fold	receptor_grouped_5fold	0	Gi/o	numeric__bound__intracellular_cavity_core_principal_length_2	0.0	0.0
bound_geometry_4fold	receptor_grouped_5fold	0	Gi/o	numeric__bound__intracellular_cavity_core_principal_length_3	0.0	0.0
bound_geometry_4fold	receptor_grouped_5fold	0	Gi/o	numeric__bound__intracellular_cavity_core_principal_axis_1_z_alignment	0.0	0.0
bound_geometry_4fold	receptor_grouped_5fold	0	Gi/o	numeric__bound__intracellular_cavity_core_eccentricity	0.0	0.0
bound_geometry_4fold	receptor_grouped_5fold	0	Gi/o	numeric__bound__intracellular_cavity_core_sphericity	0.0	0.0
bound_geometry_4fold	receptor_grouped_5fold	0	Gi/o	numeric__bound__intracellular_cavity_core_asymmetry	0.0	0.0
bound_geometry_4fold	receptor_grouped_5fold	0	Gi/o	numeric__bound__intracellular_cavity_core_tm3_side_fraction	0.0	0.0
bound_geometry_4fold	receptor_grouped_5fold	0	Gi/o	numeric__bound__intracellular_cavity_core_tm6_side_fraction	0.0	0.0
bound_geometry_4fold	receptor_grouped_5fold	0	Gi/o	numeric__bound__intracellular_cavity_core_tm5_side_fraction	0.0	0.0
bound_geometry_4fold	receptor_grouped_5fold	0	Gi/o	numeric__bound__intracellular_cavity_core_tm7_side_fraction	0.0	0.0
bound_geometry_4fold	receptor_grouped_5fold	0	Gi/o	numeric__bound__intracellular_cavity_core_wall_fraction_h8	0.0	0.0
bound_geometry_4fold	receptor_grouped_5fold	0	Gi/o	numeric__bound__intracellular_cavity_core_wall_fraction_icl2	0.0	0.0
bound_geometry_4fold	receptor_grouped_5fold	0	Gi/o	numeric__bound__intracellular_cavity_core_wall_fraction_tm3	0.0	0.0
bound_geometry_4fold	receptor_grouped_5fold	0	Gi/o	numeric__bound__intracellular_cavity_core_wall_fraction_tm7	0.0	0.0
bound_geometry_4fold	receptor_grouped_5fold	0	Gq/11	numeric__bound__activation_consensus_score	0.0	0.0
bound_geometry_4fold	receptor_grouped_5fold	0	Gq/11	numeric__bound__tm6_r350_634_distance	0.0	0.0
bound_geometry_4fold	receptor_grouped_5fold	0	Gq/11	numeric__bound__tm6_aligned_displacement	0.0	0.0
bound_geometry_4fold	receptor_grouped_5fold	0	Gq/11	numeric__bound__tm7_displacement	0.0	0.0
bound_geometry_4fold	receptor_grouped_5fold	0	Gq/11	numeric__bound__tm3_tm7_distance	0.0	0.0
bound_geometry_4fold	receptor_grouped_5fold	0	Gq/11	numeric__bound__tm6_r350_630_distance	0.0	0.0
bound_geometry_4fold	receptor_grouped_5fold	0	Gq/11	numeric__bound__dry_r350_630_min_distance	0.0	0.0
bound_geometry_4fold	receptor_grouped_5fold	0	Gq/11	numeric__bound__dry_r350_630_ca_distance	0.0	0.0
bound_geometry_4fold	receptor_grouped_5fold	0	Gq/11	numeric__bound__dry_d349_r350_min_distance	0.0	0.0
bound_geometry_4fold	receptor_grouped_5fold	0	Gq/11	numeric__bound__r350_chi1	0.0	0.0
bound_geometry_4fold	receptor_grouped_5fold	0	Gq/11	numeric__bound__r350_chi2	0.0	0.0
bound_geometry_4fold	receptor_grouped_5fold	0	Gq/11	numeric__bound__pif_550_340_distance	0.0	0.0
bound_geometry_4fold	receptor_grouped_5fold	0	Gq/11	numeric__bound__pif_340_644_distance	0.0	0.0
bound_geometry_4fold	receptor_grouped_5fold	0	Gq/11	numeric__bound__pif_550_644_distance	0.0	0.0
bound_geometry_4fold	receptor_grouped_5fold	0	Gq/11	numeric__bound__pif_550_340_min_distance	0.0	0.0
bound_geometry_4fold	receptor_grouped_5fold	0	Gq/11	numeric__bound__pif_340_644_min_distance	0.0	0.0
bound_geometry_4fold	receptor_grouped_5fold	0	Gq/11	numeric__bound__pif_550_644_min_distance	0.0	0.0
bound_geometry_4fold	receptor_grouped_5fold	0	Gq/11	numeric__bound__pif_triangle_perimeter	0.0	0.0
bound_geometry_4fold	receptor_grouped_5fold	0	Gq/11	numeric__bound__position_644_chi1	0.0	0.0
bound_geometry_4fold	receptor_grouped_5fold	0	Gq/11	numeric__bound__position_644_chi2	0.0	0.0
bound_geometry_4fold	receptor_grouped_5fold	0	Gq/11	numeric__bound__w648_chi1	0.0	0.0
bound_geometry_4fold	receptor_grouped_5fold	0	Gq/11	numeric__bound__w648_chi2	0.0	0.0
bound_geometry_4fold	receptor_grouped_5fold	0	Gq/11	numeric__bound__w648_displacement	0.0	0.0
bound_geometry_4fold	receptor_grouped_5fold	0	Gq/11	numeric__bound__w648_to_644_distance	0.0	0.0
bound_geometry_4fold	receptor_grouped_5fold	0	Gq/11	numeric__bound__cwxp_647_650_distance	0.0	0.0
bound_geometry_4fold	receptor_grouped_5fold	0	Gq/11	numeric__bound__y753_chi1	0.0	0.0
bound_geometry_4fold	receptor_grouped_5fold	0	Gq/11	numeric__bound__y753_chi2	0.0	0.0
bound_geometry_4fold	receptor_grouped_5fold	0	Gq/11	numeric__bound__y753_y558_distance	0.0	0.0
bound_geometry_4fold	receptor_grouped_5fold	0	Gq/11	numeric__bound__y753_y558_min_distance	0.0	0.0
bound_geometry_4fold	receptor_grouped_5fold	0	Gq/11	numeric__bound__n749_y753_distance	0.0	0.0
bound_geometry_4fold	receptor_grouped_5fold	0	Gq/11	numeric__bound__npxxy_local_spread	0.0	0.0
bound_geometry_4fold	receptor_grouped_5fold	0	Gq/11	numeric__bound__y753_displacement	0.0	0.0
bound_geometry_4fold	receptor_grouped_5fold	0	Gq/11	numeric__bound__sodium_d250_s339_distance	0.0	0.0
bound_geometry_4fold	receptor_grouped_5fold	0	Gq/11	numeric__bound__sodium_d250_n745_distance	0.0	0.0
bound_geometry_4fold	receptor_grouped_5fold	0	Gq/11	numeric__bound__sodium_d250_s746_distance	0.0	0.0
bound_geometry_4fold	receptor_grouped_5fold	0	Gq/11	numeric__bound__sodium_d250_n749_distance	0.0	0.0
bound_geometry_4fold	receptor_grouped_5fold	0	Gq/11	numeric__bound__sodium_pocket_volume	0.0	0.0
bound_geometry_4fold	receptor_grouped_5fold	0	Gq/11	numeric__bound__sodium_pocket_spread	0.0	0.0
bound_geometry_4fold	receptor_grouped_5fold	0	Gq/11	numeric__bound__tm7_rotation	0.0	0.0
bound_geometry_4fold	receptor_grouped_5fold	0	Gq/11	numeric__bound__icl2_generic_ca_count	0.0	0.0
bound_geometry_4fold	receptor_grouped_5fold	0	Gq/11	numeric__bound__icl2_end_to_end_distance	0.0	0.0
bound_geometry_4fold	receptor_grouped_5fold	0	Gq/11	numeric__bound__icl2_centroid_to_r350	0.0	0.0
bound_geometry_4fold	receptor_grouped_5fold	0	Gq/11	numeric__bound__icl2_centroid_to_tm5_561	0.0	0.0
bound_geometry_4fold	receptor_grouped_5fold	0	Gq/11	numeric__bound__icl2_centroid_to_tm6_634	0.0	0.0
bound_geometry_4fold	receptor_grouped_5fold	0	Gq/11	numeric__bound__icl2_centroid_to_tm7_753	0.0	0.0
bound_geometry_4fold	receptor_grouped_5fold	0	Gq/11	numeric__bound__icl2_axis_tm3_angle	0.0	0.0
bound_geometry_4fold	receptor_grouped_5fold	0	Gq/11	numeric__bound__icl2_axis_tm5_angle	0.0	0.0
bound_geometry_4fold	receptor_grouped_5fold	0	Gq/11	numeric__bound__icl2_active_reference_displacement	0.0	0.0
bound_geometry_4fold	receptor_grouped_5fold	0	Gq/11	numeric__bound__tm5_cytoplasmic_extension	0.0	0.0
bound_geometry_4fold	receptor_grouped_5fold	0	Gq/11	numeric__bound__tm5_cytoplasmic_kink	0.0	0.0
bound_geometry_4fold	receptor_grouped_5fold	0	Gq/11	numeric__bound__tm5_r350_561_distance	0.0	0.0
bound_geometry_4fold	receptor_grouped_5fold	0	Gq/11	numeric__bound__tm5_r350_564_distance	0.0	0.0
bound_geometry_4fold	receptor_grouped_5fold	0	Gq/11	numeric__bound__tm5_tm6_cavity_distance	0.0	0.0
bound_geometry_4fold	receptor_grouped_5fold	0	Gq/11	numeric__bound__tm5_axis_tm3_angle	0.0	0.0
bound_geometry_4fold	receptor_grouped_5fold	0	Gq/11	numeric__bound__tm6_lower_upper_kink	0.0	0.0
bound_geometry_4fold	receptor_grouped_5fold	0	Gq/11	numeric__bound__tm6_axis_tm3_angle	0.0	0.0
bound_geometry_4fold	receptor_grouped_5fold	0	Gq/11	numeric__bound__tm6_tm7_cavity_distance	0.0	0.0
bound_geometry_4fold	receptor_grouped_5fold	0	Gq/11	numeric__bound__tm7_h8_angle	0.0	0.0
bound_geometry_4fold	receptor_grouped_5fold	0	Gq/11	numeric__bound__h8_end_to_end_distance	0.0	0.0
bound_geometry_4fold	receptor_grouped_5fold	0	Gq/11	numeric__bound__h8_r350_distance	0.0	0.0
bound_geometry_4fold	receptor_grouped_5fold	0	Gq/11	numeric__bound__h8_tm6_distance	0.0	0.0
bound_geometry_4fold	receptor_grouped_5fold	0	Gq/11	numeric__bound__icl2_helix_fraction	0.0	0.0
bound_geometry_4fold	receptor_grouped_5fold	0	Gq/11	numeric__bound__icl2_longest_helix	0.0	0.0
bound_geometry_4fold	receptor_grouped_5fold	0	Gq/11	numeric__bound__icl2_mean_phi	-0.09154882937035512	0.09154882937035512
bound_geometry_4fold	receptor_grouped_5fold	0	Gq/11	numeric__bound__icl2_mean_psi	0.0	0.0
bound_geometry_4fold	receptor_grouped_5fold	0	Gq/11	numeric__bound__intracellular_cavity_core_volume	0.0	0.0
bound_geometry_4fold	receptor_grouped_5fold	0	Gq/11	numeric__bound__intracellular_cavity_core_mouth_area	0.0	0.0
bound_geometry_4fold	receptor_grouped_5fold	0	Gq/11	numeric__bound__intracellular_cavity_core_depth	0.0	0.0
bound_geometry_4fold	receptor_grouped_5fold	0	Gq/11	numeric__bound__intracellular_cavity_core_maximum_width	0.0	0.0
bound_geometry_4fold	receptor_grouped_5fold	0	Gq/11	numeric__bound__intracellular_cavity_core_average_cross_section	0.0	0.0
bound_geometry_4fold	receptor_grouped_5fold	0	Gq/11	numeric__bound__intracellular_cavity_core_bottleneck_area	0.0	0.0
bound_geometry_4fold	receptor_grouped_5fold	0	Gq/11	numeric__bound__intracellular_cavity_core_bottleneck_radius	0.0	0.0
bound_geometry_4fold	receptor_grouped_5fold	0	Gq/11	numeric__bound__intracellular_cavity_core_max_inscribed_radius	0.0	0.0
bound_geometry_4fold	receptor_grouped_5fold	0	Gq/11	numeric__bound__intracellular_cavity_core_surface_area	0.0	0.0
bound_geometry_4fold	receptor_grouped_5fold	0	Gq/11	numeric__bound__intracellular_cavity_core_centroid_x	0.0	0.0
bound_geometry_4fold	receptor_grouped_5fold	0	Gq/11	numeric__bound__intracellular_cavity_core_centroid_y	0.0	0.0
bound_geometry_4fold	receptor_grouped_5fold	0	Gq/11	numeric__bound__intracellular_cavity_core_centroid_z	0.0	0.0
bound_geometry_4fold	receptor_grouped_5fold	0	Gq/11	numeric__bound__intracellular_cavity_core_principal_length_1	0.0	0.0
bound_geometry_4fold	receptor_grouped_5fold	0	Gq/11	numeric__bound__intracellular_cavity_core_principal_length_2	0.0	0.0
bound_geometry_4fold	receptor_grouped_5fold	0	Gq/11	numeric__bound__intracellular_cavity_core_principal_length_3	0.0	0.0
bound_geometry_4fold	receptor_grouped_5fold	0	Gq/11	numeric__bound__intracellular_cavity_core_principal_axis_1_z_alignment	0.0	0.0
bound_geometry_4fold	receptor_grouped_5fold	0	Gq/11	numeric__bound__intracellular_cavity_core_eccentricity	0.0	0.0
bound_geometry_4fold	receptor_grouped_5fold	0	Gq/11	numeric__bound__intracellular_cavity_core_sphericity	0.0	0.0
bound_geometry_4fold	receptor_grouped_5fold	0	Gq/11	numeric__bound__intracellular_cavity_core_asymmetry	-0.018323599527268815	0.018323599527268815
bound_geometry_4fold	receptor_grouped_5fold	0	Gq/11	numeric__bound__intracellular_cavity_core_tm3_side_fraction	0.0	0.0
bound_geometry_4fold	receptor_grouped_5fold	0	Gq/11	numeric__bound__intracellular_cavity_core_tm6_side_fraction	0.0	0.0
bound_geometry_4fold	receptor_grouped_5fold	0	Gq/11	numeric__bound__intracellular_cavity_core_tm5_side_fraction	0.0	0.0
bound_geometry_4fold	receptor_grouped_5fold	0	Gq/11	numeric__bound__intracellular_cavity_core_tm7_side_fraction	0.0	0.0
bound_geometry_4fold	receptor_grouped_5fold	0	Gq/11	numeric__bound__intracellular_cavity_core_wall_fraction_h8	0.0	0.0
bound_geometry_4fold	receptor_grouped_5fold	0	Gq/11	numeric__bound__intracellular_cavity_core_wall_fraction_icl2	0.06753287974657743	0.06753287974657743
bound_geometry_4fold	receptor_grouped_5fold	0	Gq/11	numeric__bound__intracellular_cavity_core_wall_fraction_tm3	0.0	0.0
bound_geometry_4fold	receptor_grouped_5fold	0	Gq/11	numeric__bound__intracellular_cavity_core_wall_fraction_tm7	0.0	0.0
bound_geometry_4fold	receptor_grouped_5fold	0	Gs	numeric__bound__activation_consensus_score	0.0	0.0
bound_geometry_4fold	receptor_grouped_5fold	0	Gs	numeric__bound__tm6_r350_634_distance	0.0	0.0
bound_geometry_4fold	receptor_grouped_5fold	0	Gs	numeric__bound__tm6_aligned_displacement	0.03433362447559951	0.03433362447559951
bound_geometry_4fold	receptor_grouped_5fold	0	Gs	numeric__bound__tm7_displacement	0.0	0.0
bound_geometry_4fold	receptor_grouped_5fold	0	Gs	numeric__bound__tm3_tm7_distance	0.0	0.0
bound_geometry_4fold	receptor_grouped_5fold	0	Gs	numeric__bound__tm6_r350_630_distance	0.1175005429594241	0.1175005429594241
bound_geometry_4fold	receptor_grouped_5fold	0	Gs	numeric__bound__dry_r350_630_min_distance	0.08484644182569677	0.08484644182569677
bound_geometry_4fold	receptor_grouped_5fold	0	Gs	numeric__bound__dry_r350_630_ca_distance	0.1175005429594241	0.1175005429594241
bound_geometry_4fold	receptor_grouped_5fold	0	Gs	numeric__bound__dry_d349_r350_min_distance	0.0	0.0
bound_geometry_4fold	receptor_grouped_5fold	0	Gs	numeric__bound__r350_chi1	0.0	0.0
bound_geometry_4fold	receptor_grouped_5fold	0	Gs	numeric__bound__r350_chi2	0.0	0.0
bound_geometry_4fold	receptor_grouped_5fold	0	Gs	numeric__bound__pif_550_340_distance	0.0	0.0
bound_geometry_4fold	receptor_grouped_5fold	0	Gs	numeric__bound__pif_340_644_distance	0.0	0.0
bound_geometry_4fold	receptor_grouped_5fold	0	Gs	numeric__bound__pif_550_644_distance	0.0	0.0
bound_geometry_4fold	receptor_grouped_5fold	0	Gs	numeric__bound__pif_550_340_min_distance	0.0	0.0
bound_geometry_4fold	receptor_grouped_5fold	0	Gs	numeric__bound__pif_340_644_min_distance	0.0	0.0
bound_geometry_4fold	receptor_grouped_5fold	0	Gs	numeric__bound__pif_550_644_min_distance	0.0	0.0
bound_geometry_4fold	receptor_grouped_5fold	0	Gs	numeric__bound__pif_triangle_perimeter	0.0	0.0
bound_geometry_4fold	receptor_grouped_5fold	0	Gs	numeric__bound__position_644_chi1	0.0	0.0
bound_geometry_4fold	receptor_grouped_5fold	0	Gs	numeric__bound__position_644_chi2	0.0	0.0
bound_geometry_4fold	receptor_grouped_5fold	0	Gs	numeric__bound__w648_chi1	-0.12983423560129473	0.12983423560129473
bound_geometry_4fold	receptor_grouped_5fold	0	Gs	numeric__bound__w648_chi2	0.0	0.0
bound_geometry_4fold	receptor_grouped_5fold	0	Gs	numeric__bound__w648_displacement	0.0	0.0
bound_geometry_4fold	receptor_grouped_5fold	0	Gs	numeric__bound__w648_to_644_distance	0.0	0.0
bound_geometry_4fold	receptor_grouped_5fold	0	Gs	numeric__bound__cwxp_647_650_distance	0.0	0.0
bound_geometry_4fold	receptor_grouped_5fold	0	Gs	numeric__bound__y753_chi1	0.0	0.0
bound_geometry_4fold	receptor_grouped_5fold	0	Gs	numeric__bound__y753_chi2	0.0	0.0
bound_geometry_4fold	receptor_grouped_5fold	0	Gs	numeric__bound__y753_y558_distance	0.0	0.0
bound_geometry_4fold	receptor_grouped_5fold	0	Gs	numeric__bound__y753_y558_min_distance	0.0	0.0
bound_geometry_4fold	receptor_grouped_5fold	0	Gs	numeric__bound__n749_y753_distance	0.0	0.0
bound_geometry_4fold	receptor_grouped_5fold	0	Gs	numeric__bound__npxxy_local_spread	0.0	0.0
bound_geometry_4fold	receptor_grouped_5fold	0	Gs	numeric__bound__y753_displacement	0.0	0.0
bound_geometry_4fold	receptor_grouped_5fold	0	Gs	numeric__bound__sodium_d250_s339_distance	0.0	0.0
bound_geometry_4fold	receptor_grouped_5fold	0	Gs	numeric__bound__sodium_d250_n745_distance	0.0	0.0
bound_geometry_4fold	receptor_grouped_5fold	0	Gs	numeric__bound__sodium_d250_s746_distance	0.0	0.0
bound_geometry_4fold	receptor_grouped_5fold	0	Gs	numeric__bound__sodium_d250_n749_distance	0.0	0.0
bound_geometry_4fold	receptor_grouped_5fold	0	Gs	numeric__bound__sodium_pocket_volume	0.0	0.0
bound_geometry_4fold	receptor_grouped_5fold	0	Gs	numeric__bound__sodium_pocket_spread	0.0	0.0
bound_geometry_4fold	receptor_grouped_5fold	0	Gs	numeric__bound__tm7_rotation	0.0	0.0
bound_geometry_4fold	receptor_grouped_5fold	0	Gs	numeric__bound__icl2_generic_ca_count	0.0	0.0
bound_geometry_4fold	receptor_grouped_5fold	0	Gs	numeric__bound__icl2_end_to_end_distance	0.0	0.0
bound_geometry_4fold	receptor_grouped_5fold	0	Gs	numeric__bound__icl2_centroid_to_r350	0.0	0.0
bound_geometry_4fold	receptor_grouped_5fold	0	Gs	numeric__bound__icl2_centroid_to_tm5_561	0.0	0.0
bound_geometry_4fold	receptor_grouped_5fold	0	Gs	numeric__bound__icl2_centroid_to_tm6_634	0.0	0.0
bound_geometry_4fold	receptor_grouped_5fold	0	Gs	numeric__bound__icl2_centroid_to_tm7_753	0.0	0.0
bound_geometry_4fold	receptor_grouped_5fold	0	Gs	numeric__bound__icl2_axis_tm3_angle	0.0	0.0
bound_geometry_4fold	receptor_grouped_5fold	0	Gs	numeric__bound__icl2_axis_tm5_angle	0.0	0.0
bound_geometry_4fold	receptor_grouped_5fold	0	Gs	numeric__bound__icl2_active_reference_displacement	0.0	0.0
bound_geometry_4fold	receptor_grouped_5fold	0	Gs	numeric__bound__tm5_cytoplasmic_extension	0.0	0.0
bound_geometry_4fold	receptor_grouped_5fold	0	Gs	numeric__bound__tm5_cytoplasmic_kink	0.0020186094807355505	0.0020186094807355505
bound_geometry_4fold	receptor_grouped_5fold	0	Gs	numeric__bound__tm5_r350_561_distance	0.0	0.0
bound_geometry_4fold	receptor_grouped_5fold	0	Gs	numeric__bound__tm5_r350_564_distance	0.0	0.0
bound_geometry_4fold	receptor_grouped_5fold	0	Gs	numeric__bound__tm5_tm6_cavity_distance	0.0	0.0
bound_geometry_4fold	receptor_grouped_5fold	0	Gs	numeric__bound__tm5_axis_tm3_angle	0.0	0.0
bound_geometry_4fold	receptor_grouped_5fold	0	Gs	numeric__bound__tm6_lower_upper_kink	0.09600673646900128	0.09600673646900128
bound_geometry_4fold	receptor_grouped_5fold	0	Gs	numeric__bound__tm6_axis_tm3_angle	0.0	0.0
bound_geometry_4fold	receptor_grouped_5fold	0	Gs	numeric__bound__tm6_tm7_cavity_distance	0.07224975968723878	0.07224975968723878
bound_geometry_4fold	receptor_grouped_5fold	0	Gs	numeric__bound__tm7_h8_angle	0.0	0.0
bound_geometry_4fold	receptor_grouped_5fold	0	Gs	numeric__bound__h8_end_to_end_distance	0.0	0.0
bound_geometry_4fold	receptor_grouped_5fold	0	Gs	numeric__bound__h8_r350_distance	0.0	0.0
bound_geometry_4fold	receptor_grouped_5fold	0	Gs	numeric__bound__h8_tm6_distance	0.0	0.0
bound_geometry_4fold	receptor_grouped_5fold	0	Gs	numeric__bound__icl2_helix_fraction	0.0	0.0
bound_geometry_4fold	receptor_grouped_5fold	0	Gs	numeric__bound__icl2_longest_helix	0.0	0.0
bound_geometry_4fold	receptor_grouped_5fold	0	Gs	numeric__bound__icl2_mean_phi	0.0	0.0
bound_geometry_4fold	receptor_grouped_5fold	0	Gs	numeric__bound__icl2_mean_psi	0.0	0.0
bound_geometry_4fold	receptor_grouped_5fold	0	Gs	numeric__bound__intracellular_cavity_core_volume	0.0	0.0
bound_geometry_4fold	receptor_grouped_5fold	0	Gs	numeric__bound__intracellular_cavity_core_mouth_area	0.0	0.0
bound_geometry_4fold	receptor_grouped_5fold	0	Gs	numeric__bound__intracellular_cavity_core_depth	0.0	0.0
bound_geometry_4fold	receptor_grouped_5fold	0	Gs	numeric__bound__intracellular_cavity_core_maximum_width	0.0	0.0
bound_geometry_4fold	receptor_grouped_5fold	0	Gs	numeric__bound__intracellular_cavity_core_average_cross_section	0.0	0.0
bound_geometry_4fold	receptor_grouped_5fold	0	Gs	numeric__bound__intracellular_cavity_core_bottleneck_area	0.0	0.0
bound_geometry_4fold	receptor_grouped_5fold	0	Gs	numeric__bound__intracellular_cavity_core_bottleneck_radius	0.0	0.0
bound_geometry_4fold	receptor_grouped_5fold	0	Gs	numeric__bound__intracellular_cavity_core_max_inscribed_radius	0.0	0.0
bound_geometry_4fold	receptor_grouped_5fold	0	Gs	numeric__bound__intracellular_cavity_core_surface_area	0.0	0.0
bound_geometry_4fold	receptor_grouped_5fold	0	Gs	numeric__bound__intracellular_cavity_core_centroid_x	0.0	0.0
bound_geometry_4fold	receptor_grouped_5fold	0	Gs	numeric__bound__intracellular_cavity_core_centroid_y	0.0	0.0
bound_geometry_4fold	receptor_grouped_5fold	0	Gs	numeric__bound__intracellular_cavity_core_centroid_z	0.0	0.0
bound_geometry_4fold	receptor_grouped_5fold	0	Gs	numeric__bound__intracellular_cavity_core_principal_length_1	0.0	0.0
bound_geometry_4fold	receptor_grouped_5fold	0	Gs	numeric__bound__intracellular_cavity_core_principal_length_2	0.0	0.0
bound_geometry_4fold	receptor_grouped_5fold	0	Gs	numeric__bound__intracellular_cavity_core_principal_length_3	0.0	0.0
bound_geometry_4fold	receptor_grouped_5fold	0	Gs	numeric__bound__intracellular_cavity_core_principal_axis_1_z_alignment	0.0	0.0
bound_geometry_4fold	receptor_grouped_5fold	0	Gs	numeric__bound__intracellular_cavity_core_eccentricity	-0.12575534664431204	0.12575534664431204
bound_geometry_4fold	receptor_grouped_5fold	0	Gs	numeric__bound__intracellular_cavity_core_sphericity	0.0	0.0
bound_geometry_4fold	receptor_grouped_5fold	0	Gs	numeric__bound__intracellular_cavity_core_asymmetry	0.0	0.0
bound_geometry_4fold	receptor_grouped_5fold	0	Gs	numeric__bound__intracellular_cavity_core_tm3_side_fraction	0.0	0.0
bound_geometry_4fold	receptor_grouped_5fold	0	Gs	numeric__bound__intracellular_cavity_core_tm6_side_fraction	0.0	0.0
bound_geometry_4fold	receptor_grouped_5fold	0	Gs	numeric__bound__intracellular_cavity_core_tm5_side_fraction	0.0	0.0
bound_geometry_4fold	receptor_grouped_5fold	0	Gs	numeric__bound__intracellular_cavity_core_tm7_side_fraction	0.0	0.0
bound_geometry_4fold	receptor_grouped_5fold	0	Gs	numeric__bound__intracellular_cavity_core_wall_fraction_h8	0.0	0.0
bound_geometry_4fold	receptor_grouped_5fold	0	Gs	numeric__bound__intracellular_cavity_core_wall_fraction_icl2	0.0	0.0
bound_geometry_4fold	receptor_grouped_5fold	0	Gs	numeric__bound__intracellular_cavity_core_wall_fraction_tm3	0.0	0.0
bound_geometry_4fold	receptor_grouped_5fold	0	Gs	numeric__bound__intracellular_cavity_core_wall_fraction_tm7	0.0	0.0
bound_geometry_4fold	receptor_grouped_5fold	1	Gi/o	numeric__bound__activation_consensus_score	-0.11173010274646092	0.11173010274646092
bound_geometry_4fold	receptor_grouped_5fold	1	Gi/o	numeric__bound__tm6_r350_634_distance	-0.20760381680638582	0.20760381680638582
bound_geometry_4fold	receptor_grouped_5fold	1	Gi/o	numeric__bound__tm6_aligned_displacement	-0.1282505361331341	0.1282505361331341
bound_geometry_4fold	receptor_grouped_5fold	1	Gi/o	numeric__bound__tm7_displacement	0.0	0.0
bound_geometry_4fold	receptor_grouped_5fold	1	Gi/o	numeric__bound__tm3_tm7_distance	0.10867373254696945	0.10867373254696945
bound_geometry_4fold	receptor_grouped_5fold	1	Gi/o	numeric__bound__tm6_r350_630_distance	-0.06301534926753267	0.06301534926753267
bound_geometry_4fold	receptor_grouped_5fold	1	Gi/o	numeric__bound__dry_r350_630_min_distance	-0.028953159531796235	0.028953159531796235
bound_geometry_4fold	receptor_grouped_5fold	1	Gi/o	numeric__bound__dry_r350_630_ca_distance	-0.06301534926753267	0.06301534926753267
bound_geometry_4fold	receptor_grouped_5fold	1	Gi/o	numeric__bound__dry_d349_r350_min_distance	0.0	0.0
bound_geometry_4fold	receptor_grouped_5fold	1	Gi/o	numeric__bound__r350_chi1	0.0	0.0
bound_geometry_4fold	receptor_grouped_5fold	1	Gi/o	numeric__bound__r350_chi2	0.0	0.0
bound_geometry_4fold	receptor_grouped_5fold	1	Gi/o	numeric__bound__pif_550_340_distance	0.0	0.0
bound_geometry_4fold	receptor_grouped_5fold	1	Gi/o	numeric__bound__pif_340_644_distance	0.0	0.0
bound_geometry_4fold	receptor_grouped_5fold	1	Gi/o	numeric__bound__pif_550_644_distance	0.0	0.0
bound_geometry_4fold	receptor_grouped_5fold	1	Gi/o	numeric__bound__pif_550_340_min_distance	0.0	0.0
bound_geometry_4fold	receptor_grouped_5fold	1	Gi/o	numeric__bound__pif_340_644_min_distance	0.0	0.0
bound_geometry_4fold	receptor_grouped_5fold	1	Gi/o	numeric__bound__pif_550_644_min_distance	0.0	0.0
bound_geometry_4fold	receptor_grouped_5fold	1	Gi/o	numeric__bound__pif_triangle_perimeter	0.0	0.0
bound_geometry_4fold	receptor_grouped_5fold	1	Gi/o	numeric__bound__position_644_chi1	-0.0694637880375459	0.0694637880375459
bound_geometry_4fold	receptor_grouped_5fold	1	Gi/o	numeric__bound__position_644_chi2	-0.14623561650947017	0.14623561650947017
bound_geometry_4fold	receptor_grouped_5fold	1	Gi/o	numeric__bound__w648_chi1	0.0	0.0
bound_geometry_4fold	receptor_grouped_5fold	1	Gi/o	numeric__bound__w648_chi2	0.0	0.0
bound_geometry_4fold	receptor_grouped_5fold	1	Gi/o	numeric__bound__w648_displacement	0.0	0.0
bound_geometry_4fold	receptor_grouped_5fold	1	Gi/o	numeric__bound__w648_to_644_distance	0.0	0.0
bound_geometry_4fold	receptor_grouped_5fold	1	Gi/o	numeric__bound__cwxp_647_650_distance	0.0	0.0
bound_geometry_4fold	receptor_grouped_5fold	1	Gi/o	numeric__bound__y753_chi1	0.0	0.0
bound_geometry_4fold	receptor_grouped_5fold	1	Gi/o	numeric__bound__y753_chi2	0.0	0.0
bound_geometry_4fold	receptor_grouped_5fold	1	Gi/o	numeric__bound__y753_y558_distance	0.0	0.0
bound_geometry_4fold	receptor_grouped_5fold	1	Gi/o	numeric__bound__y753_y558_min_distance	0.0014058430425296312	0.0014058430425296312
bound_geometry_4fold	receptor_grouped_5fold	1	Gi/o	numeric__bound__n749_y753_distance	0.0	0.0
bound_geometry_4fold	receptor_grouped_5fold	1	Gi/o	numeric__bound__npxxy_local_spread	0.0	0.0
bound_geometry_4fold	receptor_grouped_5fold	1	Gi/o	numeric__bound__y753_displacement	0.0	0.0
bound_geometry_4fold	receptor_grouped_5fold	1	Gi/o	numeric__bound__sodium_d250_s339_distance	0.0	0.0
bound_geometry_4fold	receptor_grouped_5fold	1	Gi/o	numeric__bound__sodium_d250_n745_distance	0.0	0.0
bound_geometry_4fold	receptor_grouped_5fold	1	Gi/o	numeric__bound__sodium_d250_s746_distance	0.0	0.0
bound_geometry_4fold	receptor_grouped_5fold	1	Gi/o	numeric__bound__sodium_d250_n749_distance	0.0	0.0
bound_geometry_4fold	receptor_grouped_5fold	1	Gi/o	numeric__bound__sodium_pocket_volume	0.0	0.0
bound_geometry_4fold	receptor_grouped_5fold	1	Gi/o	numeric__bound__sodium_pocket_spread	0.0	0.0
bound_geometry_4fold	receptor_grouped_5fold	1	Gi/o	numeric__bound__tm7_rotation	0.0	0.0
bound_geometry_4fold	receptor_grouped_5fold	1	Gi/o	numeric__bound__icl2_generic_ca_count	0.0	0.0
bound_geometry_4fold	receptor_grouped_5fold	1	Gi/o	numeric__bound__icl2_end_to_end_distance	0.0	0.0
bound_geometry_4fold	receptor_grouped_5fold	1	Gi/o	numeric__bound__icl2_centroid_to_r350	0.0	0.0
bound_geometry_4fold	receptor_grouped_5fold	1	Gi/o	numeric__bound__icl2_centroid_to_tm5_561	-0.2358523521934128	0.2358523521934128
bound_geometry_4fold	receptor_grouped_5fold	1	Gi/o	numeric__bound__icl2_centroid_to_tm6_634	-0.15990831098649885	0.15990831098649885
bound_geometry_4fold	receptor_grouped_5fold	1	Gi/o	numeric__bound__icl2_centroid_to_tm7_753	0.0	0.0
bound_geometry_4fold	receptor_grouped_5fold	1	Gi/o	numeric__bound__icl2_axis_tm3_angle	0.0	0.0
bound_geometry_4fold	receptor_grouped_5fold	1	Gi/o	numeric__bound__icl2_axis_tm5_angle	0.06488587295197368	0.06488587295197368
bound_geometry_4fold	receptor_grouped_5fold	1	Gi/o	numeric__bound__icl2_active_reference_displacement	0.0	0.0
bound_geometry_4fold	receptor_grouped_5fold	1	Gi/o	numeric__bound__tm5_cytoplasmic_extension	0.0	0.0
bound_geometry_4fold	receptor_grouped_5fold	1	Gi/o	numeric__bound__tm5_cytoplasmic_kink	0.0	0.0
bound_geometry_4fold	receptor_grouped_5fold	1	Gi/o	numeric__bound__tm5_r350_561_distance	-0.02800472721198047	0.02800472721198047
bound_geometry_4fold	receptor_grouped_5fold	1	Gi/o	numeric__bound__tm5_r350_564_distance	-0.03184743211145306	0.03184743211145306
bound_geometry_4fold	receptor_grouped_5fold	1	Gi/o	numeric__bound__tm5_tm6_cavity_distance	-0.04126984979580223	0.04126984979580223
bound_geometry_4fold	receptor_grouped_5fold	1	Gi/o	numeric__bound__tm5_axis_tm3_angle	0.0	0.0
bound_geometry_4fold	receptor_grouped_5fold	1	Gi/o	numeric__bound__tm6_lower_upper_kink	0.0	0.0
bound_geometry_4fold	receptor_grouped_5fold	1	Gi/o	numeric__bound__tm6_axis_tm3_angle	-0.1104606363100776	0.1104606363100776
bound_geometry_4fold	receptor_grouped_5fold	1	Gi/o	numeric__bound__tm6_tm7_cavity_distance	0.0	0.0
bound_geometry_4fold	receptor_grouped_5fold	1	Gi/o	numeric__bound__tm7_h8_angle	0.0	0.0
bound_geometry_4fold	receptor_grouped_5fold	1	Gi/o	numeric__bound__h8_end_to_end_distance	0.0	0.0
bound_geometry_4fold	receptor_grouped_5fold	1	Gi/o	numeric__bound__h8_r350_distance	0.0	0.0
bound_geometry_4fold	receptor_grouped_5fold	1	Gi/o	numeric__bound__h8_tm6_distance	0.0	0.0
bound_geometry_4fold	receptor_grouped_5fold	1	Gi/o	numeric__bound__icl2_helix_fraction	0.0	0.0
bound_geometry_4fold	receptor_grouped_5fold	1	Gi/o	numeric__bound__icl2_longest_helix	0.0	0.0
bound_geometry_4fold	receptor_grouped_5fold	1	Gi/o	numeric__bound__icl2_mean_phi	0.10276839500557952	0.10276839500557952
bound_geometry_4fold	receptor_grouped_5fold	1	Gi/o	numeric__bound__icl2_mean_psi	0.0	0.0
bound_geometry_4fold	receptor_grouped_5fold	1	Gi/o	numeric__bound__intracellular_cavity_core_volume	0.0	0.0
bound_geometry_4fold	receptor_grouped_5fold	1	Gi/o	numeric__bound__intracellular_cavity_core_mouth_area	0.0	0.0
bound_geometry_4fold	receptor_grouped_5fold	1	Gi/o	numeric__bound__intracellular_cavity_core_depth	0.0	0.0
bound_geometry_4fold	receptor_grouped_5fold	1	Gi/o	numeric__bound__intracellular_cavity_core_maximum_width	0.0	0.0
bound_geometry_4fold	receptor_grouped_5fold	1	Gi/o	numeric__bound__intracellular_cavity_core_average_cross_section	0.0	0.0
bound_geometry_4fold	receptor_grouped_5fold	1	Gi/o	numeric__bound__intracellular_cavity_core_bottleneck_area	0.0	0.0
bound_geometry_4fold	receptor_grouped_5fold	1	Gi/o	numeric__bound__intracellular_cavity_core_bottleneck_radius	0.0	0.0
bound_geometry_4fold	receptor_grouped_5fold	1	Gi/o	numeric__bound__intracellular_cavity_core_max_inscribed_radius	0.0	0.0
bound_geometry_4fold	receptor_grouped_5fold	1	Gi/o	numeric__bound__intracellular_cavity_core_surface_area	0.0	0.0
bound_geometry_4fold	receptor_grouped_5fold	1	Gi/o	numeric__bound__intracellular_cavity_core_centroid_x	0.0	0.0
bound_geometry_4fold	receptor_grouped_5fold	1	Gi/o	numeric__bound__intracellular_cavity_core_centroid_y	0.029522684942149914	0.029522684942149914
bound_geometry_4fold	receptor_grouped_5fold	1	Gi/o	numeric__bound__intracellular_cavity_core_centroid_z	0.0	0.0
bound_geometry_4fold	receptor_grouped_5fold	1	Gi/o	numeric__bound__intracellular_cavity_core_principal_length_1	0.0	0.0
bound_geometry_4fold	receptor_grouped_5fold	1	Gi/o	numeric__bound__intracellular_cavity_core_principal_length_2	0.0	0.0
bound_geometry_4fold	receptor_grouped_5fold	1	Gi/o	numeric__bound__intracellular_cavity_core_principal_length_3	-0.07752682939360256	0.07752682939360256
bound_geometry_4fold	receptor_grouped_5fold	1	Gi/o	numeric__bound__intracellular_cavity_core_principal_axis_1_z_alignment	0.0	0.0
bound_geometry_4fold	receptor_grouped_5fold	1	Gi/o	numeric__bound__intracellular_cavity_core_eccentricity	0.1417317618175502	0.1417317618175502
bound_geometry_4fold	receptor_grouped_5fold	1	Gi/o	numeric__bound__intracellular_cavity_core_sphericity	0.0	0.0
bound_geometry_4fold	receptor_grouped_5fold	1	Gi/o	numeric__bound__intracellular_cavity_core_asymmetry	0.0	0.0
bound_geometry_4fold	receptor_grouped_5fold	1	Gi/o	numeric__bound__intracellular_cavity_core_tm3_side_fraction	0.0	0.0
bound_geometry_4fold	receptor_grouped_5fold	1	Gi/o	numeric__bound__intracellular_cavity_core_tm6_side_fraction	0.0	0.0
bound_geometry_4fold	receptor_grouped_5fold	1	Gi/o	numeric__bound__intracellular_cavity_core_tm5_side_fraction	0.04077066843416255	0.04077066843416255
bound_geometry_4fold	receptor_grouped_5fold	1	Gi/o	numeric__bound__intracellular_cavity_core_tm7_side_fraction	-0.04077066843416252	0.04077066843416252
bound_geometry_4fold	receptor_grouped_5fold	1	Gi/o	numeric__bound__intracellular_cavity_core_wall_fraction_h8	0.0	0.0
bound_geometry_4fold	receptor_grouped_5fold	1	Gi/o	numeric__bound__intracellular_cavity_core_wall_fraction_icl2	0.0	0.0
bound_geometry_4fold	receptor_grouped_5fold	1	Gi/o	numeric__bound__intracellular_cavity_core_wall_fraction_tm3	0.031831894153805905	0.031831894153805905
bound_geometry_4fold	receptor_grouped_5fold	1	Gi/o	numeric__bound__intracellular_cavity_core_wall_fraction_tm7	0.0	0.0
bound_geometry_4fold	receptor_grouped_5fold	1	Gq/11	numeric__bound__activation_consensus_score	0.0	0.0
bound_geometry_4fold	receptor_grouped_5fold	1	Gq/11	numeric__bound__tm6_r350_634_distance	0.0	0.0
bound_geometry_4fold	receptor_grouped_5fold	1	Gq/11	numeric__bound__tm6_aligned_displacement	0.0	0.0
bound_geometry_4fold	receptor_grouped_5fold	1	Gq/11	numeric__bound__tm7_displacement	0.0	0.0
bound_geometry_4fold	receptor_grouped_5fold	1	Gq/11	numeric__bound__tm3_tm7_distance	0.0	0.0
bound_geometry_4fold	receptor_grouped_5fold	1	Gq/11	numeric__bound__tm6_r350_630_distance	0.0	0.0
bound_geometry_4fold	receptor_grouped_5fold	1	Gq/11	numeric__bound__dry_r350_630_min_distance	0.0	0.0
bound_geometry_4fold	receptor_grouped_5fold	1	Gq/11	numeric__bound__dry_r350_630_ca_distance	0.0	0.0
bound_geometry_4fold	receptor_grouped_5fold	1	Gq/11	numeric__bound__dry_d349_r350_min_distance	0.0	0.0
bound_geometry_4fold	receptor_grouped_5fold	1	Gq/11	numeric__bound__r350_chi1	-0.10209726120222294	0.10209726120222294
bound_geometry_4fold	receptor_grouped_5fold	1	Gq/11	numeric__bound__r350_chi2	0.0	0.0
bound_geometry_4fold	receptor_grouped_5fold	1	Gq/11	numeric__bound__pif_550_340_distance	0.0	0.0
bound_geometry_4fold	receptor_grouped_5fold	1	Gq/11	numeric__bound__pif_340_644_distance	0.0	0.0
bound_geometry_4fold	receptor_grouped_5fold	1	Gq/11	numeric__bound__pif_550_644_distance	0.0	0.0
bound_geometry_4fold	receptor_grouped_5fold	1	Gq/11	numeric__bound__pif_550_340_min_distance	0.0	0.0
bound_geometry_4fold	receptor_grouped_5fold	1	Gq/11	numeric__bound__pif_340_644_min_distance	0.0	0.0
bound_geometry_4fold	receptor_grouped_5fold	1	Gq/11	numeric__bound__pif_550_644_min_distance	0.2066980913258499	0.2066980913258499
bound_geometry_4fold	receptor_grouped_5fold	1	Gq/11	numeric__bound__pif_triangle_perimeter	0.0	0.0
bound_geometry_4fold	receptor_grouped_5fold	1	Gq/11	numeric__bound__position_644_chi1	0.0	0.0
bound_geometry_4fold	receptor_grouped_5fold	1	Gq/11	numeric__bound__position_644_chi2	0.1080394499479195	0.1080394499479195
bound_geometry_4fold	receptor_grouped_5fold	1	Gq/11	numeric__bound__w648_chi1	0.06233358344304765	0.06233358344304765
bound_geometry_4fold	receptor_grouped_5fold	1	Gq/11	numeric__bound__w648_chi2	0.0	0.0
bound_geometry_4fold	receptor_grouped_5fold	1	Gq/11	numeric__bound__w648_displacement	0.0	0.0
bound_geometry_4fold	receptor_grouped_5fold	1	Gq/11	numeric__bound__w648_to_644_distance	0.0	0.0
bound_geometry_4fold	receptor_grouped_5fold	1	Gq/11	numeric__bound__cwxp_647_650_distance	0.0	0.0
bound_geometry_4fold	receptor_grouped_5fold	1	Gq/11	numeric__bound__y753_chi1	0.0	0.0
bound_geometry_4fold	receptor_grouped_5fold	1	Gq/11	numeric__bound__y753_chi2	0.09751570696257394	0.09751570696257394
bound_geometry_4fold	receptor_grouped_5fold	1	Gq/11	numeric__bound__y753_y558_distance	0.0	0.0
bound_geometry_4fold	receptor_grouped_5fold	1	Gq/11	numeric__bound__y753_y558_min_distance	0.0	0.0
bound_geometry_4fold	receptor_grouped_5fold	1	Gq/11	numeric__bound__n749_y753_distance	0.0	0.0
bound_geometry_4fold	receptor_grouped_5fold	1	Gq/11	numeric__bound__npxxy_local_spread	0.0	0.0
bound_geometry_4fold	receptor_grouped_5fold	1	Gq/11	numeric__bound__y753_displacement	0.0	0.0
bound_geometry_4fold	receptor_grouped_5fold	1	Gq/11	numeric__bound__sodium_d250_s339_distance	0.2085735469032198	0.2085735469032198
bound_geometry_4fold	receptor_grouped_5fold	1	Gq/11	numeric__bound__sodium_d250_n745_distance	0.0	0.0
bound_geometry_4fold	receptor_grouped_5fold	1	Gq/11	numeric__bound__sodium_d250_s746_distance	-0.04957219546328578	0.04957219546328578
bound_geometry_4fold	receptor_grouped_5fold	1	Gq/11	numeric__bound__sodium_d250_n749_distance	0.0	0.0
bound_geometry_4fold	receptor_grouped_5fold	1	Gq/11	numeric__bound__sodium_pocket_volume	0.0	0.0
bound_geometry_4fold	receptor_grouped_5fold	1	Gq/11	numeric__bound__sodium_pocket_spread	0.0	0.0
bound_geometry_4fold	receptor_grouped_5fold	1	Gq/11	numeric__bound__tm7_rotation	0.0901574800364012	0.0901574800364012
bound_geometry_4fold	receptor_grouped_5fold	1	Gq/11	numeric__bound__icl2_generic_ca_count	0.0	0.0
bound_geometry_4fold	receptor_grouped_5fold	1	Gq/11	numeric__bound__icl2_end_to_end_distance	0.0	0.0
bound_geometry_4fold	receptor_grouped_5fold	1	Gq/11	numeric__bound__icl2_centroid_to_r350	0.0	0.0
bound_geometry_4fold	receptor_grouped_5fold	1	Gq/11	numeric__bound__icl2_centroid_to_tm5_561	0.3477676246158286	0.3477676246158286
bound_geometry_4fold	receptor_grouped_5fold	1	Gq/11	numeric__bound__icl2_centroid_to_tm6_634	0.0	0.0
bound_geometry_4fold	receptor_grouped_5fold	1	Gq/11	numeric__bound__icl2_centroid_to_tm7_753	0.0	0.0
bound_geometry_4fold	receptor_grouped_5fold	1	Gq/11	numeric__bound__icl2_axis_tm3_angle	0.0	0.0
bound_geometry_4fold	receptor_grouped_5fold	1	Gq/11	numeric__bound__icl2_axis_tm5_angle	0.0	0.0
bound_geometry_4fold	receptor_grouped_5fold	1	Gq/11	numeric__bound__icl2_active_reference_displacement	0.0	0.0
bound_geometry_4fold	receptor_grouped_5fold	1	Gq/11	numeric__bound__tm5_cytoplasmic_extension	0.0	0.0
bound_geometry_4fold	receptor_grouped_5fold	1	Gq/11	numeric__bound__tm5_cytoplasmic_kink	0.0	0.0
bound_geometry_4fold	receptor_grouped_5fold	1	Gq/11	numeric__bound__tm5_r350_561_distance	0.0	0.0
bound_geometry_4fold	receptor_grouped_5fold	1	Gq/11	numeric__bound__tm5_r350_564_distance	0.2390947348898546	0.2390947348898546
bound_geometry_4fold	receptor_grouped_5fold	1	Gq/11	numeric__bound__tm5_tm6_cavity_distance	0.0	0.0
bound_geometry_4fold	receptor_grouped_5fold	1	Gq/11	numeric__bound__tm5_axis_tm3_angle	-0.04789228297891253	0.04789228297891253
bound_geometry_4fold	receptor_grouped_5fold	1	Gq/11	numeric__bound__tm6_lower_upper_kink	0.0	0.0
bound_geometry_4fold	receptor_grouped_5fold	1	Gq/11	numeric__bound__tm6_axis_tm3_angle	0.0	0.0
bound_geometry_4fold	receptor_grouped_5fold	1	Gq/11	numeric__bound__tm6_tm7_cavity_distance	0.0	0.0
bound_geometry_4fold	receptor_grouped_5fold	1	Gq/11	numeric__bound__tm7_h8_angle	-0.06767309314669573	0.06767309314669573
bound_geometry_4fold	receptor_grouped_5fold	1	Gq/11	numeric__bound__h8_end_to_end_distance	0.0	0.0
bound_geometry_4fold	receptor_grouped_5fold	1	Gq/11	numeric__bound__h8_r350_distance	0.0	0.0
bound_geometry_4fold	receptor_grouped_5fold	1	Gq/11	numeric__bound__h8_tm6_distance	0.0	0.0
bound_geometry_4fold	receptor_grouped_5fold	1	Gq/11	numeric__bound__icl2_helix_fraction	0.0	0.0
bound_geometry_4fold	receptor_grouped_5fold	1	Gq/11	numeric__bound__icl2_longest_helix	0.0	0.0
bound_geometry_4fold	receptor_grouped_5fold	1	Gq/11	numeric__bound__icl2_mean_phi	-0.16156299834313897	0.16156299834313897
bound_geometry_4fold	receptor_grouped_5fold	1	Gq/11	numeric__bound__icl2_mean_psi	0.0	0.0
bound_geometry_4fold	receptor_grouped_5fold	1	Gq/11	numeric__bound__intracellular_cavity_core_volume	0.0	0.0
bound_geometry_4fold	receptor_grouped_5fold	1	Gq/11	numeric__bound__intracellular_cavity_core_mouth_area	0.0	0.0
bound_geometry_4fold	receptor_grouped_5fold	1	Gq/11	numeric__bound__intracellular_cavity_core_depth	0.0	0.0
bound_geometry_4fold	receptor_grouped_5fold	1	Gq/11	numeric__bound__intracellular_cavity_core_maximum_width	0.0	0.0
bound_geometry_4fold	receptor_grouped_5fold	1	Gq/11	numeric__bound__intracellular_cavity_core_average_cross_section	0.0	0.0
bound_geometry_4fold	receptor_grouped_5fold	1	Gq/11	numeric__bound__intracellular_cavity_core_bottleneck_area	0.0	0.0
bound_geometry_4fold	receptor_grouped_5fold	1	Gq/11	numeric__bound__intracellular_cavity_core_bottleneck_radius	0.0	0.0
bound_geometry_4fold	receptor_grouped_5fold	1	Gq/11	numeric__bound__intracellular_cavity_core_max_inscribed_radius	0.0	0.0
bound_geometry_4fold	receptor_grouped_5fold	1	Gq/11	numeric__bound__intracellular_cavity_core_surface_area	0.0	0.0
bound_geometry_4fold	receptor_grouped_5fold	1	Gq/11	numeric__bound__intracellular_cavity_core_centroid_x	0.0	0.0
bound_geometry_4fold	receptor_grouped_5fold	1	Gq/11	numeric__bound__intracellular_cavity_core_centroid_y	0.0	0.0
bound_geometry_4fold	receptor_grouped_5fold	1	Gq/11	numeric__bound__intracellular_cavity_core_centroid_z	0.0	0.0
bound_geometry_4fold	receptor_grouped_5fold	1	Gq/11	numeric__bound__intracellular_cavity_core_principal_length_1	0.0	0.0
bound_geometry_4fold	receptor_grouped_5fold	1	Gq/11	numeric__bound__intracellular_cavity_core_principal_length_2	0.0	0.0
bound_geometry_4fold	receptor_grouped_5fold	1	Gq/11	numeric__bound__intracellular_cavity_core_principal_length_3	0.0	0.0
bound_geometry_4fold	receptor_grouped_5fold	1	Gq/11	numeric__bound__intracellular_cavity_core_principal_axis_1_z_alignment	0.0	0.0
bound_geometry_4fold	receptor_grouped_5fold	1	Gq/11	numeric__bound__intracellular_cavity_core_eccentricity	0.0	0.0
bound_geometry_4fold	receptor_grouped_5fold	1	Gq/11	numeric__bound__intracellular_cavity_core_sphericity	0.0	0.0
bound_geometry_4fold	receptor_grouped_5fold	1	Gq/11	numeric__bound__intracellular_cavity_core_asymmetry	0.0	0.0
bound_geometry_4fold	receptor_grouped_5fold	1	Gq/11	numeric__bound__intracellular_cavity_core_tm3_side_fraction	0.0	0.0
bound_geometry_4fold	receptor_grouped_5fold	1	Gq/11	numeric__bound__intracellular_cavity_core_tm6_side_fraction	0.0	0.0
bound_geometry_4fold	receptor_grouped_5fold	1	Gq/11	numeric__bound__intracellular_cavity_core_tm5_side_fraction	0.0	0.0
bound_geometry_4fold	receptor_grouped_5fold	1	Gq/11	numeric__bound__intracellular_cavity_core_tm7_side_fraction	0.0	0.0
bound_geometry_4fold	receptor_grouped_5fold	1	Gq/11	numeric__bound__intracellular_cavity_core_wall_fraction_h8	-0.07405591605410737	0.07405591605410737
bound_geometry_4fold	receptor_grouped_5fold	1	Gq/11	numeric__bound__intracellular_cavity_core_wall_fraction_icl2	0.22495188208350525	0.22495188208350525
bound_geometry_4fold	receptor_grouped_5fold	1	Gq/11	numeric__bound__intracellular_cavity_core_wall_fraction_tm3	0.0	0.0
bound_geometry_4fold	receptor_grouped_5fold	1	Gq/11	numeric__bound__intracellular_cavity_core_wall_fraction_tm7	0.0	0.0
bound_geometry_4fold	receptor_grouped_5fold	1	Gs	numeric__bound__activation_consensus_score	0.162534037365019	0.162534037365019
bound_geometry_4fold	receptor_grouped_5fold	1	Gs	numeric__bound__tm6_r350_634_distance	0.0	0.0
bound_geometry_4fold	receptor_grouped_5fold	1	Gs	numeric__bound__tm6_aligned_displacement	0.05518257761151509	0.05518257761151509
bound_geometry_4fold	receptor_grouped_5fold	1	Gs	numeric__bound__tm7_displacement	0.0	0.0
bound_geometry_4fold	receptor_grouped_5fold	1	Gs	numeric__bound__tm3_tm7_distance	0.0	0.0
bound_geometry_4fold	receptor_grouped_5fold	1	Gs	numeric__bound__tm6_r350_630_distance	0.19298899427918076	0.19298899427918076
bound_geometry_4fold	receptor_grouped_5fold	1	Gs	numeric__bound__dry_r350_630_min_distance	0.11490291747595716	0.11490291747595716
bound_geometry_4fold	receptor_grouped_5fold	1	Gs	numeric__bound__dry_r350_630_ca_distance	0.19298899427918076	0.19298899427918076
bound_geometry_4fold	receptor_grouped_5fold	1	Gs	numeric__bound__dry_d349_r350_min_distance	0.0	0.0
bound_geometry_4fold	receptor_grouped_5fold	1	Gs	numeric__bound__r350_chi1	0.0	0.0
bound_geometry_4fold	receptor_grouped_5fold	1	Gs	numeric__bound__r350_chi2	0.0	0.0
bound_geometry_4fold	receptor_grouped_5fold	1	Gs	numeric__bound__pif_550_340_distance	0.0	0.0
bound_geometry_4fold	receptor_grouped_5fold	1	Gs	numeric__bound__pif_340_644_distance	0.0	0.0
bound_geometry_4fold	receptor_grouped_5fold	1	Gs	numeric__bound__pif_550_644_distance	0.0	0.0
bound_geometry_4fold	receptor_grouped_5fold	1	Gs	numeric__bound__pif_550_340_min_distance	0.0	0.0
bound_geometry_4fold	receptor_grouped_5fold	1	Gs	numeric__bound__pif_340_644_min_distance	0.0	0.0
bound_geometry_4fold	receptor_grouped_5fold	1	Gs	numeric__bound__pif_550_644_min_distance	-0.02164889632641737	0.02164889632641737
bound_geometry_4fold	receptor_grouped_5fold	1	Gs	numeric__bound__pif_triangle_perimeter	0.0	0.0
bound_geometry_4fold	receptor_grouped_5fold	1	Gs	numeric__bound__position_644_chi1	0.0	0.0
bound_geometry_4fold	receptor_grouped_5fold	1	Gs	numeric__bound__position_644_chi2	0.0	0.0
bound_geometry_4fold	receptor_grouped_5fold	1	Gs	numeric__bound__w648_chi1	-0.15249637968789131	0.15249637968789131
bound_geometry_4fold	receptor_grouped_5fold	1	Gs	numeric__bound__w648_chi2	0.0	0.0
bound_geometry_4fold	receptor_grouped_5fold	1	Gs	numeric__bound__w648_displacement	0.0	0.0
bound_geometry_4fold	receptor_grouped_5fold	1	Gs	numeric__bound__w648_to_644_distance	0.031419640614139537	0.031419640614139537
bound_geometry_4fold	receptor_grouped_5fold	1	Gs	numeric__bound__cwxp_647_650_distance	0.0	0.0
bound_geometry_4fold	receptor_grouped_5fold	1	Gs	numeric__bound__y753_chi1	0.0	0.0
bound_geometry_4fold	receptor_grouped_5fold	1	Gs	numeric__bound__y753_chi2	-0.01109476746446297	0.01109476746446297
bound_geometry_4fold	receptor_grouped_5fold	1	Gs	numeric__bound__y753_y558_distance	0.0	0.0
bound_geometry_4fold	receptor_grouped_5fold	1	Gs	numeric__bound__y753_y558_min_distance	0.0	0.0
bound_geometry_4fold	receptor_grouped_5fold	1	Gs	numeric__bound__n749_y753_distance	0.0	0.0
bound_geometry_4fold	receptor_grouped_5fold	1	Gs	numeric__bound__npxxy_local_spread	0.0	0.0
bound_geometry_4fold	receptor_grouped_5fold	1	Gs	numeric__bound__y753_displacement	0.0	0.0
bound_geometry_4fold	receptor_grouped_5fold	1	Gs	numeric__bound__sodium_d250_s339_distance	-0.036286426102920384	0.036286426102920384
bound_geometry_4fold	receptor_grouped_5fold	1	Gs	numeric__bound__sodium_d250_n745_distance	0.0	0.0
bound_geometry_4fold	receptor_grouped_5fold	1	Gs	numeric__bound__sodium_d250_s746_distance	0.0	0.0
bound_geometry_4fold	receptor_grouped_5fold	1	Gs	numeric__bound__sodium_d250_n749_distance	0.0	0.0
bound_geometry_4fold	receptor_grouped_5fold	1	Gs	numeric__bound__sodium_pocket_volume	0.0	0.0
bound_geometry_4fold	receptor_grouped_5fold	1	Gs	numeric__bound__sodium_pocket_spread	0.0	0.0
bound_geometry_4fold	receptor_grouped_5fold	1	Gs	numeric__bound__tm7_rotation	-0.049804644766388996	0.049804644766388996
bound_geometry_4fold	receptor_grouped_5fold	1	Gs	numeric__bound__icl2_generic_ca_count	0.0	0.0
bound_geometry_4fold	receptor_grouped_5fold	1	Gs	numeric__bound__icl2_end_to_end_distance	0.0	0.0
bound_geometry_4fold	receptor_grouped_5fold	1	Gs	numeric__bound__icl2_centroid_to_r350	0.0	0.0
bound_geometry_4fold	receptor_grouped_5fold	1	Gs	numeric__bound__icl2_centroid_to_tm5_561	0.0	0.0
bound_geometry_4fold	receptor_grouped_5fold	1	Gs	numeric__bound__icl2_centroid_to_tm6_634	0.0	0.0
bound_geometry_4fold	receptor_grouped_5fold	1	Gs	numeric__bound__icl2_centroid_to_tm7_753	0.0	0.0
bound_geometry_4fold	receptor_grouped_5fold	1	Gs	numeric__bound__icl2_axis_tm3_angle	-0.05533514412087324	0.05533514412087324
bound_geometry_4fold	receptor_grouped_5fold	1	Gs	numeric__bound__icl2_axis_tm5_angle	0.0	0.0
bound_geometry_4fold	receptor_grouped_5fold	1	Gs	numeric__bound__icl2_active_reference_displacement	-0.010627327956948795	0.010627327956948795
bound_geometry_4fold	receptor_grouped_5fold	1	Gs	numeric__bound__tm5_cytoplasmic_extension	0.0	0.0
bound_geometry_4fold	receptor_grouped_5fold	1	Gs	numeric__bound__tm5_cytoplasmic_kink	0.13533338613046705	0.13533338613046705
bound_geometry_4fold	receptor_grouped_5fold	1	Gs	numeric__bound__tm5_r350_561_distance	0.0	0.0
bound_geometry_4fold	receptor_grouped_5fold	1	Gs	numeric__bound__tm5_r350_564_distance	0.0	0.0
bound_geometry_4fold	receptor_grouped_5fold	1	Gs	numeric__bound__tm5_tm6_cavity_distance	0.0	0.0
bound_geometry_4fold	receptor_grouped_5fold	1	Gs	numeric__bound__tm5_axis_tm3_angle	0.11874447690971118	0.11874447690971118
bound_geometry_4fold	receptor_grouped_5fold	1	Gs	numeric__bound__tm6_lower_upper_kink	0.13288562863635348	0.13288562863635348
bound_geometry_4fold	receptor_grouped_5fold	1	Gs	numeric__bound__tm6_axis_tm3_angle	0.18504963915026162	0.18504963915026162
bound_geometry_4fold	receptor_grouped_5fold	1	Gs	numeric__bound__tm6_tm7_cavity_distance	0.0006552989203736215	0.0006552989203736215
bound_geometry_4fold	receptor_grouped_5fold	1	Gs	numeric__bound__tm7_h8_angle	0.1998900794135789	0.1998900794135789
bound_geometry_4fold	receptor_grouped_5fold	1	Gs	numeric__bound__h8_end_to_end_distance	0.0	0.0
bound_geometry_4fold	receptor_grouped_5fold	1	Gs	numeric__bound__h8_r350_distance	0.0	0.0
bound_geometry_4fold	receptor_grouped_5fold	1	Gs	numeric__bound__h8_tm6_distance	0.01174199410075521	0.01174199410075521
bound_geometry_4fold	receptor_grouped_5fold	1	Gs	numeric__bound__icl2_helix_fraction	0.0	0.0
bound_geometry_4fold	receptor_grouped_5fold	1	Gs	numeric__bound__icl2_longest_helix	0.0	0.0
bound_geometry_4fold	receptor_grouped_5fold	1	Gs	numeric__bound__icl2_mean_phi	0.0	0.0
bound_geometry_4fold	receptor_grouped_5fold	1	Gs	numeric__bound__icl2_mean_psi	0.0	0.0
bound_geometry_4fold	receptor_grouped_5fold	1	Gs	numeric__bound__intracellular_cavity_core_volume	0.0	0.0
bound_geometry_4fold	receptor_grouped_5fold	1	Gs	numeric__bound__intracellular_cavity_core_mouth_area	0.0	0.0
bound_geometry_4fold	receptor_grouped_5fold	1	Gs	numeric__bound__intracellular_cavity_core_depth	0.0	0.0
bound_geometry_4fold	receptor_grouped_5fold	1	Gs	numeric__bound__intracellular_cavity_core_maximum_width	0.0	0.0
bound_geometry_4fold	receptor_grouped_5fold	1	Gs	numeric__bound__intracellular_cavity_core_average_cross_section	0.0	0.0
bound_geometry_4fold	receptor_grouped_5fold	1	Gs	numeric__bound__intracellular_cavity_core_bottleneck_area	0.0	0.0
bound_geometry_4fold	receptor_grouped_5fold	1	Gs	numeric__bound__intracellular_cavity_core_bottleneck_radius	0.0	0.0
bound_geometry_4fold	receptor_grouped_5fold	1	Gs	numeric__bound__intracellular_cavity_core_max_inscribed_radius	0.0	0.0
bound_geometry_4fold	receptor_grouped_5fold	1	Gs	numeric__bound__intracellular_cavity_core_surface_area	0.0	0.0
bound_geometry_4fold	receptor_grouped_5fold	1	Gs	numeric__bound__intracellular_cavity_core_centroid_x	0.0	0.0
bound_geometry_4fold	receptor_grouped_5fold	1	Gs	numeric__bound__intracellular_cavity_core_centroid_y	0.0	0.0
bound_geometry_4fold	receptor_grouped_5fold	1	Gs	numeric__bound__intracellular_cavity_core_centroid_z	0.0	0.0
bound_geometry_4fold	receptor_grouped_5fold	1	Gs	numeric__bound__intracellular_cavity_core_principal_length_1	0.0	0.0
bound_geometry_4fold	receptor_grouped_5fold	1	Gs	numeric__bound__intracellular_cavity_core_principal_length_2	0.0	0.0
bound_geometry_4fold	receptor_grouped_5fold	1	Gs	numeric__bound__intracellular_cavity_core_principal_length_3	0.0	0.0
bound_geometry_4fold	receptor_grouped_5fold	1	Gs	numeric__bound__intracellular_cavity_core_principal_axis_1_z_alignment	0.0	0.0
bound_geometry_4fold	receptor_grouped_5fold	1	Gs	numeric__bound__intracellular_cavity_core_eccentricity	0.0	0.0
bound_geometry_4fold	receptor_grouped_5fold	1	Gs	numeric__bound__intracellular_cavity_core_sphericity	0.0	0.0
bound_geometry_4fold	receptor_grouped_5fold	1	Gs	numeric__bound__intracellular_cavity_core_asymmetry	0.0	0.0
bound_geometry_4fold	receptor_grouped_5fold	1	Gs	numeric__bound__intracellular_cavity_core_tm3_side_fraction	0.0	0.0
bound_geometry_4fold	receptor_grouped_5fold	1	Gs	numeric__bound__intracellular_cavity_core_tm6_side_fraction	0.0	0.0
bound_geometry_4fold	receptor_grouped_5fold	1	Gs	numeric__bound__intracellular_cavity_core_tm5_side_fraction	0.0	0.0
bound_geometry_4fold	receptor_grouped_5fold	1	Gs	numeric__bound__intracellular_cavity_core_tm7_side_fraction	0.0	0.0
bound_geometry_4fold	receptor_grouped_5fold	1	Gs	numeric__bound__intracellular_cavity_core_wall_fraction_h8	0.0	0.0
bound_geometry_4fold	receptor_grouped_5fold	1	Gs	numeric__bound__intracellular_cavity_core_wall_fraction_icl2	-0.12245609801753432	0.12245609801753432
bound_geometry_4fold	receptor_grouped_5fold	1	Gs	numeric__bound__intracellular_cavity_core_wall_fraction_tm3	0.0	0.0
bound_geometry_4fold	receptor_grouped_5fold	1	Gs	numeric__bound__intracellular_cavity_core_wall_fraction_tm7	0.0	0.0
bound_geometry_4fold	receptor_grouped_5fold	2	Gi/o	numeric__bound__activation_consensus_score	0.0	0.0
bound_geometry_4fold	receptor_grouped_5fold	2	Gi/o	numeric__bound__tm6_r350_634_distance	-0.15379977721468444	0.15379977721468444
bound_geometry_4fold	receptor_grouped_5fold	2	Gi/o	numeric__bound__tm6_aligned_displacement	-0.15241623869708146	0.15241623869708146
bound_geometry_4fold	receptor_grouped_5fold	2	Gi/o	numeric__bound__tm7_displacement	0.0	0.0
bound_geometry_4fold	receptor_grouped_5fold	2	Gi/o	numeric__bound__tm3_tm7_distance	0.035103233708369555	0.035103233708369555
bound_geometry_4fold	receptor_grouped_5fold	2	Gi/o	numeric__bound__tm6_r350_630_distance	-0.0977296981826437	0.0977296981826437
bound_geometry_4fold	receptor_grouped_5fold	2	Gi/o	numeric__bound__dry_r350_630_min_distance	-0.14425638293034979	0.14425638293034979
bound_geometry_4fold	receptor_grouped_5fold	2	Gi/o	numeric__bound__dry_r350_630_ca_distance	-0.0977296981826437	0.0977296981826437
bound_geometry_4fold	receptor_grouped_5fold	2	Gi/o	numeric__bound__dry_d349_r350_min_distance	0.09802435869254987	0.09802435869254987
bound_geometry_4fold	receptor_grouped_5fold	2	Gi/o	numeric__bound__r350_chi1	0.0	0.0
bound_geometry_4fold	receptor_grouped_5fold	2	Gi/o	numeric__bound__r350_chi2	0.0	0.0
bound_geometry_4fold	receptor_grouped_5fold	2	Gi/o	numeric__bound__pif_550_340_distance	0.0	0.0
bound_geometry_4fold	receptor_grouped_5fold	2	Gi/o	numeric__bound__pif_340_644_distance	0.04037525117860469	0.04037525117860469
bound_geometry_4fold	receptor_grouped_5fold	2	Gi/o	numeric__bound__pif_550_644_distance	0.0	0.0
bound_geometry_4fold	receptor_grouped_5fold	2	Gi/o	numeric__bound__pif_550_340_min_distance	0.0	0.0
bound_geometry_4fold	receptor_grouped_5fold	2	Gi/o	numeric__bound__pif_340_644_min_distance	0.27669245340739135	0.27669245340739135
bound_geometry_4fold	receptor_grouped_5fold	2	Gi/o	numeric__bound__pif_550_644_min_distance	-0.044857791708432355	0.044857791708432355
bound_geometry_4fold	receptor_grouped_5fold	2	Gi/o	numeric__bound__pif_triangle_perimeter	0.0	0.0
bound_geometry_4fold	receptor_grouped_5fold	2	Gi/o	numeric__bound__position_644_chi1	-0.057292837630778214	0.057292837630778214
bound_geometry_4fold	receptor_grouped_5fold	2	Gi/o	numeric__bound__position_644_chi2	-0.26049940355218215	0.26049940355218215
bound_geometry_4fold	receptor_grouped_5fold	2	Gi/o	numeric__bound__w648_chi1	0.0	0.0
bound_geometry_4fold	receptor_grouped_5fold	2	Gi/o	numeric__bound__w648_chi2	0.0	0.0
bound_geometry_4fold	receptor_grouped_5fold	2	Gi/o	numeric__bound__w648_displacement	0.0	0.0
bound_geometry_4fold	receptor_grouped_5fold	2	Gi/o	numeric__bound__w648_to_644_distance	0.0	0.0
bound_geometry_4fold	receptor_grouped_5fold	2	Gi/o	numeric__bound__cwxp_647_650_distance	0.0	0.0
bound_geometry_4fold	receptor_grouped_5fold	2	Gi/o	numeric__bound__y753_chi1	0.0	0.0
bound_geometry_4fold	receptor_grouped_5fold	2	Gi/o	numeric__bound__y753_chi2	0.012541119216673557	0.012541119216673557
bound_geometry_4fold	receptor_grouped_5fold	2	Gi/o	numeric__bound__y753_y558_distance	0.06563810980450088	0.06563810980450088
bound_geometry_4fold	receptor_grouped_5fold	2	Gi/o	numeric__bound__y753_y558_min_distance	0.13637613480585498	0.13637613480585498
bound_geometry_4fold	receptor_grouped_5fold	2	Gi/o	numeric__bound__n749_y753_distance	0.0	0.0
bound_geometry_4fold	receptor_grouped_5fold	2	Gi/o	numeric__bound__npxxy_local_spread	0.0	0.0
bound_geometry_4fold	receptor_grouped_5fold	2	Gi/o	numeric__bound__y753_displacement	0.0	0.0
bound_geometry_4fold	receptor_grouped_5fold	2	Gi/o	numeric__bound__sodium_d250_s339_distance	0.0	0.0
bound_geometry_4fold	receptor_grouped_5fold	2	Gi/o	numeric__bound__sodium_d250_n745_distance	0.0	0.0
bound_geometry_4fold	receptor_grouped_5fold	2	Gi/o	numeric__bound__sodium_d250_s746_distance	0.12911587083535786	0.12911587083535786
bound_geometry_4fold	receptor_grouped_5fold	2	Gi/o	numeric__bound__sodium_d250_n749_distance	0.0	0.0
bound_geometry_4fold	receptor_grouped_5fold	2	Gi/o	numeric__bound__sodium_pocket_volume	0.0	0.0
bound_geometry_4fold	receptor_grouped_5fold	2	Gi/o	numeric__bound__sodium_pocket_spread	0.0	0.0
bound_geometry_4fold	receptor_grouped_5fold	2	Gi/o	numeric__bound__tm7_rotation	0.0	0.0
bound_geometry_4fold	receptor_grouped_5fold	2	Gi/o	numeric__bound__icl2_generic_ca_count	0.0	0.0
bound_geometry_4fold	receptor_grouped_5fold	2	Gi/o	numeric__bound__icl2_end_to_end_distance	0.17312868775005125	0.17312868775005125
bound_geometry_4fold	receptor_grouped_5fold	2	Gi/o	numeric__bound__icl2_centroid_to_r350	0.1383633103861423	0.1383633103861423
bound_geometry_4fold	receptor_grouped_5fold	2	Gi/o	numeric__bound__icl2_centroid_to_tm5_561	0.0	0.0
bound_geometry_4fold	receptor_grouped_5fold	2	Gi/o	numeric__bound__icl2_centroid_to_tm6_634	0.0	0.0
bound_geometry_4fold	receptor_grouped_5fold	2	Gi/o	numeric__bound__icl2_centroid_to_tm7_753	0.3124468027808286	0.3124468027808286
bound_geometry_4fold	receptor_grouped_5fold	2	Gi/o	numeric__bound__icl2_axis_tm3_angle	0.0	0.0
bound_geometry_4fold	receptor_grouped_5fold	2	Gi/o	numeric__bound__icl2_axis_tm5_angle	0.0791978466678871	0.0791978466678871
bound_geometry_4fold	receptor_grouped_5fold	2	Gi/o	numeric__bound__icl2_active_reference_displacement	0.0	0.0
bound_geometry_4fold	receptor_grouped_5fold	2	Gi/o	numeric__bound__tm5_cytoplasmic_extension	0.0	0.0
bound_geometry_4fold	receptor_grouped_5fold	2	Gi/o	numeric__bound__tm5_cytoplasmic_kink	0.0	0.0
bound_geometry_4fold	receptor_grouped_5fold	2	Gi/o	numeric__bound__tm5_r350_561_distance	0.0	0.0
bound_geometry_4fold	receptor_grouped_5fold	2	Gi/o	numeric__bound__tm5_r350_564_distance	0.0	0.0
bound_geometry_4fold	receptor_grouped_5fold	2	Gi/o	numeric__bound__tm5_tm6_cavity_distance	0.0	0.0
bound_geometry_4fold	receptor_grouped_5fold	2	Gi/o	numeric__bound__tm5_axis_tm3_angle	-0.03900317005995795	0.03900317005995795
bound_geometry_4fold	receptor_grouped_5fold	2	Gi/o	numeric__bound__tm6_lower_upper_kink	-0.16118258261629204	0.16118258261629204
bound_geometry_4fold	receptor_grouped_5fold	2	Gi/o	numeric__bound__tm6_axis_tm3_angle	-0.21964899883291322	0.21964899883291322
bound_geometry_4fold	receptor_grouped_5fold	2	Gi/o	numeric__bound__tm6_tm7_cavity_distance	-0.008408059346378087	0.008408059346378087
bound_geometry_4fold	receptor_grouped_5fold	2	Gi/o	numeric__bound__tm7_h8_angle	0.0	0.0
bound_geometry_4fold	receptor_grouped_5fold	2	Gi/o	numeric__bound__h8_end_to_end_distance	0.0	0.0
bound_geometry_4fold	receptor_grouped_5fold	2	Gi/o	numeric__bound__h8_r350_distance	0.0	0.0
bound_geometry_4fold	receptor_grouped_5fold	2	Gi/o	numeric__bound__h8_tm6_distance	-0.029486307554565824	0.029486307554565824
bound_geometry_4fold	receptor_grouped_5fold	2	Gi/o	numeric__bound__icl2_helix_fraction	0.0	0.0
bound_geometry_4fold	receptor_grouped_5fold	2	Gi/o	numeric__bound__icl2_longest_helix	0.0	0.0
bound_geometry_4fold	receptor_grouped_5fold	2	Gi/o	numeric__bound__icl2_mean_phi	0.4045485457838493	0.4045485457838493
bound_geometry_4fold	receptor_grouped_5fold	2	Gi/o	numeric__bound__icl2_mean_psi	0.0	0.0
bound_geometry_4fold	receptor_grouped_5fold	2	Gi/o	numeric__bound__intracellular_cavity_core_volume	0.0	0.0
bound_geometry_4fold	receptor_grouped_5fold	2	Gi/o	numeric__bound__intracellular_cavity_core_mouth_area	0.0	0.0
bound_geometry_4fold	receptor_grouped_5fold	2	Gi/o	numeric__bound__intracellular_cavity_core_depth	0.0	0.0
bound_geometry_4fold	receptor_grouped_5fold	2	Gi/o	numeric__bound__intracellular_cavity_core_maximum_width	0.0	0.0
bound_geometry_4fold	receptor_grouped_5fold	2	Gi/o	numeric__bound__intracellular_cavity_core_average_cross_section	0.0	0.0
bound_geometry_4fold	receptor_grouped_5fold	2	Gi/o	numeric__bound__intracellular_cavity_core_bottleneck_area	0.0	0.0
bound_geometry_4fold	receptor_grouped_5fold	2	Gi/o	numeric__bound__intracellular_cavity_core_bottleneck_radius	0.0	0.0
bound_geometry_4fold	receptor_grouped_5fold	2	Gi/o	numeric__bound__intracellular_cavity_core_max_inscribed_radius	0.0	0.0
bound_geometry_4fold	receptor_grouped_5fold	2	Gi/o	numeric__bound__intracellular_cavity_core_surface_area	0.0	0.0
bound_geometry_4fold	receptor_grouped_5fold	2	Gi/o	numeric__bound__intracellular_cavity_core_centroid_x	0.0	0.0
bound_geometry_4fold	receptor_grouped_5fold	2	Gi/o	numeric__bound__intracellular_cavity_core_centroid_y	0.045992792645527934	0.045992792645527934
bound_geometry_4fold	receptor_grouped_5fold	2	Gi/o	numeric__bound__intracellular_cavity_core_centroid_z	0.0	0.0
bound_geometry_4fold	receptor_grouped_5fold	2	Gi/o	numeric__bound__intracellular_cavity_core_principal_length_1	0.0	0.0
bound_geometry_4fold	receptor_grouped_5fold	2	Gi/o	numeric__bound__intracellular_cavity_core_principal_length_2	0.08006883862356232	0.08006883862356232
bound_geometry_4fold	receptor_grouped_5fold	2	Gi/o	numeric__bound__intracellular_cavity_core_principal_length_3	-0.06708691061612361	0.06708691061612361
bound_geometry_4fold	receptor_grouped_5fold	2	Gi/o	numeric__bound__intracellular_cavity_core_principal_axis_1_z_alignment	0.0	0.0
bound_geometry_4fold	receptor_grouped_5fold	2	Gi/o	numeric__bound__intracellular_cavity_core_eccentricity	0.11045447578329576	0.11045447578329576
bound_geometry_4fold	receptor_grouped_5fold	2	Gi/o	numeric__bound__intracellular_cavity_core_sphericity	-0.07433297678598903	0.07433297678598903
bound_geometry_4fold	receptor_grouped_5fold	2	Gi/o	numeric__bound__intracellular_cavity_core_asymmetry	0.0	0.0
bound_geometry_4fold	receptor_grouped_5fold	2	Gi/o	numeric__bound__intracellular_cavity_core_tm3_side_fraction	0.0	0.0
bound_geometry_4fold	receptor_grouped_5fold	2	Gi/o	numeric__bound__intracellular_cavity_core_tm6_side_fraction	0.0	0.0
bound_geometry_4fold	receptor_grouped_5fold	2	Gi/o	numeric__bound__intracellular_cavity_core_tm5_side_fraction	0.0	0.0
bound_geometry_4fold	receptor_grouped_5fold	2	Gi/o	numeric__bound__intracellular_cavity_core_tm7_side_fraction	0.0	0.0
bound_geometry_4fold	receptor_grouped_5fold	2	Gi/o	numeric__bound__intracellular_cavity_core_wall_fraction_h8	0.0	0.0
bound_geometry_4fold	receptor_grouped_5fold	2	Gi/o	numeric__bound__intracellular_cavity_core_wall_fraction_icl2	0.0	0.0
bound_geometry_4fold	receptor_grouped_5fold	2	Gi/o	numeric__bound__intracellular_cavity_core_wall_fraction_tm3	0.012375220573881004	0.012375220573881004
bound_geometry_4fold	receptor_grouped_5fold	2	Gi/o	numeric__bound__intracellular_cavity_core_wall_fraction_tm7	0.0	0.0
bound_geometry_4fold	receptor_grouped_5fold	2	Gq/11	numeric__bound__activation_consensus_score	-0.021802783444843283	0.021802783444843283
bound_geometry_4fold	receptor_grouped_5fold	2	Gq/11	numeric__bound__tm6_r350_634_distance	0.0	0.0
bound_geometry_4fold	receptor_grouped_5fold	2	Gq/11	numeric__bound__tm6_aligned_displacement	0.0	0.0
bound_geometry_4fold	receptor_grouped_5fold	2	Gq/11	numeric__bound__tm7_displacement	0.11923801948561981	0.11923801948561981
bound_geometry_4fold	receptor_grouped_5fold	2	Gq/11	numeric__bound__tm3_tm7_distance	-0.15202537695136914	0.15202537695136914
bound_geometry_4fold	receptor_grouped_5fold	2	Gq/11	numeric__bound__tm6_r350_630_distance	0.0	0.0
bound_geometry_4fold	receptor_grouped_5fold	2	Gq/11	numeric__bound__dry_r350_630_min_distance	0.0	0.0
bound_geometry_4fold	receptor_grouped_5fold	2	Gq/11	numeric__bound__dry_r350_630_ca_distance	0.0	0.0
bound_geometry_4fold	receptor_grouped_5fold	2	Gq/11	numeric__bound__dry_d349_r350_min_distance	0.0	0.0
bound_geometry_4fold	receptor_grouped_5fold	2	Gq/11	numeric__bound__r350_chi1	0.0	0.0
bound_geometry_4fold	receptor_grouped_5fold	2	Gq/11	numeric__bound__r350_chi2	0.0	0.0
bound_geometry_4fold	receptor_grouped_5fold	2	Gq/11	numeric__bound__pif_550_340_distance	0.0	0.0
bound_geometry_4fold	receptor_grouped_5fold	2	Gq/11	numeric__bound__pif_340_644_distance	-0.2672548542469067	0.2672548542469067
bound_geometry_4fold	receptor_grouped_5fold	2	Gq/11	numeric__bound__pif_550_644_distance	0.0	0.0
bound_geometry_4fold	receptor_grouped_5fold	2	Gq/11	numeric__bound__pif_550_340_min_distance	-0.11719136021117729	0.11719136021117729
bound_geometry_4fold	receptor_grouped_5fold	2	Gq/11	numeric__bound__pif_340_644_min_distance	-0.01617979072140931	0.01617979072140931
bound_geometry_4fold	receptor_grouped_5fold	2	Gq/11	numeric__bound__pif_550_644_min_distance	0.21513287604577222	0.21513287604577222
bound_geometry_4fold	receptor_grouped_5fold	2	Gq/11	numeric__bound__pif_triangle_perimeter	-0.07890255312460417	0.07890255312460417
bound_geometry_4fold	receptor_grouped_5fold	2	Gq/11	numeric__bound__position_644_chi1	0.0	0.0
bound_geometry_4fold	receptor_grouped_5fold	2	Gq/11	numeric__bound__position_644_chi2	0.21266738510958655	0.21266738510958655
bound_geometry_4fold	receptor_grouped_5fold	2	Gq/11	numeric__bound__w648_chi1	0.1625204076720788	0.1625204076720788
bound_geometry_4fold	receptor_grouped_5fold	2	Gq/11	numeric__bound__w648_chi2	0.0	0.0
bound_geometry_4fold	receptor_grouped_5fold	2	Gq/11	numeric__bound__w648_displacement	0.0	0.0
bound_geometry_4fold	receptor_grouped_5fold	2	Gq/11	numeric__bound__w648_to_644_distance	-0.28627194396063393	0.28627194396063393
bound_geometry_4fold	receptor_grouped_5fold	2	Gq/11	numeric__bound__cwxp_647_650_distance	0.17575286364944737	0.17575286364944737
bound_geometry_4fold	receptor_grouped_5fold	2	Gq/11	numeric__bound__y753_chi1	0.0	0.0
bound_geometry_4fold	receptor_grouped_5fold	2	Gq/11	numeric__bound__y753_chi2	0.0	0.0
bound_geometry_4fold	receptor_grouped_5fold	2	Gq/11	numeric__bound__y753_y558_distance	-0.010227832911543337	0.010227832911543337
bound_geometry_4fold	receptor_grouped_5fold	2	Gq/11	numeric__bound__y753_y558_min_distance	0.0	0.0
bound_geometry_4fold	receptor_grouped_5fold	2	Gq/11	numeric__bound__n749_y753_distance	0.0	0.0
bound_geometry_4fold	receptor_grouped_5fold	2	Gq/11	numeric__bound__npxxy_local_spread	0.0	0.0
bound_geometry_4fold	receptor_grouped_5fold	2	Gq/11	numeric__bound__y753_displacement	0.2546967370707946	0.2546967370707946
bound_geometry_4fold	receptor_grouped_5fold	2	Gq/11	numeric__bound__sodium_d250_s339_distance	0.0	0.0
bound_geometry_4fold	receptor_grouped_5fold	2	Gq/11	numeric__bound__sodium_d250_n745_distance	0.0	0.0
bound_geometry_4fold	receptor_grouped_5fold	2	Gq/11	numeric__bound__sodium_d250_s746_distance	-0.178359846700912	0.178359846700912
bound_geometry_4fold	receptor_grouped_5fold	2	Gq/11	numeric__bound__sodium_d250_n749_distance	0.0	0.0
bound_geometry_4fold	receptor_grouped_5fold	2	Gq/11	numeric__bound__sodium_pocket_volume	-0.014711330939230488	0.014711330939230488
bound_geometry_4fold	receptor_grouped_5fold	2	Gq/11	numeric__bound__sodium_pocket_spread	0.0	0.0
bound_geometry_4fold	receptor_grouped_5fold	2	Gq/11	numeric__bound__tm7_rotation	0.0	0.0
bound_geometry_4fold	receptor_grouped_5fold	2	Gq/11	numeric__bound__icl2_generic_ca_count	0.0	0.0
bound_geometry_4fold	receptor_grouped_5fold	2	Gq/11	numeric__bound__icl2_end_to_end_distance	-0.11814249555900051	0.11814249555900051
bound_geometry_4fold	receptor_grouped_5fold	2	Gq/11	numeric__bound__icl2_centroid_to_r350	-0.05374348882010511	0.05374348882010511
bound_geometry_4fold	receptor_grouped_5fold	2	Gq/11	numeric__bound__icl2_centroid_to_tm5_561	0.0	0.0
bound_geometry_4fold	receptor_grouped_5fold	2	Gq/11	numeric__bound__icl2_centroid_to_tm6_634	0.0	0.0
bound_geometry_4fold	receptor_grouped_5fold	2	Gq/11	numeric__bound__icl2_centroid_to_tm7_753	-0.4739336404023027	0.4739336404023027
bound_geometry_4fold	receptor_grouped_5fold	2	Gq/11	numeric__bound__icl2_axis_tm3_angle	0.045548522213372133	0.045548522213372133
bound_geometry_4fold	receptor_grouped_5fold	2	Gq/11	numeric__bound__icl2_axis_tm5_angle	0.0	0.0
bound_geometry_4fold	receptor_grouped_5fold	2	Gq/11	numeric__bound__icl2_active_reference_displacement	0.0	0.0
bound_geometry_4fold	receptor_grouped_5fold	2	Gq/11	numeric__bound__tm5_cytoplasmic_extension	0.0	0.0
bound_geometry_4fold	receptor_grouped_5fold	2	Gq/11	numeric__bound__tm5_cytoplasmic_kink	0.0	0.0
bound_geometry_4fold	receptor_grouped_5fold	2	Gq/11	numeric__bound__tm5_r350_561_distance	0.24234369175588757	0.24234369175588757
bound_geometry_4fold	receptor_grouped_5fold	2	Gq/11	numeric__bound__tm5_r350_564_distance	0.22281010652504346	0.22281010652504346
bound_geometry_4fold	receptor_grouped_5fold	2	Gq/11	numeric__bound__tm5_tm6_cavity_distance	0.0	0.0
bound_geometry_4fold	receptor_grouped_5fold	2	Gq/11	numeric__bound__tm5_axis_tm3_angle	0.0	0.0
bound_geometry_4fold	receptor_grouped_5fold	2	Gq/11	numeric__bound__tm6_lower_upper_kink	0.0	0.0
bound_geometry_4fold	receptor_grouped_5fold	2	Gq/11	numeric__bound__tm6_axis_tm3_angle	0.0	0.0
bound_geometry_4fold	receptor_grouped_5fold	2	Gq/11	numeric__bound__tm6_tm7_cavity_distance	0.0	0.0
bound_geometry_4fold	receptor_grouped_5fold	2	Gq/11	numeric__bound__tm7_h8_angle	0.0	0.0
bound_geometry_4fold	receptor_grouped_5fold	2	Gq/11	numeric__bound__h8_end_to_end_distance	0.0	0.0
bound_geometry_4fold	receptor_grouped_5fold	2	Gq/11	numeric__bound__h8_r350_distance	0.0	0.0
bound_geometry_4fold	receptor_grouped_5fold	2	Gq/11	numeric__bound__h8_tm6_distance	0.0	0.0
bound_geometry_4fold	receptor_grouped_5fold	2	Gq/11	numeric__bound__icl2_helix_fraction	0.0	0.0
bound_geometry_4fold	receptor_grouped_5fold	2	Gq/11	numeric__bound__icl2_longest_helix	0.0	0.0
bound_geometry_4fold	receptor_grouped_5fold	2	Gq/11	numeric__bound__icl2_mean_phi	-0.36080592249774424	0.36080592249774424
bound_geometry_4fold	receptor_grouped_5fold	2	Gq/11	numeric__bound__icl2_mean_psi	0.0	0.0
bound_geometry_4fold	receptor_grouped_5fold	2	Gq/11	numeric__bound__intracellular_cavity_core_volume	0.0	0.0
bound_geometry_4fold	receptor_grouped_5fold	2	Gq/11	numeric__bound__intracellular_cavity_core_mouth_area	0.0	0.0
bound_geometry_4fold	receptor_grouped_5fold	2	Gq/11	numeric__bound__intracellular_cavity_core_depth	0.0	0.0
bound_geometry_4fold	receptor_grouped_5fold	2	Gq/11	numeric__bound__intracellular_cavity_core_maximum_width	0.0	0.0
bound_geometry_4fold	receptor_grouped_5fold	2	Gq/11	numeric__bound__intracellular_cavity_core_average_cross_section	0.0	0.0
bound_geometry_4fold	receptor_grouped_5fold	2	Gq/11	numeric__bound__intracellular_cavity_core_bottleneck_area	0.0	0.0
bound_geometry_4fold	receptor_grouped_5fold	2	Gq/11	numeric__bound__intracellular_cavity_core_bottleneck_radius	0.0	0.0
bound_geometry_4fold	receptor_grouped_5fold	2	Gq/11	numeric__bound__intracellular_cavity_core_max_inscribed_radius	-0.2663091067773458	0.2663091067773458
bound_geometry_4fold	receptor_grouped_5fold	2	Gq/11	numeric__bound__intracellular_cavity_core_surface_area	0.0	0.0
bound_geometry_4fold	receptor_grouped_5fold	2	Gq/11	numeric__bound__intracellular_cavity_core_centroid_x	0.006082648516808597	0.006082648516808597
bound_geometry_4fold	receptor_grouped_5fold	2	Gq/11	numeric__bound__intracellular_cavity_core_centroid_y	0.0	0.0
bound_geometry_4fold	receptor_grouped_5fold	2	Gq/11	numeric__bound__intracellular_cavity_core_centroid_z	-0.037909749475091827	0.037909749475091827
bound_geometry_4fold	receptor_grouped_5fold	2	Gq/11	numeric__bound__intracellular_cavity_core_principal_length_1	0.0	0.0
bound_geometry_4fold	receptor_grouped_5fold	2	Gq/11	numeric__bound__intracellular_cavity_core_principal_length_2	-0.16709276732030454	0.16709276732030454
bound_geometry_4fold	receptor_grouped_5fold	2	Gq/11	numeric__bound__intracellular_cavity_core_principal_length_3	0.0	0.0
bound_geometry_4fold	receptor_grouped_5fold	2	Gq/11	numeric__bound__intracellular_cavity_core_principal_axis_1_z_alignment	0.0	0.0
bound_geometry_4fold	receptor_grouped_5fold	2	Gq/11	numeric__bound__intracellular_cavity_core_eccentricity	0.0	0.0
bound_geometry_4fold	receptor_grouped_5fold	2	Gq/11	numeric__bound__intracellular_cavity_core_sphericity	0.0	0.0
bound_geometry_4fold	receptor_grouped_5fold	2	Gq/11	numeric__bound__intracellular_cavity_core_asymmetry	0.0	0.0
bound_geometry_4fold	receptor_grouped_5fold	2	Gq/11	numeric__bound__intracellular_cavity_core_tm3_side_fraction	0.0	0.0
bound_geometry_4fold	receptor_grouped_5fold	2	Gq/11	numeric__bound__intracellular_cavity_core_tm6_side_fraction	0.0	0.0
bound_geometry_4fold	receptor_grouped_5fold	2	Gq/11	numeric__bound__intracellular_cavity_core_tm5_side_fraction	0.0	0.0
bound_geometry_4fold	receptor_grouped_5fold	2	Gq/11	numeric__bound__intracellular_cavity_core_tm7_side_fraction	0.0	0.0
bound_geometry_4fold	receptor_grouped_5fold	2	Gq/11	numeric__bound__intracellular_cavity_core_wall_fraction_h8	-0.14326349714286551	0.14326349714286551
bound_geometry_4fold	receptor_grouped_5fold	2	Gq/11	numeric__bound__intracellular_cavity_core_wall_fraction_icl2	0.12265982413098359	0.12265982413098359
bound_geometry_4fold	receptor_grouped_5fold	2	Gq/11	numeric__bound__intracellular_cavity_core_wall_fraction_tm3	0.0	0.0
bound_geometry_4fold	receptor_grouped_5fold	2	Gq/11	numeric__bound__intracellular_cavity_core_wall_fraction_tm7	0.0	0.0
bound_geometry_4fold	receptor_grouped_5fold	2	Gs	numeric__bound__activation_consensus_score	0.29438863274103316	0.29438863274103316
bound_geometry_4fold	receptor_grouped_5fold	2	Gs	numeric__bound__tm6_r350_634_distance	0.0	0.0
bound_geometry_4fold	receptor_grouped_5fold	2	Gs	numeric__bound__tm6_aligned_displacement	0.02303169217332757	0.02303169217332757
bound_geometry_4fold	receptor_grouped_5fold	2	Gs	numeric__bound__tm7_displacement	0.0	0.0
bound_geometry_4fold	receptor_grouped_5fold	2	Gs	numeric__bound__tm3_tm7_distance	0.0	0.0
bound_geometry_4fold	receptor_grouped_5fold	2	Gs	numeric__bound__tm6_r350_630_distance	0.23493737359102193	0.23493737359102193
bound_geometry_4fold	receptor_grouped_5fold	2	Gs	numeric__bound__dry_r350_630_min_distance	0.23556593176856613	0.23556593176856613
bound_geometry_4fold	receptor_grouped_5fold	2	Gs	numeric__bound__dry_r350_630_ca_distance	0.23493737359102193	0.23493737359102193
bound_geometry_4fold	receptor_grouped_5fold	2	Gs	numeric__bound__dry_d349_r350_min_distance	-0.05851959947363484	0.05851959947363484
bound_geometry_4fold	receptor_grouped_5fold	2	Gs	numeric__bound__r350_chi1	0.0	0.0
bound_geometry_4fold	receptor_grouped_5fold	2	Gs	numeric__bound__r350_chi2	0.0	0.0
bound_geometry_4fold	receptor_grouped_5fold	2	Gs	numeric__bound__pif_550_340_distance	0.06218079273923342	0.06218079273923342
bound_geometry_4fold	receptor_grouped_5fold	2	Gs	numeric__bound__pif_340_644_distance	0.0	0.0
bound_geometry_4fold	receptor_grouped_5fold	2	Gs	numeric__bound__pif_550_644_distance	0.0	0.0
bound_geometry_4fold	receptor_grouped_5fold	2	Gs	numeric__bound__pif_550_340_min_distance	0.31097584134338313	0.31097584134338313
bound_geometry_4fold	receptor_grouped_5fold	2	Gs	numeric__bound__pif_340_644_min_distance	0.0	0.0
bound_geometry_4fold	receptor_grouped_5fold	2	Gs	numeric__bound__pif_550_644_min_distance	0.0	0.0
bound_geometry_4fold	receptor_grouped_5fold	2	Gs	numeric__bound__pif_triangle_perimeter	0.15521898156251443	0.15521898156251443
bound_geometry_4fold	receptor_grouped_5fold	2	Gs	numeric__bound__position_644_chi1	0.11937698119338097	0.11937698119338097
bound_geometry_4fold	receptor_grouped_5fold	2	Gs	numeric__bound__position_644_chi2	0.0	0.0
bound_geometry_4fold	receptor_grouped_5fold	2	Gs	numeric__bound__w648_chi1	-0.30648657901447385	0.30648657901447385
bound_geometry_4fold	receptor_grouped_5fold	2	Gs	numeric__bound__w648_chi2	0.0	0.0
bound_geometry_4fold	receptor_grouped_5fold	2	Gs	numeric__bound__w648_displacement	0.0	0.0
bound_geometry_4fold	receptor_grouped_5fold	2	Gs	numeric__bound__w648_to_644_distance	0.3268702272293928	0.3268702272293928
bound_geometry_4fold	receptor_grouped_5fold	2	Gs	numeric__bound__cwxp_647_650_distance	-0.03732254361404399	0.03732254361404399
bound_geometry_4fold	receptor_grouped_5fold	2	Gs	numeric__bound__y753_chi1	0.0	0.0
bound_geometry_4fold	receptor_grouped_5fold	2	Gs	numeric__bound__y753_chi2	0.0	0.0
bound_geometry_4fold	receptor_grouped_5fold	2	Gs	numeric__bound__y753_y558_distance	0.0	0.0
bound_geometry_4fold	receptor_grouped_5fold	2	Gs	numeric__bound__y753_y558_min_distance	0.0	0.0
bound_geometry_4fold	receptor_grouped_5fold	2	Gs	numeric__bound__n749_y753_distance	0.0	0.0
bound_geometry_4fold	receptor_grouped_5fold	2	Gs	numeric__bound__npxxy_local_spread	0.0	0.0
bound_geometry_4fold	receptor_grouped_5fold	2	Gs	numeric__bound__y753_displacement	-0.031781746339668175	0.031781746339668175
bound_geometry_4fold	receptor_grouped_5fold	2	Gs	numeric__bound__sodium_d250_s339_distance	0.0	0.0
bound_geometry_4fold	receptor_grouped_5fold	2	Gs	numeric__bound__sodium_d250_n745_distance	0.0	0.0
bound_geometry_4fold	receptor_grouped_5fold	2	Gs	numeric__bound__sodium_d250_s746_distance	0.0	0.0
bound_geometry_4fold	receptor_grouped_5fold	2	Gs	numeric__bound__sodium_d250_n749_distance	0.0	0.0
bound_geometry_4fold	receptor_grouped_5fold	2	Gs	numeric__bound__sodium_pocket_volume	0.0	0.0
bound_geometry_4fold	receptor_grouped_5fold	2	Gs	numeric__bound__sodium_pocket_spread	0.0	0.0
bound_geometry_4fold	receptor_grouped_5fold	2	Gs	numeric__bound__tm7_rotation	0.0	0.0
bound_geometry_4fold	receptor_grouped_5fold	2	Gs	numeric__bound__icl2_generic_ca_count	0.0	0.0
bound_geometry_4fold	receptor_grouped_5fold	2	Gs	numeric__bound__icl2_end_to_end_distance	0.0	0.0
bound_geometry_4fold	receptor_grouped_5fold	2	Gs	numeric__bound__icl2_centroid_to_r350	0.0	0.0
bound_geometry_4fold	receptor_grouped_5fold	2	Gs	numeric__bound__icl2_centroid_to_tm5_561	0.0	0.0
bound_geometry_4fold	receptor_grouped_5fold	2	Gs	numeric__bound__icl2_centroid_to_tm6_634	0.041735984329971616	0.041735984329971616
bound_geometry_4fold	receptor_grouped_5fold	2	Gs	numeric__bound__icl2_centroid_to_tm7_753	0.0	0.0
bound_geometry_4fold	receptor_grouped_5fold	2	Gs	numeric__bound__icl2_axis_tm3_angle	-0.09439929220428786	0.09439929220428786
bound_geometry_4fold	receptor_grouped_5fold	2	Gs	numeric__bound__icl2_axis_tm5_angle	-0.14767054762009105	0.14767054762009105
bound_geometry_4fold	receptor_grouped_5fold	2	Gs	numeric__bound__icl2_active_reference_displacement	-0.004921551998278081	0.004921551998278081
bound_geometry_4fold	receptor_grouped_5fold	2	Gs	numeric__bound__tm5_cytoplasmic_extension	0.0	0.0
bound_geometry_4fold	receptor_grouped_5fold	2	Gs	numeric__bound__tm5_cytoplasmic_kink	0.0	0.0
bound_geometry_4fold	receptor_grouped_5fold	2	Gs	numeric__bound__tm5_r350_561_distance	0.0	0.0
bound_geometry_4fold	receptor_grouped_5fold	2	Gs	numeric__bound__tm5_r350_564_distance	-0.156163756418129	0.156163756418129
bound_geometry_4fold	receptor_grouped_5fold	2	Gs	numeric__bound__tm5_tm6_cavity_distance	0.0	0.0
bound_geometry_4fold	receptor_grouped_5fold	2	Gs	numeric__bound__tm5_axis_tm3_angle	0.28039131686214663	0.28039131686214663
bound_geometry_4fold	receptor_grouped_5fold	2	Gs	numeric__bound__tm6_lower_upper_kink	0.050650714353240436	0.050650714353240436
bound_geometry_4fold	receptor_grouped_5fold	2	Gs	numeric__bound__tm6_axis_tm3_angle	0.2504800527063104	0.2504800527063104
bound_geometry_4fold	receptor_grouped_5fold	2	Gs	numeric__bound__tm6_tm7_cavity_distance	0.24076464497971545	0.24076464497971545
bound_geometry_4fold	receptor_grouped_5fold	2	Gs	numeric__bound__tm7_h8_angle	0.04459706925550264	0.04459706925550264
bound_geometry_4fold	receptor_grouped_5fold	2	Gs	numeric__bound__h8_end_to_end_distance	0.0	0.0
bound_geometry_4fold	receptor_grouped_5fold	2	Gs	numeric__bound__h8_r350_distance	0.0	0.0
bound_geometry_4fold	receptor_grouped_5fold	2	Gs	numeric__bound__h8_tm6_distance	0.06328454941020652	0.06328454941020652
bound_geometry_4fold	receptor_grouped_5fold	2	Gs	numeric__bound__icl2_helix_fraction	0.0	0.0
bound_geometry_4fold	receptor_grouped_5fold	2	Gs	numeric__bound__icl2_longest_helix	0.0	0.0
bound_geometry_4fold	receptor_grouped_5fold	2	Gs	numeric__bound__icl2_mean_phi	0.0	0.0
bound_geometry_4fold	receptor_grouped_5fold	2	Gs	numeric__bound__icl2_mean_psi	0.0	0.0
bound_geometry_4fold	receptor_grouped_5fold	2	Gs	numeric__bound__intracellular_cavity_core_volume	0.0	0.0
bound_geometry_4fold	receptor_grouped_5fold	2	Gs	numeric__bound__intracellular_cavity_core_mouth_area	0.009515327053305166	0.009515327053305166
bound_geometry_4fold	receptor_grouped_5fold	2	Gs	numeric__bound__intracellular_cavity_core_depth	0.0	0.0
bound_geometry_4fold	receptor_grouped_5fold	2	Gs	numeric__bound__intracellular_cavity_core_maximum_width	0.0	0.0
bound_geometry_4fold	receptor_grouped_5fold	2	Gs	numeric__bound__intracellular_cavity_core_average_cross_section	0.0	0.0
bound_geometry_4fold	receptor_grouped_5fold	2	Gs	numeric__bound__intracellular_cavity_core_bottleneck_area	0.0	0.0
bound_geometry_4fold	receptor_grouped_5fold	2	Gs	numeric__bound__intracellular_cavity_core_bottleneck_radius	0.0	0.0
bound_geometry_4fold	receptor_grouped_5fold	2	Gs	numeric__bound__intracellular_cavity_core_max_inscribed_radius	0.0971436377974045	0.0971436377974045
bound_geometry_4fold	receptor_grouped_5fold	2	Gs	numeric__bound__intracellular_cavity_core_surface_area	0.0	0.0
bound_geometry_4fold	receptor_grouped_5fold	2	Gs	numeric__bound__intracellular_cavity_core_centroid_x	0.0	0.0
bound_geometry_4fold	receptor_grouped_5fold	2	Gs	numeric__bound__intracellular_cavity_core_centroid_y	0.0	0.0
bound_geometry_4fold	receptor_grouped_5fold	2	Gs	numeric__bound__intracellular_cavity_core_centroid_z	0.10407115301800406	0.10407115301800406
bound_geometry_4fold	receptor_grouped_5fold	2	Gs	numeric__bound__intracellular_cavity_core_principal_length_1	-0.10860930930589642	0.10860930930589642
bound_geometry_4fold	receptor_grouped_5fold	2	Gs	numeric__bound__intracellular_cavity_core_principal_length_2	0.0	0.0
bound_geometry_4fold	receptor_grouped_5fold	2	Gs	numeric__bound__intracellular_cavity_core_principal_length_3	0.0	0.0
bound_geometry_4fold	receptor_grouped_5fold	2	Gs	numeric__bound__intracellular_cavity_core_principal_axis_1_z_alignment	0.0	0.0
bound_geometry_4fold	receptor_grouped_5fold	2	Gs	numeric__bound__intracellular_cavity_core_eccentricity	-0.10544028833404358	0.10544028833404358
bound_geometry_4fold	receptor_grouped_5fold	2	Gs	numeric__bound__intracellular_cavity_core_sphericity	0.0	0.0
bound_geometry_4fold	receptor_grouped_5fold	2	Gs	numeric__bound__intracellular_cavity_core_asymmetry	0.0	0.0
bound_geometry_4fold	receptor_grouped_5fold	2	Gs	numeric__bound__intracellular_cavity_core_tm3_side_fraction	0.0	0.0
bound_geometry_4fold	receptor_grouped_5fold	2	Gs	numeric__bound__intracellular_cavity_core_tm6_side_fraction	0.0	0.0
bound_geometry_4fold	receptor_grouped_5fold	2	Gs	numeric__bound__intracellular_cavity_core_tm5_side_fraction	0.0	0.0
bound_geometry_4fold	receptor_grouped_5fold	2	Gs	numeric__bound__intracellular_cavity_core_tm7_side_fraction	0.0	0.0
bound_geometry_4fold	receptor_grouped_5fold	2	Gs	numeric__bound__intracellular_cavity_core_wall_fraction_h8	0.21972772953618505	0.21972772953618505
bound_geometry_4fold	receptor_grouped_5fold	2	Gs	numeric__bound__intracellular_cavity_core_wall_fraction_icl2	-0.10801565968570499	0.10801565968570499
bound_geometry_4fold	receptor_grouped_5fold	2	Gs	numeric__bound__intracellular_cavity_core_wall_fraction_tm3	0.0	0.0
bound_geometry_4fold	receptor_grouped_5fold	2	Gs	numeric__bound__intracellular_cavity_core_wall_fraction_tm7	-0.008934948115507598	0.008934948115507598
bound_geometry_4fold	receptor_grouped_5fold	3	Gi/o	numeric__bound__activation_consensus_score	-0.06159127395821305	0.06159127395821305
bound_geometry_4fold	receptor_grouped_5fold	3	Gi/o	numeric__bound__tm6_r350_634_distance	-0.14822998113297733	0.14822998113297733
bound_geometry_4fold	receptor_grouped_5fold	3	Gi/o	numeric__bound__tm6_aligned_displacement	-0.08053729601117245	0.08053729601117245
bound_geometry_4fold	receptor_grouped_5fold	3	Gi/o	numeric__bound__tm7_displacement	0.0	0.0
bound_geometry_4fold	receptor_grouped_5fold	3	Gi/o	numeric__bound__tm3_tm7_distance	0.0	0.0
bound_geometry_4fold	receptor_grouped_5fold	3	Gi/o	numeric__bound__tm6_r350_630_distance	-0.14736009898997862	0.14736009898997862
bound_geometry_4fold	receptor_grouped_5fold	3	Gi/o	numeric__bound__dry_r350_630_min_distance	-0.06517595870305594	0.06517595870305594
bound_geometry_4fold	receptor_grouped_5fold	3	Gi/o	numeric__bound__dry_r350_630_ca_distance	-0.14736009898997862	0.14736009898997862
bound_geometry_4fold	receptor_grouped_5fold	3	Gi/o	numeric__bound__dry_d349_r350_min_distance	0.0	0.0
bound_geometry_4fold	receptor_grouped_5fold	3	Gi/o	numeric__bound__r350_chi1	0.0	0.0
bound_geometry_4fold	receptor_grouped_5fold	3	Gi/o	numeric__bound__r350_chi2	0.03540553383108356	0.03540553383108356
bound_geometry_4fold	receptor_grouped_5fold	3	Gi/o	numeric__bound__pif_550_340_distance	0.0	0.0
bound_geometry_4fold	receptor_grouped_5fold	3	Gi/o	numeric__bound__pif_340_644_distance	0.0	0.0
bound_geometry_4fold	receptor_grouped_5fold	3	Gi/o	numeric__bound__pif_550_644_distance	0.0	0.0
bound_geometry_4fold	receptor_grouped_5fold	3	Gi/o	numeric__bound__pif_550_340_min_distance	0.0	0.0
bound_geometry_4fold	receptor_grouped_5fold	3	Gi/o	numeric__bound__pif_340_644_min_distance	0.0865511586996985	0.0865511586996985
bound_geometry_4fold	receptor_grouped_5fold	3	Gi/o	numeric__bound__pif_550_644_min_distance	0.0	0.0
bound_geometry_4fold	receptor_grouped_5fold	3	Gi/o	numeric__bound__pif_triangle_perimeter	0.0	0.0
bound_geometry_4fold	receptor_grouped_5fold	3	Gi/o	numeric__bound__position_644_chi1	-0.06403476982432449	0.06403476982432449
bound_geometry_4fold	receptor_grouped_5fold	3	Gi/o	numeric__bound__position_644_chi2	-0.3273280829453142	0.3273280829453142
bound_geometry_4fold	receptor_grouped_5fold	3	Gi/o	numeric__bound__w648_chi1	0.0	0.0
bound_geometry_4fold	receptor_grouped_5fold	3	Gi/o	numeric__bound__w648_chi2	0.0	0.0
bound_geometry_4fold	receptor_grouped_5fold	3	Gi/o	numeric__bound__w648_displacement	0.0	0.0
bound_geometry_4fold	receptor_grouped_5fold	3	Gi/o	numeric__bound__w648_to_644_distance	0.0	0.0
bound_geometry_4fold	receptor_grouped_5fold	3	Gi/o	numeric__bound__cwxp_647_650_distance	0.0	0.0
bound_geometry_4fold	receptor_grouped_5fold	3	Gi/o	numeric__bound__y753_chi1	0.0	0.0
bound_geometry_4fold	receptor_grouped_5fold	3	Gi/o	numeric__bound__y753_chi2	0.0	0.0
bound_geometry_4fold	receptor_grouped_5fold	3	Gi/o	numeric__bound__y753_y558_distance	0.0	0.0
bound_geometry_4fold	receptor_grouped_5fold	3	Gi/o	numeric__bound__y753_y558_min_distance	0.0	0.0
bound_geometry_4fold	receptor_grouped_5fold	3	Gi/o	numeric__bound__n749_y753_distance	0.0	0.0
bound_geometry_4fold	receptor_grouped_5fold	3	Gi/o	numeric__bound__npxxy_local_spread	0.0	0.0
bound_geometry_4fold	receptor_grouped_5fold	3	Gi/o	numeric__bound__y753_displacement	0.0	0.0
bound_geometry_4fold	receptor_grouped_5fold	3	Gi/o	numeric__bound__sodium_d250_s339_distance	0.0	0.0
bound_geometry_4fold	receptor_grouped_5fold	3	Gi/o	numeric__bound__sodium_d250_n745_distance	0.0	0.0
bound_geometry_4fold	receptor_grouped_5fold	3	Gi/o	numeric__bound__sodium_d250_s746_distance	0.0	0.0
bound_geometry_4fold	receptor_grouped_5fold	3	Gi/o	numeric__bound__sodium_d250_n749_distance	0.0	0.0
bound_geometry_4fold	receptor_grouped_5fold	3	Gi/o	numeric__bound__sodium_pocket_volume	0.0	0.0
bound_geometry_4fold	receptor_grouped_5fold	3	Gi/o	numeric__bound__sodium_pocket_spread	0.0	0.0
bound_geometry_4fold	receptor_grouped_5fold	3	Gi/o	numeric__bound__tm7_rotation	0.0	0.0
bound_geometry_4fold	receptor_grouped_5fold	3	Gi/o	numeric__bound__icl2_generic_ca_count	0.0	0.0
bound_geometry_4fold	receptor_grouped_5fold	3	Gi/o	numeric__bound__icl2_end_to_end_distance	0.0	0.0
bound_geometry_4fold	receptor_grouped_5fold	3	Gi/o	numeric__bound__icl2_centroid_to_r350	0.0	0.0
bound_geometry_4fold	receptor_grouped_5fold	3	Gi/o	numeric__bound__icl2_centroid_to_tm5_561	0.0	0.0
bound_geometry_4fold	receptor_grouped_5fold	3	Gi/o	numeric__bound__icl2_centroid_to_tm6_634	-0.10824410304176861	0.10824410304176861
bound_geometry_4fold	receptor_grouped_5fold	3	Gi/o	numeric__bound__icl2_centroid_to_tm7_753	0.0	0.0
bound_geometry_4fold	receptor_grouped_5fold	3	Gi/o	numeric__bound__icl2_axis_tm3_angle	0.0	0.0
bound_geometry_4fold	receptor_grouped_5fold	3	Gi/o	numeric__bound__icl2_axis_tm5_angle	0.0	0.0
bound_geometry_4fold	receptor_grouped_5fold	3	Gi/o	numeric__bound__icl2_active_reference_displacement	0.0	0.0
bound_geometry_4fold	receptor_grouped_5fold	3	Gi/o	numeric__bound__tm5_cytoplasmic_extension	-0.24413294017143708	0.24413294017143708
bound_geometry_4fold	receptor_grouped_5fold	3	Gi/o	numeric__bound__tm5_cytoplasmic_kink	0.0	0.0
bound_geometry_4fold	receptor_grouped_5fold	3	Gi/o	numeric__bound__tm5_r350_561_distance	0.0	0.0
bound_geometry_4fold	receptor_grouped_5fold	3	Gi/o	numeric__bound__tm5_r350_564_distance	-0.010105183662850726	0.010105183662850726
bound_geometry_4fold	receptor_grouped_5fold	3	Gi/o	numeric__bound__tm5_tm6_cavity_distance	-0.2409130764983718	0.2409130764983718
bound_geometry_4fold	receptor_grouped_5fold	3	Gi/o	numeric__bound__tm5_axis_tm3_angle	0.0	0.0
bound_geometry_4fold	receptor_grouped_5fold	3	Gi/o	numeric__bound__tm6_lower_upper_kink	0.0	0.0
bound_geometry_4fold	receptor_grouped_5fold	3	Gi/o	numeric__bound__tm6_axis_tm3_angle	-0.23017180308436527	0.23017180308436527
bound_geometry_4fold	receptor_grouped_5fold	3	Gi/o	numeric__bound__tm6_tm7_cavity_distance	0.0	0.0
bound_geometry_4fold	receptor_grouped_5fold	3	Gi/o	numeric__bound__tm7_h8_angle	0.0	0.0
bound_geometry_4fold	receptor_grouped_5fold	3	Gi/o	numeric__bound__h8_end_to_end_distance	0.0	0.0
bound_geometry_4fold	receptor_grouped_5fold	3	Gi/o	numeric__bound__h8_r350_distance	0.0	0.0
bound_geometry_4fold	receptor_grouped_5fold	3	Gi/o	numeric__bound__h8_tm6_distance	-0.005148220835348172	0.005148220835348172
bound_geometry_4fold	receptor_grouped_5fold	3	Gi/o	numeric__bound__icl2_helix_fraction	0.0	0.0
bound_geometry_4fold	receptor_grouped_5fold	3	Gi/o	numeric__bound__icl2_longest_helix	0.0	0.0
bound_geometry_4fold	receptor_grouped_5fold	3	Gi/o	numeric__bound__icl2_mean_phi	0.2526063028546362	0.2526063028546362
bound_geometry_4fold	receptor_grouped_5fold	3	Gi/o	numeric__bound__icl2_mean_psi	0.0	0.0
bound_geometry_4fold	receptor_grouped_5fold	3	Gi/o	numeric__bound__intracellular_cavity_core_volume	0.0	0.0
bound_geometry_4fold	receptor_grouped_5fold	3	Gi/o	numeric__bound__intracellular_cavity_core_mouth_area	0.0	0.0
bound_geometry_4fold	receptor_grouped_5fold	3	Gi/o	numeric__bound__intracellular_cavity_core_depth	0.0	0.0
bound_geometry_4fold	receptor_grouped_5fold	3	Gi/o	numeric__bound__intracellular_cavity_core_maximum_width	0.0	0.0
bound_geometry_4fold	receptor_grouped_5fold	3	Gi/o	numeric__bound__intracellular_cavity_core_average_cross_section	0.0	0.0
bound_geometry_4fold	receptor_grouped_5fold	3	Gi/o	numeric__bound__intracellular_cavity_core_bottleneck_area	0.0	0.0
bound_geometry_4fold	receptor_grouped_5fold	3	Gi/o	numeric__bound__intracellular_cavity_core_bottleneck_radius	0.0	0.0
bound_geometry_4fold	receptor_grouped_5fold	3	Gi/o	numeric__bound__intracellular_cavity_core_max_inscribed_radius	0.0	0.0
bound_geometry_4fold	receptor_grouped_5fold	3	Gi/o	numeric__bound__intracellular_cavity_core_surface_area	0.0	0.0
bound_geometry_4fold	receptor_grouped_5fold	3	Gi/o	numeric__bound__intracellular_cavity_core_centroid_x	0.0	0.0
bound_geometry_4fold	receptor_grouped_5fold	3	Gi/o	numeric__bound__intracellular_cavity_core_centroid_y	0.0	0.0
bound_geometry_4fold	receptor_grouped_5fold	3	Gi/o	numeric__bound__intracellular_cavity_core_centroid_z	0.0	0.0
bound_geometry_4fold	receptor_grouped_5fold	3	Gi/o	numeric__bound__intracellular_cavity_core_principal_length_1	0.0	0.0
bound_geometry_4fold	receptor_grouped_5fold	3	Gi/o	numeric__bound__intracellular_cavity_core_principal_length_2	0.0	0.0
bound_geometry_4fold	receptor_grouped_5fold	3	Gi/o	numeric__bound__intracellular_cavity_core_principal_length_3	-0.08180857768557993	0.08180857768557993
bound_geometry_4fold	receptor_grouped_5fold	3	Gi/o	numeric__bound__intracellular_cavity_core_principal_axis_1_z_alignment	0.0	0.0
bound_geometry_4fold	receptor_grouped_5fold	3	Gi/o	numeric__bound__intracellular_cavity_core_eccentricity	0.13099724055040768	0.13099724055040768
bound_geometry_4fold	receptor_grouped_5fold	3	Gi/o	numeric__bound__intracellular_cavity_core_sphericity	0.0	0.0
bound_geometry_4fold	receptor_grouped_5fold	3	Gi/o	numeric__bound__intracellular_cavity_core_asymmetry	0.0	0.0
bound_geometry_4fold	receptor_grouped_5fold	3	Gi/o	numeric__bound__intracellular_cavity_core_tm3_side_fraction	0.0	0.0
bound_geometry_4fold	receptor_grouped_5fold	3	Gi/o	numeric__bound__intracellular_cavity_core_tm6_side_fraction	0.0	0.0
bound_geometry_4fold	receptor_grouped_5fold	3	Gi/o	numeric__bound__intracellular_cavity_core_tm5_side_fraction	0.0	0.0
bound_geometry_4fold	receptor_grouped_5fold	3	Gi/o	numeric__bound__intracellular_cavity_core_tm7_side_fraction	0.0	0.0
bound_geometry_4fold	receptor_grouped_5fold	3	Gi/o	numeric__bound__intracellular_cavity_core_wall_fraction_h8	0.0	0.0
bound_geometry_4fold	receptor_grouped_5fold	3	Gi/o	numeric__bound__intracellular_cavity_core_wall_fraction_icl2	0.0	0.0
bound_geometry_4fold	receptor_grouped_5fold	3	Gi/o	numeric__bound__intracellular_cavity_core_wall_fraction_tm3	0.0	0.0
bound_geometry_4fold	receptor_grouped_5fold	3	Gi/o	numeric__bound__intracellular_cavity_core_wall_fraction_tm7	0.0	0.0
bound_geometry_4fold	receptor_grouped_5fold	3	Gq/11	numeric__bound__activation_consensus_score	0.0	0.0
bound_geometry_4fold	receptor_grouped_5fold	3	Gq/11	numeric__bound__tm6_r350_634_distance	0.0	0.0
bound_geometry_4fold	receptor_grouped_5fold	3	Gq/11	numeric__bound__tm6_aligned_displacement	0.0	0.0
bound_geometry_4fold	receptor_grouped_5fold	3	Gq/11	numeric__bound__tm7_displacement	0.0	0.0
bound_geometry_4fold	receptor_grouped_5fold	3	Gq/11	numeric__bound__tm3_tm7_distance	0.0	0.0
bound_geometry_4fold	receptor_grouped_5fold	3	Gq/11	numeric__bound__tm6_r350_630_distance	0.0	0.0
bound_geometry_4fold	receptor_grouped_5fold	3	Gq/11	numeric__bound__dry_r350_630_min_distance	0.0	0.0
bound_geometry_4fold	receptor_grouped_5fold	3	Gq/11	numeric__bound__dry_r350_630_ca_distance	0.0	0.0
bound_geometry_4fold	receptor_grouped_5fold	3	Gq/11	numeric__bound__dry_d349_r350_min_distance	0.0	0.0
bound_geometry_4fold	receptor_grouped_5fold	3	Gq/11	numeric__bound__r350_chi1	0.0	0.0
bound_geometry_4fold	receptor_grouped_5fold	3	Gq/11	numeric__bound__r350_chi2	-0.15137979998244014	0.15137979998244014
bound_geometry_4fold	receptor_grouped_5fold	3	Gq/11	numeric__bound__pif_550_340_distance	0.0	0.0
bound_geometry_4fold	receptor_grouped_5fold	3	Gq/11	numeric__bound__pif_340_644_distance	-0.2900039489182433	0.2900039489182433
bound_geometry_4fold	receptor_grouped_5fold	3	Gq/11	numeric__bound__pif_550_644_distance	0.0	0.0
bound_geometry_4fold	receptor_grouped_5fold	3	Gq/11	numeric__bound__pif_550_340_min_distance	0.0	0.0
bound_geometry_4fold	receptor_grouped_5fold	3	Gq/11	numeric__bound__pif_340_644_min_distance	-0.015381252973844087	0.015381252973844087
bound_geometry_4fold	receptor_grouped_5fold	3	Gq/11	numeric__bound__pif_550_644_min_distance	0.06958581269430548	0.06958581269430548
bound_geometry_4fold	receptor_grouped_5fold	3	Gq/11	numeric__bound__pif_triangle_perimeter	0.0	0.0
bound_geometry_4fold	receptor_grouped_5fold	3	Gq/11	numeric__bound__position_644_chi1	0.0	0.0
bound_geometry_4fold	receptor_grouped_5fold	3	Gq/11	numeric__bound__position_644_chi2	0.28758946222924536	0.28758946222924536
bound_geometry_4fold	receptor_grouped_5fold	3	Gq/11	numeric__bound__w648_chi1	0.0	0.0
bound_geometry_4fold	receptor_grouped_5fold	3	Gq/11	numeric__bound__w648_chi2	0.0	0.0
bound_geometry_4fold	receptor_grouped_5fold	3	Gq/11	numeric__bound__w648_displacement	0.0	0.0
bound_geometry_4fold	receptor_grouped_5fold	3	Gq/11	numeric__bound__w648_to_644_distance	-0.12415013090115498	0.12415013090115498
bound_geometry_4fold	receptor_grouped_5fold	3	Gq/11	numeric__bound__cwxp_647_650_distance	0.0	0.0
bound_geometry_4fold	receptor_grouped_5fold	3	Gq/11	numeric__bound__y753_chi1	0.0	0.0
bound_geometry_4fold	receptor_grouped_5fold	3	Gq/11	numeric__bound__y753_chi2	0.0	0.0
bound_geometry_4fold	receptor_grouped_5fold	3	Gq/11	numeric__bound__y753_y558_distance	0.0	0.0
bound_geometry_4fold	receptor_grouped_5fold	3	Gq/11	numeric__bound__y753_y558_min_distance	0.0	0.0
bound_geometry_4fold	receptor_grouped_5fold	3	Gq/11	numeric__bound__n749_y753_distance	0.0	0.0
bound_geometry_4fold	receptor_grouped_5fold	3	Gq/11	numeric__bound__npxxy_local_spread	0.025648721567089635	0.025648721567089635
bound_geometry_4fold	receptor_grouped_5fold	3	Gq/11	numeric__bound__y753_displacement	0.0	0.0
bound_geometry_4fold	receptor_grouped_5fold	3	Gq/11	numeric__bound__sodium_d250_s339_distance	0.0	0.0
bound_geometry_4fold	receptor_grouped_5fold	3	Gq/11	numeric__bound__sodium_d250_n745_distance	0.0	0.0
bound_geometry_4fold	receptor_grouped_5fold	3	Gq/11	numeric__bound__sodium_d250_s746_distance	-0.3441658683440692	0.3441658683440692
bound_geometry_4fold	receptor_grouped_5fold	3	Gq/11	numeric__bound__sodium_d250_n749_distance	0.0	0.0
bound_geometry_4fold	receptor_grouped_5fold	3	Gq/11	numeric__bound__sodium_pocket_volume	0.0	0.0
bound_geometry_4fold	receptor_grouped_5fold	3	Gq/11	numeric__bound__sodium_pocket_spread	0.0	0.0
bound_geometry_4fold	receptor_grouped_5fold	3	Gq/11	numeric__bound__tm7_rotation	0.0	0.0
bound_geometry_4fold	receptor_grouped_5fold	3	Gq/11	numeric__bound__icl2_generic_ca_count	0.0	0.0
bound_geometry_4fold	receptor_grouped_5fold	3	Gq/11	numeric__bound__icl2_end_to_end_distance	0.0	0.0
bound_geometry_4fold	receptor_grouped_5fold	3	Gq/11	numeric__bound__icl2_centroid_to_r350	0.0	0.0
bound_geometry_4fold	receptor_grouped_5fold	3	Gq/11	numeric__bound__icl2_centroid_to_tm5_561	0.14472311833480622	0.14472311833480622
bound_geometry_4fold	receptor_grouped_5fold	3	Gq/11	numeric__bound__icl2_centroid_to_tm6_634	0.0	0.0
bound_geometry_4fold	receptor_grouped_5fold	3	Gq/11	numeric__bound__icl2_centroid_to_tm7_753	0.0	0.0
bound_geometry_4fold	receptor_grouped_5fold	3	Gq/11	numeric__bound__icl2_axis_tm3_angle	0.25370131065158835	0.25370131065158835
bound_geometry_4fold	receptor_grouped_5fold	3	Gq/11	numeric__bound__icl2_axis_tm5_angle	0.0	0.0
bound_geometry_4fold	receptor_grouped_5fold	3	Gq/11	numeric__bound__icl2_active_reference_displacement	0.0	0.0
bound_geometry_4fold	receptor_grouped_5fold	3	Gq/11	numeric__bound__tm5_cytoplasmic_extension	0.08921435532968815	0.08921435532968815
bound_geometry_4fold	receptor_grouped_5fold	3	Gq/11	numeric__bound__tm5_cytoplasmic_kink	0.0	0.0
bound_geometry_4fold	receptor_grouped_5fold	3	Gq/11	numeric__bound__tm5_r350_561_distance	0.0	0.0
bound_geometry_4fold	receptor_grouped_5fold	3	Gq/11	numeric__bound__tm5_r350_564_distance	0.11423856588114342	0.11423856588114342
bound_geometry_4fold	receptor_grouped_5fold	3	Gq/11	numeric__bound__tm5_tm6_cavity_distance	0.15025068661069652	0.15025068661069652
bound_geometry_4fold	receptor_grouped_5fold	3	Gq/11	numeric__bound__tm5_axis_tm3_angle	0.0	0.0
bound_geometry_4fold	receptor_grouped_5fold	3	Gq/11	numeric__bound__tm6_lower_upper_kink	0.0	0.0
bound_geometry_4fold	receptor_grouped_5fold	3	Gq/11	numeric__bound__tm6_axis_tm3_angle	0.0	0.0
bound_geometry_4fold	receptor_grouped_5fold	3	Gq/11	numeric__bound__tm6_tm7_cavity_distance	0.0	0.0
bound_geometry_4fold	receptor_grouped_5fold	3	Gq/11	numeric__bound__tm7_h8_angle	-0.03346201487122248	0.03346201487122248
bound_geometry_4fold	receptor_grouped_5fold	3	Gq/11	numeric__bound__h8_end_to_end_distance	0.0	0.0
bound_geometry_4fold	receptor_grouped_5fold	3	Gq/11	numeric__bound__h8_r350_distance	0.0	0.0
bound_geometry_4fold	receptor_grouped_5fold	3	Gq/11	numeric__bound__h8_tm6_distance	0.0	0.0
bound_geometry_4fold	receptor_grouped_5fold	3	Gq/11	numeric__bound__icl2_helix_fraction	0.0	0.0
bound_geometry_4fold	receptor_grouped_5fold	3	Gq/11	numeric__bound__icl2_longest_helix	0.0	0.0
bound_geometry_4fold	receptor_grouped_5fold	3	Gq/11	numeric__bound__icl2_mean_phi	-0.33981871742994607	0.33981871742994607
bound_geometry_4fold	receptor_grouped_5fold	3	Gq/11	numeric__bound__icl2_mean_psi	0.0	0.0
bound_geometry_4fold	receptor_grouped_5fold	3	Gq/11	numeric__bound__intracellular_cavity_core_volume	0.0	0.0
bound_geometry_4fold	receptor_grouped_5fold	3	Gq/11	numeric__bound__intracellular_cavity_core_mouth_area	0.0	0.0
bound_geometry_4fold	receptor_grouped_5fold	3	Gq/11	numeric__bound__intracellular_cavity_core_depth	0.0	0.0
bound_geometry_4fold	receptor_grouped_5fold	3	Gq/11	numeric__bound__intracellular_cavity_core_maximum_width	0.0	0.0
bound_geometry_4fold	receptor_grouped_5fold	3	Gq/11	numeric__bound__intracellular_cavity_core_average_cross_section	0.0	0.0
bound_geometry_4fold	receptor_grouped_5fold	3	Gq/11	numeric__bound__intracellular_cavity_core_bottleneck_area	0.0	0.0
bound_geometry_4fold	receptor_grouped_5fold	3	Gq/11	numeric__bound__intracellular_cavity_core_bottleneck_radius	0.0	0.0
bound_geometry_4fold	receptor_grouped_5fold	3	Gq/11	numeric__bound__intracellular_cavity_core_max_inscribed_radius	0.0	0.0
bound_geometry_4fold	receptor_grouped_5fold	3	Gq/11	numeric__bound__intracellular_cavity_core_surface_area	0.0	0.0
bound_geometry_4fold	receptor_grouped_5fold	3	Gq/11	numeric__bound__intracellular_cavity_core_centroid_x	0.01923873340719371	0.01923873340719371
bound_geometry_4fold	receptor_grouped_5fold	3	Gq/11	numeric__bound__intracellular_cavity_core_centroid_y	0.0	0.0
bound_geometry_4fold	receptor_grouped_5fold	3	Gq/11	numeric__bound__intracellular_cavity_core_centroid_z	0.0	0.0
bound_geometry_4fold	receptor_grouped_5fold	3	Gq/11	numeric__bound__intracellular_cavity_core_principal_length_1	0.0	0.0
bound_geometry_4fold	receptor_grouped_5fold	3	Gq/11	numeric__bound__intracellular_cavity_core_principal_length_2	0.0	0.0
bound_geometry_4fold	receptor_grouped_5fold	3	Gq/11	numeric__bound__intracellular_cavity_core_principal_length_3	0.0	0.0
bound_geometry_4fold	receptor_grouped_5fold	3	Gq/11	numeric__bound__intracellular_cavity_core_principal_axis_1_z_alignment	0.0	0.0
bound_geometry_4fold	receptor_grouped_5fold	3	Gq/11	numeric__bound__intracellular_cavity_core_eccentricity	0.0	0.0
bound_geometry_4fold	receptor_grouped_5fold	3	Gq/11	numeric__bound__intracellular_cavity_core_sphericity	0.0	0.0
bound_geometry_4fold	receptor_grouped_5fold	3	Gq/11	numeric__bound__intracellular_cavity_core_asymmetry	0.0	0.0
bound_geometry_4fold	receptor_grouped_5fold	3	Gq/11	numeric__bound__intracellular_cavity_core_tm3_side_fraction	0.0	0.0
bound_geometry_4fold	receptor_grouped_5fold	3	Gq/11	numeric__bound__intracellular_cavity_core_tm6_side_fraction	0.0	0.0
bound_geometry_4fold	receptor_grouped_5fold	3	Gq/11	numeric__bound__intracellular_cavity_core_tm5_side_fraction	0.0	0.0
bound_geometry_4fold	receptor_grouped_5fold	3	Gq/11	numeric__bound__intracellular_cavity_core_tm7_side_fraction	0.0	0.0
bound_geometry_4fold	receptor_grouped_5fold	3	Gq/11	numeric__bound__intracellular_cavity_core_wall_fraction_h8	-0.009367275554875917	0.009367275554875917
bound_geometry_4fold	receptor_grouped_5fold	3	Gq/11	numeric__bound__intracellular_cavity_core_wall_fraction_icl2	0.2524736641156431	0.2524736641156431
bound_geometry_4fold	receptor_grouped_5fold	3	Gq/11	numeric__bound__intracellular_cavity_core_wall_fraction_tm3	0.0	0.0
bound_geometry_4fold	receptor_grouped_5fold	3	Gq/11	numeric__bound__intracellular_cavity_core_wall_fraction_tm7	0.0	0.0
bound_geometry_4fold	receptor_grouped_5fold	3	Gs	numeric__bound__activation_consensus_score	0.1368308109437157	0.1368308109437157
bound_geometry_4fold	receptor_grouped_5fold	3	Gs	numeric__bound__tm6_r350_634_distance	0.010272280614213222	0.010272280614213222
bound_geometry_4fold	receptor_grouped_5fold	3	Gs	numeric__bound__tm6_aligned_displacement	0.14050236053040738	0.14050236053040738
bound_geometry_4fold	receptor_grouped_5fold	3	Gs	numeric__bound__tm7_displacement	0.0	0.0
bound_geometry_4fold	receptor_grouped_5fold	3	Gs	numeric__bound__tm3_tm7_distance	0.0	0.0
bound_geometry_4fold	receptor_grouped_5fold	3	Gs	numeric__bound__tm6_r350_630_distance	0.18201896200151552	0.18201896200151552
bound_geometry_4fold	receptor_grouped_5fold	3	Gs	numeric__bound__dry_r350_630_min_distance	0.08434707921412982	0.08434707921412982
bound_geometry_4fold	receptor_grouped_5fold	3	Gs	numeric__bound__dry_r350_630_ca_distance	0.18201896200151552	0.18201896200151552
bound_geometry_4fold	receptor_grouped_5fold	3	Gs	numeric__bound__dry_d349_r350_min_distance	0.0	0.0
bound_geometry_4fold	receptor_grouped_5fold	3	Gs	numeric__bound__r350_chi1	-0.09783201411384279	0.09783201411384279
bound_geometry_4fold	receptor_grouped_5fold	3	Gs	numeric__bound__r350_chi2	0.0	0.0
bound_geometry_4fold	receptor_grouped_5fold	3	Gs	numeric__bound__pif_550_340_distance	0.0	0.0
bound_geometry_4fold	receptor_grouped_5fold	3	Gs	numeric__bound__pif_340_644_distance	0.09975927681059561	0.09975927681059561
bound_geometry_4fold	receptor_grouped_5fold	3	Gs	numeric__bound__pif_550_644_distance	0.0	0.0
bound_geometry_4fold	receptor_grouped_5fold	3	Gs	numeric__bound__pif_550_340_min_distance	0.0	0.0
bound_geometry_4fold	receptor_grouped_5fold	3	Gs	numeric__bound__pif_340_644_min_distance	0.0	0.0
bound_geometry_4fold	receptor_grouped_5fold	3	Gs	numeric__bound__pif_550_644_min_distance	0.0	0.0
bound_geometry_4fold	receptor_grouped_5fold	3	Gs	numeric__bound__pif_triangle_perimeter	0.0	0.0
bound_geometry_4fold	receptor_grouped_5fold	3	Gs	numeric__bound__position_644_chi1	0.08953098580036037	0.08953098580036037
bound_geometry_4fold	receptor_grouped_5fold	3	Gs	numeric__bound__position_644_chi2	0.0	0.0
bound_geometry_4fold	receptor_grouped_5fold	3	Gs	numeric__bound__w648_chi1	-0.150275967642031	0.150275967642031
bound_geometry_4fold	receptor_grouped_5fold	3	Gs	numeric__bound__w648_chi2	0.0	0.0
bound_geometry_4fold	receptor_grouped_5fold	3	Gs	numeric__bound__w648_displacement	0.0	0.0
bound_geometry_4fold	receptor_grouped_5fold	3	Gs	numeric__bound__w648_to_644_distance	0.05338674817019225	0.05338674817019225
bound_geometry_4fold	receptor_grouped_5fold	3	Gs	numeric__bound__cwxp_647_650_distance	0.0	0.0
bound_geometry_4fold	receptor_grouped_5fold	3	Gs	numeric__bound__y753_chi1	0.0	0.0
bound_geometry_4fold	receptor_grouped_5fold	3	Gs	numeric__bound__y753_chi2	-0.04794384977823029	0.04794384977823029
bound_geometry_4fold	receptor_grouped_5fold	3	Gs	numeric__bound__y753_y558_distance	0.0	0.0
bound_geometry_4fold	receptor_grouped_5fold	3	Gs	numeric__bound__y753_y558_min_distance	0.0	0.0
bound_geometry_4fold	receptor_grouped_5fold	3	Gs	numeric__bound__n749_y753_distance	-0.01525136239651502	0.01525136239651502
bound_geometry_4fold	receptor_grouped_5fold	3	Gs	numeric__bound__npxxy_local_spread	0.0	0.0
bound_geometry_4fold	receptor_grouped_5fold	3	Gs	numeric__bound__y753_displacement	0.0	0.0
bound_geometry_4fold	receptor_grouped_5fold	3	Gs	numeric__bound__sodium_d250_s339_distance	0.0	0.0
bound_geometry_4fold	receptor_grouped_5fold	3	Gs	numeric__bound__sodium_d250_n745_distance	0.0	0.0
bound_geometry_4fold	receptor_grouped_5fold	3	Gs	numeric__bound__sodium_d250_s746_distance	0.04628608275520266	0.04628608275520266
bound_geometry_4fold	receptor_grouped_5fold	3	Gs	numeric__bound__sodium_d250_n749_distance	0.0	0.0
bound_geometry_4fold	receptor_grouped_5fold	3	Gs	numeric__bound__sodium_pocket_volume	0.0	0.0
bound_geometry_4fold	receptor_grouped_5fold	3	Gs	numeric__bound__sodium_pocket_spread	0.0	0.0
bound_geometry_4fold	receptor_grouped_5fold	3	Gs	numeric__bound__tm7_rotation	-0.03044919025582478	0.03044919025582478
bound_geometry_4fold	receptor_grouped_5fold	3	Gs	numeric__bound__icl2_generic_ca_count	0.0	0.0
bound_geometry_4fold	receptor_grouped_5fold	3	Gs	numeric__bound__icl2_end_to_end_distance	0.0	0.0
bound_geometry_4fold	receptor_grouped_5fold	3	Gs	numeric__bound__icl2_centroid_to_r350	-0.06422305533031199	0.06422305533031199
bound_geometry_4fold	receptor_grouped_5fold	3	Gs	numeric__bound__icl2_centroid_to_tm5_561	0.0	0.0
bound_geometry_4fold	receptor_grouped_5fold	3	Gs	numeric__bound__icl2_centroid_to_tm6_634	0.0	0.0
bound_geometry_4fold	receptor_grouped_5fold	3	Gs	numeric__bound__icl2_centroid_to_tm7_753	0.0	0.0
bound_geometry_4fold	receptor_grouped_5fold	3	Gs	numeric__bound__icl2_axis_tm3_angle	-0.32267519927864735	0.32267519927864735
bound_geometry_4fold	receptor_grouped_5fold	3	Gs	numeric__bound__icl2_axis_tm5_angle	-0.14318533921486395	0.14318533921486395
bound_geometry_4fold	receptor_grouped_5fold	3	Gs	numeric__bound__icl2_active_reference_displacement	-0.027273190653802612	0.027273190653802612
bound_geometry_4fold	receptor_grouped_5fold	3	Gs	numeric__bound__tm5_cytoplasmic_extension	0.0	0.0
bound_geometry_4fold	receptor_grouped_5fold	3	Gs	numeric__bound__tm5_cytoplasmic_kink	0.14067670801651075	0.14067670801651075
bound_geometry_4fold	receptor_grouped_5fold	3	Gs	numeric__bound__tm5_r350_561_distance	0.0	0.0
bound_geometry_4fold	receptor_grouped_5fold	3	Gs	numeric__bound__tm5_r350_564_distance	0.0	0.0
bound_geometry_4fold	receptor_grouped_5fold	3	Gs	numeric__bound__tm5_tm6_cavity_distance	0.0	0.0
bound_geometry_4fold	receptor_grouped_5fold	3	Gs	numeric__bound__tm5_axis_tm3_angle	0.22993395122966157	0.22993395122966157
bound_geometry_4fold	receptor_grouped_5fold	3	Gs	numeric__bound__tm6_lower_upper_kink	0.1269148609838731	0.1269148609838731
bound_geometry_4fold	receptor_grouped_5fold	3	Gs	numeric__bound__tm6_axis_tm3_angle	0.20250695799554527	0.20250695799554527
bound_geometry_4fold	receptor_grouped_5fold	3	Gs	numeric__bound__tm6_tm7_cavity_distance	0.1307497338185966	0.1307497338185966
bound_geometry_4fold	receptor_grouped_5fold	3	Gs	numeric__bound__tm7_h8_angle	0.0	0.0
bound_geometry_4fold	receptor_grouped_5fold	3	Gs	numeric__bound__h8_end_to_end_distance	0.0	0.0
bound_geometry_4fold	receptor_grouped_5fold	3	Gs	numeric__bound__h8_r350_distance	0.0	0.0
bound_geometry_4fold	receptor_grouped_5fold	3	Gs	numeric__bound__h8_tm6_distance	0.0	0.0
bound_geometry_4fold	receptor_grouped_5fold	3	Gs	numeric__bound__icl2_helix_fraction	0.0	0.0
bound_geometry_4fold	receptor_grouped_5fold	3	Gs	numeric__bound__icl2_longest_helix	0.0	0.0
bound_geometry_4fold	receptor_grouped_5fold	3	Gs	numeric__bound__icl2_mean_phi	0.0	0.0
bound_geometry_4fold	receptor_grouped_5fold	3	Gs	numeric__bound__icl2_mean_psi	0.0	0.0
bound_geometry_4fold	receptor_grouped_5fold	3	Gs	numeric__bound__intracellular_cavity_core_volume	0.0	0.0
bound_geometry_4fold	receptor_grouped_5fold	3	Gs	numeric__bound__intracellular_cavity_core_mouth_area	0.0	0.0
bound_geometry_4fold	receptor_grouped_5fold	3	Gs	numeric__bound__intracellular_cavity_core_depth	0.0	0.0
bound_geometry_4fold	receptor_grouped_5fold	3	Gs	numeric__bound__intracellular_cavity_core_maximum_width	0.0	0.0
bound_geometry_4fold	receptor_grouped_5fold	3	Gs	numeric__bound__intracellular_cavity_core_average_cross_section	0.0	0.0
bound_geometry_4fold	receptor_grouped_5fold	3	Gs	numeric__bound__intracellular_cavity_core_bottleneck_area	0.0	0.0
bound_geometry_4fold	receptor_grouped_5fold	3	Gs	numeric__bound__intracellular_cavity_core_bottleneck_radius	0.0	0.0
bound_geometry_4fold	receptor_grouped_5fold	3	Gs	numeric__bound__intracellular_cavity_core_max_inscribed_radius	0.0	0.0
bound_geometry_4fold	receptor_grouped_5fold	3	Gs	numeric__bound__intracellular_cavity_core_surface_area	0.0	0.0
bound_geometry_4fold	receptor_grouped_5fold	3	Gs	numeric__bound__intracellular_cavity_core_centroid_x	0.0	0.0
bound_geometry_4fold	receptor_grouped_5fold	3	Gs	numeric__bound__intracellular_cavity_core_centroid_y	0.0	0.0
bound_geometry_4fold	receptor_grouped_5fold	3	Gs	numeric__bound__intracellular_cavity_core_centroid_z	0.0	0.0
bound_geometry_4fold	receptor_grouped_5fold	3	Gs	numeric__bound__intracellular_cavity_core_principal_length_1	0.0	0.0
bound_geometry_4fold	receptor_grouped_5fold	3	Gs	numeric__bound__intracellular_cavity_core_principal_length_2	0.0	0.0
bound_geometry_4fold	receptor_grouped_5fold	3	Gs	numeric__bound__intracellular_cavity_core_principal_length_3	0.0	0.0
bound_geometry_4fold	receptor_grouped_5fold	3	Gs	numeric__bound__intracellular_cavity_core_principal_axis_1_z_alignment	0.0	0.0
bound_geometry_4fold	receptor_grouped_5fold	3	Gs	numeric__bound__intracellular_cavity_core_eccentricity	0.0	0.0
bound_geometry_4fold	receptor_grouped_5fold	3	Gs	numeric__bound__intracellular_cavity_core_sphericity	0.0	0.0
bound_geometry_4fold	receptor_grouped_5fold	3	Gs	numeric__bound__intracellular_cavity_core_asymmetry	0.0	0.0
bound_geometry_4fold	receptor_grouped_5fold	3	Gs	numeric__bound__intracellular_cavity_core_tm3_side_fraction	0.0	0.0
bound_geometry_4fold	receptor_grouped_5fold	3	Gs	numeric__bound__intracellular_cavity_core_tm6_side_fraction	0.0	0.0
bound_geometry_4fold	receptor_grouped_5fold	3	Gs	numeric__bound__intracellular_cavity_core_tm5_side_fraction	0.0	0.0
bound_geometry_4fold	receptor_grouped_5fold	3	Gs	numeric__bound__intracellular_cavity_core_tm7_side_fraction	0.0	0.0
bound_geometry_4fold	receptor_grouped_5fold	3	Gs	numeric__bound__intracellular_cavity_core_wall_fraction_h8	0.03692008883079322	0.03692008883079322
bound_geometry_4fold	receptor_grouped_5fold	3	Gs	numeric__bound__intracellular_cavity_core_wall_fraction_icl2	-0.1616693273488057	0.1616693273488057
bound_geometry_4fold	receptor_grouped_5fold	3	Gs	numeric__bound__intracellular_cavity_core_wall_fraction_tm3	0.0	0.0
bound_geometry_4fold	receptor_grouped_5fold	3	Gs	numeric__bound__intracellular_cavity_core_wall_fraction_tm7	0.0	0.0
receptor_only_geometry_4fold	receptor_grouped_5fold	0	Gi/o	numeric__receptor_only__activation_consensus_score	-0.11726144424969337	0.11726144424969337
receptor_only_geometry_4fold	receptor_grouped_5fold	0	Gi/o	numeric__receptor_only__tm6_r350_634_distance	-0.14917082137631732	0.14917082137631732
receptor_only_geometry_4fold	receptor_grouped_5fold	0	Gi/o	numeric__receptor_only__tm6_aligned_displacement	-0.1676672047985482	0.1676672047985482
receptor_only_geometry_4fold	receptor_grouped_5fold	0	Gi/o	numeric__receptor_only__tm7_displacement	0.0	0.0
receptor_only_geometry_4fold	receptor_grouped_5fold	0	Gi/o	numeric__receptor_only__tm3_tm7_distance	0.17384710350650423	0.17384710350650423
receptor_only_geometry_4fold	receptor_grouped_5fold	0	Gi/o	numeric__receptor_only__tm6_r350_630_distance	-0.03370728583975161	0.03370728583975161
receptor_only_geometry_4fold	receptor_grouped_5fold	0	Gi/o	numeric__receptor_only__dry_r350_630_min_distance	0.0	0.0
receptor_only_geometry_4fold	receptor_grouped_5fold	0	Gi/o	numeric__receptor_only__dry_r350_630_ca_distance	-0.03370728583975161	0.03370728583975161
receptor_only_geometry_4fold	receptor_grouped_5fold	0	Gi/o	numeric__receptor_only__dry_d349_r350_min_distance	0.0	0.0
receptor_only_geometry_4fold	receptor_grouped_5fold	0	Gi/o	numeric__receptor_only__r350_chi1	0.11436671036370272	0.11436671036370272
receptor_only_geometry_4fold	receptor_grouped_5fold	0	Gi/o	numeric__receptor_only__r350_chi2	0.0	0.0
receptor_only_geometry_4fold	receptor_grouped_5fold	0	Gi/o	numeric__receptor_only__pif_550_340_distance	0.0	0.0
receptor_only_geometry_4fold	receptor_grouped_5fold	0	Gi/o	numeric__receptor_only__pif_340_644_distance	0.0	0.0
receptor_only_geometry_4fold	receptor_grouped_5fold	0	Gi/o	numeric__receptor_only__pif_550_644_distance	0.0	0.0
receptor_only_geometry_4fold	receptor_grouped_5fold	0	Gi/o	numeric__receptor_only__pif_550_340_min_distance	0.0	0.0
receptor_only_geometry_4fold	receptor_grouped_5fold	0	Gi/o	numeric__receptor_only__pif_340_644_min_distance	0.0	0.0
receptor_only_geometry_4fold	receptor_grouped_5fold	0	Gi/o	numeric__receptor_only__pif_550_644_min_distance	0.0	0.0
receptor_only_geometry_4fold	receptor_grouped_5fold	0	Gi/o	numeric__receptor_only__pif_triangle_perimeter	0.0	0.0
receptor_only_geometry_4fold	receptor_grouped_5fold	0	Gi/o	numeric__receptor_only__position_644_chi1	0.0	0.0
receptor_only_geometry_4fold	receptor_grouped_5fold	0	Gi/o	numeric__receptor_only__position_644_chi2	0.0	0.0
receptor_only_geometry_4fold	receptor_grouped_5fold	0	Gi/o	numeric__receptor_only__w648_chi1	0.0	0.0
receptor_only_geometry_4fold	receptor_grouped_5fold	0	Gi/o	numeric__receptor_only__w648_chi2	0.0	0.0
receptor_only_geometry_4fold	receptor_grouped_5fold	0	Gi/o	numeric__receptor_only__w648_displacement	0.0	0.0
receptor_only_geometry_4fold	receptor_grouped_5fold	0	Gi/o	numeric__receptor_only__w648_to_644_distance	0.0	0.0
receptor_only_geometry_4fold	receptor_grouped_5fold	0	Gi/o	numeric__receptor_only__cwxp_647_650_distance	0.0	0.0
receptor_only_geometry_4fold	receptor_grouped_5fold	0	Gi/o	numeric__receptor_only__y753_chi1	0.0	0.0
receptor_only_geometry_4fold	receptor_grouped_5fold	0	Gi/o	numeric__receptor_only__y753_chi2	0.0	0.0
receptor_only_geometry_4fold	receptor_grouped_5fold	0	Gi/o	numeric__receptor_only__y753_y558_distance	0.0	0.0
receptor_only_geometry_4fold	receptor_grouped_5fold	0	Gi/o	numeric__receptor_only__y753_y558_min_distance	0.0	0.0
receptor_only_geometry_4fold	receptor_grouped_5fold	0	Gi/o	numeric__receptor_only__n749_y753_distance	0.0	0.0
receptor_only_geometry_4fold	receptor_grouped_5fold	0	Gi/o	numeric__receptor_only__npxxy_local_spread	-0.014259958676981132	0.014259958676981132
receptor_only_geometry_4fold	receptor_grouped_5fold	0	Gi/o	numeric__receptor_only__y753_displacement	0.0	0.0
receptor_only_geometry_4fold	receptor_grouped_5fold	0	Gi/o	numeric__receptor_only__sodium_d250_s339_distance	-0.07622942411195174	0.07622942411195174
receptor_only_geometry_4fold	receptor_grouped_5fold	0	Gi/o	numeric__receptor_only__sodium_d250_n745_distance	0.0	0.0
receptor_only_geometry_4fold	receptor_grouped_5fold	0	Gi/o	numeric__receptor_only__sodium_d250_s746_distance	0.0	0.0
receptor_only_geometry_4fold	receptor_grouped_5fold	0	Gi/o	numeric__receptor_only__sodium_d250_n749_distance	0.0	0.0
receptor_only_geometry_4fold	receptor_grouped_5fold	0	Gi/o	numeric__receptor_only__sodium_pocket_volume	0.0	0.0
receptor_only_geometry_4fold	receptor_grouped_5fold	0	Gi/o	numeric__receptor_only__sodium_pocket_spread	0.0	0.0
receptor_only_geometry_4fold	receptor_grouped_5fold	0	Gi/o	numeric__receptor_only__tm7_rotation	0.0	0.0
receptor_only_geometry_4fold	receptor_grouped_5fold	0	Gi/o	numeric__receptor_only__icl2_generic_ca_count	0.0	0.0
receptor_only_geometry_4fold	receptor_grouped_5fold	0	Gi/o	numeric__receptor_only__icl2_end_to_end_distance	0.0	0.0
receptor_only_geometry_4fold	receptor_grouped_5fold	0	Gi/o	numeric__receptor_only__icl2_centroid_to_r350	0.0	0.0
receptor_only_geometry_4fold	receptor_grouped_5fold	0	Gi/o	numeric__receptor_only__icl2_centroid_to_tm5_561	-0.1616626359739189	0.1616626359739189
receptor_only_geometry_4fold	receptor_grouped_5fold	0	Gi/o	numeric__receptor_only__icl2_centroid_to_tm6_634	-0.10231473675832693	0.10231473675832693
receptor_only_geometry_4fold	receptor_grouped_5fold	0	Gi/o	numeric__receptor_only__icl2_centroid_to_tm7_753	0.052972675266554456	0.052972675266554456
receptor_only_geometry_4fold	receptor_grouped_5fold	0	Gi/o	numeric__receptor_only__icl2_axis_tm3_angle	0.0	0.0
receptor_only_geometry_4fold	receptor_grouped_5fold	0	Gi/o	numeric__receptor_only__icl2_axis_tm5_angle	0.05570717159237822	0.05570717159237822
receptor_only_geometry_4fold	receptor_grouped_5fold	0	Gi/o	numeric__receptor_only__icl2_active_reference_displacement	0.08003969166850948	0.08003969166850948
receptor_only_geometry_4fold	receptor_grouped_5fold	0	Gi/o	numeric__receptor_only__tm5_cytoplasmic_extension	0.0	0.0
receptor_only_geometry_4fold	receptor_grouped_5fold	0	Gi/o	numeric__receptor_only__tm5_cytoplasmic_kink	0.0	0.0
receptor_only_geometry_4fold	receptor_grouped_5fold	0	Gi/o	numeric__receptor_only__tm5_r350_561_distance	0.0	0.0
receptor_only_geometry_4fold	receptor_grouped_5fold	0	Gi/o	numeric__receptor_only__tm5_r350_564_distance	0.0	0.0
receptor_only_geometry_4fold	receptor_grouped_5fold	0	Gi/o	numeric__receptor_only__tm5_tm6_cavity_distance	-0.20013848062687686	0.20013848062687686
receptor_only_geometry_4fold	receptor_grouped_5fold	0	Gi/o	numeric__receptor_only__tm5_axis_tm3_angle	0.0	0.0
receptor_only_geometry_4fold	receptor_grouped_5fold	0	Gi/o	numeric__receptor_only__tm6_lower_upper_kink	0.0	0.0
receptor_only_geometry_4fold	receptor_grouped_5fold	0	Gi/o	numeric__receptor_only__tm6_axis_tm3_angle	-0.12814175290147356	0.12814175290147356
receptor_only_geometry_4fold	receptor_grouped_5fold	0	Gi/o	numeric__receptor_only__tm6_tm7_cavity_distance	0.0	0.0
receptor_only_geometry_4fold	receptor_grouped_5fold	0	Gi/o	numeric__receptor_only__tm7_h8_angle	0.0	0.0
receptor_only_geometry_4fold	receptor_grouped_5fold	0	Gi/o	numeric__receptor_only__h8_end_to_end_distance	0.0	0.0
receptor_only_geometry_4fold	receptor_grouped_5fold	0	Gi/o	numeric__receptor_only__h8_r350_distance	0.050265442399891155	0.050265442399891155
receptor_only_geometry_4fold	receptor_grouped_5fold	0	Gi/o	numeric__receptor_only__h8_tm6_distance	-0.053849765152132925	0.053849765152132925
receptor_only_geometry_4fold	receptor_grouped_5fold	0	Gi/o	numeric__receptor_only__icl2_helix_fraction	0.0	0.0
receptor_only_geometry_4fold	receptor_grouped_5fold	0	Gi/o	numeric__receptor_only__icl2_longest_helix	0.0	0.0
receptor_only_geometry_4fold	receptor_grouped_5fold	0	Gi/o	numeric__receptor_only__icl2_mean_phi	0.0	0.0
receptor_only_geometry_4fold	receptor_grouped_5fold	0	Gi/o	numeric__receptor_only__icl2_mean_psi	0.0	0.0
receptor_only_geometry_4fold	receptor_grouped_5fold	0	Gi/o	numeric__receptor_only__intracellular_cavity_core_volume	0.0	0.0
receptor_only_geometry_4fold	receptor_grouped_5fold	0	Gi/o	numeric__receptor_only__intracellular_cavity_core_mouth_area	0.0	0.0
receptor_only_geometry_4fold	receptor_grouped_5fold	0	Gi/o	numeric__receptor_only__intracellular_cavity_core_depth	0.0	0.0
receptor_only_geometry_4fold	receptor_grouped_5fold	0	Gi/o	numeric__receptor_only__intracellular_cavity_core_maximum_width	0.0	0.0
receptor_only_geometry_4fold	receptor_grouped_5fold	0	Gi/o	numeric__receptor_only__intracellular_cavity_core_average_cross_section	0.0	0.0
receptor_only_geometry_4fold	receptor_grouped_5fold	0	Gi/o	numeric__receptor_only__intracellular_cavity_core_bottleneck_area	0.0	0.0
receptor_only_geometry_4fold	receptor_grouped_5fold	0	Gi/o	numeric__receptor_only__intracellular_cavity_core_bottleneck_radius	0.0	0.0
receptor_only_geometry_4fold	receptor_grouped_5fold	0	Gi/o	numeric__receptor_only__intracellular_cavity_core_max_inscribed_radius	0.0	0.0
receptor_only_geometry_4fold	receptor_grouped_5fold	0	Gi/o	numeric__receptor_only__intracellular_cavity_core_surface_area	0.0	0.0
receptor_only_geometry_4fold	receptor_grouped_5fold	0	Gi/o	numeric__receptor_only__intracellular_cavity_core_centroid_x	0.0	0.0
receptor_only_geometry_4fold	receptor_grouped_5fold	0	Gi/o	numeric__receptor_only__intracellular_cavity_core_centroid_y	0.0	0.0
receptor_only_geometry_4fold	receptor_grouped_5fold	0	Gi/o	numeric__receptor_only__intracellular_cavity_core_centroid_z	0.0	0.0
receptor_only_geometry_4fold	receptor_grouped_5fold	0	Gi/o	numeric__receptor_only__intracellular_cavity_core_principal_length_1	0.0	0.0
receptor_only_geometry_4fold	receptor_grouped_5fold	0	Gi/o	numeric__receptor_only__intracellular_cavity_core_principal_length_2	0.0	0.0
receptor_only_geometry_4fold	receptor_grouped_5fold	0	Gi/o	numeric__receptor_only__intracellular_cavity_core_principal_length_3	-0.001770598348595536	0.001770598348595536
receptor_only_geometry_4fold	receptor_grouped_5fold	0	Gi/o	numeric__receptor_only__intracellular_cavity_core_principal_axis_1_z_alignment	0.0	0.0
receptor_only_geometry_4fold	receptor_grouped_5fold	0	Gi/o	numeric__receptor_only__intracellular_cavity_core_eccentricity	0.0	0.0
receptor_only_geometry_4fold	receptor_grouped_5fold	0	Gi/o	numeric__receptor_only__intracellular_cavity_core_sphericity	0.0	0.0
receptor_only_geometry_4fold	receptor_grouped_5fold	0	Gi/o	numeric__receptor_only__intracellular_cavity_core_asymmetry	0.0	0.0
receptor_only_geometry_4fold	receptor_grouped_5fold	0	Gi/o	numeric__receptor_only__intracellular_cavity_core_tm3_side_fraction	0.0	0.0
receptor_only_geometry_4fold	receptor_grouped_5fold	0	Gi/o	numeric__receptor_only__intracellular_cavity_core_tm6_side_fraction	0.0	0.0
receptor_only_geometry_4fold	receptor_grouped_5fold	0	Gi/o	numeric__receptor_only__intracellular_cavity_core_tm5_side_fraction	0.0	0.0
receptor_only_geometry_4fold	receptor_grouped_5fold	0	Gi/o	numeric__receptor_only__intracellular_cavity_core_tm7_side_fraction	0.0	0.0
receptor_only_geometry_4fold	receptor_grouped_5fold	0	Gi/o	numeric__receptor_only__intracellular_cavity_core_wall_fraction_h8	0.0	0.0
receptor_only_geometry_4fold	receptor_grouped_5fold	0	Gi/o	numeric__receptor_only__intracellular_cavity_core_wall_fraction_icl2	0.0	0.0
receptor_only_geometry_4fold	receptor_grouped_5fold	0	Gi/o	numeric__receptor_only__intracellular_cavity_core_wall_fraction_tm3	0.0	0.0
receptor_only_geometry_4fold	receptor_grouped_5fold	0	Gi/o	numeric__receptor_only__intracellular_cavity_core_wall_fraction_tm7	0.0	0.0
receptor_only_geometry_4fold	receptor_grouped_5fold	0	Gq/11	numeric__receptor_only__activation_consensus_score	0.0	0.0
receptor_only_geometry_4fold	receptor_grouped_5fold	0	Gq/11	numeric__receptor_only__tm6_r350_634_distance	0.0	0.0
receptor_only_geometry_4fold	receptor_grouped_5fold	0	Gq/11	numeric__receptor_only__tm6_aligned_displacement	0.0	0.0
receptor_only_geometry_4fold	receptor_grouped_5fold	0	Gq/11	numeric__receptor_only__tm7_displacement	0.0	0.0
receptor_only_geometry_4fold	receptor_grouped_5fold	0	Gq/11	numeric__receptor_only__tm3_tm7_distance	0.0	0.0
receptor_only_geometry_4fold	receptor_grouped_5fold	0	Gq/11	numeric__receptor_only__tm6_r350_630_distance	0.0	0.0
receptor_only_geometry_4fold	receptor_grouped_5fold	0	Gq/11	numeric__receptor_only__dry_r350_630_min_distance	0.0	0.0
receptor_only_geometry_4fold	receptor_grouped_5fold	0	Gq/11	numeric__receptor_only__dry_r350_630_ca_distance	0.0	0.0
receptor_only_geometry_4fold	receptor_grouped_5fold	0	Gq/11	numeric__receptor_only__dry_d349_r350_min_distance	0.0	0.0
receptor_only_geometry_4fold	receptor_grouped_5fold	0	Gq/11	numeric__receptor_only__r350_chi1	0.0	0.0
receptor_only_geometry_4fold	receptor_grouped_5fold	0	Gq/11	numeric__receptor_only__r350_chi2	0.0	0.0
receptor_only_geometry_4fold	receptor_grouped_5fold	0	Gq/11	numeric__receptor_only__pif_550_340_distance	0.012990927435634844	0.012990927435634844
receptor_only_geometry_4fold	receptor_grouped_5fold	0	Gq/11	numeric__receptor_only__pif_340_644_distance	-0.12010605539119758	0.12010605539119758
receptor_only_geometry_4fold	receptor_grouped_5fold	0	Gq/11	numeric__receptor_only__pif_550_644_distance	0.0	0.0
receptor_only_geometry_4fold	receptor_grouped_5fold	0	Gq/11	numeric__receptor_only__pif_550_340_min_distance	0.0	0.0
receptor_only_geometry_4fold	receptor_grouped_5fold	0	Gq/11	numeric__receptor_only__pif_340_644_min_distance	0.0	0.0
receptor_only_geometry_4fold	receptor_grouped_5fold	0	Gq/11	numeric__receptor_only__pif_550_644_min_distance	0.0	0.0
receptor_only_geometry_4fold	receptor_grouped_5fold	0	Gq/11	numeric__receptor_only__pif_triangle_perimeter	0.0	0.0
receptor_only_geometry_4fold	receptor_grouped_5fold	0	Gq/11	numeric__receptor_only__position_644_chi1	0.0	0.0
receptor_only_geometry_4fold	receptor_grouped_5fold	0	Gq/11	numeric__receptor_only__position_644_chi2	-0.1573971784829245	0.1573971784829245
receptor_only_geometry_4fold	receptor_grouped_5fold	0	Gq/11	numeric__receptor_only__w648_chi1	0.05922274277357188	0.05922274277357188
receptor_only_geometry_4fold	receptor_grouped_5fold	0	Gq/11	numeric__receptor_only__w648_chi2	0.14042615793425364	0.14042615793425364
receptor_only_geometry_4fold	receptor_grouped_5fold	0	Gq/11	numeric__receptor_only__w648_displacement	0.0	0.0
receptor_only_geometry_4fold	receptor_grouped_5fold	0	Gq/11	numeric__receptor_only__w648_to_644_distance	0.005502102362187181	0.005502102362187181
receptor_only_geometry_4fold	receptor_grouped_5fold	0	Gq/11	numeric__receptor_only__cwxp_647_650_distance	0.0	0.0
receptor_only_geometry_4fold	receptor_grouped_5fold	0	Gq/11	numeric__receptor_only__y753_chi1	0.0	0.0
receptor_only_geometry_4fold	receptor_grouped_5fold	0	Gq/11	numeric__receptor_only__y753_chi2	0.0	0.0
receptor_only_geometry_4fold	receptor_grouped_5fold	0	Gq/11	numeric__receptor_only__y753_y558_distance	0.0	0.0
receptor_only_geometry_4fold	receptor_grouped_5fold	0	Gq/11	numeric__receptor_only__y753_y558_min_distance	0.0	0.0
receptor_only_geometry_4fold	receptor_grouped_5fold	0	Gq/11	numeric__receptor_only__n749_y753_distance	0.0	0.0
receptor_only_geometry_4fold	receptor_grouped_5fold	0	Gq/11	numeric__receptor_only__npxxy_local_spread	0.0	0.0
receptor_only_geometry_4fold	receptor_grouped_5fold	0	Gq/11	numeric__receptor_only__y753_displacement	0.0	0.0
receptor_only_geometry_4fold	receptor_grouped_5fold	0	Gq/11	numeric__receptor_only__sodium_d250_s339_distance	0.0	0.0
receptor_only_geometry_4fold	receptor_grouped_5fold	0	Gq/11	numeric__receptor_only__sodium_d250_n745_distance	0.0	0.0
receptor_only_geometry_4fold	receptor_grouped_5fold	0	Gq/11	numeric__receptor_only__sodium_d250_s746_distance	0.0	0.0
receptor_only_geometry_4fold	receptor_grouped_5fold	0	Gq/11	numeric__receptor_only__sodium_d250_n749_distance	0.0	0.0
receptor_only_geometry_4fold	receptor_grouped_5fold	0	Gq/11	numeric__receptor_only__sodium_pocket_volume	0.0	0.0
receptor_only_geometry_4fold	receptor_grouped_5fold	0	Gq/11	numeric__receptor_only__sodium_pocket_spread	0.0	0.0
receptor_only_geometry_4fold	receptor_grouped_5fold	0	Gq/11	numeric__receptor_only__tm7_rotation	0.0	0.0
receptor_only_geometry_4fold	receptor_grouped_5fold	0	Gq/11	numeric__receptor_only__icl2_generic_ca_count	0.0	0.0
receptor_only_geometry_4fold	receptor_grouped_5fold	0	Gq/11	numeric__receptor_only__icl2_end_to_end_distance	0.0	0.0
receptor_only_geometry_4fold	receptor_grouped_5fold	0	Gq/11	numeric__receptor_only__icl2_centroid_to_r350	0.0	0.0
receptor_only_geometry_4fold	receptor_grouped_5fold	0	Gq/11	numeric__receptor_only__icl2_centroid_to_tm5_561	0.0	0.0
receptor_only_geometry_4fold	receptor_grouped_5fold	0	Gq/11	numeric__receptor_only__icl2_centroid_to_tm6_634	0.0	0.0
receptor_only_geometry_4fold	receptor_grouped_5fold	0	Gq/11	numeric__receptor_only__icl2_centroid_to_tm7_753	0.0	0.0
receptor_only_geometry_4fold	receptor_grouped_5fold	0	Gq/11	numeric__receptor_only__icl2_axis_tm3_angle	0.0	0.0
receptor_only_geometry_4fold	receptor_grouped_5fold	0	Gq/11	numeric__receptor_only__icl2_axis_tm5_angle	0.0	0.0
receptor_only_geometry_4fold	receptor_grouped_5fold	0	Gq/11	numeric__receptor_only__icl2_active_reference_displacement	0.0	0.0
receptor_only_geometry_4fold	receptor_grouped_5fold	0	Gq/11	numeric__receptor_only__tm5_cytoplasmic_extension	0.0	0.0
receptor_only_geometry_4fold	receptor_grouped_5fold	0	Gq/11	numeric__receptor_only__tm5_cytoplasmic_kink	0.0	0.0
receptor_only_geometry_4fold	receptor_grouped_5fold	0	Gq/11	numeric__receptor_only__tm5_r350_561_distance	0.0	0.0
receptor_only_geometry_4fold	receptor_grouped_5fold	0	Gq/11	numeric__receptor_only__tm5_r350_564_distance	0.0	0.0
receptor_only_geometry_4fold	receptor_grouped_5fold	0	Gq/11	numeric__receptor_only__tm5_tm6_cavity_distance	0.11813495579663608	0.11813495579663608
receptor_only_geometry_4fold	receptor_grouped_5fold	0	Gq/11	numeric__receptor_only__tm5_axis_tm3_angle	0.0	0.0
receptor_only_geometry_4fold	receptor_grouped_5fold	0	Gq/11	numeric__receptor_only__tm6_lower_upper_kink	-0.05263556839972653	0.05263556839972653
receptor_only_geometry_4fold	receptor_grouped_5fold	0	Gq/11	numeric__receptor_only__tm6_axis_tm3_angle	0.0	0.0
receptor_only_geometry_4fold	receptor_grouped_5fold	0	Gq/11	numeric__receptor_only__tm6_tm7_cavity_distance	0.0	0.0
receptor_only_geometry_4fold	receptor_grouped_5fold	0	Gq/11	numeric__receptor_only__tm7_h8_angle	0.0	0.0
receptor_only_geometry_4fold	receptor_grouped_5fold	0	Gq/11	numeric__receptor_only__h8_end_to_end_distance	0.0	0.0
receptor_only_geometry_4fold	receptor_grouped_5fold	0	Gq/11	numeric__receptor_only__h8_r350_distance	0.0	0.0
receptor_only_geometry_4fold	receptor_grouped_5fold	0	Gq/11	numeric__receptor_only__h8_tm6_distance	0.0	0.0
receptor_only_geometry_4fold	receptor_grouped_5fold	0	Gq/11	numeric__receptor_only__icl2_helix_fraction	0.0	0.0
receptor_only_geometry_4fold	receptor_grouped_5fold	0	Gq/11	numeric__receptor_only__icl2_longest_helix	0.0	0.0
receptor_only_geometry_4fold	receptor_grouped_5fold	0	Gq/11	numeric__receptor_only__icl2_mean_phi	0.17122291275122548	0.17122291275122548
receptor_only_geometry_4fold	receptor_grouped_5fold	0	Gq/11	numeric__receptor_only__icl2_mean_psi	0.0	0.0
receptor_only_geometry_4fold	receptor_grouped_5fold	0	Gq/11	numeric__receptor_only__intracellular_cavity_core_volume	0.0	0.0
receptor_only_geometry_4fold	receptor_grouped_5fold	0	Gq/11	numeric__receptor_only__intracellular_cavity_core_mouth_area	0.0	0.0
receptor_only_geometry_4fold	receptor_grouped_5fold	0	Gq/11	numeric__receptor_only__intracellular_cavity_core_depth	0.0	0.0
receptor_only_geometry_4fold	receptor_grouped_5fold	0	Gq/11	numeric__receptor_only__intracellular_cavity_core_maximum_width	0.0	0.0
receptor_only_geometry_4fold	receptor_grouped_5fold	0	Gq/11	numeric__receptor_only__intracellular_cavity_core_average_cross_section	0.0	0.0
receptor_only_geometry_4fold	receptor_grouped_5fold	0	Gq/11	numeric__receptor_only__intracellular_cavity_core_bottleneck_area	0.0	0.0
receptor_only_geometry_4fold	receptor_grouped_5fold	0	Gq/11	numeric__receptor_only__intracellular_cavity_core_bottleneck_radius	0.0	0.0
receptor_only_geometry_4fold	receptor_grouped_5fold	0	Gq/11	numeric__receptor_only__intracellular_cavity_core_max_inscribed_radius	0.0	0.0
receptor_only_geometry_4fold	receptor_grouped_5fold	0	Gq/11	numeric__receptor_only__intracellular_cavity_core_surface_area	0.0	0.0
receptor_only_geometry_4fold	receptor_grouped_5fold	0	Gq/11	numeric__receptor_only__intracellular_cavity_core_centroid_x	0.0	0.0
receptor_only_geometry_4fold	receptor_grouped_5fold	0	Gq/11	numeric__receptor_only__intracellular_cavity_core_centroid_y	0.0	0.0
receptor_only_geometry_4fold	receptor_grouped_5fold	0	Gq/11	numeric__receptor_only__intracellular_cavity_core_centroid_z	-0.03613464606769033	0.03613464606769033
receptor_only_geometry_4fold	receptor_grouped_5fold	0	Gq/11	numeric__receptor_only__intracellular_cavity_core_principal_length_1	0.0	0.0
receptor_only_geometry_4fold	receptor_grouped_5fold	0	Gq/11	numeric__receptor_only__intracellular_cavity_core_principal_length_2	0.0	0.0
receptor_only_geometry_4fold	receptor_grouped_5fold	0	Gq/11	numeric__receptor_only__intracellular_cavity_core_principal_length_3	0.0	0.0
receptor_only_geometry_4fold	receptor_grouped_5fold	0	Gq/11	numeric__receptor_only__intracellular_cavity_core_principal_axis_1_z_alignment	0.0	0.0
receptor_only_geometry_4fold	receptor_grouped_5fold	0	Gq/11	numeric__receptor_only__intracellular_cavity_core_eccentricity	0.0	0.0
receptor_only_geometry_4fold	receptor_grouped_5fold	0	Gq/11	numeric__receptor_only__intracellular_cavity_core_sphericity	0.0	0.0
receptor_only_geometry_4fold	receptor_grouped_5fold	0	Gq/11	numeric__receptor_only__intracellular_cavity_core_asymmetry	0.0	0.0
receptor_only_geometry_4fold	receptor_grouped_5fold	0	Gq/11	numeric__receptor_only__intracellular_cavity_core_tm3_side_fraction	0.0	0.0
receptor_only_geometry_4fold	receptor_grouped_5fold	0	Gq/11	numeric__receptor_only__intracellular_cavity_core_tm6_side_fraction	0.0	0.0
receptor_only_geometry_4fold	receptor_grouped_5fold	0	Gq/11	numeric__receptor_only__intracellular_cavity_core_tm5_side_fraction	0.0	0.0
receptor_only_geometry_4fold	receptor_grouped_5fold	0	Gq/11	numeric__receptor_only__intracellular_cavity_core_tm7_side_fraction	0.0	0.0
receptor_only_geometry_4fold	receptor_grouped_5fold	0	Gq/11	numeric__receptor_only__intracellular_cavity_core_wall_fraction_h8	0.0	0.0
receptor_only_geometry_4fold	receptor_grouped_5fold	0	Gq/11	numeric__receptor_only__intracellular_cavity_core_wall_fraction_icl2	0.0	0.0
receptor_only_geometry_4fold	receptor_grouped_5fold	0	Gq/11	numeric__receptor_only__intracellular_cavity_core_wall_fraction_tm3	0.0	0.0
receptor_only_geometry_4fold	receptor_grouped_5fold	0	Gq/11	numeric__receptor_only__intracellular_cavity_core_wall_fraction_tm7	0.0	0.0
receptor_only_geometry_4fold	receptor_grouped_5fold	0	Gs	numeric__receptor_only__activation_consensus_score	0.06400002298139838	0.06400002298139838
receptor_only_geometry_4fold	receptor_grouped_5fold	0	Gs	numeric__receptor_only__tm6_r350_634_distance	0.0016925623437670906	0.0016925623437670906
receptor_only_geometry_4fold	receptor_grouped_5fold	0	Gs	numeric__receptor_only__tm6_aligned_displacement	0.15516088411294293	0.15516088411294293
receptor_only_geometry_4fold	receptor_grouped_5fold	0	Gs	numeric__receptor_only__tm7_displacement	0.0	0.0
receptor_only_geometry_4fold	receptor_grouped_5fold	0	Gs	numeric__receptor_only__tm3_tm7_distance	0.0	0.0
receptor_only_geometry_4fold	receptor_grouped_5fold	0	Gs	numeric__receptor_only__tm6_r350_630_distance	0.0	0.0
receptor_only_geometry_4fold	receptor_grouped_5fold	0	Gs	numeric__receptor_only__dry_r350_630_min_distance	0.0	0.0
receptor_only_geometry_4fold	receptor_grouped_5fold	0	Gs	numeric__receptor_only__dry_r350_630_ca_distance	0.0	0.0
receptor_only_geometry_4fold	receptor_grouped_5fold	0	Gs	numeric__receptor_only__dry_d349_r350_min_distance	0.0	0.0
receptor_only_geometry_4fold	receptor_grouped_5fold	0	Gs	numeric__receptor_only__r350_chi1	-0.25039860533807823	0.25039860533807823
receptor_only_geometry_4fold	receptor_grouped_5fold	0	Gs	numeric__receptor_only__r350_chi2	0.0	0.0
receptor_only_geometry_4fold	receptor_grouped_5fold	0	Gs	numeric__receptor_only__pif_550_340_distance	0.0	0.0
receptor_only_geometry_4fold	receptor_grouped_5fold	0	Gs	numeric__receptor_only__pif_340_644_distance	0.0	0.0
receptor_only_geometry_4fold	receptor_grouped_5fold	0	Gs	numeric__receptor_only__pif_550_644_distance	0.0	0.0
receptor_only_geometry_4fold	receptor_grouped_5fold	0	Gs	numeric__receptor_only__pif_550_340_min_distance	0.0	0.0
receptor_only_geometry_4fold	receptor_grouped_5fold	0	Gs	numeric__receptor_only__pif_340_644_min_distance	0.0	0.0
receptor_only_geometry_4fold	receptor_grouped_5fold	0	Gs	numeric__receptor_only__pif_550_644_min_distance	0.0	0.0
receptor_only_geometry_4fold	receptor_grouped_5fold	0	Gs	numeric__receptor_only__pif_triangle_perimeter	0.0	0.0
receptor_only_geometry_4fold	receptor_grouped_5fold	0	Gs	numeric__receptor_only__position_644_chi1	0.0	0.0
receptor_only_geometry_4fold	receptor_grouped_5fold	0	Gs	numeric__receptor_only__position_644_chi2	0.08382626614937613	0.08382626614937613
receptor_only_geometry_4fold	receptor_grouped_5fold	0	Gs	numeric__receptor_only__w648_chi1	0.0	0.0
receptor_only_geometry_4fold	receptor_grouped_5fold	0	Gs	numeric__receptor_only__w648_chi2	-0.021706739485375992	0.021706739485375992
receptor_only_geometry_4fold	receptor_grouped_5fold	0	Gs	numeric__receptor_only__w648_displacement	0.0	0.0
receptor_only_geometry_4fold	receptor_grouped_5fold	0	Gs	numeric__receptor_only__w648_to_644_distance	0.0	0.0
receptor_only_geometry_4fold	receptor_grouped_5fold	0	Gs	numeric__receptor_only__cwxp_647_650_distance	0.0	0.0
receptor_only_geometry_4fold	receptor_grouped_5fold	0	Gs	numeric__receptor_only__y753_chi1	0.0	0.0
receptor_only_geometry_4fold	receptor_grouped_5fold	0	Gs	numeric__receptor_only__y753_chi2	0.0	0.0
receptor_only_geometry_4fold	receptor_grouped_5fold	0	Gs	numeric__receptor_only__y753_y558_distance	0.0	0.0
receptor_only_geometry_4fold	receptor_grouped_5fold	0	Gs	numeric__receptor_only__y753_y558_min_distance	0.0	0.0
receptor_only_geometry_4fold	receptor_grouped_5fold	0	Gs	numeric__receptor_only__n749_y753_distance	0.0	0.0
receptor_only_geometry_4fold	receptor_grouped_5fold	0	Gs	numeric__receptor_only__npxxy_local_spread	0.0	0.0
receptor_only_geometry_4fold	receptor_grouped_5fold	0	Gs	numeric__receptor_only__y753_displacement	0.04532822457976445	0.04532822457976445
receptor_only_geometry_4fold	receptor_grouped_5fold	0	Gs	numeric__receptor_only__sodium_d250_s339_distance	0.1256609821944519	0.1256609821944519
receptor_only_geometry_4fold	receptor_grouped_5fold	0	Gs	numeric__receptor_only__sodium_d250_n745_distance	0.0	0.0
receptor_only_geometry_4fold	receptor_grouped_5fold	0	Gs	numeric__receptor_only__sodium_d250_s746_distance	0.0	0.0
receptor_only_geometry_4fold	receptor_grouped_5fold	0	Gs	numeric__receptor_only__sodium_d250_n749_distance	0.0	0.0
receptor_only_geometry_4fold	receptor_grouped_5fold	0	Gs	numeric__receptor_only__sodium_pocket_volume	0.0	0.0
receptor_only_geometry_4fold	receptor_grouped_5fold	0	Gs	numeric__receptor_only__sodium_pocket_spread	0.0	0.0
receptor_only_geometry_4fold	receptor_grouped_5fold	0	Gs	numeric__receptor_only__tm7_rotation	0.0	0.0
receptor_only_geometry_4fold	receptor_grouped_5fold	0	Gs	numeric__receptor_only__icl2_generic_ca_count	0.0	0.0
receptor_only_geometry_4fold	receptor_grouped_5fold	0	Gs	numeric__receptor_only__icl2_end_to_end_distance	0.10649343168276605	0.10649343168276605
receptor_only_geometry_4fold	receptor_grouped_5fold	0	Gs	numeric__receptor_only__icl2_centroid_to_r350	0.0	0.0
receptor_only_geometry_4fold	receptor_grouped_5fold	0	Gs	numeric__receptor_only__icl2_centroid_to_tm5_561	0.0	0.0
receptor_only_geometry_4fold	receptor_grouped_5fold	0	Gs	numeric__receptor_only__icl2_centroid_to_tm6_634	0.0	0.0
receptor_only_geometry_4fold	receptor_grouped_5fold	0	Gs	numeric__receptor_only__icl2_centroid_to_tm7_753	0.0	0.0
receptor_only_geometry_4fold	receptor_grouped_5fold	0	Gs	numeric__receptor_only__icl2_axis_tm3_angle	-0.06052634173537273	0.06052634173537273
receptor_only_geometry_4fold	receptor_grouped_5fold	0	Gs	numeric__receptor_only__icl2_axis_tm5_angle	0.0	0.0
receptor_only_geometry_4fold	receptor_grouped_5fold	0	Gs	numeric__receptor_only__icl2_active_reference_displacement	0.0	0.0
receptor_only_geometry_4fold	receptor_grouped_5fold	0	Gs	numeric__receptor_only__tm5_cytoplasmic_extension	0.05874524922458457	0.05874524922458457
receptor_only_geometry_4fold	receptor_grouped_5fold	0	Gs	numeric__receptor_only__tm5_cytoplasmic_kink	0.09455488459765951	0.09455488459765951
receptor_only_geometry_4fold	receptor_grouped_5fold	0	Gs	numeric__receptor_only__tm5_r350_561_distance	0.06924877452676143	0.06924877452676143
receptor_only_geometry_4fold	receptor_grouped_5fold	0	Gs	numeric__receptor_only__tm5_r350_564_distance	0.059722245885400635	0.059722245885400635
receptor_only_geometry_4fold	receptor_grouped_5fold	0	Gs	numeric__receptor_only__tm5_tm6_cavity_distance	0.0	0.0
receptor_only_geometry_4fold	receptor_grouped_5fold	0	Gs	numeric__receptor_only__tm5_axis_tm3_angle	0.0	0.0
receptor_only_geometry_4fold	receptor_grouped_5fold	0	Gs	numeric__receptor_only__tm6_lower_upper_kink	0.2514654043856037	0.2514654043856037
receptor_only_geometry_4fold	receptor_grouped_5fold	0	Gs	numeric__receptor_only__tm6_axis_tm3_angle	0.0	0.0
receptor_only_geometry_4fold	receptor_grouped_5fold	0	Gs	numeric__receptor_only__tm6_tm7_cavity_distance	0.12087064353348063	0.12087064353348063
receptor_only_geometry_4fold	receptor_grouped_5fold	0	Gs	numeric__receptor_only__tm7_h8_angle	0.0	0.0
receptor_only_geometry_4fold	receptor_grouped_5fold	0	Gs	numeric__receptor_only__h8_end_to_end_distance	0.0	0.0
receptor_only_geometry_4fold	receptor_grouped_5fold	0	Gs	numeric__receptor_only__h8_r350_distance	-0.15281748865442077	0.15281748865442077
receptor_only_geometry_4fold	receptor_grouped_5fold	0	Gs	numeric__receptor_only__h8_tm6_distance	0.0	0.0
receptor_only_geometry_4fold	receptor_grouped_5fold	0	Gs	numeric__receptor_only__icl2_helix_fraction	0.0	0.0
receptor_only_geometry_4fold	receptor_grouped_5fold	0	Gs	numeric__receptor_only__icl2_longest_helix	0.0	0.0
receptor_only_geometry_4fold	receptor_grouped_5fold	0	Gs	numeric__receptor_only__icl2_mean_phi	0.0	0.0
receptor_only_geometry_4fold	receptor_grouped_5fold	0	Gs	numeric__receptor_only__icl2_mean_psi	0.0	0.0
receptor_only_geometry_4fold	receptor_grouped_5fold	0	Gs	numeric__receptor_only__intracellular_cavity_core_volume	0.0	0.0
receptor_only_geometry_4fold	receptor_grouped_5fold	0	Gs	numeric__receptor_only__intracellular_cavity_core_mouth_area	0.0	0.0
receptor_only_geometry_4fold	receptor_grouped_5fold	0	Gs	numeric__receptor_only__intracellular_cavity_core_depth	0.0	0.0
receptor_only_geometry_4fold	receptor_grouped_5fold	0	Gs	numeric__receptor_only__intracellular_cavity_core_maximum_width	0.0	0.0
receptor_only_geometry_4fold	receptor_grouped_5fold	0	Gs	numeric__receptor_only__intracellular_cavity_core_average_cross_section	0.0	0.0
receptor_only_geometry_4fold	receptor_grouped_5fold	0	Gs	numeric__receptor_only__intracellular_cavity_core_bottleneck_area	0.0	0.0
receptor_only_geometry_4fold	receptor_grouped_5fold	0	Gs	numeric__receptor_only__intracellular_cavity_core_bottleneck_radius	0.0	0.0
receptor_only_geometry_4fold	receptor_grouped_5fold	0	Gs	numeric__receptor_only__intracellular_cavity_core_max_inscribed_radius	0.0	0.0
receptor_only_geometry_4fold	receptor_grouped_5fold	0	Gs	numeric__receptor_only__intracellular_cavity_core_surface_area	0.0	0.0
receptor_only_geometry_4fold	receptor_grouped_5fold	0	Gs	numeric__receptor_only__intracellular_cavity_core_centroid_x	0.0	0.0
receptor_only_geometry_4fold	receptor_grouped_5fold	0	Gs	numeric__receptor_only__intracellular_cavity_core_centroid_y	0.0	0.0
receptor_only_geometry_4fold	receptor_grouped_5fold	0	Gs	numeric__receptor_only__intracellular_cavity_core_centroid_z	0.0	0.0
receptor_only_geometry_4fold	receptor_grouped_5fold	0	Gs	numeric__receptor_only__intracellular_cavity_core_principal_length_1	-0.016109454378315236	0.016109454378315236
receptor_only_geometry_4fold	receptor_grouped_5fold	0	Gs	numeric__receptor_only__intracellular_cavity_core_principal_length_2	0.0	0.0
receptor_only_geometry_4fold	receptor_grouped_5fold	0	Gs	numeric__receptor_only__intracellular_cavity_core_principal_length_3	0.0	0.0
receptor_only_geometry_4fold	receptor_grouped_5fold	0	Gs	numeric__receptor_only__intracellular_cavity_core_principal_axis_1_z_alignment	0.0	0.0
receptor_only_geometry_4fold	receptor_grouped_5fold	0	Gs	numeric__receptor_only__intracellular_cavity_core_eccentricity	-0.12325201729576322	0.12325201729576322
receptor_only_geometry_4fold	receptor_grouped_5fold	0	Gs	numeric__receptor_only__intracellular_cavity_core_sphericity	0.0	0.0
receptor_only_geometry_4fold	receptor_grouped_5fold	0	Gs	numeric__receptor_only__intracellular_cavity_core_asymmetry	0.0	0.0
receptor_only_geometry_4fold	receptor_grouped_5fold	0	Gs	numeric__receptor_only__intracellular_cavity_core_tm3_side_fraction	0.0	0.0
receptor_only_geometry_4fold	receptor_grouped_5fold	0	Gs	numeric__receptor_only__intracellular_cavity_core_tm6_side_fraction	0.0	0.0
receptor_only_geometry_4fold	receptor_grouped_5fold	0	Gs	numeric__receptor_only__intracellular_cavity_core_tm5_side_fraction	0.0	0.0
receptor_only_geometry_4fold	receptor_grouped_5fold	0	Gs	numeric__receptor_only__intracellular_cavity_core_tm7_side_fraction	0.0	0.0
receptor_only_geometry_4fold	receptor_grouped_5fold	0	Gs	numeric__receptor_only__intracellular_cavity_core_wall_fraction_h8	0.0	0.0
receptor_only_geometry_4fold	receptor_grouped_5fold	0	Gs	numeric__receptor_only__intracellular_cavity_core_wall_fraction_icl2	0.0	0.0
receptor_only_geometry_4fold	receptor_grouped_5fold	0	Gs	numeric__receptor_only__intracellular_cavity_core_wall_fraction_tm3	0.0	0.0
receptor_only_geometry_4fold	receptor_grouped_5fold	0	Gs	numeric__receptor_only__intracellular_cavity_core_wall_fraction_tm7	0.0	0.0
receptor_only_geometry_4fold	receptor_grouped_5fold	1	Gi/o	numeric__receptor_only__activation_consensus_score	-0.2068151748436431	0.2068151748436431
receptor_only_geometry_4fold	receptor_grouped_5fold	1	Gi/o	numeric__receptor_only__tm6_r350_634_distance	-0.20867779330151595	0.20867779330151595
receptor_only_geometry_4fold	receptor_grouped_5fold	1	Gi/o	numeric__receptor_only__tm6_aligned_displacement	-0.23888495787417655	0.23888495787417655
receptor_only_geometry_4fold	receptor_grouped_5fold	1	Gi/o	numeric__receptor_only__tm7_displacement	0.0	0.0
receptor_only_geometry_4fold	receptor_grouped_5fold	1	Gi/o	numeric__receptor_only__tm3_tm7_distance	0.2982466507854036	0.2982466507854036
receptor_only_geometry_4fold	receptor_grouped_5fold	1	Gi/o	numeric__receptor_only__tm6_r350_630_distance	0.0	0.0
receptor_only_geometry_4fold	receptor_grouped_5fold	1	Gi/o	numeric__receptor_only__dry_r350_630_min_distance	-0.02601080377732762	0.02601080377732762
receptor_only_geometry_4fold	receptor_grouped_5fold	1	Gi/o	numeric__receptor_only__dry_r350_630_ca_distance	0.0	0.0
receptor_only_geometry_4fold	receptor_grouped_5fold	1	Gi/o	numeric__receptor_only__dry_d349_r350_min_distance	0.04434368306814454	0.04434368306814454
receptor_only_geometry_4fold	receptor_grouped_5fold	1	Gi/o	numeric__receptor_only__r350_chi1	0.07798912032121544	0.07798912032121544
receptor_only_geometry_4fold	receptor_grouped_5fold	1	Gi/o	numeric__receptor_only__r350_chi2	0.0	0.0
receptor_only_geometry_4fold	receptor_grouped_5fold	1	Gi/o	numeric__receptor_only__pif_550_340_distance	0.0	0.0
receptor_only_geometry_4fold	receptor_grouped_5fold	1	Gi/o	numeric__receptor_only__pif_340_644_distance	0.0	0.0
receptor_only_geometry_4fold	receptor_grouped_5fold	1	Gi/o	numeric__receptor_only__pif_550_644_distance	-0.010722114279616063	0.010722114279616063
receptor_only_geometry_4fold	receptor_grouped_5fold	1	Gi/o	numeric__receptor_only__pif_550_340_min_distance	0.0	0.0
receptor_only_geometry_4fold	receptor_grouped_5fold	1	Gi/o	numeric__receptor_only__pif_340_644_min_distance	0.03544032245030461	0.03544032245030461
receptor_only_geometry_4fold	receptor_grouped_5fold	1	Gi/o	numeric__receptor_only__pif_550_644_min_distance	0.0	0.0
receptor_only_geometry_4fold	receptor_grouped_5fold	1	Gi/o	numeric__receptor_only__pif_triangle_perimeter	0.0	0.0
receptor_only_geometry_4fold	receptor_grouped_5fold	1	Gi/o	numeric__receptor_only__position_644_chi1	0.0	0.0
receptor_only_geometry_4fold	receptor_grouped_5fold	1	Gi/o	numeric__receptor_only__position_644_chi2	0.0	0.0
receptor_only_geometry_4fold	receptor_grouped_5fold	1	Gi/o	numeric__receptor_only__w648_chi1	0.0	0.0
receptor_only_geometry_4fold	receptor_grouped_5fold	1	Gi/o	numeric__receptor_only__w648_chi2	0.0	0.0
receptor_only_geometry_4fold	receptor_grouped_5fold	1	Gi/o	numeric__receptor_only__w648_displacement	0.03789947454722698	0.03789947454722698
receptor_only_geometry_4fold	receptor_grouped_5fold	1	Gi/o	numeric__receptor_only__w648_to_644_distance	-0.09783361474385173	0.09783361474385173
receptor_only_geometry_4fold	receptor_grouped_5fold	1	Gi/o	numeric__receptor_only__cwxp_647_650_distance	0.0	0.0
receptor_only_geometry_4fold	receptor_grouped_5fold	1	Gi/o	numeric__receptor_only__y753_chi1	-0.09913146360090533	0.09913146360090533
receptor_only_geometry_4fold	receptor_grouped_5fold	1	Gi/o	numeric__receptor_only__y753_chi2	0.0	0.0
receptor_only_geometry_4fold	receptor_grouped_5fold	1	Gi/o	numeric__receptor_only__y753_y558_distance	0.042669716775021065	0.042669716775021065
receptor_only_geometry_4fold	receptor_grouped_5fold	1	Gi/o	numeric__receptor_only__y753_y558_min_distance	0.05032467243821171	0.05032467243821171
receptor_only_geometry_4fold	receptor_grouped_5fold	1	Gi/o	numeric__receptor_only__n749_y753_distance	0.0	0.0
receptor_only_geometry_4fold	receptor_grouped_5fold	1	Gi/o	numeric__receptor_only__npxxy_local_spread	-0.32352152961028724	0.32352152961028724
receptor_only_geometry_4fold	receptor_grouped_5fold	1	Gi/o	numeric__receptor_only__y753_displacement	0.0	0.0
receptor_only_geometry_4fold	receptor_grouped_5fold	1	Gi/o	numeric__receptor_only__sodium_d250_s339_distance	-0.04309616128768764	0.04309616128768764
receptor_only_geometry_4fold	receptor_grouped_5fold	1	Gi/o	numeric__receptor_only__sodium_d250_n745_distance	0.0	0.0
receptor_only_geometry_4fold	receptor_grouped_5fold	1	Gi/o	numeric__receptor_only__sodium_d250_s746_distance	0.0	0.0
receptor_only_geometry_4fold	receptor_grouped_5fold	1	Gi/o	numeric__receptor_only__sodium_d250_n749_distance	0.0	0.0
receptor_only_geometry_4fold	receptor_grouped_5fold	1	Gi/o	numeric__receptor_only__sodium_pocket_volume	0.0	0.0
receptor_only_geometry_4fold	receptor_grouped_5fold	1	Gi/o	numeric__receptor_only__sodium_pocket_spread	0.0	0.0
receptor_only_geometry_4fold	receptor_grouped_5fold	1	Gi/o	numeric__receptor_only__tm7_rotation	0.0	0.0
receptor_only_geometry_4fold	receptor_grouped_5fold	1	Gi/o	numeric__receptor_only__icl2_generic_ca_count	-0.02152894545618495	0.02152894545618495
receptor_only_geometry_4fold	receptor_grouped_5fold	1	Gi/o	numeric__receptor_only__icl2_end_to_end_distance	0.0	0.0
receptor_only_geometry_4fold	receptor_grouped_5fold	1	Gi/o	numeric__receptor_only__icl2_centroid_to_r350	0.0	0.0
receptor_only_geometry_4fold	receptor_grouped_5fold	1	Gi/o	numeric__receptor_only__icl2_centroid_to_tm5_561	-0.3991859149276143	0.3991859149276143
receptor_only_geometry_4fold	receptor_grouped_5fold	1	Gi/o	numeric__receptor_only__icl2_centroid_to_tm6_634	-0.19978798995916963	0.19978798995916963
receptor_only_geometry_4fold	receptor_grouped_5fold	1	Gi/o	numeric__receptor_only__icl2_centroid_to_tm7_753	0.031394285984959774	0.031394285984959774
receptor_only_geometry_4fold	receptor_grouped_5fold	1	Gi/o	numeric__receptor_only__icl2_axis_tm3_angle	0.0	0.0
receptor_only_geometry_4fold	receptor_grouped_5fold	1	Gi/o	numeric__receptor_only__icl2_axis_tm5_angle	0.19904169679142	0.19904169679142
receptor_only_geometry_4fold	receptor_grouped_5fold	1	Gi/o	numeric__receptor_only__icl2_active_reference_displacement	0.11437002431116411	0.11437002431116411
receptor_only_geometry_4fold	receptor_grouped_5fold	1	Gi/o	numeric__receptor_only__tm5_cytoplasmic_extension	-0.2425922196973776	0.2425922196973776
receptor_only_geometry_4fold	receptor_grouped_5fold	1	Gi/o	numeric__receptor_only__tm5_cytoplasmic_kink	0.0	0.0
receptor_only_geometry_4fold	receptor_grouped_5fold	1	Gi/o	numeric__receptor_only__tm5_r350_561_distance	-0.047471850181002126	0.047471850181002126
receptor_only_geometry_4fold	receptor_grouped_5fold	1	Gi/o	numeric__receptor_only__tm5_r350_564_distance	0.0	0.0
receptor_only_geometry_4fold	receptor_grouped_5fold	1	Gi/o	numeric__receptor_only__tm5_tm6_cavity_distance	-0.019071789152848784	0.019071789152848784
receptor_only_geometry_4fold	receptor_grouped_5fold	1	Gi/o	numeric__receptor_only__tm5_axis_tm3_angle	-0.08529826212163126	0.08529826212163126
receptor_only_geometry_4fold	receptor_grouped_5fold	1	Gi/o	numeric__receptor_only__tm6_lower_upper_kink	0.0	0.0
receptor_only_geometry_4fold	receptor_grouped_5fold	1	Gi/o	numeric__receptor_only__tm6_axis_tm3_angle	0.0	0.0
receptor_only_geometry_4fold	receptor_grouped_5fold	1	Gi/o	numeric__receptor_only__tm6_tm7_cavity_distance	0.0	0.0
receptor_only_geometry_4fold	receptor_grouped_5fold	1	Gi/o	numeric__receptor_only__tm7_h8_angle	0.0	0.0
receptor_only_geometry_4fold	receptor_grouped_5fold	1	Gi/o	numeric__receptor_only__h8_end_to_end_distance	0.0	0.0
receptor_only_geometry_4fold	receptor_grouped_5fold	1	Gi/o	numeric__receptor_only__h8_r350_distance	0.0	0.0
receptor_only_geometry_4fold	receptor_grouped_5fold	1	Gi/o	numeric__receptor_only__h8_tm6_distance	-0.14100825434659325	0.14100825434659325
receptor_only_geometry_4fold	receptor_grouped_5fold	1	Gi/o	numeric__receptor_only__icl2_helix_fraction	-0.15910360918461905	0.15910360918461905
receptor_only_geometry_4fold	receptor_grouped_5fold	1	Gi/o	numeric__receptor_only__icl2_longest_helix	-0.17414283740036646	0.17414283740036646
receptor_only_geometry_4fold	receptor_grouped_5fold	1	Gi/o	numeric__receptor_only__icl2_mean_phi	0.0	0.0
receptor_only_geometry_4fold	receptor_grouped_5fold	1	Gi/o	numeric__receptor_only__icl2_mean_psi	0.0504552150235064	0.0504552150235064
receptor_only_geometry_4fold	receptor_grouped_5fold	1	Gi/o	numeric__receptor_only__intracellular_cavity_core_volume	0.0	0.0
receptor_only_geometry_4fold	receptor_grouped_5fold	1	Gi/o	numeric__receptor_only__intracellular_cavity_core_mouth_area	0.0	0.0
receptor_only_geometry_4fold	receptor_grouped_5fold	1	Gi/o	numeric__receptor_only__intracellular_cavity_core_depth	0.0	0.0
receptor_only_geometry_4fold	receptor_grouped_5fold	1	Gi/o	numeric__receptor_only__intracellular_cavity_core_maximum_width	0.0	0.0
receptor_only_geometry_4fold	receptor_grouped_5fold	1	Gi/o	numeric__receptor_only__intracellular_cavity_core_average_cross_section	0.0	0.0
receptor_only_geometry_4fold	receptor_grouped_5fold	1	Gi/o	numeric__receptor_only__intracellular_cavity_core_bottleneck_area	0.0	0.0
receptor_only_geometry_4fold	receptor_grouped_5fold	1	Gi/o	numeric__receptor_only__intracellular_cavity_core_bottleneck_radius	0.0	0.0
receptor_only_geometry_4fold	receptor_grouped_5fold	1	Gi/o	numeric__receptor_only__intracellular_cavity_core_max_inscribed_radius	0.0	0.0
receptor_only_geometry_4fold	receptor_grouped_5fold	1	Gi/o	numeric__receptor_only__intracellular_cavity_core_surface_area	0.0	0.0
receptor_only_geometry_4fold	receptor_grouped_5fold	1	Gi/o	numeric__receptor_only__intracellular_cavity_core_centroid_x	0.0	0.0
receptor_only_geometry_4fold	receptor_grouped_5fold	1	Gi/o	numeric__receptor_only__intracellular_cavity_core_centroid_y	0.06450160239686463	0.06450160239686463
receptor_only_geometry_4fold	receptor_grouped_5fold	1	Gi/o	numeric__receptor_only__intracellular_cavity_core_centroid_z	0.0	0.0
receptor_only_geometry_4fold	receptor_grouped_5fold	1	Gi/o	numeric__receptor_only__intracellular_cavity_core_principal_length_1	0.1173916678125855	0.1173916678125855
receptor_only_geometry_4fold	receptor_grouped_5fold	1	Gi/o	numeric__receptor_only__intracellular_cavity_core_principal_length_2	0.09347604905799595	0.09347604905799595
receptor_only_geometry_4fold	receptor_grouped_5fold	1	Gi/o	numeric__receptor_only__intracellular_cavity_core_principal_length_3	0.0	0.0
receptor_only_geometry_4fold	receptor_grouped_5fold	1	Gi/o	numeric__receptor_only__intracellular_cavity_core_principal_axis_1_z_alignment	0.0	0.0
receptor_only_geometry_4fold	receptor_grouped_5fold	1	Gi/o	numeric__receptor_only__intracellular_cavity_core_eccentricity	0.0	0.0
receptor_only_geometry_4fold	receptor_grouped_5fold	1	Gi/o	numeric__receptor_only__intracellular_cavity_core_sphericity	0.0	0.0
receptor_only_geometry_4fold	receptor_grouped_5fold	1	Gi/o	numeric__receptor_only__intracellular_cavity_core_asymmetry	0.0	0.0
receptor_only_geometry_4fold	receptor_grouped_5fold	1	Gi/o	numeric__receptor_only__intracellular_cavity_core_tm3_side_fraction	0.0	0.0
receptor_only_geometry_4fold	receptor_grouped_5fold	1	Gi/o	numeric__receptor_only__intracellular_cavity_core_tm6_side_fraction	0.0	0.0
receptor_only_geometry_4fold	receptor_grouped_5fold	1	Gi/o	numeric__receptor_only__intracellular_cavity_core_tm5_side_fraction	0.0	0.0
receptor_only_geometry_4fold	receptor_grouped_5fold	1	Gi/o	numeric__receptor_only__intracellular_cavity_core_tm7_side_fraction	0.0	0.0
receptor_only_geometry_4fold	receptor_grouped_5fold	1	Gi/o	numeric__receptor_only__intracellular_cavity_core_wall_fraction_h8	0.0	0.0
receptor_only_geometry_4fold	receptor_grouped_5fold	1	Gi/o	numeric__receptor_only__intracellular_cavity_core_wall_fraction_icl2	0.0	0.0
receptor_only_geometry_4fold	receptor_grouped_5fold	1	Gi/o	numeric__receptor_only__intracellular_cavity_core_wall_fraction_tm3	0.0	0.0
receptor_only_geometry_4fold	receptor_grouped_5fold	1	Gi/o	numeric__receptor_only__intracellular_cavity_core_wall_fraction_tm7	0.0	0.0
receptor_only_geometry_4fold	receptor_grouped_5fold	1	Gq/11	numeric__receptor_only__activation_consensus_score	0.26366339778253867	0.26366339778253867
receptor_only_geometry_4fold	receptor_grouped_5fold	1	Gq/11	numeric__receptor_only__tm6_r350_634_distance	0.040919360268481045	0.040919360268481045
receptor_only_geometry_4fold	receptor_grouped_5fold	1	Gq/11	numeric__receptor_only__tm6_aligned_displacement	0.0	0.0
receptor_only_geometry_4fold	receptor_grouped_5fold	1	Gq/11	numeric__receptor_only__tm7_displacement	0.0	0.0
receptor_only_geometry_4fold	receptor_grouped_5fold	1	Gq/11	numeric__receptor_only__tm3_tm7_distance	-0.11526613093125895	0.11526613093125895
receptor_only_geometry_4fold	receptor_grouped_5fold	1	Gq/11	numeric__receptor_only__tm6_r350_630_distance	0.0	0.0
receptor_only_geometry_4fold	receptor_grouped_5fold	1	Gq/11	numeric__receptor_only__dry_r350_630_min_distance	0.02234227067848102	0.02234227067848102
receptor_only_geometry_4fold	receptor_grouped_5fold	1	Gq/11	numeric__receptor_only__dry_r350_630_ca_distance	0.0	0.0
receptor_only_geometry_4fold	receptor_grouped_5fold	1	Gq/11	numeric__receptor_only__dry_d349_r350_min_distance	0.0	0.0
receptor_only_geometry_4fold	receptor_grouped_5fold	1	Gq/11	numeric__receptor_only__r350_chi1	0.0	0.0
receptor_only_geometry_4fold	receptor_grouped_5fold	1	Gq/11	numeric__receptor_only__r350_chi2	0.0	0.0
receptor_only_geometry_4fold	receptor_grouped_5fold	1	Gq/11	numeric__receptor_only__pif_550_340_distance	0.0	0.0
receptor_only_geometry_4fold	receptor_grouped_5fold	1	Gq/11	numeric__receptor_only__pif_340_644_distance	-0.21413691149854508	0.21413691149854508
receptor_only_geometry_4fold	receptor_grouped_5fold	1	Gq/11	numeric__receptor_only__pif_550_644_distance	0.20412423573769733	0.20412423573769733
receptor_only_geometry_4fold	receptor_grouped_5fold	1	Gq/11	numeric__receptor_only__pif_550_340_min_distance	0.0	0.0
receptor_only_geometry_4fold	receptor_grouped_5fold	1	Gq/11	numeric__receptor_only__pif_340_644_min_distance	-0.2503258793086559	0.2503258793086559
receptor_only_geometry_4fold	receptor_grouped_5fold	1	Gq/11	numeric__receptor_only__pif_550_644_min_distance	0.11345430395379706	0.11345430395379706
receptor_only_geometry_4fold	receptor_grouped_5fold	1	Gq/11	numeric__receptor_only__pif_triangle_perimeter	0.0	0.0
receptor_only_geometry_4fold	receptor_grouped_5fold	1	Gq/11	numeric__receptor_only__position_644_chi1	0.0	0.0
receptor_only_geometry_4fold	receptor_grouped_5fold	1	Gq/11	numeric__receptor_only__position_644_chi2	-0.11286587892082071	0.11286587892082071
receptor_only_geometry_4fold	receptor_grouped_5fold	1	Gq/11	numeric__receptor_only__w648_chi1	0.0	0.0
receptor_only_geometry_4fold	receptor_grouped_5fold	1	Gq/11	numeric__receptor_only__w648_chi2	0.05348183528704327	0.05348183528704327
receptor_only_geometry_4fold	receptor_grouped_5fold	1	Gq/11	numeric__receptor_only__w648_displacement	0.0	0.0
receptor_only_geometry_4fold	receptor_grouped_5fold	1	Gq/11	numeric__receptor_only__w648_to_644_distance	0.0	0.0
receptor_only_geometry_4fold	receptor_grouped_5fold	1	Gq/11	numeric__receptor_only__cwxp_647_650_distance	-0.2077797928660473	0.2077797928660473
receptor_only_geometry_4fold	receptor_grouped_5fold	1	Gq/11	numeric__receptor_only__y753_chi1	0.0	0.0
receptor_only_geometry_4fold	receptor_grouped_5fold	1	Gq/11	numeric__receptor_only__y753_chi2	0.0	0.0
receptor_only_geometry_4fold	receptor_grouped_5fold	1	Gq/11	numeric__receptor_only__y753_y558_distance	0.0	0.0
receptor_only_geometry_4fold	receptor_grouped_5fold	1	Gq/11	numeric__receptor_only__y753_y558_min_distance	0.0	0.0
receptor_only_geometry_4fold	receptor_grouped_5fold	1	Gq/11	numeric__receptor_only__n749_y753_distance	-0.10798447708570226	0.10798447708570226
receptor_only_geometry_4fold	receptor_grouped_5fold	1	Gq/11	numeric__receptor_only__npxxy_local_spread	0.2923700103008999	0.2923700103008999
receptor_only_geometry_4fold	receptor_grouped_5fold	1	Gq/11	numeric__receptor_only__y753_displacement	0.0	0.0
receptor_only_geometry_4fold	receptor_grouped_5fold	1	Gq/11	numeric__receptor_only__sodium_d250_s339_distance	0.0	0.0
receptor_only_geometry_4fold	receptor_grouped_5fold	1	Gq/11	numeric__receptor_only__sodium_d250_n745_distance	0.0	0.0
receptor_only_geometry_4fold	receptor_grouped_5fold	1	Gq/11	numeric__receptor_only__sodium_d250_s746_distance	-0.11328409405553336	0.11328409405553336
receptor_only_geometry_4fold	receptor_grouped_5fold	1	Gq/11	numeric__receptor_only__sodium_d250_n749_distance	-0.095739047150615	0.095739047150615
receptor_only_geometry_4fold	receptor_grouped_5fold	1	Gq/11	numeric__receptor_only__sodium_pocket_volume	-0.16775304168086458	0.16775304168086458
receptor_only_geometry_4fold	receptor_grouped_5fold	1	Gq/11	numeric__receptor_only__sodium_pocket_spread	-0.1946109207421648	0.1946109207421648
receptor_only_geometry_4fold	receptor_grouped_5fold	1	Gq/11	numeric__receptor_only__tm7_rotation	0.0	0.0
receptor_only_geometry_4fold	receptor_grouped_5fold	1	Gq/11	numeric__receptor_only__icl2_generic_ca_count	0.0	0.0
receptor_only_geometry_4fold	receptor_grouped_5fold	1	Gq/11	numeric__receptor_only__icl2_end_to_end_distance	-0.008484204891620037	0.008484204891620037
receptor_only_geometry_4fold	receptor_grouped_5fold	1	Gq/11	numeric__receptor_only__icl2_centroid_to_r350	0.0	0.0
receptor_only_geometry_4fold	receptor_grouped_5fold	1	Gq/11	numeric__receptor_only__icl2_centroid_to_tm5_561	0.0	0.0
receptor_only_geometry_4fold	receptor_grouped_5fold	1	Gq/11	numeric__receptor_only__icl2_centroid_to_tm6_634	0.015078287895862949	0.015078287895862949
receptor_only_geometry_4fold	receptor_grouped_5fold	1	Gq/11	numeric__receptor_only__icl2_centroid_to_tm7_753	-0.18637706608169582	0.18637706608169582
receptor_only_geometry_4fold	receptor_grouped_5fold	1	Gq/11	numeric__receptor_only__icl2_axis_tm3_angle	0.0	0.0
receptor_only_geometry_4fold	receptor_grouped_5fold	1	Gq/11	numeric__receptor_only__icl2_axis_tm5_angle	0.0	0.0
receptor_only_geometry_4fold	receptor_grouped_5fold	1	Gq/11	numeric__receptor_only__icl2_active_reference_displacement	0.0	0.0
receptor_only_geometry_4fold	receptor_grouped_5fold	1	Gq/11	numeric__receptor_only__tm5_cytoplasmic_extension	0.0	0.0
receptor_only_geometry_4fold	receptor_grouped_5fold	1	Gq/11	numeric__receptor_only__tm5_cytoplasmic_kink	0.0	0.0
receptor_only_geometry_4fold	receptor_grouped_5fold	1	Gq/11	numeric__receptor_only__tm5_r350_561_distance	0.0	0.0
receptor_only_geometry_4fold	receptor_grouped_5fold	1	Gq/11	numeric__receptor_only__tm5_r350_564_distance	0.0	0.0
receptor_only_geometry_4fold	receptor_grouped_5fold	1	Gq/11	numeric__receptor_only__tm5_tm6_cavity_distance	0.08329140763614656	0.08329140763614656
receptor_only_geometry_4fold	receptor_grouped_5fold	1	Gq/11	numeric__receptor_only__tm5_axis_tm3_angle	0.0	0.0
receptor_only_geometry_4fold	receptor_grouped_5fold	1	Gq/11	numeric__receptor_only__tm6_lower_upper_kink	0.0	0.0
receptor_only_geometry_4fold	receptor_grouped_5fold	1	Gq/11	numeric__receptor_only__tm6_axis_tm3_angle	0.0	0.0
receptor_only_geometry_4fold	receptor_grouped_5fold	1	Gq/11	numeric__receptor_only__tm6_tm7_cavity_distance	0.1833813265719214	0.1833813265719214
receptor_only_geometry_4fold	receptor_grouped_5fold	1	Gq/11	numeric__receptor_only__tm7_h8_angle	0.0	0.0
receptor_only_geometry_4fold	receptor_grouped_5fold	1	Gq/11	numeric__receptor_only__h8_end_to_end_distance	0.1424795720412793	0.1424795720412793
receptor_only_geometry_4fold	receptor_grouped_5fold	1	Gq/11	numeric__receptor_only__h8_r350_distance	0.0	0.0
receptor_only_geometry_4fold	receptor_grouped_5fold	1	Gq/11	numeric__receptor_only__h8_tm6_distance	0.0	0.0
receptor_only_geometry_4fold	receptor_grouped_5fold	1	Gq/11	numeric__receptor_only__icl2_helix_fraction	0.0	0.0
receptor_only_geometry_4fold	receptor_grouped_5fold	1	Gq/11	numeric__receptor_only__icl2_longest_helix	0.09681784850464789	0.09681784850464789
receptor_only_geometry_4fold	receptor_grouped_5fold	1	Gq/11	numeric__receptor_only__icl2_mean_phi	0.16327259630948815	0.16327259630948815
receptor_only_geometry_4fold	receptor_grouped_5fold	1	Gq/11	numeric__receptor_only__icl2_mean_psi	0.0	0.0
receptor_only_geometry_4fold	receptor_grouped_5fold	1	Gq/11	numeric__receptor_only__intracellular_cavity_core_volume	0.0	0.0
receptor_only_geometry_4fold	receptor_grouped_5fold	1	Gq/11	numeric__receptor_only__intracellular_cavity_core_mouth_area	0.0	0.0
receptor_only_geometry_4fold	receptor_grouped_5fold	1	Gq/11	numeric__receptor_only__intracellular_cavity_core_depth	0.0	0.0
receptor_only_geometry_4fold	receptor_grouped_5fold	1	Gq/11	numeric__receptor_only__intracellular_cavity_core_maximum_width	0.0	0.0
receptor_only_geometry_4fold	receptor_grouped_5fold	1	Gq/11	numeric__receptor_only__intracellular_cavity_core_average_cross_section	0.0	0.0
receptor_only_geometry_4fold	receptor_grouped_5fold	1	Gq/11	numeric__receptor_only__intracellular_cavity_core_bottleneck_area	0.0	0.0
receptor_only_geometry_4fold	receptor_grouped_5fold	1	Gq/11	numeric__receptor_only__intracellular_cavity_core_bottleneck_radius	0.0	0.0
receptor_only_geometry_4fold	receptor_grouped_5fold	1	Gq/11	numeric__receptor_only__intracellular_cavity_core_max_inscribed_radius	0.0	0.0
receptor_only_geometry_4fold	receptor_grouped_5fold	1	Gq/11	numeric__receptor_only__intracellular_cavity_core_surface_area	0.0	0.0
receptor_only_geometry_4fold	receptor_grouped_5fold	1	Gq/11	numeric__receptor_only__intracellular_cavity_core_centroid_x	0.11994594542827348	0.11994594542827348
receptor_only_geometry_4fold	receptor_grouped_5fold	1	Gq/11	numeric__receptor_only__intracellular_cavity_core_centroid_y	0.0	0.0
receptor_only_geometry_4fold	receptor_grouped_5fold	1	Gq/11	numeric__receptor_only__intracellular_cavity_core_centroid_z	0.0	0.0
receptor_only_geometry_4fold	receptor_grouped_5fold	1	Gq/11	numeric__receptor_only__intracellular_cavity_core_principal_length_1	0.0	0.0
receptor_only_geometry_4fold	receptor_grouped_5fold	1	Gq/11	numeric__receptor_only__intracellular_cavity_core_principal_length_2	0.0	0.0
receptor_only_geometry_4fold	receptor_grouped_5fold	1	Gq/11	numeric__receptor_only__intracellular_cavity_core_principal_length_3	0.0	0.0
receptor_only_geometry_4fold	receptor_grouped_5fold	1	Gq/11	numeric__receptor_only__intracellular_cavity_core_principal_axis_1_z_alignment	0.0	0.0
receptor_only_geometry_4fold	receptor_grouped_5fold	1	Gq/11	numeric__receptor_only__intracellular_cavity_core_eccentricity	0.0	0.0
receptor_only_geometry_4fold	receptor_grouped_5fold	1	Gq/11	numeric__receptor_only__intracellular_cavity_core_sphericity	0.0	0.0
receptor_only_geometry_4fold	receptor_grouped_5fold	1	Gq/11	numeric__receptor_only__intracellular_cavity_core_asymmetry	0.0	0.0
receptor_only_geometry_4fold	receptor_grouped_5fold	1	Gq/11	numeric__receptor_only__intracellular_cavity_core_tm3_side_fraction	-0.005652525066788729	0.005652525066788729
receptor_only_geometry_4fold	receptor_grouped_5fold	1	Gq/11	numeric__receptor_only__intracellular_cavity_core_tm6_side_fraction	0.005652525066790925	0.005652525066790925
receptor_only_geometry_4fold	receptor_grouped_5fold	1	Gq/11	numeric__receptor_only__intracellular_cavity_core_tm5_side_fraction	0.0	0.0
receptor_only_geometry_4fold	receptor_grouped_5fold	1	Gq/11	numeric__receptor_only__intracellular_cavity_core_tm7_side_fraction	0.0	0.0
receptor_only_geometry_4fold	receptor_grouped_5fold	1	Gq/11	numeric__receptor_only__intracellular_cavity_core_wall_fraction_h8	-0.065674819208271	0.065674819208271
receptor_only_geometry_4fold	receptor_grouped_5fold	1	Gq/11	numeric__receptor_only__intracellular_cavity_core_wall_fraction_icl2	0.16449690215136392	0.16449690215136392
receptor_only_geometry_4fold	receptor_grouped_5fold	1	Gq/11	numeric__receptor_only__intracellular_cavity_core_wall_fraction_tm3	0.0	0.0
receptor_only_geometry_4fold	receptor_grouped_5fold	1	Gq/11	numeric__receptor_only__intracellular_cavity_core_wall_fraction_tm7	0.0	0.0
receptor_only_geometry_4fold	receptor_grouped_5fold	1	Gs	numeric__receptor_only__activation_consensus_score	0.0	0.0
receptor_only_geometry_4fold	receptor_grouped_5fold	1	Gs	numeric__receptor_only__tm6_r350_634_distance	0.0	0.0
receptor_only_geometry_4fold	receptor_grouped_5fold	1	Gs	numeric__receptor_only__tm6_aligned_displacement	0.081498400260451	0.081498400260451
receptor_only_geometry_4fold	receptor_grouped_5fold	1	Gs	numeric__receptor_only__tm7_displacement	0.0	0.0
receptor_only_geometry_4fold	receptor_grouped_5fold	1	Gs	numeric__receptor_only__tm3_tm7_distance	0.0	0.0
receptor_only_geometry_4fold	receptor_grouped_5fold	1	Gs	numeric__receptor_only__tm6_r350_630_distance	0.0	0.0
receptor_only_geometry_4fold	receptor_grouped_5fold	1	Gs	numeric__receptor_only__dry_r350_630_min_distance	0.0	0.0
receptor_only_geometry_4fold	receptor_grouped_5fold	1	Gs	numeric__receptor_only__dry_r350_630_ca_distance	0.0	0.0
receptor_only_geometry_4fold	receptor_grouped_5fold	1	Gs	numeric__receptor_only__dry_d349_r350_min_distance	0.0	0.0
receptor_only_geometry_4fold	receptor_grouped_5fold	1	Gs	numeric__receptor_only__r350_chi1	-0.0012541974161021758	0.0012541974161021758
receptor_only_geometry_4fold	receptor_grouped_5fold	1	Gs	numeric__receptor_only__r350_chi2	0.0	0.0
receptor_only_geometry_4fold	receptor_grouped_5fold	1	Gs	numeric__receptor_only__pif_550_340_distance	0.0	0.0
receptor_only_geometry_4fold	receptor_grouped_5fold	1	Gs	numeric__receptor_only__pif_340_644_distance	0.0	0.0
receptor_only_geometry_4fold	receptor_grouped_5fold	1	Gs	numeric__receptor_only__pif_550_644_distance	0.0	0.0
receptor_only_geometry_4fold	receptor_grouped_5fold	1	Gs	numeric__receptor_only__pif_550_340_min_distance	0.0	0.0
receptor_only_geometry_4fold	receptor_grouped_5fold	1	Gs	numeric__receptor_only__pif_340_644_min_distance	0.0	0.0
receptor_only_geometry_4fold	receptor_grouped_5fold	1	Gs	numeric__receptor_only__pif_550_644_min_distance	0.0	0.0
receptor_only_geometry_4fold	receptor_grouped_5fold	1	Gs	numeric__receptor_only__pif_triangle_perimeter	0.0	0.0
receptor_only_geometry_4fold	receptor_grouped_5fold	1	Gs	numeric__receptor_only__position_644_chi1	0.0	0.0
receptor_only_geometry_4fold	receptor_grouped_5fold	1	Gs	numeric__receptor_only__position_644_chi2	0.022419947261312582	0.022419947261312582
receptor_only_geometry_4fold	receptor_grouped_5fold	1	Gs	numeric__receptor_only__w648_chi1	0.0	0.0
receptor_only_geometry_4fold	receptor_grouped_5fold	1	Gs	numeric__receptor_only__w648_chi2	0.0	0.0
receptor_only_geometry_4fold	receptor_grouped_5fold	1	Gs	numeric__receptor_only__w648_displacement	0.0	0.0
receptor_only_geometry_4fold	receptor_grouped_5fold	1	Gs	numeric__receptor_only__w648_to_644_distance	0.0	0.0
receptor_only_geometry_4fold	receptor_grouped_5fold	1	Gs	numeric__receptor_only__cwxp_647_650_distance	0.3251063438642806	0.3251063438642806
receptor_only_geometry_4fold	receptor_grouped_5fold	1	Gs	numeric__receptor_only__y753_chi1	0.30005357029746527	0.30005357029746527
receptor_only_geometry_4fold	receptor_grouped_5fold	1	Gs	numeric__receptor_only__y753_chi2	0.0	0.0
receptor_only_geometry_4fold	receptor_grouped_5fold	1	Gs	numeric__receptor_only__y753_y558_distance	0.0	0.0
receptor_only_geometry_4fold	receptor_grouped_5fold	1	Gs	numeric__receptor_only__y753_y558_min_distance	0.0	0.0
receptor_only_geometry_4fold	receptor_grouped_5fold	1	Gs	numeric__receptor_only__n749_y753_distance	0.0	0.0
receptor_only_geometry_4fold	receptor_grouped_5fold	1	Gs	numeric__receptor_only__npxxy_local_spread	0.0	0.0
receptor_only_geometry_4fold	receptor_grouped_5fold	1	Gs	numeric__receptor_only__y753_displacement	0.08953690744867024	0.08953690744867024
receptor_only_geometry_4fold	receptor_grouped_5fold	1	Gs	numeric__receptor_only__sodium_d250_s339_distance	0.2892129281779488	0.2892129281779488
receptor_only_geometry_4fold	receptor_grouped_5fold	1	Gs	numeric__receptor_only__sodium_d250_n745_distance	0.0	0.0
receptor_only_geometry_4fold	receptor_grouped_5fold	1	Gs	numeric__receptor_only__sodium_d250_s746_distance	0.0	0.0
receptor_only_geometry_4fold	receptor_grouped_5fold	1	Gs	numeric__receptor_only__sodium_d250_n749_distance	0.06231965630551936	0.06231965630551936
receptor_only_geometry_4fold	receptor_grouped_5fold	1	Gs	numeric__receptor_only__sodium_pocket_volume	0.2643590284559416	0.2643590284559416
receptor_only_geometry_4fold	receptor_grouped_5fold	1	Gs	numeric__receptor_only__sodium_pocket_spread	0.21104006976689912	0.21104006976689912
receptor_only_geometry_4fold	receptor_grouped_5fold	1	Gs	numeric__receptor_only__tm7_rotation	0.0	0.0
receptor_only_geometry_4fold	receptor_grouped_5fold	1	Gs	numeric__receptor_only__icl2_generic_ca_count	0.0	0.0
receptor_only_geometry_4fold	receptor_grouped_5fold	1	Gs	numeric__receptor_only__icl2_end_to_end_distance	0.0	0.0
receptor_only_geometry_4fold	receptor_grouped_5fold	1	Gs	numeric__receptor_only__icl2_centroid_to_r350	0.0	0.0
receptor_only_geometry_4fold	receptor_grouped_5fold	1	Gs	numeric__receptor_only__icl2_centroid_to_tm5_561	0.12296839987746863	0.12296839987746863
receptor_only_geometry_4fold	receptor_grouped_5fold	1	Gs	numeric__receptor_only__icl2_centroid_to_tm6_634	0.0	0.0
receptor_only_geometry_4fold	receptor_grouped_5fold	1	Gs	numeric__receptor_only__icl2_centroid_to_tm7_753	0.0	0.0
receptor_only_geometry_4fold	receptor_grouped_5fold	1	Gs	numeric__receptor_only__icl2_axis_tm3_angle	-0.1725449519317885	0.1725449519317885
receptor_only_geometry_4fold	receptor_grouped_5fold	1	Gs	numeric__receptor_only__icl2_axis_tm5_angle	-0.14563514964986812	0.14563514964986812
receptor_only_geometry_4fold	receptor_grouped_5fold	1	Gs	numeric__receptor_only__icl2_active_reference_displacement	0.0	0.0
receptor_only_geometry_4fold	receptor_grouped_5fold	1	Gs	numeric__receptor_only__tm5_cytoplasmic_extension	0.31211734437021266	0.31211734437021266
receptor_only_geometry_4fold	receptor_grouped_5fold	1	Gs	numeric__receptor_only__tm5_cytoplasmic_kink	0.2572740266265082	0.2572740266265082
receptor_only_geometry_4fold	receptor_grouped_5fold	1	Gs	numeric__receptor_only__tm5_r350_561_distance	0.1943108601113372	0.1943108601113372
receptor_only_geometry_4fold	receptor_grouped_5fold	1	Gs	numeric__receptor_only__tm5_r350_564_distance	0.22879126441230066	0.22879126441230066
receptor_only_geometry_4fold	receptor_grouped_5fold	1	Gs	numeric__receptor_only__tm5_tm6_cavity_distance	0.0	0.0
receptor_only_geometry_4fold	receptor_grouped_5fold	1	Gs	numeric__receptor_only__tm5_axis_tm3_angle	0.12070393695682899	0.12070393695682899
receptor_only_geometry_4fold	receptor_grouped_5fold	1	Gs	numeric__receptor_only__tm6_lower_upper_kink	0.19123174370941803	0.19123174370941803
receptor_only_geometry_4fold	receptor_grouped_5fold	1	Gs	numeric__receptor_only__tm6_axis_tm3_angle	0.0	0.0
receptor_only_geometry_4fold	receptor_grouped_5fold	1	Gs	numeric__receptor_only__tm6_tm7_cavity_distance	-0.04581210329626261	0.04581210329626261
receptor_only_geometry_4fold	receptor_grouped_5fold	1	Gs	numeric__receptor_only__tm7_h8_angle	0.0	0.0
receptor_only_geometry_4fold	receptor_grouped_5fold	1	Gs	numeric__receptor_only__h8_end_to_end_distance	-0.08993966847796186	0.08993966847796186
receptor_only_geometry_4fold	receptor_grouped_5fold	1	Gs	numeric__receptor_only__h8_r350_distance	0.0	0.0
receptor_only_geometry_4fold	receptor_grouped_5fold	1	Gs	numeric__receptor_only__h8_tm6_distance	0.0	0.0
receptor_only_geometry_4fold	receptor_grouped_5fold	1	Gs	numeric__receptor_only__icl2_helix_fraction	0.0	0.0
receptor_only_geometry_4fold	receptor_grouped_5fold	1	Gs	numeric__receptor_only__icl2_longest_helix	0.0	0.0
receptor_only_geometry_4fold	receptor_grouped_5fold	1	Gs	numeric__receptor_only__icl2_mean_phi	0.0	0.0
receptor_only_geometry_4fold	receptor_grouped_5fold	1	Gs	numeric__receptor_only__icl2_mean_psi	0.0	0.0
receptor_only_geometry_4fold	receptor_grouped_5fold	1	Gs	numeric__receptor_only__intracellular_cavity_core_volume	0.0	0.0
receptor_only_geometry_4fold	receptor_grouped_5fold	1	Gs	numeric__receptor_only__intracellular_cavity_core_mouth_area	0.0	0.0
receptor_only_geometry_4fold	receptor_grouped_5fold	1	Gs	numeric__receptor_only__intracellular_cavity_core_depth	-0.1673426857838087	0.1673426857838087
receptor_only_geometry_4fold	receptor_grouped_5fold	1	Gs	numeric__receptor_only__intracellular_cavity_core_maximum_width	-0.033609860236218245	0.033609860236218245
receptor_only_geometry_4fold	receptor_grouped_5fold	1	Gs	numeric__receptor_only__intracellular_cavity_core_average_cross_section	0.0	0.0
receptor_only_geometry_4fold	receptor_grouped_5fold	1	Gs	numeric__receptor_only__intracellular_cavity_core_bottleneck_area	0.0	0.0
receptor_only_geometry_4fold	receptor_grouped_5fold	1	Gs	numeric__receptor_only__intracellular_cavity_core_bottleneck_radius	0.0	0.0
receptor_only_geometry_4fold	receptor_grouped_5fold	1	Gs	numeric__receptor_only__intracellular_cavity_core_max_inscribed_radius	0.0	0.0
receptor_only_geometry_4fold	receptor_grouped_5fold	1	Gs	numeric__receptor_only__intracellular_cavity_core_surface_area	0.0	0.0
receptor_only_geometry_4fold	receptor_grouped_5fold	1	Gs	numeric__receptor_only__intracellular_cavity_core_centroid_x	0.0	0.0
receptor_only_geometry_4fold	receptor_grouped_5fold	1	Gs	numeric__receptor_only__intracellular_cavity_core_centroid_y	-0.27039010813256	0.27039010813256
receptor_only_geometry_4fold	receptor_grouped_5fold	1	Gs	numeric__receptor_only__intracellular_cavity_core_centroid_z	0.022166300445280705	0.022166300445280705
receptor_only_geometry_4fold	receptor_grouped_5fold	1	Gs	numeric__receptor_only__intracellular_cavity_core_principal_length_1	0.0	0.0
receptor_only_geometry_4fold	receptor_grouped_5fold	1	Gs	numeric__receptor_only__intracellular_cavity_core_principal_length_2	-0.07231065421510582	0.07231065421510582
receptor_only_geometry_4fold	receptor_grouped_5fold	1	Gs	numeric__receptor_only__intracellular_cavity_core_principal_length_3	0.0	0.0
receptor_only_geometry_4fold	receptor_grouped_5fold	1	Gs	numeric__receptor_only__intracellular_cavity_core_principal_axis_1_z_alignment	0.0	0.0
receptor_only_geometry_4fold	receptor_grouped_5fold	1	Gs	numeric__receptor_only__intracellular_cavity_core_eccentricity	0.0	0.0
receptor_only_geometry_4fold	receptor_grouped_5fold	1	Gs	numeric__receptor_only__intracellular_cavity_core_sphericity	0.0	0.0
receptor_only_geometry_4fold	receptor_grouped_5fold	1	Gs	numeric__receptor_only__intracellular_cavity_core_asymmetry	0.0	0.0
receptor_only_geometry_4fold	receptor_grouped_5fold	1	Gs	numeric__receptor_only__intracellular_cavity_core_tm3_side_fraction	0.0	0.0
receptor_only_geometry_4fold	receptor_grouped_5fold	1	Gs	numeric__receptor_only__intracellular_cavity_core_tm6_side_fraction	0.0	0.0
receptor_only_geometry_4fold	receptor_grouped_5fold	1	Gs	numeric__receptor_only__intracellular_cavity_core_tm5_side_fraction	-0.08538240619696395	0.08538240619696395
receptor_only_geometry_4fold	receptor_grouped_5fold	1	Gs	numeric__receptor_only__intracellular_cavity_core_tm7_side_fraction	0.08538240619696259	0.08538240619696259
receptor_only_geometry_4fold	receptor_grouped_5fold	1	Gs	numeric__receptor_only__intracellular_cavity_core_wall_fraction_h8	0.0	0.0
receptor_only_geometry_4fold	receptor_grouped_5fold	1	Gs	numeric__receptor_only__intracellular_cavity_core_wall_fraction_icl2	-0.12474569014981471	0.12474569014981471
receptor_only_geometry_4fold	receptor_grouped_5fold	1	Gs	numeric__receptor_only__intracellular_cavity_core_wall_fraction_tm3	0.0	0.0
receptor_only_geometry_4fold	receptor_grouped_5fold	1	Gs	numeric__receptor_only__intracellular_cavity_core_wall_fraction_tm7	-0.04027351880050481	0.04027351880050481
receptor_only_geometry_4fold	receptor_grouped_5fold	2	Gi/o	numeric__receptor_only__activation_consensus_score	-0.22881302346138924	0.22881302346138924
receptor_only_geometry_4fold	receptor_grouped_5fold	2	Gi/o	numeric__receptor_only__tm6_r350_634_distance	-0.0033926107898734773	0.0033926107898734773
receptor_only_geometry_4fold	receptor_grouped_5fold	2	Gi/o	numeric__receptor_only__tm6_aligned_displacement	-0.1898846436511902	0.1898846436511902
receptor_only_geometry_4fold	receptor_grouped_5fold	2	Gi/o	numeric__receptor_only__tm7_displacement	0.0	0.0
receptor_only_geometry_4fold	receptor_grouped_5fold	2	Gi/o	numeric__receptor_only__tm3_tm7_distance	0.21250961518036823	0.21250961518036823
receptor_only_geometry_4fold	receptor_grouped_5fold	2	Gi/o	numeric__receptor_only__tm6_r350_630_distance	0.0	0.0
receptor_only_geometry_4fold	receptor_grouped_5fold	2	Gi/o	numeric__receptor_only__dry_r350_630_min_distance	0.0	0.0
receptor_only_geometry_4fold	receptor_grouped_5fold	2	Gi/o	numeric__receptor_only__dry_r350_630_ca_distance	0.0	0.0
receptor_only_geometry_4fold	receptor_grouped_5fold	2	Gi/o	numeric__receptor_only__dry_d349_r350_min_distance	0.0	0.0
receptor_only_geometry_4fold	receptor_grouped_5fold	2	Gi/o	numeric__receptor_only__r350_chi1	0.0	0.0
receptor_only_geometry_4fold	receptor_grouped_5fold	2	Gi/o	numeric__receptor_only__r350_chi2	0.0	0.0
receptor_only_geometry_4fold	receptor_grouped_5fold	2	Gi/o	numeric__receptor_only__pif_550_340_distance	0.0	0.0
receptor_only_geometry_4fold	receptor_grouped_5fold	2	Gi/o	numeric__receptor_only__pif_340_644_distance	0.0	0.0
receptor_only_geometry_4fold	receptor_grouped_5fold	2	Gi/o	numeric__receptor_only__pif_550_644_distance	0.0	0.0
receptor_only_geometry_4fold	receptor_grouped_5fold	2	Gi/o	numeric__receptor_only__pif_550_340_min_distance	0.0	0.0
receptor_only_geometry_4fold	receptor_grouped_5fold	2	Gi/o	numeric__receptor_only__pif_340_644_min_distance	0.005905801531672615	0.005905801531672615
receptor_only_geometry_4fold	receptor_grouped_5fold	2	Gi/o	numeric__receptor_only__pif_550_644_min_distance	0.0	0.0
receptor_only_geometry_4fold	receptor_grouped_5fold	2	Gi/o	numeric__receptor_only__pif_triangle_perimeter	0.0	0.0
receptor_only_geometry_4fold	receptor_grouped_5fold	2	Gi/o	numeric__receptor_only__position_644_chi1	0.0	0.0
receptor_only_geometry_4fold	receptor_grouped_5fold	2	Gi/o	numeric__receptor_only__position_644_chi2	0.0	0.0
receptor_only_geometry_4fold	receptor_grouped_5fold	2	Gi/o	numeric__receptor_only__w648_chi1	0.0	0.0
receptor_only_geometry_4fold	receptor_grouped_5fold	2	Gi/o	numeric__receptor_only__w648_chi2	0.0	0.0
receptor_only_geometry_4fold	receptor_grouped_5fold	2	Gi/o	numeric__receptor_only__w648_displacement	0.0	0.0
receptor_only_geometry_4fold	receptor_grouped_5fold	2	Gi/o	numeric__receptor_only__w648_to_644_distance	0.0	0.0
receptor_only_geometry_4fold	receptor_grouped_5fold	2	Gi/o	numeric__receptor_only__cwxp_647_650_distance	0.0	0.0
receptor_only_geometry_4fold	receptor_grouped_5fold	2	Gi/o	numeric__receptor_only__y753_chi1	0.0	0.0
receptor_only_geometry_4fold	receptor_grouped_5fold	2	Gi/o	numeric__receptor_only__y753_chi2	0.0	0.0
receptor_only_geometry_4fold	receptor_grouped_5fold	2	Gi/o	numeric__receptor_only__y753_y558_distance	0.0	0.0
receptor_only_geometry_4fold	receptor_grouped_5fold	2	Gi/o	numeric__receptor_only__y753_y558_min_distance	0.0	0.0
receptor_only_geometry_4fold	receptor_grouped_5fold	2	Gi/o	numeric__receptor_only__n749_y753_distance	0.0	0.0
receptor_only_geometry_4fold	receptor_grouped_5fold	2	Gi/o	numeric__receptor_only__npxxy_local_spread	0.0	0.0
receptor_only_geometry_4fold	receptor_grouped_5fold	2	Gi/o	numeric__receptor_only__y753_displacement	-0.13373806425589574	0.13373806425589574
receptor_only_geometry_4fold	receptor_grouped_5fold	2	Gi/o	numeric__receptor_only__sodium_d250_s339_distance	0.0	0.0
receptor_only_geometry_4fold	receptor_grouped_5fold	2	Gi/o	numeric__receptor_only__sodium_d250_n745_distance	0.0	0.0
receptor_only_geometry_4fold	receptor_grouped_5fold	2	Gi/o	numeric__receptor_only__sodium_d250_s746_distance	0.0	0.0
receptor_only_geometry_4fold	receptor_grouped_5fold	2	Gi/o	numeric__receptor_only__sodium_d250_n749_distance	0.0	0.0
receptor_only_geometry_4fold	receptor_grouped_5fold	2	Gi/o	numeric__receptor_only__sodium_pocket_volume	0.0	0.0
receptor_only_geometry_4fold	receptor_grouped_5fold	2	Gi/o	numeric__receptor_only__sodium_pocket_spread	0.0	0.0
receptor_only_geometry_4fold	receptor_grouped_5fold	2	Gi/o	numeric__receptor_only__tm7_rotation	0.0	0.0
receptor_only_geometry_4fold	receptor_grouped_5fold	2	Gi/o	numeric__receptor_only__icl2_generic_ca_count	0.0	0.0
receptor_only_geometry_4fold	receptor_grouped_5fold	2	Gi/o	numeric__receptor_only__icl2_end_to_end_distance	0.0	0.0
receptor_only_geometry_4fold	receptor_grouped_5fold	2	Gi/o	numeric__receptor_only__icl2_centroid_to_r350	0.0	0.0
receptor_only_geometry_4fold	receptor_grouped_5fold	2	Gi/o	numeric__receptor_only__icl2_centroid_to_tm5_561	-0.18039173812443143	0.18039173812443143
receptor_only_geometry_4fold	receptor_grouped_5fold	2	Gi/o	numeric__receptor_only__icl2_centroid_to_tm6_634	-0.010025417352583258	0.010025417352583258
receptor_only_geometry_4fold	receptor_grouped_5fold	2	Gi/o	numeric__receptor_only__icl2_centroid_to_tm7_753	0.0	0.0
receptor_only_geometry_4fold	receptor_grouped_5fold	2	Gi/o	numeric__receptor_only__icl2_axis_tm3_angle	0.0	0.0
receptor_only_geometry_4fold	receptor_grouped_5fold	2	Gi/o	numeric__receptor_only__icl2_axis_tm5_angle	0.044552815048707534	0.044552815048707534
receptor_only_geometry_4fold	receptor_grouped_5fold	2	Gi/o	numeric__receptor_only__icl2_active_reference_displacement	0.0	0.0
receptor_only_geometry_4fold	receptor_grouped_5fold	2	Gi/o	numeric__receptor_only__tm5_cytoplasmic_extension	-0.002334438146211615	0.002334438146211615
receptor_only_geometry_4fold	receptor_grouped_5fold	2	Gi/o	numeric__receptor_only__tm5_cytoplasmic_kink	-0.031029659315449293	0.031029659315449293
receptor_only_geometry_4fold	receptor_grouped_5fold	2	Gi/o	numeric__receptor_only__tm5_r350_561_distance	0.0	0.0
receptor_only_geometry_4fold	receptor_grouped_5fold	2	Gi/o	numeric__receptor_only__tm5_r350_564_distance	0.0	0.0
receptor_only_geometry_4fold	receptor_grouped_5fold	2	Gi/o	numeric__receptor_only__tm5_tm6_cavity_distance	0.0	0.0
receptor_only_geometry_4fold	receptor_grouped_5fold	2	Gi/o	numeric__receptor_only__tm5_axis_tm3_angle	0.0	0.0
receptor_only_geometry_4fold	receptor_grouped_5fold	2	Gi/o	numeric__receptor_only__tm6_lower_upper_kink	0.0	0.0
receptor_only_geometry_4fold	receptor_grouped_5fold	2	Gi/o	numeric__receptor_only__tm6_axis_tm3_angle	0.0	0.0
receptor_only_geometry_4fold	receptor_grouped_5fold	2	Gi/o	numeric__receptor_only__tm6_tm7_cavity_distance	0.0	0.0
receptor_only_geometry_4fold	receptor_grouped_5fold	2	Gi/o	numeric__receptor_only__tm7_h8_angle	0.0	0.0
receptor_only_geometry_4fold	receptor_grouped_5fold	2	Gi/o	numeric__receptor_only__h8_end_to_end_distance	0.0	0.0
receptor_only_geometry_4fold	receptor_grouped_5fold	2	Gi/o	numeric__receptor_only__h8_r350_distance	0.0	0.0
receptor_only_geometry_4fold	receptor_grouped_5fold	2	Gi/o	numeric__receptor_only__h8_tm6_distance	-0.21890717351556585	0.21890717351556585
receptor_only_geometry_4fold	receptor_grouped_5fold	2	Gi/o	numeric__receptor_only__icl2_helix_fraction	0.0	0.0
receptor_only_geometry_4fold	receptor_grouped_5fold	2	Gi/o	numeric__receptor_only__icl2_longest_helix	0.0	0.0
receptor_only_geometry_4fold	receptor_grouped_5fold	2	Gi/o	numeric__receptor_only__icl2_mean_phi	0.0	0.0
receptor_only_geometry_4fold	receptor_grouped_5fold	2	Gi/o	numeric__receptor_only__icl2_mean_psi	0.0	0.0
receptor_only_geometry_4fold	receptor_grouped_5fold	2	Gi/o	numeric__receptor_only__intracellular_cavity_core_volume	0.0	0.0
receptor_only_geometry_4fold	receptor_grouped_5fold	2	Gi/o	numeric__receptor_only__intracellular_cavity_core_mouth_area	0.0	0.0
receptor_only_geometry_4fold	receptor_grouped_5fold	2	Gi/o	numeric__receptor_only__intracellular_cavity_core_depth	0.0	0.0
receptor_only_geometry_4fold	receptor_grouped_5fold	2	Gi/o	numeric__receptor_only__intracellular_cavity_core_maximum_width	0.0	0.0
receptor_only_geometry_4fold	receptor_grouped_5fold	2	Gi/o	numeric__receptor_only__intracellular_cavity_core_average_cross_section	0.0	0.0
receptor_only_geometry_4fold	receptor_grouped_5fold	2	Gi/o	numeric__receptor_only__intracellular_cavity_core_bottleneck_area	0.0	0.0
receptor_only_geometry_4fold	receptor_grouped_5fold	2	Gi/o	numeric__receptor_only__intracellular_cavity_core_bottleneck_radius	0.0	0.0
receptor_only_geometry_4fold	receptor_grouped_5fold	2	Gi/o	numeric__receptor_only__intracellular_cavity_core_max_inscribed_radius	0.0	0.0
receptor_only_geometry_4fold	receptor_grouped_5fold	2	Gi/o	numeric__receptor_only__intracellular_cavity_core_surface_area	0.0	0.0
receptor_only_geometry_4fold	receptor_grouped_5fold	2	Gi/o	numeric__receptor_only__intracellular_cavity_core_centroid_x	0.0	0.0
receptor_only_geometry_4fold	receptor_grouped_5fold	2	Gi/o	numeric__receptor_only__intracellular_cavity_core_centroid_y	0.0685182821694538	0.0685182821694538
receptor_only_geometry_4fold	receptor_grouped_5fold	2	Gi/o	numeric__receptor_only__intracellular_cavity_core_centroid_z	0.0	0.0
receptor_only_geometry_4fold	receptor_grouped_5fold	2	Gi/o	numeric__receptor_only__intracellular_cavity_core_principal_length_1	0.0	0.0
receptor_only_geometry_4fold	receptor_grouped_5fold	2	Gi/o	numeric__receptor_only__intracellular_cavity_core_principal_length_2	0.0	0.0
receptor_only_geometry_4fold	receptor_grouped_5fold	2	Gi/o	numeric__receptor_only__intracellular_cavity_core_principal_length_3	0.0	0.0
receptor_only_geometry_4fold	receptor_grouped_5fold	2	Gi/o	numeric__receptor_only__intracellular_cavity_core_principal_axis_1_z_alignment	0.0	0.0
receptor_only_geometry_4fold	receptor_grouped_5fold	2	Gi/o	numeric__receptor_only__intracellular_cavity_core_eccentricity	0.0	0.0
receptor_only_geometry_4fold	receptor_grouped_5fold	2	Gi/o	numeric__receptor_only__intracellular_cavity_core_sphericity	0.0	0.0
receptor_only_geometry_4fold	receptor_grouped_5fold	2	Gi/o	numeric__receptor_only__intracellular_cavity_core_asymmetry	0.0	0.0
receptor_only_geometry_4fold	receptor_grouped_5fold	2	Gi/o	numeric__receptor_only__intracellular_cavity_core_tm3_side_fraction	0.0	0.0
receptor_only_geometry_4fold	receptor_grouped_5fold	2	Gi/o	numeric__receptor_only__intracellular_cavity_core_tm6_side_fraction	0.0	0.0
receptor_only_geometry_4fold	receptor_grouped_5fold	2	Gi/o	numeric__receptor_only__intracellular_cavity_core_tm5_side_fraction	0.1448715802295163	0.1448715802295163
receptor_only_geometry_4fold	receptor_grouped_5fold	2	Gi/o	numeric__receptor_only__intracellular_cavity_core_tm7_side_fraction	-0.1448715802295175	0.1448715802295175
receptor_only_geometry_4fold	receptor_grouped_5fold	2	Gi/o	numeric__receptor_only__intracellular_cavity_core_wall_fraction_h8	0.0	0.0
receptor_only_geometry_4fold	receptor_grouped_5fold	2	Gi/o	numeric__receptor_only__intracellular_cavity_core_wall_fraction_icl2	0.0	0.0
receptor_only_geometry_4fold	receptor_grouped_5fold	2	Gi/o	numeric__receptor_only__intracellular_cavity_core_wall_fraction_tm3	0.0	0.0
receptor_only_geometry_4fold	receptor_grouped_5fold	2	Gi/o	numeric__receptor_only__intracellular_cavity_core_wall_fraction_tm7	0.0	0.0
receptor_only_geometry_4fold	receptor_grouped_5fold	2	Gq/11	numeric__receptor_only__activation_consensus_score	0.0	0.0
receptor_only_geometry_4fold	receptor_grouped_5fold	2	Gq/11	numeric__receptor_only__tm6_r350_634_distance	0.0	0.0
receptor_only_geometry_4fold	receptor_grouped_5fold	2	Gq/11	numeric__receptor_only__tm6_aligned_displacement	0.0	0.0
receptor_only_geometry_4fold	receptor_grouped_5fold	2	Gq/11	numeric__receptor_only__tm7_displacement	0.0	0.0
receptor_only_geometry_4fold	receptor_grouped_5fold	2	Gq/11	numeric__receptor_only__tm3_tm7_distance	0.0	0.0
receptor_only_geometry_4fold	receptor_grouped_5fold	2	Gq/11	numeric__receptor_only__tm6_r350_630_distance	0.0	0.0
receptor_only_geometry_4fold	receptor_grouped_5fold	2	Gq/11	numeric__receptor_only__dry_r350_630_min_distance	0.0	0.0
receptor_only_geometry_4fold	receptor_grouped_5fold	2	Gq/11	numeric__receptor_only__dry_r350_630_ca_distance	0.0	0.0
receptor_only_geometry_4fold	receptor_grouped_5fold	2	Gq/11	numeric__receptor_only__dry_d349_r350_min_distance	0.0	0.0
receptor_only_geometry_4fold	receptor_grouped_5fold	2	Gq/11	numeric__receptor_only__r350_chi1	0.0	0.0
receptor_only_geometry_4fold	receptor_grouped_5fold	2	Gq/11	numeric__receptor_only__r350_chi2	0.0	0.0
receptor_only_geometry_4fold	receptor_grouped_5fold	2	Gq/11	numeric__receptor_only__pif_550_340_distance	0.0	0.0
receptor_only_geometry_4fold	receptor_grouped_5fold	2	Gq/11	numeric__receptor_only__pif_340_644_distance	0.0	0.0
receptor_only_geometry_4fold	receptor_grouped_5fold	2	Gq/11	numeric__receptor_only__pif_550_644_distance	0.0	0.0
receptor_only_geometry_4fold	receptor_grouped_5fold	2	Gq/11	numeric__receptor_only__pif_550_340_min_distance	0.0	0.0
receptor_only_geometry_4fold	receptor_grouped_5fold	2	Gq/11	numeric__receptor_only__pif_340_644_min_distance	0.0	0.0
receptor_only_geometry_4fold	receptor_grouped_5fold	2	Gq/11	numeric__receptor_only__pif_550_644_min_distance	0.0	0.0
receptor_only_geometry_4fold	receptor_grouped_5fold	2	Gq/11	numeric__receptor_only__pif_triangle_perimeter	0.0	0.0
receptor_only_geometry_4fold	receptor_grouped_5fold	2	Gq/11	numeric__receptor_only__position_644_chi1	0.0	0.0
receptor_only_geometry_4fold	receptor_grouped_5fold	2	Gq/11	numeric__receptor_only__position_644_chi2	-0.046001954132719104	0.046001954132719104
receptor_only_geometry_4fold	receptor_grouped_5fold	2	Gq/11	numeric__receptor_only__w648_chi1	0.0	0.0
receptor_only_geometry_4fold	receptor_grouped_5fold	2	Gq/11	numeric__receptor_only__w648_chi2	0.0	0.0
receptor_only_geometry_4fold	receptor_grouped_5fold	2	Gq/11	numeric__receptor_only__w648_displacement	0.0	0.0
receptor_only_geometry_4fold	receptor_grouped_5fold	2	Gq/11	numeric__receptor_only__w648_to_644_distance	0.0	0.0
receptor_only_geometry_4fold	receptor_grouped_5fold	2	Gq/11	numeric__receptor_only__cwxp_647_650_distance	0.0	0.0
receptor_only_geometry_4fold	receptor_grouped_5fold	2	Gq/11	numeric__receptor_only__y753_chi1	0.0	0.0
receptor_only_geometry_4fold	receptor_grouped_5fold	2	Gq/11	numeric__receptor_only__y753_chi2	0.0	0.0
receptor_only_geometry_4fold	receptor_grouped_5fold	2	Gq/11	numeric__receptor_only__y753_y558_distance	-0.025197084494289236	0.025197084494289236
receptor_only_geometry_4fold	receptor_grouped_5fold	2	Gq/11	numeric__receptor_only__y753_y558_min_distance	-0.01651317244792649	0.01651317244792649
receptor_only_geometry_4fold	receptor_grouped_5fold	2	Gq/11	numeric__receptor_only__n749_y753_distance	0.0	0.0
receptor_only_geometry_4fold	receptor_grouped_5fold	2	Gq/11	numeric__receptor_only__npxxy_local_spread	0.0	0.0
receptor_only_geometry_4fold	receptor_grouped_5fold	2	Gq/11	numeric__receptor_only__y753_displacement	0.0	0.0
receptor_only_geometry_4fold	receptor_grouped_5fold	2	Gq/11	numeric__receptor_only__sodium_d250_s339_distance	0.0	0.0
receptor_only_geometry_4fold	receptor_grouped_5fold	2	Gq/11	numeric__receptor_only__sodium_d250_n745_distance	0.0	0.0
receptor_only_geometry_4fold	receptor_grouped_5fold	2	Gq/11	numeric__receptor_only__sodium_d250_s746_distance	0.0	0.0
receptor_only_geometry_4fold	receptor_grouped_5fold	2	Gq/11	numeric__receptor_only__sodium_d250_n749_distance	0.0	0.0
receptor_only_geometry_4fold	receptor_grouped_5fold	2	Gq/11	numeric__receptor_only__sodium_pocket_volume	0.0	0.0
receptor_only_geometry_4fold	receptor_grouped_5fold	2	Gq/11	numeric__receptor_only__sodium_pocket_spread	0.0	0.0
receptor_only_geometry_4fold	receptor_grouped_5fold	2	Gq/11	numeric__receptor_only__tm7_rotation	0.0	0.0
receptor_only_geometry_4fold	receptor_grouped_5fold	2	Gq/11	numeric__receptor_only__icl2_generic_ca_count	0.0	0.0
receptor_only_geometry_4fold	receptor_grouped_5fold	2	Gq/11	numeric__receptor_only__icl2_end_to_end_distance	0.0	0.0
receptor_only_geometry_4fold	receptor_grouped_5fold	2	Gq/11	numeric__receptor_only__icl2_centroid_to_r350	0.0	0.0
receptor_only_geometry_4fold	receptor_grouped_5fold	2	Gq/11	numeric__receptor_only__icl2_centroid_to_tm5_561	0.0	0.0
receptor_only_geometry_4fold	receptor_grouped_5fold	2	Gq/11	numeric__receptor_only__icl2_centroid_to_tm6_634	0.0	0.0
receptor_only_geometry_4fold	receptor_grouped_5fold	2	Gq/11	numeric__receptor_only__icl2_centroid_to_tm7_753	-0.28519912092015093	0.28519912092015093
receptor_only_geometry_4fold	receptor_grouped_5fold	2	Gq/11	numeric__receptor_only__icl2_axis_tm3_angle	0.0	0.0
receptor_only_geometry_4fold	receptor_grouped_5fold	2	Gq/11	numeric__receptor_only__icl2_axis_tm5_angle	0.0	0.0
receptor_only_geometry_4fold	receptor_grouped_5fold	2	Gq/11	numeric__receptor_only__icl2_active_reference_displacement	0.0	0.0
receptor_only_geometry_4fold	receptor_grouped_5fold	2	Gq/11	numeric__receptor_only__tm5_cytoplasmic_extension	0.0	0.0
receptor_only_geometry_4fold	receptor_grouped_5fold	2	Gq/11	numeric__receptor_only__tm5_cytoplasmic_kink	0.0	0.0
receptor_only_geometry_4fold	receptor_grouped_5fold	2	Gq/11	numeric__receptor_only__tm5_r350_561_distance	0.0	0.0
receptor_only_geometry_4fold	receptor_grouped_5fold	2	Gq/11	numeric__receptor_only__tm5_r350_564_distance	0.0	0.0
receptor_only_geometry_4fold	receptor_grouped_5fold	2	Gq/11	numeric__receptor_only__tm5_tm6_cavity_distance	0.0	0.0
receptor_only_geometry_4fold	receptor_grouped_5fold	2	Gq/11	numeric__receptor_only__tm5_axis_tm3_angle	0.0	0.0
receptor_only_geometry_4fold	receptor_grouped_5fold	2	Gq/11	numeric__receptor_only__tm6_lower_upper_kink	0.0	0.0
receptor_only_geometry_4fold	receptor_grouped_5fold	2	Gq/11	numeric__receptor_only__tm6_axis_tm3_angle	0.0	0.0
receptor_only_geometry_4fold	receptor_grouped_5fold	2	Gq/11	numeric__receptor_only__tm6_tm7_cavity_distance	0.0	0.0
receptor_only_geometry_4fold	receptor_grouped_5fold	2	Gq/11	numeric__receptor_only__tm7_h8_angle	0.0	0.0
receptor_only_geometry_4fold	receptor_grouped_5fold	2	Gq/11	numeric__receptor_only__h8_end_to_end_distance	0.0	0.0
receptor_only_geometry_4fold	receptor_grouped_5fold	2	Gq/11	numeric__receptor_only__h8_r350_distance	0.0	0.0
receptor_only_geometry_4fold	receptor_grouped_5fold	2	Gq/11	numeric__receptor_only__h8_tm6_distance	0.0	0.0
receptor_only_geometry_4fold	receptor_grouped_5fold	2	Gq/11	numeric__receptor_only__icl2_helix_fraction	0.0	0.0
receptor_only_geometry_4fold	receptor_grouped_5fold	2	Gq/11	numeric__receptor_only__icl2_longest_helix	0.0	0.0
receptor_only_geometry_4fold	receptor_grouped_5fold	2	Gq/11	numeric__receptor_only__icl2_mean_phi	0.0	0.0
receptor_only_geometry_4fold	receptor_grouped_5fold	2	Gq/11	numeric__receptor_only__icl2_mean_psi	0.0	0.0
receptor_only_geometry_4fold	receptor_grouped_5fold	2	Gq/11	numeric__receptor_only__intracellular_cavity_core_volume	0.0	0.0
receptor_only_geometry_4fold	receptor_grouped_5fold	2	Gq/11	numeric__receptor_only__intracellular_cavity_core_mouth_area	0.0	0.0
receptor_only_geometry_4fold	receptor_grouped_5fold	2	Gq/11	numeric__receptor_only__intracellular_cavity_core_depth	0.0	0.0
receptor_only_geometry_4fold	receptor_grouped_5fold	2	Gq/11	numeric__receptor_only__intracellular_cavity_core_maximum_width	0.0	0.0
receptor_only_geometry_4fold	receptor_grouped_5fold	2	Gq/11	numeric__receptor_only__intracellular_cavity_core_average_cross_section	0.0	0.0
receptor_only_geometry_4fold	receptor_grouped_5fold	2	Gq/11	numeric__receptor_only__intracellular_cavity_core_bottleneck_area	0.0	0.0
receptor_only_geometry_4fold	receptor_grouped_5fold	2	Gq/11	numeric__receptor_only__intracellular_cavity_core_bottleneck_radius	0.0	0.0
receptor_only_geometry_4fold	receptor_grouped_5fold	2	Gq/11	numeric__receptor_only__intracellular_cavity_core_max_inscribed_radius	0.0	0.0
receptor_only_geometry_4fold	receptor_grouped_5fold	2	Gq/11	numeric__receptor_only__intracellular_cavity_core_surface_area	0.0	0.0
receptor_only_geometry_4fold	receptor_grouped_5fold	2	Gq/11	numeric__receptor_only__intracellular_cavity_core_centroid_x	0.16802688883984257	0.16802688883984257
receptor_only_geometry_4fold	receptor_grouped_5fold	2	Gq/11	numeric__receptor_only__intracellular_cavity_core_centroid_y	0.0	0.0
receptor_only_geometry_4fold	receptor_grouped_5fold	2	Gq/11	numeric__receptor_only__intracellular_cavity_core_centroid_z	0.0	0.0
receptor_only_geometry_4fold	receptor_grouped_5fold	2	Gq/11	numeric__receptor_only__intracellular_cavity_core_principal_length_1	0.0	0.0
receptor_only_geometry_4fold	receptor_grouped_5fold	2	Gq/11	numeric__receptor_only__intracellular_cavity_core_principal_length_2	0.0	0.0
receptor_only_geometry_4fold	receptor_grouped_5fold	2	Gq/11	numeric__receptor_only__intracellular_cavity_core_principal_length_3	0.0	0.0
receptor_only_geometry_4fold	receptor_grouped_5fold	2	Gq/11	numeric__receptor_only__intracellular_cavity_core_principal_axis_1_z_alignment	0.0	0.0
receptor_only_geometry_4fold	receptor_grouped_5fold	2	Gq/11	numeric__receptor_only__intracellular_cavity_core_eccentricity	0.0	0.0
receptor_only_geometry_4fold	receptor_grouped_5fold	2	Gq/11	numeric__receptor_only__intracellular_cavity_core_sphericity	0.0	0.0
receptor_only_geometry_4fold	receptor_grouped_5fold	2	Gq/11	numeric__receptor_only__intracellular_cavity_core_asymmetry	0.0	0.0
receptor_only_geometry_4fold	receptor_grouped_5fold	2	Gq/11	numeric__receptor_only__intracellular_cavity_core_tm3_side_fraction	0.0	0.0
receptor_only_geometry_4fold	receptor_grouped_5fold	2	Gq/11	numeric__receptor_only__intracellular_cavity_core_tm6_side_fraction	0.0	0.0
receptor_only_geometry_4fold	receptor_grouped_5fold	2	Gq/11	numeric__receptor_only__intracellular_cavity_core_tm5_side_fraction	0.0	0.0
receptor_only_geometry_4fold	receptor_grouped_5fold	2	Gq/11	numeric__receptor_only__intracellular_cavity_core_tm7_side_fraction	0.0	0.0
receptor_only_geometry_4fold	receptor_grouped_5fold	2	Gq/11	numeric__receptor_only__intracellular_cavity_core_wall_fraction_h8	0.0	0.0
receptor_only_geometry_4fold	receptor_grouped_5fold	2	Gq/11	numeric__receptor_only__intracellular_cavity_core_wall_fraction_icl2	0.0	0.0
receptor_only_geometry_4fold	receptor_grouped_5fold	2	Gq/11	numeric__receptor_only__intracellular_cavity_core_wall_fraction_tm3	0.0	0.0
receptor_only_geometry_4fold	receptor_grouped_5fold	2	Gq/11	numeric__receptor_only__intracellular_cavity_core_wall_fraction_tm7	0.0	0.0
receptor_only_geometry_4fold	receptor_grouped_5fold	2	Gs	numeric__receptor_only__activation_consensus_score	0.0	0.0
receptor_only_geometry_4fold	receptor_grouped_5fold	2	Gs	numeric__receptor_only__tm6_r350_634_distance	0.0	0.0
receptor_only_geometry_4fold	receptor_grouped_5fold	2	Gs	numeric__receptor_only__tm6_aligned_displacement	0.0	0.0
receptor_only_geometry_4fold	receptor_grouped_5fold	2	Gs	numeric__receptor_only__tm7_displacement	0.0	0.0
receptor_only_geometry_4fold	receptor_grouped_5fold	2	Gs	numeric__receptor_only__tm3_tm7_distance	0.0	0.0
receptor_only_geometry_4fold	receptor_grouped_5fold	2	Gs	numeric__receptor_only__tm6_r350_630_distance	0.0	0.0
receptor_only_geometry_4fold	receptor_grouped_5fold	2	Gs	numeric__receptor_only__dry_r350_630_min_distance	0.0	0.0
receptor_only_geometry_4fold	receptor_grouped_5fold	2	Gs	numeric__receptor_only__dry_r350_630_ca_distance	0.0	0.0
receptor_only_geometry_4fold	receptor_grouped_5fold	2	Gs	numeric__receptor_only__dry_d349_r350_min_distance	0.0	0.0
receptor_only_geometry_4fold	receptor_grouped_5fold	2	Gs	numeric__receptor_only__r350_chi1	0.0	0.0
receptor_only_geometry_4fold	receptor_grouped_5fold	2	Gs	numeric__receptor_only__r350_chi2	0.0	0.0
receptor_only_geometry_4fold	receptor_grouped_5fold	2	Gs	numeric__receptor_only__pif_550_340_distance	0.0	0.0
receptor_only_geometry_4fold	receptor_grouped_5fold	2	Gs	numeric__receptor_only__pif_340_644_distance	0.0	0.0
receptor_only_geometry_4fold	receptor_grouped_5fold	2	Gs	numeric__receptor_only__pif_550_644_distance	0.0	0.0
receptor_only_geometry_4fold	receptor_grouped_5fold	2	Gs	numeric__receptor_only__pif_550_340_min_distance	0.1723916822379264	0.1723916822379264
receptor_only_geometry_4fold	receptor_grouped_5fold	2	Gs	numeric__receptor_only__pif_340_644_min_distance	0.0	0.0
receptor_only_geometry_4fold	receptor_grouped_5fold	2	Gs	numeric__receptor_only__pif_550_644_min_distance	0.0	0.0
receptor_only_geometry_4fold	receptor_grouped_5fold	2	Gs	numeric__receptor_only__pif_triangle_perimeter	0.0	0.0
receptor_only_geometry_4fold	receptor_grouped_5fold	2	Gs	numeric__receptor_only__position_644_chi1	0.0771120190661334	0.0771120190661334
receptor_only_geometry_4fold	receptor_grouped_5fold	2	Gs	numeric__receptor_only__position_644_chi2	0.0	0.0
receptor_only_geometry_4fold	receptor_grouped_5fold	2	Gs	numeric__receptor_only__w648_chi1	0.0	0.0
receptor_only_geometry_4fold	receptor_grouped_5fold	2	Gs	numeric__receptor_only__w648_chi2	0.0	0.0
receptor_only_geometry_4fold	receptor_grouped_5fold	2	Gs	numeric__receptor_only__w648_displacement	0.0	0.0
receptor_only_geometry_4fold	receptor_grouped_5fold	2	Gs	numeric__receptor_only__w648_to_644_distance	0.0	0.0
receptor_only_geometry_4fold	receptor_grouped_5fold	2	Gs	numeric__receptor_only__cwxp_647_650_distance	0.0	0.0
receptor_only_geometry_4fold	receptor_grouped_5fold	2	Gs	numeric__receptor_only__y753_chi1	0.1926546745169646	0.1926546745169646
receptor_only_geometry_4fold	receptor_grouped_5fold	2	Gs	numeric__receptor_only__y753_chi2	0.0	0.0
receptor_only_geometry_4fold	receptor_grouped_5fold	2	Gs	numeric__receptor_only__y753_y558_distance	0.0	0.0
receptor_only_geometry_4fold	receptor_grouped_5fold	2	Gs	numeric__receptor_only__y753_y558_min_distance	0.0	0.0
receptor_only_geometry_4fold	receptor_grouped_5fold	2	Gs	numeric__receptor_only__n749_y753_distance	0.0	0.0
receptor_only_geometry_4fold	receptor_grouped_5fold	2	Gs	numeric__receptor_only__npxxy_local_spread	0.0	0.0
receptor_only_geometry_4fold	receptor_grouped_5fold	2	Gs	numeric__receptor_only__y753_displacement	0.0	0.0
receptor_only_geometry_4fold	receptor_grouped_5fold	2	Gs	numeric__receptor_only__sodium_d250_s339_distance	0.2793052739491474	0.2793052739491474
receptor_only_geometry_4fold	receptor_grouped_5fold	2	Gs	numeric__receptor_only__sodium_d250_n745_distance	0.0	0.0
receptor_only_geometry_4fold	receptor_grouped_5fold	2	Gs	numeric__receptor_only__sodium_d250_s746_distance	0.0	0.0
receptor_only_geometry_4fold	receptor_grouped_5fold	2	Gs	numeric__receptor_only__sodium_d250_n749_distance	0.0	0.0
receptor_only_geometry_4fold	receptor_grouped_5fold	2	Gs	numeric__receptor_only__sodium_pocket_volume	0.20636135413246548	0.20636135413246548
receptor_only_geometry_4fold	receptor_grouped_5fold	2	Gs	numeric__receptor_only__sodium_pocket_spread	0.1713631168453468	0.1713631168453468
receptor_only_geometry_4fold	receptor_grouped_5fold	2	Gs	numeric__receptor_only__tm7_rotation	0.0	0.0
receptor_only_geometry_4fold	receptor_grouped_5fold	2	Gs	numeric__receptor_only__icl2_generic_ca_count	0.01201973363480885	0.01201973363480885
receptor_only_geometry_4fold	receptor_grouped_5fold	2	Gs	numeric__receptor_only__icl2_end_to_end_distance	0.0	0.0
receptor_only_geometry_4fold	receptor_grouped_5fold	2	Gs	numeric__receptor_only__icl2_centroid_to_r350	0.0	0.0
receptor_only_geometry_4fold	receptor_grouped_5fold	2	Gs	numeric__receptor_only__icl2_centroid_to_tm5_561	0.0	0.0
receptor_only_geometry_4fold	receptor_grouped_5fold	2	Gs	numeric__receptor_only__icl2_centroid_to_tm6_634	0.0	0.0
receptor_only_geometry_4fold	receptor_grouped_5fold	2	Gs	numeric__receptor_only__icl2_centroid_to_tm7_753	0.0	0.0
receptor_only_geometry_4fold	receptor_grouped_5fold	2	Gs	numeric__receptor_only__icl2_axis_tm3_angle	0.0	0.0
receptor_only_geometry_4fold	receptor_grouped_5fold	2	Gs	numeric__receptor_only__icl2_axis_tm5_angle	0.0	0.0
receptor_only_geometry_4fold	receptor_grouped_5fold	2	Gs	numeric__receptor_only__icl2_active_reference_displacement	0.0	0.0
receptor_only_geometry_4fold	receptor_grouped_5fold	2	Gs	numeric__receptor_only__tm5_cytoplasmic_extension	0.0	0.0
receptor_only_geometry_4fold	receptor_grouped_5fold	2	Gs	numeric__receptor_only__tm5_cytoplasmic_kink	0.0	0.0
receptor_only_geometry_4fold	receptor_grouped_5fold	2	Gs	numeric__receptor_only__tm5_r350_561_distance	0.0	0.0
receptor_only_geometry_4fold	receptor_grouped_5fold	2	Gs	numeric__receptor_only__tm5_r350_564_distance	0.0	0.0
receptor_only_geometry_4fold	receptor_grouped_5fold	2	Gs	numeric__receptor_only__tm5_tm6_cavity_distance	0.0	0.0
receptor_only_geometry_4fold	receptor_grouped_5fold	2	Gs	numeric__receptor_only__tm5_axis_tm3_angle	0.0	0.0
receptor_only_geometry_4fold	receptor_grouped_5fold	2	Gs	numeric__receptor_only__tm6_lower_upper_kink	0.06857088740993629	0.06857088740993629
receptor_only_geometry_4fold	receptor_grouped_5fold	2	Gs	numeric__receptor_only__tm6_axis_tm3_angle	0.0	0.0
receptor_only_geometry_4fold	receptor_grouped_5fold	2	Gs	numeric__receptor_only__tm6_tm7_cavity_distance	0.0	0.0
receptor_only_geometry_4fold	receptor_grouped_5fold	2	Gs	numeric__receptor_only__tm7_h8_angle	0.0	0.0
receptor_only_geometry_4fold	receptor_grouped_5fold	2	Gs	numeric__receptor_only__h8_end_to_end_distance	0.0	0.0
receptor_only_geometry_4fold	receptor_grouped_5fold	2	Gs	numeric__receptor_only__h8_r350_distance	0.0	0.0
receptor_only_geometry_4fold	receptor_grouped_5fold	2	Gs	numeric__receptor_only__h8_tm6_distance	0.0	0.0
receptor_only_geometry_4fold	receptor_grouped_5fold	2	Gs	numeric__receptor_only__icl2_helix_fraction	0.0	0.0
receptor_only_geometry_4fold	receptor_grouped_5fold	2	Gs	numeric__receptor_only__icl2_longest_helix	0.0	0.0
receptor_only_geometry_4fold	receptor_grouped_5fold	2	Gs	numeric__receptor_only__icl2_mean_phi	0.0	0.0
receptor_only_geometry_4fold	receptor_grouped_5fold	2	Gs	numeric__receptor_only__icl2_mean_psi	0.0	0.0
receptor_only_geometry_4fold	receptor_grouped_5fold	2	Gs	numeric__receptor_only__intracellular_cavity_core_volume	0.0	0.0
receptor_only_geometry_4fold	receptor_grouped_5fold	2	Gs	numeric__receptor_only__intracellular_cavity_core_mouth_area	0.0	0.0
receptor_only_geometry_4fold	receptor_grouped_5fold	2	Gs	numeric__receptor_only__intracellular_cavity_core_depth	0.0	0.0
receptor_only_geometry_4fold	receptor_grouped_5fold	2	Gs	numeric__receptor_only__intracellular_cavity_core_maximum_width	0.0	0.0
receptor_only_geometry_4fold	receptor_grouped_5fold	2	Gs	numeric__receptor_only__intracellular_cavity_core_average_cross_section	0.0	0.0
receptor_only_geometry_4fold	receptor_grouped_5fold	2	Gs	numeric__receptor_only__intracellular_cavity_core_bottleneck_area	0.0	0.0
receptor_only_geometry_4fold	receptor_grouped_5fold	2	Gs	numeric__receptor_only__intracellular_cavity_core_bottleneck_radius	0.0	0.0
receptor_only_geometry_4fold	receptor_grouped_5fold	2	Gs	numeric__receptor_only__intracellular_cavity_core_max_inscribed_radius	0.0	0.0
receptor_only_geometry_4fold	receptor_grouped_5fold	2	Gs	numeric__receptor_only__intracellular_cavity_core_surface_area	0.0	0.0
receptor_only_geometry_4fold	receptor_grouped_5fold	2	Gs	numeric__receptor_only__intracellular_cavity_core_centroid_x	-0.09064409861257532	0.09064409861257532
receptor_only_geometry_4fold	receptor_grouped_5fold	2	Gs	numeric__receptor_only__intracellular_cavity_core_centroid_y	0.0	0.0
receptor_only_geometry_4fold	receptor_grouped_5fold	2	Gs	numeric__receptor_only__intracellular_cavity_core_centroid_z	0.10728163849927165	0.10728163849927165
receptor_only_geometry_4fold	receptor_grouped_5fold	2	Gs	numeric__receptor_only__intracellular_cavity_core_principal_length_1	-0.02030622983446865	0.02030622983446865
receptor_only_geometry_4fold	receptor_grouped_5fold	2	Gs	numeric__receptor_only__intracellular_cavity_core_principal_length_2	0.0	0.0
receptor_only_geometry_4fold	receptor_grouped_5fold	2	Gs	numeric__receptor_only__intracellular_cavity_core_principal_length_3	0.0	0.0
receptor_only_geometry_4fold	receptor_grouped_5fold	2	Gs	numeric__receptor_only__intracellular_cavity_core_principal_axis_1_z_alignment	-0.08074420125755803	0.08074420125755803
receptor_only_geometry_4fold	receptor_grouped_5fold	2	Gs	numeric__receptor_only__intracellular_cavity_core_eccentricity	0.0	0.0
receptor_only_geometry_4fold	receptor_grouped_5fold	2	Gs	numeric__receptor_only__intracellular_cavity_core_sphericity	0.0	0.0
receptor_only_geometry_4fold	receptor_grouped_5fold	2	Gs	numeric__receptor_only__intracellular_cavity_core_asymmetry	0.0	0.0
receptor_only_geometry_4fold	receptor_grouped_5fold	2	Gs	numeric__receptor_only__intracellular_cavity_core_tm3_side_fraction	0.0	0.0
receptor_only_geometry_4fold	receptor_grouped_5fold	2	Gs	numeric__receptor_only__intracellular_cavity_core_tm6_side_fraction	0.0	0.0
receptor_only_geometry_4fold	receptor_grouped_5fold	2	Gs	numeric__receptor_only__intracellular_cavity_core_tm5_side_fraction	0.0	0.0
receptor_only_geometry_4fold	receptor_grouped_5fold	2	Gs	numeric__receptor_only__intracellular_cavity_core_tm7_side_fraction	0.0	0.0
receptor_only_geometry_4fold	receptor_grouped_5fold	2	Gs	numeric__receptor_only__intracellular_cavity_core_wall_fraction_h8	0.0	0.0
receptor_only_geometry_4fold	receptor_grouped_5fold	2	Gs	numeric__receptor_only__intracellular_cavity_core_wall_fraction_icl2	0.0	0.0
receptor_only_geometry_4fold	receptor_grouped_5fold	2	Gs	numeric__receptor_only__intracellular_cavity_core_wall_fraction_tm3	0.0	0.0
receptor_only_geometry_4fold	receptor_grouped_5fold	2	Gs	numeric__receptor_only__intracellular_cavity_core_wall_fraction_tm7	-0.02532356162028238	0.02532356162028238
receptor_only_geometry_4fold	receptor_grouped_5fold	3	Gi/o	numeric__receptor_only__activation_consensus_score	-0.10923429174166202	0.10923429174166202
receptor_only_geometry_4fold	receptor_grouped_5fold	3	Gi/o	numeric__receptor_only__tm6_r350_634_distance	-0.05700936100071881	0.05700936100071881
receptor_only_geometry_4fold	receptor_grouped_5fold	3	Gi/o	numeric__receptor_only__tm6_aligned_displacement	-0.10411942346610194	0.10411942346610194
receptor_only_geometry_4fold	receptor_grouped_5fold	3	Gi/o	numeric__receptor_only__tm7_displacement	0.0	0.0
receptor_only_geometry_4fold	receptor_grouped_5fold	3	Gi/o	numeric__receptor_only__tm3_tm7_distance	0.17341975191168651	0.17341975191168651
receptor_only_geometry_4fold	receptor_grouped_5fold	3	Gi/o	numeric__receptor_only__tm6_r350_630_distance	0.0	0.0
receptor_only_geometry_4fold	receptor_grouped_5fold	3	Gi/o	numeric__receptor_only__dry_r350_630_min_distance	0.0	0.0
receptor_only_geometry_4fold	receptor_grouped_5fold	3	Gi/o	numeric__receptor_only__dry_r350_630_ca_distance	0.0	0.0
receptor_only_geometry_4fold	receptor_grouped_5fold	3	Gi/o	numeric__receptor_only__dry_d349_r350_min_distance	0.0	0.0
receptor_only_geometry_4fold	receptor_grouped_5fold	3	Gi/o	numeric__receptor_only__r350_chi1	0.0	0.0
receptor_only_geometry_4fold	receptor_grouped_5fold	3	Gi/o	numeric__receptor_only__r350_chi2	0.15874293751943733	0.15874293751943733
receptor_only_geometry_4fold	receptor_grouped_5fold	3	Gi/o	numeric__receptor_only__pif_550_340_distance	0.0	0.0
receptor_only_geometry_4fold	receptor_grouped_5fold	3	Gi/o	numeric__receptor_only__pif_340_644_distance	0.0493585674991695	0.0493585674991695
receptor_only_geometry_4fold	receptor_grouped_5fold	3	Gi/o	numeric__receptor_only__pif_550_644_distance	0.0	0.0
receptor_only_geometry_4fold	receptor_grouped_5fold	3	Gi/o	numeric__receptor_only__pif_550_340_min_distance	-0.03237593029435271	0.03237593029435271
receptor_only_geometry_4fold	receptor_grouped_5fold	3	Gi/o	numeric__receptor_only__pif_340_644_min_distance	0.019547533907116103	0.019547533907116103
receptor_only_geometry_4fold	receptor_grouped_5fold	3	Gi/o	numeric__receptor_only__pif_550_644_min_distance	0.0	0.0
receptor_only_geometry_4fold	receptor_grouped_5fold	3	Gi/o	numeric__receptor_only__pif_triangle_perimeter	0.0	0.0
receptor_only_geometry_4fold	receptor_grouped_5fold	3	Gi/o	numeric__receptor_only__position_644_chi1	0.0	0.0
receptor_only_geometry_4fold	receptor_grouped_5fold	3	Gi/o	numeric__receptor_only__position_644_chi2	0.0	0.0
receptor_only_geometry_4fold	receptor_grouped_5fold	3	Gi/o	numeric__receptor_only__w648_chi1	0.0	0.0
receptor_only_geometry_4fold	receptor_grouped_5fold	3	Gi/o	numeric__receptor_only__w648_chi2	0.0	0.0
receptor_only_geometry_4fold	receptor_grouped_5fold	3	Gi/o	numeric__receptor_only__w648_displacement	0.0	0.0
receptor_only_geometry_4fold	receptor_grouped_5fold	3	Gi/o	numeric__receptor_only__w648_to_644_distance	0.0	0.0
receptor_only_geometry_4fold	receptor_grouped_5fold	3	Gi/o	numeric__receptor_only__cwxp_647_650_distance	0.0	0.0
receptor_only_geometry_4fold	receptor_grouped_5fold	3	Gi/o	numeric__receptor_only__y753_chi1	0.0	0.0
receptor_only_geometry_4fold	receptor_grouped_5fold	3	Gi/o	numeric__receptor_only__y753_chi2	0.0	0.0
receptor_only_geometry_4fold	receptor_grouped_5fold	3	Gi/o	numeric__receptor_only__y753_y558_distance	0.0	0.0
receptor_only_geometry_4fold	receptor_grouped_5fold	3	Gi/o	numeric__receptor_only__y753_y558_min_distance	0.0	0.0
receptor_only_geometry_4fold	receptor_grouped_5fold	3	Gi/o	numeric__receptor_only__n749_y753_distance	0.0	0.0
receptor_only_geometry_4fold	receptor_grouped_5fold	3	Gi/o	numeric__receptor_only__npxxy_local_spread	-0.07978788019514542	0.07978788019514542
receptor_only_geometry_4fold	receptor_grouped_5fold	3	Gi/o	numeric__receptor_only__y753_displacement	0.0	0.0
receptor_only_geometry_4fold	receptor_grouped_5fold	3	Gi/o	numeric__receptor_only__sodium_d250_s339_distance	0.0	0.0
receptor_only_geometry_4fold	receptor_grouped_5fold	3	Gi/o	numeric__receptor_only__sodium_d250_n745_distance	0.0	0.0
receptor_only_geometry_4fold	receptor_grouped_5fold	3	Gi/o	numeric__receptor_only__sodium_d250_s746_distance	0.0	0.0
receptor_only_geometry_4fold	receptor_grouped_5fold	3	Gi/o	numeric__receptor_only__sodium_d250_n749_distance	0.0	0.0
receptor_only_geometry_4fold	receptor_grouped_5fold	3	Gi/o	numeric__receptor_only__sodium_pocket_volume	0.0	0.0
receptor_only_geometry_4fold	receptor_grouped_5fold	3	Gi/o	numeric__receptor_only__sodium_pocket_spread	0.0	0.0
receptor_only_geometry_4fold	receptor_grouped_5fold	3	Gi/o	numeric__receptor_only__tm7_rotation	0.0	0.0
receptor_only_geometry_4fold	receptor_grouped_5fold	3	Gi/o	numeric__receptor_only__icl2_generic_ca_count	0.0	0.0
receptor_only_geometry_4fold	receptor_grouped_5fold	3	Gi/o	numeric__receptor_only__icl2_end_to_end_distance	0.0	0.0
receptor_only_geometry_4fold	receptor_grouped_5fold	3	Gi/o	numeric__receptor_only__icl2_centroid_to_r350	0.0	0.0
receptor_only_geometry_4fold	receptor_grouped_5fold	3	Gi/o	numeric__receptor_only__icl2_centroid_to_tm5_561	-0.1773461943965964	0.1773461943965964
receptor_only_geometry_4fold	receptor_grouped_5fold	3	Gi/o	numeric__receptor_only__icl2_centroid_to_tm6_634	-0.08944993649301104	0.08944993649301104
receptor_only_geometry_4fold	receptor_grouped_5fold	3	Gi/o	numeric__receptor_only__icl2_centroid_to_tm7_753	0.013495331499063309	0.013495331499063309
receptor_only_geometry_4fold	receptor_grouped_5fold	3	Gi/o	numeric__receptor_only__icl2_axis_tm3_angle	0.0	0.0
receptor_only_geometry_4fold	receptor_grouped_5fold	3	Gi/o	numeric__receptor_only__icl2_axis_tm5_angle	0.11218562453096438	0.11218562453096438
receptor_only_geometry_4fold	receptor_grouped_5fold	3	Gi/o	numeric__receptor_only__icl2_active_reference_displacement	0.10229719364823583	0.10229719364823583
receptor_only_geometry_4fold	receptor_grouped_5fold	3	Gi/o	numeric__receptor_only__tm5_cytoplasmic_extension	0.0	0.0
receptor_only_geometry_4fold	receptor_grouped_5fold	3	Gi/o	numeric__receptor_only__tm5_cytoplasmic_kink	0.0	0.0
receptor_only_geometry_4fold	receptor_grouped_5fold	3	Gi/o	numeric__receptor_only__tm5_r350_561_distance	-0.08963816468720831	0.08963816468720831
receptor_only_geometry_4fold	receptor_grouped_5fold	3	Gi/o	numeric__receptor_only__tm5_r350_564_distance	-0.0556627774319766	0.0556627774319766
receptor_only_geometry_4fold	receptor_grouped_5fold	3	Gi/o	numeric__receptor_only__tm5_tm6_cavity_distance	0.0	0.0
receptor_only_geometry_4fold	receptor_grouped_5fold	3	Gi/o	numeric__receptor_only__tm5_axis_tm3_angle	-0.03291362862886663	0.03291362862886663
receptor_only_geometry_4fold	receptor_grouped_5fold	3	Gi/o	numeric__receptor_only__tm6_lower_upper_kink	-0.03396889834513381	0.03396889834513381
receptor_only_geometry_4fold	receptor_grouped_5fold	3	Gi/o	numeric__receptor_only__tm6_axis_tm3_angle	0.0	0.0
receptor_only_geometry_4fold	receptor_grouped_5fold	3	Gi/o	numeric__receptor_only__tm6_tm7_cavity_distance	0.0	0.0
receptor_only_geometry_4fold	receptor_grouped_5fold	3	Gi/o	numeric__receptor_only__tm7_h8_angle	0.0	0.0
receptor_only_geometry_4fold	receptor_grouped_5fold	3	Gi/o	numeric__receptor_only__h8_end_to_end_distance	0.0	0.0
receptor_only_geometry_4fold	receptor_grouped_5fold	3	Gi/o	numeric__receptor_only__h8_r350_distance	0.0	0.0
receptor_only_geometry_4fold	receptor_grouped_5fold	3	Gi/o	numeric__receptor_only__h8_tm6_distance	-0.15352807121480835	0.15352807121480835
receptor_only_geometry_4fold	receptor_grouped_5fold	3	Gi/o	numeric__receptor_only__icl2_helix_fraction	-0.011988075367839456	0.011988075367839456
receptor_only_geometry_4fold	receptor_grouped_5fold	3	Gi/o	numeric__receptor_only__icl2_longest_helix	0.0	0.0
receptor_only_geometry_4fold	receptor_grouped_5fold	3	Gi/o	numeric__receptor_only__icl2_mean_phi	-0.010924963688182026	0.010924963688182026
receptor_only_geometry_4fold	receptor_grouped_5fold	3	Gi/o	numeric__receptor_only__icl2_mean_psi	0.12264555216260346	0.12264555216260346
receptor_only_geometry_4fold	receptor_grouped_5fold	3	Gi/o	numeric__receptor_only__intracellular_cavity_core_volume	0.0	0.0
receptor_only_geometry_4fold	receptor_grouped_5fold	3	Gi/o	numeric__receptor_only__intracellular_cavity_core_mouth_area	0.0	0.0
receptor_only_geometry_4fold	receptor_grouped_5fold	3	Gi/o	numeric__receptor_only__intracellular_cavity_core_depth	0.0	0.0
receptor_only_geometry_4fold	receptor_grouped_5fold	3	Gi/o	numeric__receptor_only__intracellular_cavity_core_maximum_width	0.0	0.0
receptor_only_geometry_4fold	receptor_grouped_5fold	3	Gi/o	numeric__receptor_only__intracellular_cavity_core_average_cross_section	0.0	0.0
receptor_only_geometry_4fold	receptor_grouped_5fold	3	Gi/o	numeric__receptor_only__intracellular_cavity_core_bottleneck_area	0.0	0.0
receptor_only_geometry_4fold	receptor_grouped_5fold	3	Gi/o	numeric__receptor_only__intracellular_cavity_core_bottleneck_radius	0.0	0.0
receptor_only_geometry_4fold	receptor_grouped_5fold	3	Gi/o	numeric__receptor_only__intracellular_cavity_core_max_inscribed_radius	0.0	0.0
receptor_only_geometry_4fold	receptor_grouped_5fold	3	Gi/o	numeric__receptor_only__intracellular_cavity_core_surface_area	0.0	0.0
receptor_only_geometry_4fold	receptor_grouped_5fold	3	Gi/o	numeric__receptor_only__intracellular_cavity_core_centroid_x	0.0	0.0
receptor_only_geometry_4fold	receptor_grouped_5fold	3	Gi/o	numeric__receptor_only__intracellular_cavity_core_centroid_y	0.010696791935181497	0.010696791935181497
receptor_only_geometry_4fold	receptor_grouped_5fold	3	Gi/o	numeric__receptor_only__intracellular_cavity_core_centroid_z	0.0	0.0
receptor_only_geometry_4fold	receptor_grouped_5fold	3	Gi/o	numeric__receptor_only__intracellular_cavity_core_principal_length_1	0.0	0.0
receptor_only_geometry_4fold	receptor_grouped_5fold	3	Gi/o	numeric__receptor_only__intracellular_cavity_core_principal_length_2	0.0	0.0
receptor_only_geometry_4fold	receptor_grouped_5fold	3	Gi/o	numeric__receptor_only__intracellular_cavity_core_principal_length_3	0.0	0.0
receptor_only_geometry_4fold	receptor_grouped_5fold	3	Gi/o	numeric__receptor_only__intracellular_cavity_core_principal_axis_1_z_alignment	0.0	0.0
receptor_only_geometry_4fold	receptor_grouped_5fold	3	Gi/o	numeric__receptor_only__intracellular_cavity_core_eccentricity	0.020119229756686233	0.020119229756686233
receptor_only_geometry_4fold	receptor_grouped_5fold	3	Gi/o	numeric__receptor_only__intracellular_cavity_core_sphericity	0.0	0.0
receptor_only_geometry_4fold	receptor_grouped_5fold	3	Gi/o	numeric__receptor_only__intracellular_cavity_core_asymmetry	0.0	0.0
receptor_only_geometry_4fold	receptor_grouped_5fold	3	Gi/o	numeric__receptor_only__intracellular_cavity_core_tm3_side_fraction	0.0	0.0
receptor_only_geometry_4fold	receptor_grouped_5fold	3	Gi/o	numeric__receptor_only__intracellular_cavity_core_tm6_side_fraction	0.0	0.0
receptor_only_geometry_4fold	receptor_grouped_5fold	3	Gi/o	numeric__receptor_only__intracellular_cavity_core_tm5_side_fraction	0.09580971132927522	0.09580971132927522
receptor_only_geometry_4fold	receptor_grouped_5fold	3	Gi/o	numeric__receptor_only__intracellular_cavity_core_tm7_side_fraction	-0.09580971132927543	0.09580971132927543
receptor_only_geometry_4fold	receptor_grouped_5fold	3	Gi/o	numeric__receptor_only__intracellular_cavity_core_wall_fraction_h8	0.12069358624410655	0.12069358624410655
receptor_only_geometry_4fold	receptor_grouped_5fold	3	Gi/o	numeric__receptor_only__intracellular_cavity_core_wall_fraction_icl2	0.0	0.0
receptor_only_geometry_4fold	receptor_grouped_5fold	3	Gi/o	numeric__receptor_only__intracellular_cavity_core_wall_fraction_tm3	0.06239614079578791	0.06239614079578791
receptor_only_geometry_4fold	receptor_grouped_5fold	3	Gi/o	numeric__receptor_only__intracellular_cavity_core_wall_fraction_tm7	0.0	0.0
receptor_only_geometry_4fold	receptor_grouped_5fold	3	Gq/11	numeric__receptor_only__activation_consensus_score	0.009230994534969063	0.009230994534969063
receptor_only_geometry_4fold	receptor_grouped_5fold	3	Gq/11	numeric__receptor_only__tm6_r350_634_distance	0.010005803718175724	0.010005803718175724
receptor_only_geometry_4fold	receptor_grouped_5fold	3	Gq/11	numeric__receptor_only__tm6_aligned_displacement	0.0	0.0
receptor_only_geometry_4fold	receptor_grouped_5fold	3	Gq/11	numeric__receptor_only__tm7_displacement	0.0	0.0
receptor_only_geometry_4fold	receptor_grouped_5fold	3	Gq/11	numeric__receptor_only__tm3_tm7_distance	-0.0930521368511119	0.0930521368511119
receptor_only_geometry_4fold	receptor_grouped_5fold	3	Gq/11	numeric__receptor_only__tm6_r350_630_distance	0.0	0.0
receptor_only_geometry_4fold	receptor_grouped_5fold	3	Gq/11	numeric__receptor_only__dry_r350_630_min_distance	0.020291455720745626	0.020291455720745626
receptor_only_geometry_4fold	receptor_grouped_5fold	3	Gq/11	numeric__receptor_only__dry_r350_630_ca_distance	0.0	0.0
receptor_only_geometry_4fold	receptor_grouped_5fold	3	Gq/11	numeric__receptor_only__dry_d349_r350_min_distance	0.0	0.0
receptor_only_geometry_4fold	receptor_grouped_5fold	3	Gq/11	numeric__receptor_only__r350_chi1	0.0	0.0
receptor_only_geometry_4fold	receptor_grouped_5fold	3	Gq/11	numeric__receptor_only__r350_chi2	0.0	0.0
receptor_only_geometry_4fold	receptor_grouped_5fold	3	Gq/11	numeric__receptor_only__pif_550_340_distance	0.0	0.0
receptor_only_geometry_4fold	receptor_grouped_5fold	3	Gq/11	numeric__receptor_only__pif_340_644_distance	-0.29700183718740775	0.29700183718740775
receptor_only_geometry_4fold	receptor_grouped_5fold	3	Gq/11	numeric__receptor_only__pif_550_644_distance	0.0	0.0
receptor_only_geometry_4fold	receptor_grouped_5fold	3	Gq/11	numeric__receptor_only__pif_550_340_min_distance	0.0	0.0
receptor_only_geometry_4fold	receptor_grouped_5fold	3	Gq/11	numeric__receptor_only__pif_340_644_min_distance	-0.021651502832800047	0.021651502832800047
receptor_only_geometry_4fold	receptor_grouped_5fold	3	Gq/11	numeric__receptor_only__pif_550_644_min_distance	0.005680811673532281	0.005680811673532281
receptor_only_geometry_4fold	receptor_grouped_5fold	3	Gq/11	numeric__receptor_only__pif_triangle_perimeter	0.0	0.0
receptor_only_geometry_4fold	receptor_grouped_5fold	3	Gq/11	numeric__receptor_only__position_644_chi1	-0.10129565549651942	0.10129565549651942
receptor_only_geometry_4fold	receptor_grouped_5fold	3	Gq/11	numeric__receptor_only__position_644_chi2	-0.20011238931964903	0.20011238931964903
receptor_only_geometry_4fold	receptor_grouped_5fold	3	Gq/11	numeric__receptor_only__w648_chi1	0.0	0.0
receptor_only_geometry_4fold	receptor_grouped_5fold	3	Gq/11	numeric__receptor_only__w648_chi2	0.009614074072370896	0.009614074072370896
receptor_only_geometry_4fold	receptor_grouped_5fold	3	Gq/11	numeric__receptor_only__w648_displacement	0.0	0.0
receptor_only_geometry_4fold	receptor_grouped_5fold	3	Gq/11	numeric__receptor_only__w648_to_644_distance	0.0	0.0
receptor_only_geometry_4fold	receptor_grouped_5fold	3	Gq/11	numeric__receptor_only__cwxp_647_650_distance	-0.06720460599716883	0.06720460599716883
receptor_only_geometry_4fold	receptor_grouped_5fold	3	Gq/11	numeric__receptor_only__y753_chi1	0.0	0.0
receptor_only_geometry_4fold	receptor_grouped_5fold	3	Gq/11	numeric__receptor_only__y753_chi2	0.0	0.0
receptor_only_geometry_4fold	receptor_grouped_5fold	3	Gq/11	numeric__receptor_only__y753_y558_distance	0.0	0.0
receptor_only_geometry_4fold	receptor_grouped_5fold	3	Gq/11	numeric__receptor_only__y753_y558_min_distance	0.0	0.0
receptor_only_geometry_4fold	receptor_grouped_5fold	3	Gq/11	numeric__receptor_only__n749_y753_distance	0.0	0.0
receptor_only_geometry_4fold	receptor_grouped_5fold	3	Gq/11	numeric__receptor_only__npxxy_local_spread	0.0038259037307434404	0.0038259037307434404
receptor_only_geometry_4fold	receptor_grouped_5fold	3	Gq/11	numeric__receptor_only__y753_displacement	0.0	0.0
receptor_only_geometry_4fold	receptor_grouped_5fold	3	Gq/11	numeric__receptor_only__sodium_d250_s339_distance	-0.006451789872382858	0.006451789872382858
receptor_only_geometry_4fold	receptor_grouped_5fold	3	Gq/11	numeric__receptor_only__sodium_d250_n745_distance	0.0	0.0
receptor_only_geometry_4fold	receptor_grouped_5fold	3	Gq/11	numeric__receptor_only__sodium_d250_s746_distance	-0.015433862066792014	0.015433862066792014
receptor_only_geometry_4fold	receptor_grouped_5fold	3	Gq/11	numeric__receptor_only__sodium_d250_n749_distance	-0.23281762742864148	0.23281762742864148
receptor_only_geometry_4fold	receptor_grouped_5fold	3	Gq/11	numeric__receptor_only__sodium_pocket_volume	0.0	0.0
receptor_only_geometry_4fold	receptor_grouped_5fold	3	Gq/11	numeric__receptor_only__sodium_pocket_spread	0.0	0.0
receptor_only_geometry_4fold	receptor_grouped_5fold	3	Gq/11	numeric__receptor_only__tm7_rotation	0.0	0.0
receptor_only_geometry_4fold	receptor_grouped_5fold	3	Gq/11	numeric__receptor_only__icl2_generic_ca_count	0.0	0.0
receptor_only_geometry_4fold	receptor_grouped_5fold	3	Gq/11	numeric__receptor_only__icl2_end_to_end_distance	0.0	0.0
receptor_only_geometry_4fold	receptor_grouped_5fold	3	Gq/11	numeric__receptor_only__icl2_centroid_to_r350	0.0	0.0
receptor_only_geometry_4fold	receptor_grouped_5fold	3	Gq/11	numeric__receptor_only__icl2_centroid_to_tm5_561	0.0	0.0
receptor_only_geometry_4fold	receptor_grouped_5fold	3	Gq/11	numeric__receptor_only__icl2_centroid_to_tm6_634	0.0	0.0
receptor_only_geometry_4fold	receptor_grouped_5fold	3	Gq/11	numeric__receptor_only__icl2_centroid_to_tm7_753	0.0	0.0
receptor_only_geometry_4fold	receptor_grouped_5fold	3	Gq/11	numeric__receptor_only__icl2_axis_tm3_angle	0.06630705825575728	0.06630705825575728
receptor_only_geometry_4fold	receptor_grouped_5fold	3	Gq/11	numeric__receptor_only__icl2_axis_tm5_angle	0.0	0.0
receptor_only_geometry_4fold	receptor_grouped_5fold	3	Gq/11	numeric__receptor_only__icl2_active_reference_displacement	0.0	0.0
receptor_only_geometry_4fold	receptor_grouped_5fold	3	Gq/11	numeric__receptor_only__tm5_cytoplasmic_extension	0.0	0.0
receptor_only_geometry_4fold	receptor_grouped_5fold	3	Gq/11	numeric__receptor_only__tm5_cytoplasmic_kink	0.0	0.0
receptor_only_geometry_4fold	receptor_grouped_5fold	3	Gq/11	numeric__receptor_only__tm5_r350_561_distance	0.0	0.0
receptor_only_geometry_4fold	receptor_grouped_5fold	3	Gq/11	numeric__receptor_only__tm5_r350_564_distance	0.0	0.0
receptor_only_geometry_4fold	receptor_grouped_5fold	3	Gq/11	numeric__receptor_only__tm5_tm6_cavity_distance	0.024822636368912368	0.024822636368912368
receptor_only_geometry_4fold	receptor_grouped_5fold	3	Gq/11	numeric__receptor_only__tm5_axis_tm3_angle	0.0	0.0
receptor_only_geometry_4fold	receptor_grouped_5fold	3	Gq/11	numeric__receptor_only__tm6_lower_upper_kink	0.0	0.0
receptor_only_geometry_4fold	receptor_grouped_5fold	3	Gq/11	numeric__receptor_only__tm6_axis_tm3_angle	0.0	0.0
receptor_only_geometry_4fold	receptor_grouped_5fold	3	Gq/11	numeric__receptor_only__tm6_tm7_cavity_distance	0.0	0.0
receptor_only_geometry_4fold	receptor_grouped_5fold	3	Gq/11	numeric__receptor_only__tm7_h8_angle	0.0	0.0
receptor_only_geometry_4fold	receptor_grouped_5fold	3	Gq/11	numeric__receptor_only__h8_end_to_end_distance	0.0	0.0
receptor_only_geometry_4fold	receptor_grouped_5fold	3	Gq/11	numeric__receptor_only__h8_r350_distance	0.0	0.0
receptor_only_geometry_4fold	receptor_grouped_5fold	3	Gq/11	numeric__receptor_only__h8_tm6_distance	0.03809407645903085	0.03809407645903085
receptor_only_geometry_4fold	receptor_grouped_5fold	3	Gq/11	numeric__receptor_only__icl2_helix_fraction	0.0	0.0
receptor_only_geometry_4fold	receptor_grouped_5fold	3	Gq/11	numeric__receptor_only__icl2_longest_helix	0.0	0.0
receptor_only_geometry_4fold	receptor_grouped_5fold	3	Gq/11	numeric__receptor_only__icl2_mean_phi	0.16340682432577538	0.16340682432577538
receptor_only_geometry_4fold	receptor_grouped_5fold	3	Gq/11	numeric__receptor_only__icl2_mean_psi	0.0	0.0
receptor_only_geometry_4fold	receptor_grouped_5fold	3	Gq/11	numeric__receptor_only__intracellular_cavity_core_volume	0.0	0.0
receptor_only_geometry_4fold	receptor_grouped_5fold	3	Gq/11	numeric__receptor_only__intracellular_cavity_core_mouth_area	0.0	0.0
receptor_only_geometry_4fold	receptor_grouped_5fold	3	Gq/11	numeric__receptor_only__intracellular_cavity_core_depth	0.0	0.0
receptor_only_geometry_4fold	receptor_grouped_5fold	3	Gq/11	numeric__receptor_only__intracellular_cavity_core_maximum_width	0.0	0.0
receptor_only_geometry_4fold	receptor_grouped_5fold	3	Gq/11	numeric__receptor_only__intracellular_cavity_core_average_cross_section	0.0	0.0
receptor_only_geometry_4fold	receptor_grouped_5fold	3	Gq/11	numeric__receptor_only__intracellular_cavity_core_bottleneck_area	0.0	0.0
receptor_only_geometry_4fold	receptor_grouped_5fold	3	Gq/11	numeric__receptor_only__intracellular_cavity_core_bottleneck_radius	0.0	0.0
receptor_only_geometry_4fold	receptor_grouped_5fold	3	Gq/11	numeric__receptor_only__intracellular_cavity_core_max_inscribed_radius	0.0	0.0
receptor_only_geometry_4fold	receptor_grouped_5fold	3	Gq/11	numeric__receptor_only__intracellular_cavity_core_surface_area	0.0	0.0
receptor_only_geometry_4fold	receptor_grouped_5fold	3	Gq/11	numeric__receptor_only__intracellular_cavity_core_centroid_x	0.11847747115257286	0.11847747115257286
receptor_only_geometry_4fold	receptor_grouped_5fold	3	Gq/11	numeric__receptor_only__intracellular_cavity_core_centroid_y	0.0	0.0
receptor_only_geometry_4fold	receptor_grouped_5fold	3	Gq/11	numeric__receptor_only__intracellular_cavity_core_centroid_z	-0.0066296666319555515	0.0066296666319555515
receptor_only_geometry_4fold	receptor_grouped_5fold	3	Gq/11	numeric__receptor_only__intracellular_cavity_core_principal_length_1	0.0	0.0
receptor_only_geometry_4fold	receptor_grouped_5fold	3	Gq/11	numeric__receptor_only__intracellular_cavity_core_principal_length_2	0.0	0.0
receptor_only_geometry_4fold	receptor_grouped_5fold	3	Gq/11	numeric__receptor_only__intracellular_cavity_core_principal_length_3	0.004937822607638158	0.004937822607638158
receptor_only_geometry_4fold	receptor_grouped_5fold	3	Gq/11	numeric__receptor_only__intracellular_cavity_core_principal_axis_1_z_alignment	0.0	0.0
receptor_only_geometry_4fold	receptor_grouped_5fold	3	Gq/11	numeric__receptor_only__intracellular_cavity_core_eccentricity	0.0	0.0
receptor_only_geometry_4fold	receptor_grouped_5fold	3	Gq/11	numeric__receptor_only__intracellular_cavity_core_sphericity	0.0	0.0
receptor_only_geometry_4fold	receptor_grouped_5fold	3	Gq/11	numeric__receptor_only__intracellular_cavity_core_asymmetry	-0.004349570521970758	0.004349570521970758
receptor_only_geometry_4fold	receptor_grouped_5fold	3	Gq/11	numeric__receptor_only__intracellular_cavity_core_tm3_side_fraction	-0.025419285492116795	0.025419285492116795
receptor_only_geometry_4fold	receptor_grouped_5fold	3	Gq/11	numeric__receptor_only__intracellular_cavity_core_tm6_side_fraction	0.025419285492116455	0.025419285492116455
receptor_only_geometry_4fold	receptor_grouped_5fold	3	Gq/11	numeric__receptor_only__intracellular_cavity_core_tm5_side_fraction	0.0	0.0
receptor_only_geometry_4fold	receptor_grouped_5fold	3	Gq/11	numeric__receptor_only__intracellular_cavity_core_tm7_side_fraction	0.0	0.0
receptor_only_geometry_4fold	receptor_grouped_5fold	3	Gq/11	numeric__receptor_only__intracellular_cavity_core_wall_fraction_h8	-0.16262931125841706	0.16262931125841706
receptor_only_geometry_4fold	receptor_grouped_5fold	3	Gq/11	numeric__receptor_only__intracellular_cavity_core_wall_fraction_icl2	0.07286312369153876	0.07286312369153876
receptor_only_geometry_4fold	receptor_grouped_5fold	3	Gq/11	numeric__receptor_only__intracellular_cavity_core_wall_fraction_tm3	0.0	0.0
receptor_only_geometry_4fold	receptor_grouped_5fold	3	Gq/11	numeric__receptor_only__intracellular_cavity_core_wall_fraction_tm7	0.0	0.0
receptor_only_geometry_4fold	receptor_grouped_5fold	3	Gs	numeric__receptor_only__activation_consensus_score	0.0	0.0
receptor_only_geometry_4fold	receptor_grouped_5fold	3	Gs	numeric__receptor_only__tm6_r350_634_distance	0.0	0.0
receptor_only_geometry_4fold	receptor_grouped_5fold	3	Gs	numeric__receptor_only__tm6_aligned_displacement	0.0	0.0
receptor_only_geometry_4fold	receptor_grouped_5fold	3	Gs	numeric__receptor_only__tm7_displacement	0.0	0.0
receptor_only_geometry_4fold	receptor_grouped_5fold	3	Gs	numeric__receptor_only__tm3_tm7_distance	0.0	0.0
receptor_only_geometry_4fold	receptor_grouped_5fold	3	Gs	numeric__receptor_only__tm6_r350_630_distance	0.0	0.0
receptor_only_geometry_4fold	receptor_grouped_5fold	3	Gs	numeric__receptor_only__dry_r350_630_min_distance	0.0	0.0
receptor_only_geometry_4fold	receptor_grouped_5fold	3	Gs	numeric__receptor_only__dry_r350_630_ca_distance	0.0	0.0
receptor_only_geometry_4fold	receptor_grouped_5fold	3	Gs	numeric__receptor_only__dry_d349_r350_min_distance	0.0	0.0
receptor_only_geometry_4fold	receptor_grouped_5fold	3	Gs	numeric__receptor_only__r350_chi1	-0.13203666324745705	0.13203666324745705
receptor_only_geometry_4fold	receptor_grouped_5fold	3	Gs	numeric__receptor_only__r350_chi2	-0.1394194003000168	0.1394194003000168
receptor_only_geometry_4fold	receptor_grouped_5fold	3	Gs	numeric__receptor_only__pif_550_340_distance	0.0	0.0
receptor_only_geometry_4fold	receptor_grouped_5fold	3	Gs	numeric__receptor_only__pif_340_644_distance	0.0	0.0
receptor_only_geometry_4fold	receptor_grouped_5fold	3	Gs	numeric__receptor_only__pif_550_644_distance	0.0	0.0
receptor_only_geometry_4fold	receptor_grouped_5fold	3	Gs	numeric__receptor_only__pif_550_340_min_distance	0.0	0.0
receptor_only_geometry_4fold	receptor_grouped_5fold	3	Gs	numeric__receptor_only__pif_340_644_min_distance	0.0	0.0
receptor_only_geometry_4fold	receptor_grouped_5fold	3	Gs	numeric__receptor_only__pif_550_644_min_distance	0.0	0.0
receptor_only_geometry_4fold	receptor_grouped_5fold	3	Gs	numeric__receptor_only__pif_triangle_perimeter	0.0	0.0
receptor_only_geometry_4fold	receptor_grouped_5fold	3	Gs	numeric__receptor_only__position_644_chi1	0.23011725937972066	0.23011725937972066
receptor_only_geometry_4fold	receptor_grouped_5fold	3	Gs	numeric__receptor_only__position_644_chi2	0.10634215750945683	0.10634215750945683
receptor_only_geometry_4fold	receptor_grouped_5fold	3	Gs	numeric__receptor_only__w648_chi1	0.0	0.0
receptor_only_geometry_4fold	receptor_grouped_5fold	3	Gs	numeric__receptor_only__w648_chi2	0.0	0.0
receptor_only_geometry_4fold	receptor_grouped_5fold	3	Gs	numeric__receptor_only__w648_displacement	0.0	0.0
receptor_only_geometry_4fold	receptor_grouped_5fold	3	Gs	numeric__receptor_only__w648_to_644_distance	0.0	0.0
receptor_only_geometry_4fold	receptor_grouped_5fold	3	Gs	numeric__receptor_only__cwxp_647_650_distance	0.0011373959352218308	0.0011373959352218308
receptor_only_geometry_4fold	receptor_grouped_5fold	3	Gs	numeric__receptor_only__y753_chi1	0.05606877147477636	0.05606877147477636
receptor_only_geometry_4fold	receptor_grouped_5fold	3	Gs	numeric__receptor_only__y753_chi2	0.0	0.0
receptor_only_geometry_4fold	receptor_grouped_5fold	3	Gs	numeric__receptor_only__y753_y558_distance	0.0	0.0
receptor_only_geometry_4fold	receptor_grouped_5fold	3	Gs	numeric__receptor_only__y753_y558_min_distance	0.0	0.0
receptor_only_geometry_4fold	receptor_grouped_5fold	3	Gs	numeric__receptor_only__n749_y753_distance	0.07185233969205038	0.07185233969205038
receptor_only_geometry_4fold	receptor_grouped_5fold	3	Gs	numeric__receptor_only__npxxy_local_spread	0.0	0.0
receptor_only_geometry_4fold	receptor_grouped_5fold	3	Gs	numeric__receptor_only__y753_displacement	0.01138471242128496	0.01138471242128496
receptor_only_geometry_4fold	receptor_grouped_5fold	3	Gs	numeric__receptor_only__sodium_d250_s339_distance	0.18523961821119894	0.18523961821119894
receptor_only_geometry_4fold	receptor_grouped_5fold	3	Gs	numeric__receptor_only__sodium_d250_n745_distance	0.10736873853836112	0.10736873853836112
receptor_only_geometry_4fold	receptor_grouped_5fold	3	Gs	numeric__receptor_only__sodium_d250_s746_distance	0.0	0.0
receptor_only_geometry_4fold	receptor_grouped_5fold	3	Gs	numeric__receptor_only__sodium_d250_n749_distance	0.4047805646478199	0.4047805646478199
receptor_only_geometry_4fold	receptor_grouped_5fold	3	Gs	numeric__receptor_only__sodium_pocket_volume	0.02286190002194485	0.02286190002194485
receptor_only_geometry_4fold	receptor_grouped_5fold	3	Gs	numeric__receptor_only__sodium_pocket_spread	0.2527321160422484	0.2527321160422484
receptor_only_geometry_4fold	receptor_grouped_5fold	3	Gs	numeric__receptor_only__tm7_rotation	0.0	0.0
receptor_only_geometry_4fold	receptor_grouped_5fold	3	Gs	numeric__receptor_only__icl2_generic_ca_count	0.07156366809778641	0.07156366809778641
receptor_only_geometry_4fold	receptor_grouped_5fold	3	Gs	numeric__receptor_only__icl2_end_to_end_distance	0.0	0.0
receptor_only_geometry_4fold	receptor_grouped_5fold	3	Gs	numeric__receptor_only__icl2_centroid_to_r350	0.0	0.0
receptor_only_geometry_4fold	receptor_grouped_5fold	3	Gs	numeric__receptor_only__icl2_centroid_to_tm5_561	0.0065238437747305224	0.0065238437747305224
receptor_only_geometry_4fold	receptor_grouped_5fold	3	Gs	numeric__receptor_only__icl2_centroid_to_tm6_634	0.0	0.0
receptor_only_geometry_4fold	receptor_grouped_5fold	3	Gs	numeric__receptor_only__icl2_centroid_to_tm7_753	0.0	0.0
receptor_only_geometry_4fold	receptor_grouped_5fold	3	Gs	numeric__receptor_only__icl2_axis_tm3_angle	-0.2954874070843576	0.2954874070843576
receptor_only_geometry_4fold	receptor_grouped_5fold	3	Gs	numeric__receptor_only__icl2_axis_tm5_angle	-0.1545884575616515	0.1545884575616515
receptor_only_geometry_4fold	receptor_grouped_5fold	3	Gs	numeric__receptor_only__icl2_active_reference_displacement	0.0	0.0
receptor_only_geometry_4fold	receptor_grouped_5fold	3	Gs	numeric__receptor_only__tm5_cytoplasmic_extension	0.06401666900656221	0.06401666900656221
receptor_only_geometry_4fold	receptor_grouped_5fold	3	Gs	numeric__receptor_only__tm5_cytoplasmic_kink	0.018712899370523898	0.018712899370523898
receptor_only_geometry_4fold	receptor_grouped_5fold	3	Gs	numeric__receptor_only__tm5_r350_561_distance	0.16247206086521873	0.16247206086521873
receptor_only_geometry_4fold	receptor_grouped_5fold	3	Gs	numeric__receptor_only__tm5_r350_564_distance	0.19319301007202028	0.19319301007202028
receptor_only_geometry_4fold	receptor_grouped_5fold	3	Gs	numeric__receptor_only__tm5_tm6_cavity_distance	0.0	0.0
receptor_only_geometry_4fold	receptor_grouped_5fold	3	Gs	numeric__receptor_only__tm5_axis_tm3_angle	0.23806458143024467	0.23806458143024467
receptor_only_geometry_4fold	receptor_grouped_5fold	3	Gs	numeric__receptor_only__tm6_lower_upper_kink	0.1260923970442436	0.1260923970442436
receptor_only_geometry_4fold	receptor_grouped_5fold	3	Gs	numeric__receptor_only__tm6_axis_tm3_angle	0.0	0.0
receptor_only_geometry_4fold	receptor_grouped_5fold	3	Gs	numeric__receptor_only__tm6_tm7_cavity_distance	0.0	0.0
receptor_only_geometry_4fold	receptor_grouped_5fold	3	Gs	numeric__receptor_only__tm7_h8_angle	0.0	0.0
receptor_only_geometry_4fold	receptor_grouped_5fold	3	Gs	numeric__receptor_only__h8_end_to_end_distance	0.0	0.0
receptor_only_geometry_4fold	receptor_grouped_5fold	3	Gs	numeric__receptor_only__h8_r350_distance	0.0	0.0
receptor_only_geometry_4fold	receptor_grouped_5fold	3	Gs	numeric__receptor_only__h8_tm6_distance	0.0	0.0
receptor_only_geometry_4fold	receptor_grouped_5fold	3	Gs	numeric__receptor_only__icl2_helix_fraction	0.0	0.0
receptor_only_geometry_4fold	receptor_grouped_5fold	3	Gs	numeric__receptor_only__icl2_longest_helix	0.0	0.0
receptor_only_geometry_4fold	receptor_grouped_5fold	3	Gs	numeric__receptor_only__icl2_mean_phi	0.0	0.0
receptor_only_geometry_4fold	receptor_grouped_5fold	3	Gs	numeric__receptor_only__icl2_mean_psi	0.0	0.0
receptor_only_geometry_4fold	receptor_grouped_5fold	3	Gs	numeric__receptor_only__intracellular_cavity_core_volume	0.0	0.0
receptor_only_geometry_4fold	receptor_grouped_5fold	3	Gs	numeric__receptor_only__intracellular_cavity_core_mouth_area	0.0	0.0
receptor_only_geometry_4fold	receptor_grouped_5fold	3	Gs	numeric__receptor_only__intracellular_cavity_core_depth	0.0	0.0
receptor_only_geometry_4fold	receptor_grouped_5fold	3	Gs	numeric__receptor_only__intracellular_cavity_core_maximum_width	0.0	0.0
receptor_only_geometry_4fold	receptor_grouped_5fold	3	Gs	numeric__receptor_only__intracellular_cavity_core_average_cross_section	0.0	0.0
receptor_only_geometry_4fold	receptor_grouped_5fold	3	Gs	numeric__receptor_only__intracellular_cavity_core_bottleneck_area	0.0	0.0
receptor_only_geometry_4fold	receptor_grouped_5fold	3	Gs	numeric__receptor_only__intracellular_cavity_core_bottleneck_radius	0.0	0.0
receptor_only_geometry_4fold	receptor_grouped_5fold	3	Gs	numeric__receptor_only__intracellular_cavity_core_max_inscribed_radius	0.0	0.0
receptor_only_geometry_4fold	receptor_grouped_5fold	3	Gs	numeric__receptor_only__intracellular_cavity_core_surface_area	0.0	0.0
receptor_only_geometry_4fold	receptor_grouped_5fold	3	Gs	numeric__receptor_only__intracellular_cavity_core_centroid_x	-0.07013553290010476	0.07013553290010476
receptor_only_geometry_4fold	receptor_grouped_5fold	3	Gs	numeric__receptor_only__intracellular_cavity_core_centroid_y	0.0	0.0
receptor_only_geometry_4fold	receptor_grouped_5fold	3	Gs	numeric__receptor_only__intracellular_cavity_core_centroid_z	0.0	0.0
receptor_only_geometry_4fold	receptor_grouped_5fold	3	Gs	numeric__receptor_only__intracellular_cavity_core_principal_length_1	0.0	0.0
receptor_only_geometry_4fold	receptor_grouped_5fold	3	Gs	numeric__receptor_only__intracellular_cavity_core_principal_length_2	0.0	0.0
receptor_only_geometry_4fold	receptor_grouped_5fold	3	Gs	numeric__receptor_only__intracellular_cavity_core_principal_length_3	0.0	0.0
receptor_only_geometry_4fold	receptor_grouped_5fold	3	Gs	numeric__receptor_only__intracellular_cavity_core_principal_axis_1_z_alignment	0.0	0.0
receptor_only_geometry_4fold	receptor_grouped_5fold	3	Gs	numeric__receptor_only__intracellular_cavity_core_eccentricity	0.0	0.0
receptor_only_geometry_4fold	receptor_grouped_5fold	3	Gs	numeric__receptor_only__intracellular_cavity_core_sphericity	0.0	0.0
receptor_only_geometry_4fold	receptor_grouped_5fold	3	Gs	numeric__receptor_only__intracellular_cavity_core_asymmetry	0.0032658463698924255	0.0032658463698924255
receptor_only_geometry_4fold	receptor_grouped_5fold	3	Gs	numeric__receptor_only__intracellular_cavity_core_tm3_side_fraction	0.013928233416790958	0.013928233416790958
receptor_only_geometry_4fold	receptor_grouped_5fold	3	Gs	numeric__receptor_only__intracellular_cavity_core_tm6_side_fraction	-0.013928233416792037	0.013928233416792037
receptor_only_geometry_4fold	receptor_grouped_5fold	3	Gs	numeric__receptor_only__intracellular_cavity_core_tm5_side_fraction	0.0	0.0
receptor_only_geometry_4fold	receptor_grouped_5fold	3	Gs	numeric__receptor_only__intracellular_cavity_core_tm7_side_fraction	0.0	0.0
receptor_only_geometry_4fold	receptor_grouped_5fold	3	Gs	numeric__receptor_only__intracellular_cavity_core_wall_fraction_h8	0.0	0.0
receptor_only_geometry_4fold	receptor_grouped_5fold	3	Gs	numeric__receptor_only__intracellular_cavity_core_wall_fraction_icl2	0.0	0.0
receptor_only_geometry_4fold	receptor_grouped_5fold	3	Gs	numeric__receptor_only__intracellular_cavity_core_wall_fraction_tm3	0.0	0.0
receptor_only_geometry_4fold	receptor_grouped_5fold	3	Gs	numeric__receptor_only__intracellular_cavity_core_wall_fraction_tm7	0.0	0.0
