experiment	validation	fold	class_label	transformed_feature	coefficient	absolute_coefficient
bound_geometry	receptor_grouped_5fold	0	Gi/o	numeric__bound__activation_consensus_score	0.0	0.0
bound_geometry	receptor_grouped_5fold	0	Gi/o	numeric__bound__tm6_r350_634_distance	-0.038470044284846544	0.038470044284846544
bound_geometry	receptor_grouped_5fold	0	Gi/o	numeric__bound__tm6_aligned_displacement	0.0	0.0
bound_geometry	receptor_grouped_5fold	0	Gi/o	numeric__bound__tm7_displacement	0.0	0.0
bound_geometry	receptor_grouped_5fold	0	Gi/o	numeric__bound__tm3_tm7_distance	0.11445247537232962	0.11445247537232962
bound_geometry	receptor_grouped_5fold	0	Gi/o	numeric__bound__tm6_r350_630_distance	0.0	0.0
bound_geometry	receptor_grouped_5fold	0	Gi/o	numeric__bound__dry_r350_630_min_distance	0.0	0.0
bound_geometry	receptor_grouped_5fold	0	Gi/o	numeric__bound__dry_r350_630_ca_distance	0.0	0.0
bound_geometry	receptor_grouped_5fold	0	Gi/o	numeric__bound__dry_d349_r350_min_distance	0.0	0.0
bound_geometry	receptor_grouped_5fold	0	Gi/o	numeric__bound__r350_chi1	0.0	0.0
bound_geometry	receptor_grouped_5fold	0	Gi/o	numeric__bound__r350_chi2	0.0	0.0
bound_geometry	receptor_grouped_5fold	0	Gi/o	numeric__bound__pif_550_340_distance	0.0	0.0
bound_geometry	receptor_grouped_5fold	0	Gi/o	numeric__bound__pif_340_644_distance	0.0	0.0
bound_geometry	receptor_grouped_5fold	0	Gi/o	numeric__bound__pif_550_644_distance	0.0	0.0
bound_geometry	receptor_grouped_5fold	0	Gi/o	numeric__bound__pif_550_340_min_distance	0.0	0.0
bound_geometry	receptor_grouped_5fold	0	Gi/o	numeric__bound__pif_340_644_min_distance	0.0	0.0
bound_geometry	receptor_grouped_5fold	0	Gi/o	numeric__bound__pif_550_644_min_distance	0.0	0.0
bound_geometry	receptor_grouped_5fold	0	Gi/o	numeric__bound__pif_triangle_perimeter	0.0	0.0
bound_geometry	receptor_grouped_5fold	0	Gi/o	numeric__bound__position_644_chi1	0.0	0.0
bound_geometry	receptor_grouped_5fold	0	Gi/o	numeric__bound__position_644_chi2	-0.5594802984506771	0.5594802984506771
bound_geometry	receptor_grouped_5fold	0	Gi/o	numeric__bound__w648_chi1	0.0	0.0
bound_geometry	receptor_grouped_5fold	0	Gi/o	numeric__bound__w648_chi2	0.0	0.0
bound_geometry	receptor_grouped_5fold	0	Gi/o	numeric__bound__w648_displacement	0.0	0.0
bound_geometry	receptor_grouped_5fold	0	Gi/o	numeric__bound__w648_to_644_distance	0.0	0.0
bound_geometry	receptor_grouped_5fold	0	Gi/o	numeric__bound__cwxp_647_650_distance	0.0	0.0
bound_geometry	receptor_grouped_5fold	0	Gi/o	numeric__bound__y753_chi1	0.0	0.0
bound_geometry	receptor_grouped_5fold	0	Gi/o	numeric__bound__y753_chi2	0.0	0.0
bound_geometry	receptor_grouped_5fold	0	Gi/o	numeric__bound__y753_y558_distance	0.0	0.0
bound_geometry	receptor_grouped_5fold	0	Gi/o	numeric__bound__y753_y558_min_distance	0.0	0.0
bound_geometry	receptor_grouped_5fold	0	Gi/o	numeric__bound__n749_y753_distance	0.0	0.0
bound_geometry	receptor_grouped_5fold	0	Gi/o	numeric__bound__npxxy_local_spread	0.0	0.0
bound_geometry	receptor_grouped_5fold	0	Gi/o	numeric__bound__y753_displacement	0.0	0.0
bound_geometry	receptor_grouped_5fold	0	Gi/o	numeric__bound__sodium_d250_s339_distance	0.0	0.0
bound_geometry	receptor_grouped_5fold	0	Gi/o	numeric__bound__sodium_d250_n745_distance	0.0	0.0
bound_geometry	receptor_grouped_5fold	0	Gi/o	numeric__bound__sodium_d250_s746_distance	0.09800951101073088	0.09800951101073088
bound_geometry	receptor_grouped_5fold	0	Gi/o	numeric__bound__sodium_d250_n749_distance	0.0	0.0
bound_geometry	receptor_grouped_5fold	0	Gi/o	numeric__bound__sodium_pocket_volume	0.0	0.0
bound_geometry	receptor_grouped_5fold	0	Gi/o	numeric__bound__sodium_pocket_spread	0.0	0.0
bound_geometry	receptor_grouped_5fold	0	Gi/o	numeric__bound__tm7_rotation	0.0	0.0
bound_geometry	receptor_grouped_5fold	0	Gi/o	numeric__bound__icl2_generic_ca_count	0.0	0.0
bound_geometry	receptor_grouped_5fold	0	Gi/o	numeric__bound__icl2_end_to_end_distance	0.0	0.0
bound_geometry	receptor_grouped_5fold	0	Gi/o	numeric__bound__icl2_centroid_to_r350	0.0	0.0
bound_geometry	receptor_grouped_5fold	0	Gi/o	numeric__bound__icl2_centroid_to_tm5_561	-0.04788045554066662	0.04788045554066662
bound_geometry	receptor_grouped_5fold	0	Gi/o	numeric__bound__icl2_centroid_to_tm6_634	0.0	0.0
bound_geometry	receptor_grouped_5fold	0	Gi/o	numeric__bound__icl2_centroid_to_tm7_753	0.0	0.0
bound_geometry	receptor_grouped_5fold	0	Gi/o	numeric__bound__icl2_axis_tm3_angle	0.0	0.0
bound_geometry	receptor_grouped_5fold	0	Gi/o	numeric__bound__icl2_axis_tm5_angle	0.07206974434499495	0.07206974434499495
bound_geometry	receptor_grouped_5fold	0	Gi/o	numeric__bound__icl2_active_reference_displacement	0.0	0.0
bound_geometry	receptor_grouped_5fold	0	Gi/o	numeric__bound__tm5_cytoplasmic_extension	0.0	0.0
bound_geometry	receptor_grouped_5fold	0	Gi/o	numeric__bound__tm5_cytoplasmic_kink	0.0	0.0
bound_geometry	receptor_grouped_5fold	0	Gi/o	numeric__bound__tm5_r350_561_distance	0.0	0.0
bound_geometry	receptor_grouped_5fold	0	Gi/o	numeric__bound__tm5_r350_564_distance	0.0	0.0
bound_geometry	receptor_grouped_5fold	0	Gi/o	numeric__bound__tm5_tm6_cavity_distance	0.0	0.0
bound_geometry	receptor_grouped_5fold	0	Gi/o	numeric__bound__tm5_axis_tm3_angle	0.0	0.0
bound_geometry	receptor_grouped_5fold	0	Gi/o	numeric__bound__tm6_lower_upper_kink	0.0	0.0
bound_geometry	receptor_grouped_5fold	0	Gi/o	numeric__bound__tm6_axis_tm3_angle	0.0	0.0
bound_geometry	receptor_grouped_5fold	0	Gi/o	numeric__bound__tm6_tm7_cavity_distance	0.0	0.0
bound_geometry	receptor_grouped_5fold	0	Gi/o	numeric__bound__tm7_h8_angle	0.0	0.0
bound_geometry	receptor_grouped_5fold	0	Gi/o	numeric__bound__h8_end_to_end_distance	0.0	0.0
bound_geometry	receptor_grouped_5fold	0	Gi/o	numeric__bound__h8_r350_distance	0.0	0.0
bound_geometry	receptor_grouped_5fold	0	Gi/o	numeric__bound__h8_tm6_distance	0.0	0.0
bound_geometry	receptor_grouped_5fold	0	Gi/o	numeric__bound__icl2_helix_fraction	0.0	0.0
bound_geometry	receptor_grouped_5fold	0	Gi/o	numeric__bound__icl2_longest_helix	0.0	0.0
bound_geometry	receptor_grouped_5fold	0	Gi/o	numeric__bound__icl2_mean_phi	0.16745049911837262	0.16745049911837262
bound_geometry	receptor_grouped_5fold	0	Gi/o	numeric__bound__icl2_mean_psi	0.0	0.0
bound_geometry	receptor_grouped_5fold	0	Gi/o	numeric__bound__intracellular_cavity_core_volume	0.0	0.0
bound_geometry	receptor_grouped_5fold	0	Gi/o	numeric__bound__intracellular_cavity_core_mouth_area	0.0	0.0
bound_geometry	receptor_grouped_5fold	0	Gi/o	numeric__bound__intracellular_cavity_core_depth	0.0	0.0
bound_geometry	receptor_grouped_5fold	0	Gi/o	numeric__bound__intracellular_cavity_core_maximum_width	0.0	0.0
bound_geometry	receptor_grouped_5fold	0	Gi/o	numeric__bound__intracellular_cavity_core_average_cross_section	0.0	0.0
bound_geometry	receptor_grouped_5fold	0	Gi/o	numeric__bound__intracellular_cavity_core_bottleneck_area	0.0	0.0
bound_geometry	receptor_grouped_5fold	0	Gi/o	numeric__bound__intracellular_cavity_core_bottleneck_radius	0.0	0.0
bound_geometry	receptor_grouped_5fold	0	Gi/o	numeric__bound__intracellular_cavity_core_max_inscribed_radius	0.0	0.0
bound_geometry	receptor_grouped_5fold	0	Gi/o	numeric__bound__intracellular_cavity_core_surface_area	0.0	0.0
bound_geometry	receptor_grouped_5fold	0	Gi/o	numeric__bound__intracellular_cavity_core_centroid_x	0.0	0.0
bound_geometry	receptor_grouped_5fold	0	Gi/o	numeric__bound__intracellular_cavity_core_centroid_y	0.0	0.0
bound_geometry	receptor_grouped_5fold	0	Gi/o	numeric__bound__intracellular_cavity_core_centroid_z	0.0	0.0
bound_geometry	receptor_grouped_5fold	0	Gi/o	numeric__bound__intracellular_cavity_core_principal_length_1	0.0	0.0
bound_geometry	receptor_grouped_5fold	0	Gi/o	numeric__bound__intracellular_cavity_core_principal_length_2	0.0	0.0
bound_geometry	receptor_grouped_5fold	0	Gi/o	numeric__bound__intracellular_cavity_core_principal_length_3	-0.09810827872058546	0.09810827872058546
bound_geometry	receptor_grouped_5fold	0	Gi/o	numeric__bound__intracellular_cavity_core_principal_axis_1_z_alignment	0.0	0.0
bound_geometry	receptor_grouped_5fold	0	Gi/o	numeric__bound__intracellular_cavity_core_eccentricity	0.02559330077880462	0.02559330077880462
bound_geometry	receptor_grouped_5fold	0	Gi/o	numeric__bound__intracellular_cavity_core_sphericity	0.0	0.0
bound_geometry	receptor_grouped_5fold	0	Gi/o	numeric__bound__intracellular_cavity_core_asymmetry	0.0	0.0
bound_geometry	receptor_grouped_5fold	0	Gi/o	numeric__bound__intracellular_cavity_core_tm3_side_fraction	0.0	0.0
bound_geometry	receptor_grouped_5fold	0	Gi/o	numeric__bound__intracellular_cavity_core_tm6_side_fraction	0.0	0.0
bound_geometry	receptor_grouped_5fold	0	Gi/o	numeric__bound__intracellular_cavity_core_tm5_side_fraction	0.0	0.0
bound_geometry	receptor_grouped_5fold	0	Gi/o	numeric__bound__intracellular_cavity_core_tm7_side_fraction	0.0	0.0
bound_geometry	receptor_grouped_5fold	0	Gi/o	numeric__bound__intracellular_cavity_core_wall_fraction_h8	0.0	0.0
bound_geometry	receptor_grouped_5fold	0	Gi/o	numeric__bound__intracellular_cavity_core_wall_fraction_icl2	0.0	0.0
bound_geometry	receptor_grouped_5fold	0	Gi/o	numeric__bound__intracellular_cavity_core_wall_fraction_tm3	0.0	0.0
bound_geometry	receptor_grouped_5fold	0	Gi/o	numeric__bound__intracellular_cavity_core_wall_fraction_tm7	0.0	0.0
bound_geometry	receptor_grouped_5fold	0	Gq/11	numeric__bound__activation_consensus_score	0.0	0.0
bound_geometry	receptor_grouped_5fold	0	Gq/11	numeric__bound__tm6_r350_634_distance	0.0	0.0
bound_geometry	receptor_grouped_5fold	0	Gq/11	numeric__bound__tm6_aligned_displacement	0.0	0.0
bound_geometry	receptor_grouped_5fold	0	Gq/11	numeric__bound__tm7_displacement	0.0	0.0
bound_geometry	receptor_grouped_5fold	0	Gq/11	numeric__bound__tm3_tm7_distance	0.0	0.0
bound_geometry	receptor_grouped_5fold	0	Gq/11	numeric__bound__tm6_r350_630_distance	0.0	0.0
bound_geometry	receptor_grouped_5fold	0	Gq/11	numeric__bound__dry_r350_630_min_distance	0.0	0.0
bound_geometry	receptor_grouped_5fold	0	Gq/11	numeric__bound__dry_r350_630_ca_distance	0.0	0.0
bound_geometry	receptor_grouped_5fold	0	Gq/11	numeric__bound__dry_d349_r350_min_distance	0.0	0.0
bound_geometry	receptor_grouped_5fold	0	Gq/11	numeric__bound__r350_chi1	0.0	0.0
bound_geometry	receptor_grouped_5fold	0	Gq/11	numeric__bound__r350_chi2	0.0	0.0
bound_geometry	receptor_grouped_5fold	0	Gq/11	numeric__bound__pif_550_340_distance	0.0	0.0
bound_geometry	receptor_grouped_5fold	0	Gq/11	numeric__bound__pif_340_644_distance	0.0	0.0
bound_geometry	receptor_grouped_5fold	0	Gq/11	numeric__bound__pif_550_644_distance	0.0	0.0
bound_geometry	receptor_grouped_5fold	0	Gq/11	numeric__bound__pif_550_340_min_distance	0.0	0.0
bound_geometry	receptor_grouped_5fold	0	Gq/11	numeric__bound__pif_340_644_min_distance	0.0	0.0
bound_geometry	receptor_grouped_5fold	0	Gq/11	numeric__bound__pif_550_644_min_distance	0.0	0.0
bound_geometry	receptor_grouped_5fold	0	Gq/11	numeric__bound__pif_triangle_perimeter	0.0	0.0
bound_geometry	receptor_grouped_5fold	0	Gq/11	numeric__bound__position_644_chi1	0.0	0.0
bound_geometry	receptor_grouped_5fold	0	Gq/11	numeric__bound__position_644_chi2	0.11848532392783931	0.11848532392783931
bound_geometry	receptor_grouped_5fold	0	Gq/11	numeric__bound__w648_chi1	0.0	0.0
bound_geometry	receptor_grouped_5fold	0	Gq/11	numeric__bound__w648_chi2	0.0	0.0
bound_geometry	receptor_grouped_5fold	0	Gq/11	numeric__bound__w648_displacement	0.0	0.0
bound_geometry	receptor_grouped_5fold	0	Gq/11	numeric__bound__w648_to_644_distance	0.0	0.0
bound_geometry	receptor_grouped_5fold	0	Gq/11	numeric__bound__cwxp_647_650_distance	0.0	0.0
bound_geometry	receptor_grouped_5fold	0	Gq/11	numeric__bound__y753_chi1	0.0	0.0
bound_geometry	receptor_grouped_5fold	0	Gq/11	numeric__bound__y753_chi2	0.0	0.0
bound_geometry	receptor_grouped_5fold	0	Gq/11	numeric__bound__y753_y558_distance	0.0	0.0
bound_geometry	receptor_grouped_5fold	0	Gq/11	numeric__bound__y753_y558_min_distance	0.0	0.0
bound_geometry	receptor_grouped_5fold	0	Gq/11	numeric__bound__n749_y753_distance	0.0	0.0
bound_geometry	receptor_grouped_5fold	0	Gq/11	numeric__bound__npxxy_local_spread	0.0	0.0
bound_geometry	receptor_grouped_5fold	0	Gq/11	numeric__bound__y753_displacement	0.0	0.0
bound_geometry	receptor_grouped_5fold	0	Gq/11	numeric__bound__sodium_d250_s339_distance	0.0	0.0
bound_geometry	receptor_grouped_5fold	0	Gq/11	numeric__bound__sodium_d250_n745_distance	0.0	0.0
bound_geometry	receptor_grouped_5fold	0	Gq/11	numeric__bound__sodium_d250_s746_distance	-0.20009312061441675	0.20009312061441675
bound_geometry	receptor_grouped_5fold	0	Gq/11	numeric__bound__sodium_d250_n749_distance	0.0	0.0
bound_geometry	receptor_grouped_5fold	0	Gq/11	numeric__bound__sodium_pocket_volume	0.0	0.0
bound_geometry	receptor_grouped_5fold	0	Gq/11	numeric__bound__sodium_pocket_spread	0.0	0.0
bound_geometry	receptor_grouped_5fold	0	Gq/11	numeric__bound__tm7_rotation	0.0	0.0
bound_geometry	receptor_grouped_5fold	0	Gq/11	numeric__bound__icl2_generic_ca_count	0.0	0.0
bound_geometry	receptor_grouped_5fold	0	Gq/11	numeric__bound__icl2_end_to_end_distance	0.0	0.0
bound_geometry	receptor_grouped_5fold	0	Gq/11	numeric__bound__icl2_centroid_to_r350	0.0	0.0
bound_geometry	receptor_grouped_5fold	0	Gq/11	numeric__bound__icl2_centroid_to_tm5_561	0.13043744093231857	0.13043744093231857
bound_geometry	receptor_grouped_5fold	0	Gq/11	numeric__bound__icl2_centroid_to_tm6_634	0.0	0.0
bound_geometry	receptor_grouped_5fold	0	Gq/11	numeric__bound__icl2_centroid_to_tm7_753	0.0	0.0
bound_geometry	receptor_grouped_5fold	0	Gq/11	numeric__bound__icl2_axis_tm3_angle	0.0	0.0
bound_geometry	receptor_grouped_5fold	0	Gq/11	numeric__bound__icl2_axis_tm5_angle	0.0	0.0
bound_geometry	receptor_grouped_5fold	0	Gq/11	numeric__bound__icl2_active_reference_displacement	0.0	0.0
bound_geometry	receptor_grouped_5fold	0	Gq/11	numeric__bound__tm5_cytoplasmic_extension	0.0	0.0
bound_geometry	receptor_grouped_5fold	0	Gq/11	numeric__bound__tm5_cytoplasmic_kink	0.0	0.0
bound_geometry	receptor_grouped_5fold	0	Gq/11	numeric__bound__tm5_r350_561_distance	0.0	0.0
bound_geometry	receptor_grouped_5fold	0	Gq/11	numeric__bound__tm5_r350_564_distance	0.2290992429065698	0.2290992429065698
bound_geometry	receptor_grouped_5fold	0	Gq/11	numeric__bound__tm5_tm6_cavity_distance	0.0	0.0
bound_geometry	receptor_grouped_5fold	0	Gq/11	numeric__bound__tm5_axis_tm3_angle	0.0	0.0
bound_geometry	receptor_grouped_5fold	0	Gq/11	numeric__bound__tm6_lower_upper_kink	-0.012434737238107072	0.012434737238107072
bound_geometry	receptor_grouped_5fold	0	Gq/11	numeric__bound__tm6_axis_tm3_angle	0.0	0.0
bound_geometry	receptor_grouped_5fold	0	Gq/11	numeric__bound__tm6_tm7_cavity_distance	0.0	0.0
bound_geometry	receptor_grouped_5fold	0	Gq/11	numeric__bound__tm7_h8_angle	0.0	0.0
bound_geometry	receptor_grouped_5fold	0	Gq/11	numeric__bound__h8_end_to_end_distance	0.0	0.0
bound_geometry	receptor_grouped_5fold	0	Gq/11	numeric__bound__h8_r350_distance	0.0	0.0
bound_geometry	receptor_grouped_5fold	0	Gq/11	numeric__bound__h8_tm6_distance	0.0	0.0
bound_geometry	receptor_grouped_5fold	0	Gq/11	numeric__bound__icl2_helix_fraction	0.0	0.0
bound_geometry	receptor_grouped_5fold	0	Gq/11	numeric__bound__icl2_longest_helix	0.0	0.0
bound_geometry	receptor_grouped_5fold	0	Gq/11	numeric__bound__icl2_mean_phi	-0.1776422312329637	0.1776422312329637
bound_geometry	receptor_grouped_5fold	0	Gq/11	numeric__bound__icl2_mean_psi	0.0	0.0
bound_geometry	receptor_grouped_5fold	0	Gq/11	numeric__bound__intracellular_cavity_core_volume	0.0	0.0
bound_geometry	receptor_grouped_5fold	0	Gq/11	numeric__bound__intracellular_cavity_core_mouth_area	0.0	0.0
bound_geometry	receptor_grouped_5fold	0	Gq/11	numeric__bound__intracellular_cavity_core_depth	0.0	0.0
bound_geometry	receptor_grouped_5fold	0	Gq/11	numeric__bound__intracellular_cavity_core_maximum_width	0.0	0.0
bound_geometry	receptor_grouped_5fold	0	Gq/11	numeric__bound__intracellular_cavity_core_average_cross_section	0.0	0.0
bound_geometry	receptor_grouped_5fold	0	Gq/11	numeric__bound__intracellular_cavity_core_bottleneck_area	0.0	0.0
bound_geometry	receptor_grouped_5fold	0	Gq/11	numeric__bound__intracellular_cavity_core_bottleneck_radius	0.0	0.0
bound_geometry	receptor_grouped_5fold	0	Gq/11	numeric__bound__intracellular_cavity_core_max_inscribed_radius	0.0	0.0
bound_geometry	receptor_grouped_5fold	0	Gq/11	numeric__bound__intracellular_cavity_core_surface_area	0.0	0.0
bound_geometry	receptor_grouped_5fold	0	Gq/11	numeric__bound__intracellular_cavity_core_centroid_x	0.0	0.0
bound_geometry	receptor_grouped_5fold	0	Gq/11	numeric__bound__intracellular_cavity_core_centroid_y	0.0	0.0
bound_geometry	receptor_grouped_5fold	0	Gq/11	numeric__bound__intracellular_cavity_core_centroid_z	0.0	0.0
bound_geometry	receptor_grouped_5fold	0	Gq/11	numeric__bound__intracellular_cavity_core_principal_length_1	0.0	0.0
bound_geometry	receptor_grouped_5fold	0	Gq/11	numeric__bound__intracellular_cavity_core_principal_length_2	0.0	0.0
bound_geometry	receptor_grouped_5fold	0	Gq/11	numeric__bound__intracellular_cavity_core_principal_length_3	0.0	0.0
bound_geometry	receptor_grouped_5fold	0	Gq/11	numeric__bound__intracellular_cavity_core_principal_axis_1_z_alignment	0.0	0.0
bound_geometry	receptor_grouped_5fold	0	Gq/11	numeric__bound__intracellular_cavity_core_eccentricity	0.0	0.0
bound_geometry	receptor_grouped_5fold	0	Gq/11	numeric__bound__intracellular_cavity_core_sphericity	0.0	0.0
bound_geometry	receptor_grouped_5fold	0	Gq/11	numeric__bound__intracellular_cavity_core_asymmetry	0.0	0.0
bound_geometry	receptor_grouped_5fold	0	Gq/11	numeric__bound__intracellular_cavity_core_tm3_side_fraction	0.0	0.0
bound_geometry	receptor_grouped_5fold	0	Gq/11	numeric__bound__intracellular_cavity_core_tm6_side_fraction	0.0	0.0
bound_geometry	receptor_grouped_5fold	0	Gq/11	numeric__bound__intracellular_cavity_core_tm5_side_fraction	0.0	0.0
bound_geometry	receptor_grouped_5fold	0	Gq/11	numeric__bound__intracellular_cavity_core_tm7_side_fraction	0.0	0.0
bound_geometry	receptor_grouped_5fold	0	Gq/11	numeric__bound__intracellular_cavity_core_wall_fraction_h8	0.0	0.0
bound_geometry	receptor_grouped_5fold	0	Gq/11	numeric__bound__intracellular_cavity_core_wall_fraction_icl2	0.0	0.0
bound_geometry	receptor_grouped_5fold	0	Gq/11	numeric__bound__intracellular_cavity_core_wall_fraction_tm3	0.0	0.0
bound_geometry	receptor_grouped_5fold	0	Gq/11	numeric__bound__intracellular_cavity_core_wall_fraction_tm7	0.0	0.0
bound_geometry	receptor_grouped_5fold	0	Gs	numeric__bound__activation_consensus_score	0.0	0.0
bound_geometry	receptor_grouped_5fold	0	Gs	numeric__bound__tm6_r350_634_distance	0.0	0.0
bound_geometry	receptor_grouped_5fold	0	Gs	numeric__bound__tm6_aligned_displacement	0.0	0.0
bound_geometry	receptor_grouped_5fold	0	Gs	numeric__bound__tm7_displacement	0.0	0.0
bound_geometry	receptor_grouped_5fold	0	Gs	numeric__bound__tm3_tm7_distance	0.0	0.0
bound_geometry	receptor_grouped_5fold	0	Gs	numeric__bound__tm6_r350_630_distance	0.15713861238468438	0.15713861238468438
bound_geometry	receptor_grouped_5fold	0	Gs	numeric__bound__dry_r350_630_min_distance	0.2654049571275876	0.2654049571275876
bound_geometry	receptor_grouped_5fold	0	Gs	numeric__bound__dry_r350_630_ca_distance	0.15713861238468438	0.15713861238468438
bound_geometry	receptor_grouped_5fold	0	Gs	numeric__bound__dry_d349_r350_min_distance	0.0	0.0
bound_geometry	receptor_grouped_5fold	0	Gs	numeric__bound__r350_chi1	0.0	0.0
bound_geometry	receptor_grouped_5fold	0	Gs	numeric__bound__r350_chi2	0.0	0.0
bound_geometry	receptor_grouped_5fold	0	Gs	numeric__bound__pif_550_340_distance	0.0	0.0
bound_geometry	receptor_grouped_5fold	0	Gs	numeric__bound__pif_340_644_distance	0.0	0.0
bound_geometry	receptor_grouped_5fold	0	Gs	numeric__bound__pif_550_644_distance	0.0	0.0
bound_geometry	receptor_grouped_5fold	0	Gs	numeric__bound__pif_550_340_min_distance	0.0	0.0
bound_geometry	receptor_grouped_5fold	0	Gs	numeric__bound__pif_340_644_min_distance	0.0	0.0
bound_geometry	receptor_grouped_5fold	0	Gs	numeric__bound__pif_550_644_min_distance	0.0	0.0
bound_geometry	receptor_grouped_5fold	0	Gs	numeric__bound__pif_triangle_perimeter	0.0	0.0
bound_geometry	receptor_grouped_5fold	0	Gs	numeric__bound__position_644_chi1	0.0	0.0
bound_geometry	receptor_grouped_5fold	0	Gs	numeric__bound__position_644_chi2	0.0	0.0
bound_geometry	receptor_grouped_5fold	0	Gs	numeric__bound__w648_chi1	0.0	0.0
bound_geometry	receptor_grouped_5fold	0	Gs	numeric__bound__w648_chi2	0.0	0.0
bound_geometry	receptor_grouped_5fold	0	Gs	numeric__bound__w648_displacement	0.0	0.0
bound_geometry	receptor_grouped_5fold	0	Gs	numeric__bound__w648_to_644_distance	0.0	0.0
bound_geometry	receptor_grouped_5fold	0	Gs	numeric__bound__cwxp_647_650_distance	0.0	0.0
bound_geometry	receptor_grouped_5fold	0	Gs	numeric__bound__y753_chi1	0.0	0.0
bound_geometry	receptor_grouped_5fold	0	Gs	numeric__bound__y753_chi2	0.0	0.0
bound_geometry	receptor_grouped_5fold	0	Gs	numeric__bound__y753_y558_distance	0.0	0.0
bound_geometry	receptor_grouped_5fold	0	Gs	numeric__bound__y753_y558_min_distance	0.0	0.0
bound_geometry	receptor_grouped_5fold	0	Gs	numeric__bound__n749_y753_distance	0.0	0.0
bound_geometry	receptor_grouped_5fold	0	Gs	numeric__bound__npxxy_local_spread	0.0	0.0
bound_geometry	receptor_grouped_5fold	0	Gs	numeric__bound__y753_displacement	0.0	0.0
bound_geometry	receptor_grouped_5fold	0	Gs	numeric__bound__sodium_d250_s339_distance	0.0	0.0
bound_geometry	receptor_grouped_5fold	0	Gs	numeric__bound__sodium_d250_n745_distance	0.0	0.0
bound_geometry	receptor_grouped_5fold	0	Gs	numeric__bound__sodium_d250_s746_distance	0.0	0.0
bound_geometry	receptor_grouped_5fold	0	Gs	numeric__bound__sodium_d250_n749_distance	0.0	0.0
bound_geometry	receptor_grouped_5fold	0	Gs	numeric__bound__sodium_pocket_volume	0.0	0.0
bound_geometry	receptor_grouped_5fold	0	Gs	numeric__bound__sodium_pocket_spread	0.0	0.0
bound_geometry	receptor_grouped_5fold	0	Gs	numeric__bound__tm7_rotation	0.0	0.0
bound_geometry	receptor_grouped_5fold	0	Gs	numeric__bound__icl2_generic_ca_count	0.0	0.0
bound_geometry	receptor_grouped_5fold	0	Gs	numeric__bound__icl2_end_to_end_distance	0.0	0.0
bound_geometry	receptor_grouped_5fold	0	Gs	numeric__bound__icl2_centroid_to_r350	0.0	0.0
bound_geometry	receptor_grouped_5fold	0	Gs	numeric__bound__icl2_centroid_to_tm5_561	0.0	0.0
bound_geometry	receptor_grouped_5fold	0	Gs	numeric__bound__icl2_centroid_to_tm6_634	0.0	0.0
bound_geometry	receptor_grouped_5fold	0	Gs	numeric__bound__icl2_centroid_to_tm7_753	0.0	0.0
bound_geometry	receptor_grouped_5fold	0	Gs	numeric__bound__icl2_axis_tm3_angle	0.0	0.0
bound_geometry	receptor_grouped_5fold	0	Gs	numeric__bound__icl2_axis_tm5_angle	0.0	0.0
bound_geometry	receptor_grouped_5fold	0	Gs	numeric__bound__icl2_active_reference_displacement	0.0	0.0
bound_geometry	receptor_grouped_5fold	0	Gs	numeric__bound__tm5_cytoplasmic_extension	0.0	0.0
bound_geometry	receptor_grouped_5fold	0	Gs	numeric__bound__tm5_cytoplasmic_kink	0.0	0.0
bound_geometry	receptor_grouped_5fold	0	Gs	numeric__bound__tm5_r350_561_distance	0.0	0.0
bound_geometry	receptor_grouped_5fold	0	Gs	numeric__bound__tm5_r350_564_distance	0.0	0.0
bound_geometry	receptor_grouped_5fold	0	Gs	numeric__bound__tm5_tm6_cavity_distance	0.0	0.0
bound_geometry	receptor_grouped_5fold	0	Gs	numeric__bound__tm5_axis_tm3_angle	0.0	0.0
bound_geometry	receptor_grouped_5fold	0	Gs	numeric__bound__tm6_lower_upper_kink	0.5726916390908335	0.5726916390908335
bound_geometry	receptor_grouped_5fold	0	Gs	numeric__bound__tm6_axis_tm3_angle	0.0	0.0
bound_geometry	receptor_grouped_5fold	0	Gs	numeric__bound__tm6_tm7_cavity_distance	0.0	0.0
bound_geometry	receptor_grouped_5fold	0	Gs	numeric__bound__tm7_h8_angle	0.0	0.0
bound_geometry	receptor_grouped_5fold	0	Gs	numeric__bound__h8_end_to_end_distance	0.0	0.0
bound_geometry	receptor_grouped_5fold	0	Gs	numeric__bound__h8_r350_distance	0.0	0.0
bound_geometry	receptor_grouped_5fold	0	Gs	numeric__bound__h8_tm6_distance	0.0	0.0
bound_geometry	receptor_grouped_5fold	0	Gs	numeric__bound__icl2_helix_fraction	0.0	0.0
bound_geometry	receptor_grouped_5fold	0	Gs	numeric__bound__icl2_longest_helix	0.0	0.0
bound_geometry	receptor_grouped_5fold	0	Gs	numeric__bound__icl2_mean_phi	0.0	0.0
bound_geometry	receptor_grouped_5fold	0	Gs	numeric__bound__icl2_mean_psi	0.0	0.0
bound_geometry	receptor_grouped_5fold	0	Gs	numeric__bound__intracellular_cavity_core_volume	0.0	0.0
bound_geometry	receptor_grouped_5fold	0	Gs	numeric__bound__intracellular_cavity_core_mouth_area	0.0	0.0
bound_geometry	receptor_grouped_5fold	0	Gs	numeric__bound__intracellular_cavity_core_depth	0.0	0.0
bound_geometry	receptor_grouped_5fold	0	Gs	numeric__bound__intracellular_cavity_core_maximum_width	0.0	0.0
bound_geometry	receptor_grouped_5fold	0	Gs	numeric__bound__intracellular_cavity_core_average_cross_section	0.0	0.0
bound_geometry	receptor_grouped_5fold	0	Gs	numeric__bound__intracellular_cavity_core_bottleneck_area	0.0	0.0
bound_geometry	receptor_grouped_5fold	0	Gs	numeric__bound__intracellular_cavity_core_bottleneck_radius	0.0	0.0
bound_geometry	receptor_grouped_5fold	0	Gs	numeric__bound__intracellular_cavity_core_max_inscribed_radius	0.0	0.0
bound_geometry	receptor_grouped_5fold	0	Gs	numeric__bound__intracellular_cavity_core_surface_area	0.0	0.0
bound_geometry	receptor_grouped_5fold	0	Gs	numeric__bound__intracellular_cavity_core_centroid_x	0.0	0.0
bound_geometry	receptor_grouped_5fold	0	Gs	numeric__bound__intracellular_cavity_core_centroid_y	0.0	0.0
bound_geometry	receptor_grouped_5fold	0	Gs	numeric__bound__intracellular_cavity_core_centroid_z	0.0	0.0
bound_geometry	receptor_grouped_5fold	0	Gs	numeric__bound__intracellular_cavity_core_principal_length_1	0.0	0.0
bound_geometry	receptor_grouped_5fold	0	Gs	numeric__bound__intracellular_cavity_core_principal_length_2	0.0	0.0
bound_geometry	receptor_grouped_5fold	0	Gs	numeric__bound__intracellular_cavity_core_principal_length_3	0.0	0.0
bound_geometry	receptor_grouped_5fold	0	Gs	numeric__bound__intracellular_cavity_core_principal_axis_1_z_alignment	0.0	0.0
bound_geometry	receptor_grouped_5fold	0	Gs	numeric__bound__intracellular_cavity_core_eccentricity	-0.6778468360847951	0.6778468360847951
bound_geometry	receptor_grouped_5fold	0	Gs	numeric__bound__intracellular_cavity_core_sphericity	0.0	0.0
bound_geometry	receptor_grouped_5fold	0	Gs	numeric__bound__intracellular_cavity_core_asymmetry	0.0	0.0
bound_geometry	receptor_grouped_5fold	0	Gs	numeric__bound__intracellular_cavity_core_tm3_side_fraction	0.0	0.0
bound_geometry	receptor_grouped_5fold	0	Gs	numeric__bound__intracellular_cavity_core_tm6_side_fraction	0.0	0.0
bound_geometry	receptor_grouped_5fold	0	Gs	numeric__bound__intracellular_cavity_core_tm5_side_fraction	0.0	0.0
bound_geometry	receptor_grouped_5fold	0	Gs	numeric__bound__intracellular_cavity_core_tm7_side_fraction	0.0	0.0
bound_geometry	receptor_grouped_5fold	0	Gs	numeric__bound__intracellular_cavity_core_wall_fraction_h8	0.0	0.0
bound_geometry	receptor_grouped_5fold	0	Gs	numeric__bound__intracellular_cavity_core_wall_fraction_icl2	0.0	0.0
bound_geometry	receptor_grouped_5fold	0	Gs	numeric__bound__intracellular_cavity_core_wall_fraction_tm3	0.0	0.0
bound_geometry	receptor_grouped_5fold	0	Gs	numeric__bound__intracellular_cavity_core_wall_fraction_tm7	0.0	0.0
bound_geometry	receptor_grouped_5fold	1	Gi/o	numeric__bound__activation_consensus_score	0.0	0.0
bound_geometry	receptor_grouped_5fold	1	Gi/o	numeric__bound__tm6_r350_634_distance	-0.059020064688418014	0.059020064688418014
bound_geometry	receptor_grouped_5fold	1	Gi/o	numeric__bound__tm6_aligned_displacement	-0.04334658855955666	0.04334658855955666
bound_geometry	receptor_grouped_5fold	1	Gi/o	numeric__bound__tm7_displacement	0.0	0.0
bound_geometry	receptor_grouped_5fold	1	Gi/o	numeric__bound__tm3_tm7_distance	0.0	0.0
bound_geometry	receptor_grouped_5fold	1	Gi/o	numeric__bound__tm6_r350_630_distance	-0.025467693554027993	0.025467693554027993
bound_geometry	receptor_grouped_5fold	1	Gi/o	numeric__bound__dry_r350_630_min_distance	0.0	0.0
bound_geometry	receptor_grouped_5fold	1	Gi/o	numeric__bound__dry_r350_630_ca_distance	-0.025467693554027993	0.025467693554027993
bound_geometry	receptor_grouped_5fold	1	Gi/o	numeric__bound__dry_d349_r350_min_distance	0.0	0.0
bound_geometry	receptor_grouped_5fold	1	Gi/o	numeric__bound__r350_chi1	0.0	0.0
bound_geometry	receptor_grouped_5fold	1	Gi/o	numeric__bound__r350_chi2	0.0	0.0
bound_geometry	receptor_grouped_5fold	1	Gi/o	numeric__bound__pif_550_340_distance	0.0	0.0
bound_geometry	receptor_grouped_5fold	1	Gi/o	numeric__bound__pif_340_644_distance	0.0	0.0
bound_geometry	receptor_grouped_5fold	1	Gi/o	numeric__bound__pif_550_644_distance	0.0	0.0
bound_geometry	receptor_grouped_5fold	1	Gi/o	numeric__bound__pif_550_340_min_distance	0.0	0.0
bound_geometry	receptor_grouped_5fold	1	Gi/o	numeric__bound__pif_340_644_min_distance	0.0	0.0
bound_geometry	receptor_grouped_5fold	1	Gi/o	numeric__bound__pif_550_644_min_distance	0.0	0.0
bound_geometry	receptor_grouped_5fold	1	Gi/o	numeric__bound__pif_triangle_perimeter	0.0	0.0
bound_geometry	receptor_grouped_5fold	1	Gi/o	numeric__bound__position_644_chi1	0.0	0.0
bound_geometry	receptor_grouped_5fold	1	Gi/o	numeric__bound__position_644_chi2	-0.06859021865629146	0.06859021865629146
bound_geometry	receptor_grouped_5fold	1	Gi/o	numeric__bound__w648_chi1	0.0	0.0
bound_geometry	receptor_grouped_5fold	1	Gi/o	numeric__bound__w648_chi2	0.0	0.0
bound_geometry	receptor_grouped_5fold	1	Gi/o	numeric__bound__w648_displacement	0.0	0.0
bound_geometry	receptor_grouped_5fold	1	Gi/o	numeric__bound__w648_to_644_distance	0.0	0.0
bound_geometry	receptor_grouped_5fold	1	Gi/o	numeric__bound__cwxp_647_650_distance	0.0	0.0
bound_geometry	receptor_grouped_5fold	1	Gi/o	numeric__bound__y753_chi1	0.0	0.0
bound_geometry	receptor_grouped_5fold	1	Gi/o	numeric__bound__y753_chi2	0.0	0.0
bound_geometry	receptor_grouped_5fold	1	Gi/o	numeric__bound__y753_y558_distance	0.0	0.0
bound_geometry	receptor_grouped_5fold	1	Gi/o	numeric__bound__y753_y558_min_distance	0.0	0.0
bound_geometry	receptor_grouped_5fold	1	Gi/o	numeric__bound__n749_y753_distance	0.0	0.0
bound_geometry	receptor_grouped_5fold	1	Gi/o	numeric__bound__npxxy_local_spread	0.0	0.0
bound_geometry	receptor_grouped_5fold	1	Gi/o	numeric__bound__y753_displacement	0.0	0.0
bound_geometry	receptor_grouped_5fold	1	Gi/o	numeric__bound__sodium_d250_s339_distance	0.0	0.0
bound_geometry	receptor_grouped_5fold	1	Gi/o	numeric__bound__sodium_d250_n745_distance	0.0	0.0
bound_geometry	receptor_grouped_5fold	1	Gi/o	numeric__bound__sodium_d250_s746_distance	0.0	0.0
bound_geometry	receptor_grouped_5fold	1	Gi/o	numeric__bound__sodium_d250_n749_distance	0.0	0.0
bound_geometry	receptor_grouped_5fold	1	Gi/o	numeric__bound__sodium_pocket_volume	0.0	0.0
bound_geometry	receptor_grouped_5fold	1	Gi/o	numeric__bound__sodium_pocket_spread	0.0	0.0
bound_geometry	receptor_grouped_5fold	1	Gi/o	numeric__bound__tm7_rotation	0.0	0.0
bound_geometry	receptor_grouped_5fold	1	Gi/o	numeric__bound__icl2_generic_ca_count	0.0	0.0
bound_geometry	receptor_grouped_5fold	1	Gi/o	numeric__bound__icl2_end_to_end_distance	0.0	0.0
bound_geometry	receptor_grouped_5fold	1	Gi/o	numeric__bound__icl2_centroid_to_r350	0.0	0.0
bound_geometry	receptor_grouped_5fold	1	Gi/o	numeric__bound__icl2_centroid_to_tm5_561	-0.024730958009990974	0.024730958009990974
bound_geometry	receptor_grouped_5fold	1	Gi/o	numeric__bound__icl2_centroid_to_tm6_634	-0.0009449176828231052	0.0009449176828231052
bound_geometry	receptor_grouped_5fold	1	Gi/o	numeric__bound__icl2_centroid_to_tm7_753	0.0	0.0
bound_geometry	receptor_grouped_5fold	1	Gi/o	numeric__bound__icl2_axis_tm3_angle	0.0	0.0
bound_geometry	receptor_grouped_5fold	1	Gi/o	numeric__bound__icl2_axis_tm5_angle	0.006360020601871925	0.006360020601871925
bound_geometry	receptor_grouped_5fold	1	Gi/o	numeric__bound__icl2_active_reference_displacement	0.0	0.0
bound_geometry	receptor_grouped_5fold	1	Gi/o	numeric__bound__tm5_cytoplasmic_extension	-0.04721656596030715	0.04721656596030715
bound_geometry	receptor_grouped_5fold	1	Gi/o	numeric__bound__tm5_cytoplasmic_kink	0.0	0.0
bound_geometry	receptor_grouped_5fold	1	Gi/o	numeric__bound__tm5_r350_561_distance	-0.02108485419101789	0.02108485419101789
bound_geometry	receptor_grouped_5fold	1	Gi/o	numeric__bound__tm5_r350_564_distance	-0.0015094269512462765	0.0015094269512462765
bound_geometry	receptor_grouped_5fold	1	Gi/o	numeric__bound__tm5_tm6_cavity_distance	0.0	0.0
bound_geometry	receptor_grouped_5fold	1	Gi/o	numeric__bound__tm5_axis_tm3_angle	0.0	0.0
bound_geometry	receptor_grouped_5fold	1	Gi/o	numeric__bound__tm6_lower_upper_kink	0.0	0.0
bound_geometry	receptor_grouped_5fold	1	Gi/o	numeric__bound__tm6_axis_tm3_angle	-0.05874992988822978	0.05874992988822978
bound_geometry	receptor_grouped_5fold	1	Gi/o	numeric__bound__tm6_tm7_cavity_distance	0.0	0.0
bound_geometry	receptor_grouped_5fold	1	Gi/o	numeric__bound__tm7_h8_angle	0.0	0.0
bound_geometry	receptor_grouped_5fold	1	Gi/o	numeric__bound__h8_end_to_end_distance	0.0	0.0
bound_geometry	receptor_grouped_5fold	1	Gi/o	numeric__bound__h8_r350_distance	0.0	0.0
bound_geometry	receptor_grouped_5fold	1	Gi/o	numeric__bound__h8_tm6_distance	0.0	0.0
bound_geometry	receptor_grouped_5fold	1	Gi/o	numeric__bound__icl2_helix_fraction	0.0	0.0
bound_geometry	receptor_grouped_5fold	1	Gi/o	numeric__bound__icl2_longest_helix	0.0	0.0
bound_geometry	receptor_grouped_5fold	1	Gi/o	numeric__bound__icl2_mean_phi	0.017107617400365586	0.017107617400365586
bound_geometry	receptor_grouped_5fold	1	Gi/o	numeric__bound__icl2_mean_psi	0.0	0.0
bound_geometry	receptor_grouped_5fold	1	Gi/o	numeric__bound__intracellular_cavity_core_volume	0.0	0.0
bound_geometry	receptor_grouped_5fold	1	Gi/o	numeric__bound__intracellular_cavity_core_mouth_area	0.0	0.0
bound_geometry	receptor_grouped_5fold	1	Gi/o	numeric__bound__intracellular_cavity_core_depth	0.0	0.0
bound_geometry	receptor_grouped_5fold	1	Gi/o	numeric__bound__intracellular_cavity_core_maximum_width	0.0	0.0
bound_geometry	receptor_grouped_5fold	1	Gi/o	numeric__bound__intracellular_cavity_core_average_cross_section	0.0	0.0
bound_geometry	receptor_grouped_5fold	1	Gi/o	numeric__bound__intracellular_cavity_core_bottleneck_area	0.0	0.0
bound_geometry	receptor_grouped_5fold	1	Gi/o	numeric__bound__intracellular_cavity_core_bottleneck_radius	0.0	0.0
bound_geometry	receptor_grouped_5fold	1	Gi/o	numeric__bound__intracellular_cavity_core_max_inscribed_radius	0.0	0.0
bound_geometry	receptor_grouped_5fold	1	Gi/o	numeric__bound__intracellular_cavity_core_surface_area	0.0	0.0
bound_geometry	receptor_grouped_5fold	1	Gi/o	numeric__bound__intracellular_cavity_core_centroid_x	0.0	0.0
bound_geometry	receptor_grouped_5fold	1	Gi/o	numeric__bound__intracellular_cavity_core_centroid_y	0.0	0.0
bound_geometry	receptor_grouped_5fold	1	Gi/o	numeric__bound__intracellular_cavity_core_centroid_z	0.0	0.0
bound_geometry	receptor_grouped_5fold	1	Gi/o	numeric__bound__intracellular_cavity_core_principal_length_1	0.0	0.0
bound_geometry	receptor_grouped_5fold	1	Gi/o	numeric__bound__intracellular_cavity_core_principal_length_2	0.0	0.0
bound_geometry	receptor_grouped_5fold	1	Gi/o	numeric__bound__intracellular_cavity_core_principal_length_3	-0.09839141361308877	0.09839141361308877
bound_geometry	receptor_grouped_5fold	1	Gi/o	numeric__bound__intracellular_cavity_core_principal_axis_1_z_alignment	0.0	0.0
bound_geometry	receptor_grouped_5fold	1	Gi/o	numeric__bound__intracellular_cavity_core_eccentricity	0.10604321123702679	0.10604321123702679
bound_geometry	receptor_grouped_5fold	1	Gi/o	numeric__bound__intracellular_cavity_core_sphericity	0.0	0.0
bound_geometry	receptor_grouped_5fold	1	Gi/o	numeric__bound__intracellular_cavity_core_asymmetry	0.0	0.0
bound_geometry	receptor_grouped_5fold	1	Gi/o	numeric__bound__intracellular_cavity_core_tm3_side_fraction	0.0	0.0
bound_geometry	receptor_grouped_5fold	1	Gi/o	numeric__bound__intracellular_cavity_core_tm6_side_fraction	0.0	0.0
bound_geometry	receptor_grouped_5fold	1	Gi/o	numeric__bound__intracellular_cavity_core_tm5_side_fraction	0.0	0.0
bound_geometry	receptor_grouped_5fold	1	Gi/o	numeric__bound__intracellular_cavity_core_tm7_side_fraction	0.0	0.0
bound_geometry	receptor_grouped_5fold	1	Gi/o	numeric__bound__intracellular_cavity_core_wall_fraction_h8	0.0	0.0
bound_geometry	receptor_grouped_5fold	1	Gi/o	numeric__bound__intracellular_cavity_core_wall_fraction_icl2	0.0	0.0
bound_geometry	receptor_grouped_5fold	1	Gi/o	numeric__bound__intracellular_cavity_core_wall_fraction_tm3	0.0	0.0
bound_geometry	receptor_grouped_5fold	1	Gi/o	numeric__bound__intracellular_cavity_core_wall_fraction_tm7	0.0	0.0
bound_geometry	receptor_grouped_5fold	1	Gq/11	numeric__bound__activation_consensus_score	0.0	0.0
bound_geometry	receptor_grouped_5fold	1	Gq/11	numeric__bound__tm6_r350_634_distance	0.0	0.0
bound_geometry	receptor_grouped_5fold	1	Gq/11	numeric__bound__tm6_aligned_displacement	0.0	0.0
bound_geometry	receptor_grouped_5fold	1	Gq/11	numeric__bound__tm7_displacement	0.0	0.0
bound_geometry	receptor_grouped_5fold	1	Gq/11	numeric__bound__tm3_tm7_distance	0.0	0.0
bound_geometry	receptor_grouped_5fold	1	Gq/11	numeric__bound__tm6_r350_630_distance	0.0	0.0
bound_geometry	receptor_grouped_5fold	1	Gq/11	numeric__bound__dry_r350_630_min_distance	0.0	0.0
bound_geometry	receptor_grouped_5fold	1	Gq/11	numeric__bound__dry_r350_630_ca_distance	0.0	0.0
bound_geometry	receptor_grouped_5fold	1	Gq/11	numeric__bound__dry_d349_r350_min_distance	0.0	0.0
bound_geometry	receptor_grouped_5fold	1	Gq/11	numeric__bound__r350_chi1	0.0	0.0
bound_geometry	receptor_grouped_5fold	1	Gq/11	numeric__bound__r350_chi2	0.0	0.0
bound_geometry	receptor_grouped_5fold	1	Gq/11	numeric__bound__pif_550_340_distance	0.0	0.0
bound_geometry	receptor_grouped_5fold	1	Gq/11	numeric__bound__pif_340_644_distance	0.0	0.0
bound_geometry	receptor_grouped_5fold	1	Gq/11	numeric__bound__pif_550_644_distance	0.0	0.0
bound_geometry	receptor_grouped_5fold	1	Gq/11	numeric__bound__pif_550_340_min_distance	0.0	0.0
bound_geometry	receptor_grouped_5fold	1	Gq/11	numeric__bound__pif_340_644_min_distance	0.0	0.0
bound_geometry	receptor_grouped_5fold	1	Gq/11	numeric__bound__pif_550_644_min_distance	0.0	0.0
bound_geometry	receptor_grouped_5fold	1	Gq/11	numeric__bound__pif_triangle_perimeter	0.0	0.0
bound_geometry	receptor_grouped_5fold	1	Gq/11	numeric__bound__position_644_chi1	0.0	0.0
bound_geometry	receptor_grouped_5fold	1	Gq/11	numeric__bound__position_644_chi2	0.000477947650998475	0.000477947650998475
bound_geometry	receptor_grouped_5fold	1	Gq/11	numeric__bound__w648_chi1	0.0	0.0
bound_geometry	receptor_grouped_5fold	1	Gq/11	numeric__bound__w648_chi2	0.0	0.0
bound_geometry	receptor_grouped_5fold	1	Gq/11	numeric__bound__w648_displacement	0.0	0.0
bound_geometry	receptor_grouped_5fold	1	Gq/11	numeric__bound__w648_to_644_distance	0.0	0.0
bound_geometry	receptor_grouped_5fold	1	Gq/11	numeric__bound__cwxp_647_650_distance	0.0	0.0
bound_geometry	receptor_grouped_5fold	1	Gq/11	numeric__bound__y753_chi1	0.0	0.0
bound_geometry	receptor_grouped_5fold	1	Gq/11	numeric__bound__y753_chi2	0.0	0.0
bound_geometry	receptor_grouped_5fold	1	Gq/11	numeric__bound__y753_y558_distance	0.0	0.0
bound_geometry	receptor_grouped_5fold	1	Gq/11	numeric__bound__y753_y558_min_distance	0.0	0.0
bound_geometry	receptor_grouped_5fold	1	Gq/11	numeric__bound__n749_y753_distance	0.0	0.0
bound_geometry	receptor_grouped_5fold	1	Gq/11	numeric__bound__npxxy_local_spread	0.0	0.0
bound_geometry	receptor_grouped_5fold	1	Gq/11	numeric__bound__y753_displacement	0.0	0.0
bound_geometry	receptor_grouped_5fold	1	Gq/11	numeric__bound__sodium_d250_s339_distance	0.0	0.0
bound_geometry	receptor_grouped_5fold	1	Gq/11	numeric__bound__sodium_d250_n745_distance	0.0	0.0
bound_geometry	receptor_grouped_5fold	1	Gq/11	numeric__bound__sodium_d250_s746_distance	-0.041670462457295304	0.041670462457295304
bound_geometry	receptor_grouped_5fold	1	Gq/11	numeric__bound__sodium_d250_n749_distance	0.0	0.0
bound_geometry	receptor_grouped_5fold	1	Gq/11	numeric__bound__sodium_pocket_volume	0.0	0.0
bound_geometry	receptor_grouped_5fold	1	Gq/11	numeric__bound__sodium_pocket_spread	0.0	0.0
bound_geometry	receptor_grouped_5fold	1	Gq/11	numeric__bound__tm7_rotation	0.0	0.0
bound_geometry	receptor_grouped_5fold	1	Gq/11	numeric__bound__icl2_generic_ca_count	0.0	0.0
bound_geometry	receptor_grouped_5fold	1	Gq/11	numeric__bound__icl2_end_to_end_distance	0.0	0.0
bound_geometry	receptor_grouped_5fold	1	Gq/11	numeric__bound__icl2_centroid_to_r350	0.0	0.0
bound_geometry	receptor_grouped_5fold	1	Gq/11	numeric__bound__icl2_centroid_to_tm5_561	0.13652913875318645	0.13652913875318645
bound_geometry	receptor_grouped_5fold	1	Gq/11	numeric__bound__icl2_centroid_to_tm6_634	0.0	0.0
bound_geometry	receptor_grouped_5fold	1	Gq/11	numeric__bound__icl2_centroid_to_tm7_753	0.0	0.0
bound_geometry	receptor_grouped_5fold	1	Gq/11	numeric__bound__icl2_axis_tm3_angle	0.0	0.0
bound_geometry	receptor_grouped_5fold	1	Gq/11	numeric__bound__icl2_axis_tm5_angle	0.0	0.0
bound_geometry	receptor_grouped_5fold	1	Gq/11	numeric__bound__icl2_active_reference_displacement	0.0	0.0
bound_geometry	receptor_grouped_5fold	1	Gq/11	numeric__bound__tm5_cytoplasmic_extension	0.0018191532783959085	0.0018191532783959085
bound_geometry	receptor_grouped_5fold	1	Gq/11	numeric__bound__tm5_cytoplasmic_kink	0.0	0.0
bound_geometry	receptor_grouped_5fold	1	Gq/11	numeric__bound__tm5_r350_561_distance	0.0	0.0
bound_geometry	receptor_grouped_5fold	1	Gq/11	numeric__bound__tm5_r350_564_distance	0.04825903503491372	0.04825903503491372
bound_geometry	receptor_grouped_5fold	1	Gq/11	numeric__bound__tm5_tm6_cavity_distance	0.0	0.0
bound_geometry	receptor_grouped_5fold	1	Gq/11	numeric__bound__tm5_axis_tm3_angle	0.0	0.0
bound_geometry	receptor_grouped_5fold	1	Gq/11	numeric__bound__tm6_lower_upper_kink	0.0	0.0
bound_geometry	receptor_grouped_5fold	1	Gq/11	numeric__bound__tm6_axis_tm3_angle	0.0	0.0
bound_geometry	receptor_grouped_5fold	1	Gq/11	numeric__bound__tm6_tm7_cavity_distance	0.0	0.0
bound_geometry	receptor_grouped_5fold	1	Gq/11	numeric__bound__tm7_h8_angle	0.0	0.0
bound_geometry	receptor_grouped_5fold	1	Gq/11	numeric__bound__h8_end_to_end_distance	0.0	0.0
bound_geometry	receptor_grouped_5fold	1	Gq/11	numeric__bound__h8_r350_distance	0.0	0.0
bound_geometry	receptor_grouped_5fold	1	Gq/11	numeric__bound__h8_tm6_distance	0.0	0.0
bound_geometry	receptor_grouped_5fold	1	Gq/11	numeric__bound__icl2_helix_fraction	0.0	0.0
bound_geometry	receptor_grouped_5fold	1	Gq/11	numeric__bound__icl2_longest_helix	0.0	0.0
bound_geometry	receptor_grouped_5fold	1	Gq/11	numeric__bound__icl2_mean_phi	0.0	0.0
bound_geometry	receptor_grouped_5fold	1	Gq/11	numeric__bound__icl2_mean_psi	0.0	0.0
bound_geometry	receptor_grouped_5fold	1	Gq/11	numeric__bound__intracellular_cavity_core_volume	0.0	0.0
bound_geometry	receptor_grouped_5fold	1	Gq/11	numeric__bound__intracellular_cavity_core_mouth_area	0.0	0.0
bound_geometry	receptor_grouped_5fold	1	Gq/11	numeric__bound__intracellular_cavity_core_depth	0.0	0.0
bound_geometry	receptor_grouped_5fold	1	Gq/11	numeric__bound__intracellular_cavity_core_maximum_width	0.0	0.0
bound_geometry	receptor_grouped_5fold	1	Gq/11	numeric__bound__intracellular_cavity_core_average_cross_section	0.0	0.0
bound_geometry	receptor_grouped_5fold	1	Gq/11	numeric__bound__intracellular_cavity_core_bottleneck_area	0.0	0.0
bound_geometry	receptor_grouped_5fold	1	Gq/11	numeric__bound__intracellular_cavity_core_bottleneck_radius	0.0	0.0
bound_geometry	receptor_grouped_5fold	1	Gq/11	numeric__bound__intracellular_cavity_core_max_inscribed_radius	0.0	0.0
bound_geometry	receptor_grouped_5fold	1	Gq/11	numeric__bound__intracellular_cavity_core_surface_area	0.0	0.0
bound_geometry	receptor_grouped_5fold	1	Gq/11	numeric__bound__intracellular_cavity_core_centroid_x	0.0	0.0
bound_geometry	receptor_grouped_5fold	1	Gq/11	numeric__bound__intracellular_cavity_core_centroid_y	0.0	0.0
bound_geometry	receptor_grouped_5fold	1	Gq/11	numeric__bound__intracellular_cavity_core_centroid_z	0.0	0.0
bound_geometry	receptor_grouped_5fold	1	Gq/11	numeric__bound__intracellular_cavity_core_principal_length_1	0.0	0.0
bound_geometry	receptor_grouped_5fold	1	Gq/11	numeric__bound__intracellular_cavity_core_principal_length_2	0.0	0.0
bound_geometry	receptor_grouped_5fold	1	Gq/11	numeric__bound__intracellular_cavity_core_principal_length_3	0.0	0.0
bound_geometry	receptor_grouped_5fold	1	Gq/11	numeric__bound__intracellular_cavity_core_principal_axis_1_z_alignment	0.0	0.0
bound_geometry	receptor_grouped_5fold	1	Gq/11	numeric__bound__intracellular_cavity_core_eccentricity	0.0	0.0
bound_geometry	receptor_grouped_5fold	1	Gq/11	numeric__bound__intracellular_cavity_core_sphericity	0.0	0.0
bound_geometry	receptor_grouped_5fold	1	Gq/11	numeric__bound__intracellular_cavity_core_asymmetry	0.0	0.0
bound_geometry	receptor_grouped_5fold	1	Gq/11	numeric__bound__intracellular_cavity_core_tm3_side_fraction	0.0	0.0
bound_geometry	receptor_grouped_5fold	1	Gq/11	numeric__bound__intracellular_cavity_core_tm6_side_fraction	0.0	0.0
bound_geometry	receptor_grouped_5fold	1	Gq/11	numeric__bound__intracellular_cavity_core_tm5_side_fraction	0.0	0.0
bound_geometry	receptor_grouped_5fold	1	Gq/11	numeric__bound__intracellular_cavity_core_tm7_side_fraction	0.0	0.0
bound_geometry	receptor_grouped_5fold	1	Gq/11	numeric__bound__intracellular_cavity_core_wall_fraction_h8	0.0	0.0
bound_geometry	receptor_grouped_5fold	1	Gq/11	numeric__bound__intracellular_cavity_core_wall_fraction_icl2	0.0	0.0
bound_geometry	receptor_grouped_5fold	1	Gq/11	numeric__bound__intracellular_cavity_core_wall_fraction_tm3	0.0	0.0
bound_geometry	receptor_grouped_5fold	1	Gq/11	numeric__bound__intracellular_cavity_core_wall_fraction_tm7	0.0	0.0
bound_geometry	receptor_grouped_5fold	1	Gs	numeric__bound__activation_consensus_score	0.05359710202777914	0.05359710202777914
bound_geometry	receptor_grouped_5fold	1	Gs	numeric__bound__tm6_r350_634_distance	0.0	0.0
bound_geometry	receptor_grouped_5fold	1	Gs	numeric__bound__tm6_aligned_displacement	0.02890123523724126	0.02890123523724126
bound_geometry	receptor_grouped_5fold	1	Gs	numeric__bound__tm7_displacement	0.0	0.0
bound_geometry	receptor_grouped_5fold	1	Gs	numeric__bound__tm3_tm7_distance	0.0	0.0
bound_geometry	receptor_grouped_5fold	1	Gs	numeric__bound__tm6_r350_630_distance	0.15224724207878468	0.15224724207878468
bound_geometry	receptor_grouped_5fold	1	Gs	numeric__bound__dry_r350_630_min_distance	0.09657893206990498	0.09657893206990498
bound_geometry	receptor_grouped_5fold	1	Gs	numeric__bound__dry_r350_630_ca_distance	0.15224724207878468	0.15224724207878468
bound_geometry	receptor_grouped_5fold	1	Gs	numeric__bound__dry_d349_r350_min_distance	0.0	0.0
bound_geometry	receptor_grouped_5fold	1	Gs	numeric__bound__r350_chi1	0.0	0.0
bound_geometry	receptor_grouped_5fold	1	Gs	numeric__bound__r350_chi2	0.0	0.0
bound_geometry	receptor_grouped_5fold	1	Gs	numeric__bound__pif_550_340_distance	0.0	0.0
bound_geometry	receptor_grouped_5fold	1	Gs	numeric__bound__pif_340_644_distance	0.0	0.0
bound_geometry	receptor_grouped_5fold	1	Gs	numeric__bound__pif_550_644_distance	0.0	0.0
bound_geometry	receptor_grouped_5fold	1	Gs	numeric__bound__pif_550_340_min_distance	0.0	0.0
bound_geometry	receptor_grouped_5fold	1	Gs	numeric__bound__pif_340_644_min_distance	0.0	0.0
bound_geometry	receptor_grouped_5fold	1	Gs	numeric__bound__pif_550_644_min_distance	0.0	0.0
bound_geometry	receptor_grouped_5fold	1	Gs	numeric__bound__pif_triangle_perimeter	0.0	0.0
bound_geometry	receptor_grouped_5fold	1	Gs	numeric__bound__position_644_chi1	0.0	0.0
bound_geometry	receptor_grouped_5fold	1	Gs	numeric__bound__position_644_chi2	0.0	0.0
bound_geometry	receptor_grouped_5fold	1	Gs	numeric__bound__w648_chi1	-0.06866906957665696	0.06866906957665696
bound_geometry	receptor_grouped_5fold	1	Gs	numeric__bound__w648_chi2	0.0	0.0
bound_geometry	receptor_grouped_5fold	1	Gs	numeric__bound__w648_displacement	0.0	0.0
bound_geometry	receptor_grouped_5fold	1	Gs	numeric__bound__w648_to_644_distance	0.0	0.0
bound_geometry	receptor_grouped_5fold	1	Gs	numeric__bound__cwxp_647_650_distance	0.0	0.0
bound_geometry	receptor_grouped_5fold	1	Gs	numeric__bound__y753_chi1	0.0	0.0
bound_geometry	receptor_grouped_5fold	1	Gs	numeric__bound__y753_chi2	0.0	0.0
bound_geometry	receptor_grouped_5fold	1	Gs	numeric__bound__y753_y558_distance	0.0	0.0
bound_geometry	receptor_grouped_5fold	1	Gs	numeric__bound__y753_y558_min_distance	0.0	0.0
bound_geometry	receptor_grouped_5fold	1	Gs	numeric__bound__n749_y753_distance	0.0	0.0
bound_geometry	receptor_grouped_5fold	1	Gs	numeric__bound__npxxy_local_spread	0.0	0.0
bound_geometry	receptor_grouped_5fold	1	Gs	numeric__bound__y753_displacement	0.0	0.0
bound_geometry	receptor_grouped_5fold	1	Gs	numeric__bound__sodium_d250_s339_distance	0.0	0.0
bound_geometry	receptor_grouped_5fold	1	Gs	numeric__bound__sodium_d250_n745_distance	0.0	0.0
bound_geometry	receptor_grouped_5fold	1	Gs	numeric__bound__sodium_d250_s746_distance	0.0	0.0
bound_geometry	receptor_grouped_5fold	1	Gs	numeric__bound__sodium_d250_n749_distance	0.0	0.0
bound_geometry	receptor_grouped_5fold	1	Gs	numeric__bound__sodium_pocket_volume	0.0	0.0
bound_geometry	receptor_grouped_5fold	1	Gs	numeric__bound__sodium_pocket_spread	0.0	0.0
bound_geometry	receptor_grouped_5fold	1	Gs	numeric__bound__tm7_rotation	0.0	0.0
bound_geometry	receptor_grouped_5fold	1	Gs	numeric__bound__icl2_generic_ca_count	0.0	0.0
bound_geometry	receptor_grouped_5fold	1	Gs	numeric__bound__icl2_end_to_end_distance	0.0	0.0
bound_geometry	receptor_grouped_5fold	1	Gs	numeric__bound__icl2_centroid_to_r350	0.0	0.0
bound_geometry	receptor_grouped_5fold	1	Gs	numeric__bound__icl2_centroid_to_tm5_561	0.0	0.0
bound_geometry	receptor_grouped_5fold	1	Gs	numeric__bound__icl2_centroid_to_tm6_634	0.0	0.0
bound_geometry	receptor_grouped_5fold	1	Gs	numeric__bound__icl2_centroid_to_tm7_753	0.0	0.0
bound_geometry	receptor_grouped_5fold	1	Gs	numeric__bound__icl2_axis_tm3_angle	-0.03767532295093102	0.03767532295093102
bound_geometry	receptor_grouped_5fold	1	Gs	numeric__bound__icl2_axis_tm5_angle	0.0	0.0
bound_geometry	receptor_grouped_5fold	1	Gs	numeric__bound__icl2_active_reference_displacement	0.0	0.0
bound_geometry	receptor_grouped_5fold	1	Gs	numeric__bound__tm5_cytoplasmic_extension	0.0	0.0
bound_geometry	receptor_grouped_5fold	1	Gs	numeric__bound__tm5_cytoplasmic_kink	0.0	0.0
bound_geometry	receptor_grouped_5fold	1	Gs	numeric__bound__tm5_r350_561_distance	0.0	0.0
bound_geometry	receptor_grouped_5fold	1	Gs	numeric__bound__tm5_r350_564_distance	0.0	0.0
bound_geometry	receptor_grouped_5fold	1	Gs	numeric__bound__tm5_tm6_cavity_distance	0.0	0.0
bound_geometry	receptor_grouped_5fold	1	Gs	numeric__bound__tm5_axis_tm3_angle	0.0	0.0
bound_geometry	receptor_grouped_5fold	1	Gs	numeric__bound__tm6_lower_upper_kink	0.1345477968801862	0.1345477968801862
bound_geometry	receptor_grouped_5fold	1	Gs	numeric__bound__tm6_axis_tm3_angle	0.09337384530645546	0.09337384530645546
bound_geometry	receptor_grouped_5fold	1	Gs	numeric__bound__tm6_tm7_cavity_distance	0.01744677498783795	0.01744677498783795
bound_geometry	receptor_grouped_5fold	1	Gs	numeric__bound__tm7_h8_angle	0.0	0.0
bound_geometry	receptor_grouped_5fold	1	Gs	numeric__bound__h8_end_to_end_distance	0.0	0.0
bound_geometry	receptor_grouped_5fold	1	Gs	numeric__bound__h8_r350_distance	0.0	0.0
bound_geometry	receptor_grouped_5fold	1	Gs	numeric__bound__h8_tm6_distance	0.017760963696140164	0.017760963696140164
bound_geometry	receptor_grouped_5fold	1	Gs	numeric__bound__icl2_helix_fraction	0.0	0.0
bound_geometry	receptor_grouped_5fold	1	Gs	numeric__bound__icl2_longest_helix	0.0	0.0
bound_geometry	receptor_grouped_5fold	1	Gs	numeric__bound__icl2_mean_phi	0.0	0.0
bound_geometry	receptor_grouped_5fold	1	Gs	numeric__bound__icl2_mean_psi	0.0	0.0
bound_geometry	receptor_grouped_5fold	1	Gs	numeric__bound__intracellular_cavity_core_volume	0.0	0.0
bound_geometry	receptor_grouped_5fold	1	Gs	numeric__bound__intracellular_cavity_core_mouth_area	0.0	0.0
bound_geometry	receptor_grouped_5fold	1	Gs	numeric__bound__intracellular_cavity_core_depth	0.0	0.0
bound_geometry	receptor_grouped_5fold	1	Gs	numeric__bound__intracellular_cavity_core_maximum_width	0.0	0.0
bound_geometry	receptor_grouped_5fold	1	Gs	numeric__bound__intracellular_cavity_core_average_cross_section	0.0	0.0
bound_geometry	receptor_grouped_5fold	1	Gs	numeric__bound__intracellular_cavity_core_bottleneck_area	0.0	0.0
bound_geometry	receptor_grouped_5fold	1	Gs	numeric__bound__intracellular_cavity_core_bottleneck_radius	0.0	0.0
bound_geometry	receptor_grouped_5fold	1	Gs	numeric__bound__intracellular_cavity_core_max_inscribed_radius	0.0	0.0
bound_geometry	receptor_grouped_5fold	1	Gs	numeric__bound__intracellular_cavity_core_surface_area	0.0	0.0
bound_geometry	receptor_grouped_5fold	1	Gs	numeric__bound__intracellular_cavity_core_centroid_x	0.0	0.0
bound_geometry	receptor_grouped_5fold	1	Gs	numeric__bound__intracellular_cavity_core_centroid_y	0.0	0.0
bound_geometry	receptor_grouped_5fold	1	Gs	numeric__bound__intracellular_cavity_core_centroid_z	0.0618611257040207	0.0618611257040207
bound_geometry	receptor_grouped_5fold	1	Gs	numeric__bound__intracellular_cavity_core_principal_length_1	-0.024709574754589354	0.024709574754589354
bound_geometry	receptor_grouped_5fold	1	Gs	numeric__bound__intracellular_cavity_core_principal_length_2	0.0	0.0
bound_geometry	receptor_grouped_5fold	1	Gs	numeric__bound__intracellular_cavity_core_principal_length_3	0.0	0.0
bound_geometry	receptor_grouped_5fold	1	Gs	numeric__bound__intracellular_cavity_core_principal_axis_1_z_alignment	0.0	0.0
bound_geometry	receptor_grouped_5fold	1	Gs	numeric__bound__intracellular_cavity_core_eccentricity	0.0	0.0
bound_geometry	receptor_grouped_5fold	1	Gs	numeric__bound__intracellular_cavity_core_sphericity	0.0	0.0
bound_geometry	receptor_grouped_5fold	1	Gs	numeric__bound__intracellular_cavity_core_asymmetry	0.0	0.0
bound_geometry	receptor_grouped_5fold	1	Gs	numeric__bound__intracellular_cavity_core_tm3_side_fraction	0.0	0.0
bound_geometry	receptor_grouped_5fold	1	Gs	numeric__bound__intracellular_cavity_core_tm6_side_fraction	0.0	0.0
bound_geometry	receptor_grouped_5fold	1	Gs	numeric__bound__intracellular_cavity_core_tm5_side_fraction	0.0	0.0
bound_geometry	receptor_grouped_5fold	1	Gs	numeric__bound__intracellular_cavity_core_tm7_side_fraction	0.0	0.0
bound_geometry	receptor_grouped_5fold	1	Gs	numeric__bound__intracellular_cavity_core_wall_fraction_h8	0.0	0.0
bound_geometry	receptor_grouped_5fold	1	Gs	numeric__bound__intracellular_cavity_core_wall_fraction_icl2	0.0	0.0
bound_geometry	receptor_grouped_5fold	1	Gs	numeric__bound__intracellular_cavity_core_wall_fraction_tm3	0.0	0.0
bound_geometry	receptor_grouped_5fold	1	Gs	numeric__bound__intracellular_cavity_core_wall_fraction_tm7	0.0	0.0
bound_geometry	receptor_grouped_5fold	2	Gi/o	numeric__bound__activation_consensus_score	0.0	0.0
bound_geometry	receptor_grouped_5fold	2	Gi/o	numeric__bound__tm6_r350_634_distance	-0.033794054060177076	0.033794054060177076
bound_geometry	receptor_grouped_5fold	2	Gi/o	numeric__bound__tm6_aligned_displacement	-0.0002334334541255688	0.0002334334541255688
bound_geometry	receptor_grouped_5fold	2	Gi/o	numeric__bound__tm7_displacement	0.0	0.0
bound_geometry	receptor_grouped_5fold	2	Gi/o	numeric__bound__tm3_tm7_distance	0.018982404801581972	0.018982404801581972
bound_geometry	receptor_grouped_5fold	2	Gi/o	numeric__bound__tm6_r350_630_distance	-0.022761592759271525	0.022761592759271525
bound_geometry	receptor_grouped_5fold	2	Gi/o	numeric__bound__dry_r350_630_min_distance	0.0	0.0
bound_geometry	receptor_grouped_5fold	2	Gi/o	numeric__bound__dry_r350_630_ca_distance	-0.022761592759271525	0.022761592759271525
bound_geometry	receptor_grouped_5fold	2	Gi/o	numeric__bound__dry_d349_r350_min_distance	0.0	0.0
bound_geometry	receptor_grouped_5fold	2	Gi/o	numeric__bound__r350_chi1	0.0	0.0
bound_geometry	receptor_grouped_5fold	2	Gi/o	numeric__bound__r350_chi2	0.0	0.0
bound_geometry	receptor_grouped_5fold	2	Gi/o	numeric__bound__pif_550_340_distance	0.0	0.0
bound_geometry	receptor_grouped_5fold	2	Gi/o	numeric__bound__pif_340_644_distance	0.0	0.0
bound_geometry	receptor_grouped_5fold	2	Gi/o	numeric__bound__pif_550_644_distance	0.0	0.0
bound_geometry	receptor_grouped_5fold	2	Gi/o	numeric__bound__pif_550_340_min_distance	-0.09595062871758339	0.09595062871758339
bound_geometry	receptor_grouped_5fold	2	Gi/o	numeric__bound__pif_340_644_min_distance	0.0	0.0
bound_geometry	receptor_grouped_5fold	2	Gi/o	numeric__bound__pif_550_644_min_distance	-0.014831801878077377	0.014831801878077377
bound_geometry	receptor_grouped_5fold	2	Gi/o	numeric__bound__pif_triangle_perimeter	0.0	0.0
bound_geometry	receptor_grouped_5fold	2	Gi/o	numeric__bound__position_644_chi1	-0.010260480595879204	0.010260480595879204
bound_geometry	receptor_grouped_5fold	2	Gi/o	numeric__bound__position_644_chi2	-0.2978900842766874	0.2978900842766874
bound_geometry	receptor_grouped_5fold	2	Gi/o	numeric__bound__w648_chi1	0.0	0.0
bound_geometry	receptor_grouped_5fold	2	Gi/o	numeric__bound__w648_chi2	0.0	0.0
bound_geometry	receptor_grouped_5fold	2	Gi/o	numeric__bound__w648_displacement	0.0	0.0
bound_geometry	receptor_grouped_5fold	2	Gi/o	numeric__bound__w648_to_644_distance	0.0	0.0
bound_geometry	receptor_grouped_5fold	2	Gi/o	numeric__bound__cwxp_647_650_distance	0.0	0.0
bound_geometry	receptor_grouped_5fold	2	Gi/o	numeric__bound__y753_chi1	0.0	0.0
bound_geometry	receptor_grouped_5fold	2	Gi/o	numeric__bound__y753_chi2	0.15731376701197042	0.15731376701197042
bound_geometry	receptor_grouped_5fold	2	Gi/o	numeric__bound__y753_y558_distance	0.0	0.0
bound_geometry	receptor_grouped_5fold	2	Gi/o	numeric__bound__y753_y558_min_distance	0.0	0.0
bound_geometry	receptor_grouped_5fold	2	Gi/o	numeric__bound__n749_y753_distance	0.0	0.0
bound_geometry	receptor_grouped_5fold	2	Gi/o	numeric__bound__npxxy_local_spread	0.0	0.0
bound_geometry	receptor_grouped_5fold	2	Gi/o	numeric__bound__y753_displacement	0.0	0.0
bound_geometry	receptor_grouped_5fold	2	Gi/o	numeric__bound__sodium_d250_s339_distance	0.0	0.0
bound_geometry	receptor_grouped_5fold	2	Gi/o	numeric__bound__sodium_d250_n745_distance	0.0	0.0
bound_geometry	receptor_grouped_5fold	2	Gi/o	numeric__bound__sodium_d250_s746_distance	0.14625394736270772	0.14625394736270772
bound_geometry	receptor_grouped_5fold	2	Gi/o	numeric__bound__sodium_d250_n749_distance	0.0	0.0
bound_geometry	receptor_grouped_5fold	2	Gi/o	numeric__bound__sodium_pocket_volume	0.0	0.0
bound_geometry	receptor_grouped_5fold	2	Gi/o	numeric__bound__sodium_pocket_spread	0.0	0.0
bound_geometry	receptor_grouped_5fold	2	Gi/o	numeric__bound__tm7_rotation	0.0	0.0
bound_geometry	receptor_grouped_5fold	2	Gi/o	numeric__bound__icl2_generic_ca_count	0.0	0.0
bound_geometry	receptor_grouped_5fold	2	Gi/o	numeric__bound__icl2_end_to_end_distance	0.0	0.0
bound_geometry	receptor_grouped_5fold	2	Gi/o	numeric__bound__icl2_centroid_to_r350	0.0	0.0
bound_geometry	receptor_grouped_5fold	2	Gi/o	numeric__bound__icl2_centroid_to_tm5_561	-0.011803788327193072	0.011803788327193072
bound_geometry	receptor_grouped_5fold	2	Gi/o	numeric__bound__icl2_centroid_to_tm6_634	0.0	0.0
bound_geometry	receptor_grouped_5fold	2	Gi/o	numeric__bound__icl2_centroid_to_tm7_753	0.10528050229535284	0.10528050229535284
bound_geometry	receptor_grouped_5fold	2	Gi/o	numeric__bound__icl2_axis_tm3_angle	0.0	0.0
bound_geometry	receptor_grouped_5fold	2	Gi/o	numeric__bound__icl2_axis_tm5_angle	0.1653091997261945	0.1653091997261945
bound_geometry	receptor_grouped_5fold	2	Gi/o	numeric__bound__icl2_active_reference_displacement	0.0	0.0
bound_geometry	receptor_grouped_5fold	2	Gi/o	numeric__bound__tm5_cytoplasmic_extension	-0.14195699884221658	0.14195699884221658
bound_geometry	receptor_grouped_5fold	2	Gi/o	numeric__bound__tm5_cytoplasmic_kink	0.0	0.0
bound_geometry	receptor_grouped_5fold	2	Gi/o	numeric__bound__tm5_r350_561_distance	-0.1276831108684338	0.1276831108684338
bound_geometry	receptor_grouped_5fold	2	Gi/o	numeric__bound__tm5_r350_564_distance	-0.010328106948263308	0.010328106948263308
bound_geometry	receptor_grouped_5fold	2	Gi/o	numeric__bound__tm5_tm6_cavity_distance	0.0	0.0
bound_geometry	receptor_grouped_5fold	2	Gi/o	numeric__bound__tm5_axis_tm3_angle	-0.13975126348248168	0.13975126348248168
bound_geometry	receptor_grouped_5fold	2	Gi/o	numeric__bound__tm6_lower_upper_kink	0.0	0.0
bound_geometry	receptor_grouped_5fold	2	Gi/o	numeric__bound__tm6_axis_tm3_angle	-0.0886207870894882	0.0886207870894882
bound_geometry	receptor_grouped_5fold	2	Gi/o	numeric__bound__tm6_tm7_cavity_distance	-0.012336636644612028	0.012336636644612028
bound_geometry	receptor_grouped_5fold	2	Gi/o	numeric__bound__tm7_h8_angle	0.0	0.0
bound_geometry	receptor_grouped_5fold	2	Gi/o	numeric__bound__h8_end_to_end_distance	0.0	0.0
bound_geometry	receptor_grouped_5fold	2	Gi/o	numeric__bound__h8_r350_distance	0.0	0.0
bound_geometry	receptor_grouped_5fold	2	Gi/o	numeric__bound__h8_tm6_distance	0.0	0.0
bound_geometry	receptor_grouped_5fold	2	Gi/o	numeric__bound__icl2_helix_fraction	0.0	0.0
bound_geometry	receptor_grouped_5fold	2	Gi/o	numeric__bound__icl2_longest_helix	0.0	0.0
bound_geometry	receptor_grouped_5fold	2	Gi/o	numeric__bound__icl2_mean_phi	0.24131447283300947	0.24131447283300947
bound_geometry	receptor_grouped_5fold	2	Gi/o	numeric__bound__icl2_mean_psi	0.0	0.0
bound_geometry	receptor_grouped_5fold	2	Gi/o	numeric__bound__intracellular_cavity_core_volume	0.0	0.0
bound_geometry	receptor_grouped_5fold	2	Gi/o	numeric__bound__intracellular_cavity_core_mouth_area	-0.004912131561953057	0.004912131561953057
bound_geometry	receptor_grouped_5fold	2	Gi/o	numeric__bound__intracellular_cavity_core_depth	0.0	0.0
bound_geometry	receptor_grouped_5fold	2	Gi/o	numeric__bound__intracellular_cavity_core_maximum_width	-0.006681396243796193	0.006681396243796193
bound_geometry	receptor_grouped_5fold	2	Gi/o	numeric__bound__intracellular_cavity_core_average_cross_section	0.0	0.0
bound_geometry	receptor_grouped_5fold	2	Gi/o	numeric__bound__intracellular_cavity_core_bottleneck_area	0.0	0.0
bound_geometry	receptor_grouped_5fold	2	Gi/o	numeric__bound__intracellular_cavity_core_bottleneck_radius	0.0	0.0
bound_geometry	receptor_grouped_5fold	2	Gi/o	numeric__bound__intracellular_cavity_core_max_inscribed_radius	0.0	0.0
bound_geometry	receptor_grouped_5fold	2	Gi/o	numeric__bound__intracellular_cavity_core_surface_area	0.0	0.0
bound_geometry	receptor_grouped_5fold	2	Gi/o	numeric__bound__intracellular_cavity_core_centroid_x	0.0	0.0
bound_geometry	receptor_grouped_5fold	2	Gi/o	numeric__bound__intracellular_cavity_core_centroid_y	0.06803029348940087	0.06803029348940087
bound_geometry	receptor_grouped_5fold	2	Gi/o	numeric__bound__intracellular_cavity_core_centroid_z	0.0	0.0
bound_geometry	receptor_grouped_5fold	2	Gi/o	numeric__bound__intracellular_cavity_core_principal_length_1	0.0	0.0
bound_geometry	receptor_grouped_5fold	2	Gi/o	numeric__bound__intracellular_cavity_core_principal_length_2	0.0666604419441502	0.0666604419441502
bound_geometry	receptor_grouped_5fold	2	Gi/o	numeric__bound__intracellular_cavity_core_principal_length_3	-0.1609944208555607	0.1609944208555607
bound_geometry	receptor_grouped_5fold	2	Gi/o	numeric__bound__intracellular_cavity_core_principal_axis_1_z_alignment	0.0	0.0
bound_geometry	receptor_grouped_5fold	2	Gi/o	numeric__bound__intracellular_cavity_core_eccentricity	0.19361879647258362	0.19361879647258362
bound_geometry	receptor_grouped_5fold	2	Gi/o	numeric__bound__intracellular_cavity_core_sphericity	0.0	0.0
bound_geometry	receptor_grouped_5fold	2	Gi/o	numeric__bound__intracellular_cavity_core_asymmetry	0.0	0.0
bound_geometry	receptor_grouped_5fold	2	Gi/o	numeric__bound__intracellular_cavity_core_tm3_side_fraction	0.0	0.0
bound_geometry	receptor_grouped_5fold	2	Gi/o	numeric__bound__intracellular_cavity_core_tm6_side_fraction	0.0	0.0
bound_geometry	receptor_grouped_5fold	2	Gi/o	numeric__bound__intracellular_cavity_core_tm5_side_fraction	0.0	0.0
bound_geometry	receptor_grouped_5fold	2	Gi/o	numeric__bound__intracellular_cavity_core_tm7_side_fraction	0.0	0.0
bound_geometry	receptor_grouped_5fold	2	Gi/o	numeric__bound__intracellular_cavity_core_wall_fraction_h8	0.0	0.0
bound_geometry	receptor_grouped_5fold	2	Gi/o	numeric__bound__intracellular_cavity_core_wall_fraction_icl2	0.0	0.0
bound_geometry	receptor_grouped_5fold	2	Gi/o	numeric__bound__intracellular_cavity_core_wall_fraction_tm3	0.0	0.0
bound_geometry	receptor_grouped_5fold	2	Gi/o	numeric__bound__intracellular_cavity_core_wall_fraction_tm7	0.0	0.0
bound_geometry	receptor_grouped_5fold	2	Gq/11	numeric__bound__activation_consensus_score	0.0	0.0
bound_geometry	receptor_grouped_5fold	2	Gq/11	numeric__bound__tm6_r350_634_distance	0.0	0.0
bound_geometry	receptor_grouped_5fold	2	Gq/11	numeric__bound__tm6_aligned_displacement	0.0	0.0
bound_geometry	receptor_grouped_5fold	2	Gq/11	numeric__bound__tm7_displacement	0.0	0.0
bound_geometry	receptor_grouped_5fold	2	Gq/11	numeric__bound__tm3_tm7_distance	-0.027706578384677202	0.027706578384677202
bound_geometry	receptor_grouped_5fold	2	Gq/11	numeric__bound__tm6_r350_630_distance	0.0	0.0
bound_geometry	receptor_grouped_5fold	2	Gq/11	numeric__bound__dry_r350_630_min_distance	0.0	0.0
bound_geometry	receptor_grouped_5fold	2	Gq/11	numeric__bound__dry_r350_630_ca_distance	0.0	0.0
bound_geometry	receptor_grouped_5fold	2	Gq/11	numeric__bound__dry_d349_r350_min_distance	0.0	0.0
bound_geometry	receptor_grouped_5fold	2	Gq/11	numeric__bound__r350_chi1	0.0	0.0
bound_geometry	receptor_grouped_5fold	2	Gq/11	numeric__bound__r350_chi2	0.0	0.0
bound_geometry	receptor_grouped_5fold	2	Gq/11	numeric__bound__pif_550_340_distance	0.0	0.0
bound_geometry	receptor_grouped_5fold	2	Gq/11	numeric__bound__pif_340_644_distance	0.0	0.0
bound_geometry	receptor_grouped_5fold	2	Gq/11	numeric__bound__pif_550_644_distance	0.0	0.0
bound_geometry	receptor_grouped_5fold	2	Gq/11	numeric__bound__pif_550_340_min_distance	0.0	0.0
bound_geometry	receptor_grouped_5fold	2	Gq/11	numeric__bound__pif_340_644_min_distance	0.0	0.0
bound_geometry	receptor_grouped_5fold	2	Gq/11	numeric__bound__pif_550_644_min_distance	0.055736601189077424	0.055736601189077424
bound_geometry	receptor_grouped_5fold	2	Gq/11	numeric__bound__pif_triangle_perimeter	0.0	0.0
bound_geometry	receptor_grouped_5fold	2	Gq/11	numeric__bound__position_644_chi1	0.0	0.0
bound_geometry	receptor_grouped_5fold	2	Gq/11	numeric__bound__position_644_chi2	0.2551006350154049	0.2551006350154049
bound_geometry	receptor_grouped_5fold	2	Gq/11	numeric__bound__w648_chi1	0.2169073061046642	0.2169073061046642
bound_geometry	receptor_grouped_5fold	2	Gq/11	numeric__bound__w648_chi2	0.0	0.0
bound_geometry	receptor_grouped_5fold	2	Gq/11	numeric__bound__w648_displacement	0.0	0.0
bound_geometry	receptor_grouped_5fold	2	Gq/11	numeric__bound__w648_to_644_distance	-0.3254976364363313	0.3254976364363313
bound_geometry	receptor_grouped_5fold	2	Gq/11	numeric__bound__cwxp_647_650_distance	0.0	0.0
bound_geometry	receptor_grouped_5fold	2	Gq/11	numeric__bound__y753_chi1	0.0	0.0
bound_geometry	receptor_grouped_5fold	2	Gq/11	numeric__bound__y753_chi2	0.0	0.0
bound_geometry	receptor_grouped_5fold	2	Gq/11	numeric__bound__y753_y558_distance	0.0	0.0
bound_geometry	receptor_grouped_5fold	2	Gq/11	numeric__bound__y753_y558_min_distance	0.0	0.0
bound_geometry	receptor_grouped_5fold	2	Gq/11	numeric__bound__n749_y753_distance	0.0	0.0
bound_geometry	receptor_grouped_5fold	2	Gq/11	numeric__bound__npxxy_local_spread	0.0	0.0
bound_geometry	receptor_grouped_5fold	2	Gq/11	numeric__bound__y753_displacement	0.0	0.0
bound_geometry	receptor_grouped_5fold	2	Gq/11	numeric__bound__sodium_d250_s339_distance	0.04011448573392463	0.04011448573392463
bound_geometry	receptor_grouped_5fold	2	Gq/11	numeric__bound__sodium_d250_n745_distance	0.0	0.0
bound_geometry	receptor_grouped_5fold	2	Gq/11	numeric__bound__sodium_d250_s746_distance	-0.3484690605800864	0.3484690605800864
bound_geometry	receptor_grouped_5fold	2	Gq/11	numeric__bound__sodium_d250_n749_distance	0.0	0.0
bound_geometry	receptor_grouped_5fold	2	Gq/11	numeric__bound__sodium_pocket_volume	0.0	0.0
bound_geometry	receptor_grouped_5fold	2	Gq/11	numeric__bound__sodium_pocket_spread	0.0	0.0
bound_geometry	receptor_grouped_5fold	2	Gq/11	numeric__bound__tm7_rotation	0.0	0.0
bound_geometry	receptor_grouped_5fold	2	Gq/11	numeric__bound__icl2_generic_ca_count	0.0	0.0
bound_geometry	receptor_grouped_5fold	2	Gq/11	numeric__bound__icl2_end_to_end_distance	0.0	0.0
bound_geometry	receptor_grouped_5fold	2	Gq/11	numeric__bound__icl2_centroid_to_r350	0.0	0.0
bound_geometry	receptor_grouped_5fold	2	Gq/11	numeric__bound__icl2_centroid_to_tm5_561	0.08512196075321687	0.08512196075321687
bound_geometry	receptor_grouped_5fold	2	Gq/11	numeric__bound__icl2_centroid_to_tm6_634	0.0	0.0
bound_geometry	receptor_grouped_5fold	2	Gq/11	numeric__bound__icl2_centroid_to_tm7_753	-0.11957831631650118	0.11957831631650118
bound_geometry	receptor_grouped_5fold	2	Gq/11	numeric__bound__icl2_axis_tm3_angle	0.043523437978813265	0.043523437978813265
bound_geometry	receptor_grouped_5fold	2	Gq/11	numeric__bound__icl2_axis_tm5_angle	0.0	0.0
bound_geometry	receptor_grouped_5fold	2	Gq/11	numeric__bound__icl2_active_reference_displacement	0.0	0.0
bound_geometry	receptor_grouped_5fold	2	Gq/11	numeric__bound__tm5_cytoplasmic_extension	0.20476559551345097	0.20476559551345097
bound_geometry	receptor_grouped_5fold	2	Gq/11	numeric__bound__tm5_cytoplasmic_kink	0.0	0.0
bound_geometry	receptor_grouped_5fold	2	Gq/11	numeric__bound__tm5_r350_561_distance	0.0012954436277881518	0.0012954436277881518
bound_geometry	receptor_grouped_5fold	2	Gq/11	numeric__bound__tm5_r350_564_distance	0.13382391654679307	0.13382391654679307
bound_geometry	receptor_grouped_5fold	2	Gq/11	numeric__bound__tm5_tm6_cavity_distance	0.0	0.0
bound_geometry	receptor_grouped_5fold	2	Gq/11	numeric__bound__tm5_axis_tm3_angle	0.0	0.0
bound_geometry	receptor_grouped_5fold	2	Gq/11	numeric__bound__tm6_lower_upper_kink	0.0	0.0
bound_geometry	receptor_grouped_5fold	2	Gq/11	numeric__bound__tm6_axis_tm3_angle	0.0	0.0
bound_geometry	receptor_grouped_5fold	2	Gq/11	numeric__bound__tm6_tm7_cavity_distance	0.0	0.0
bound_geometry	receptor_grouped_5fold	2	Gq/11	numeric__bound__tm7_h8_angle	0.0	0.0
bound_geometry	receptor_grouped_5fold	2	Gq/11	numeric__bound__h8_end_to_end_distance	0.0	0.0
bound_geometry	receptor_grouped_5fold	2	Gq/11	numeric__bound__h8_r350_distance	0.0	0.0
bound_geometry	receptor_grouped_5fold	2	Gq/11	numeric__bound__h8_tm6_distance	0.0	0.0
bound_geometry	receptor_grouped_5fold	2	Gq/11	numeric__bound__icl2_helix_fraction	0.0	0.0
bound_geometry	receptor_grouped_5fold	2	Gq/11	numeric__bound__icl2_longest_helix	0.0	0.0
bound_geometry	receptor_grouped_5fold	2	Gq/11	numeric__bound__icl2_mean_phi	-0.15836406286689514	0.15836406286689514
bound_geometry	receptor_grouped_5fold	2	Gq/11	numeric__bound__icl2_mean_psi	0.0	0.0
bound_geometry	receptor_grouped_5fold	2	Gq/11	numeric__bound__intracellular_cavity_core_volume	0.0	0.0
bound_geometry	receptor_grouped_5fold	2	Gq/11	numeric__bound__intracellular_cavity_core_mouth_area	0.0	0.0
bound_geometry	receptor_grouped_5fold	2	Gq/11	numeric__bound__intracellular_cavity_core_depth	0.0	0.0
bound_geometry	receptor_grouped_5fold	2	Gq/11	numeric__bound__intracellular_cavity_core_maximum_width	0.0	0.0
bound_geometry	receptor_grouped_5fold	2	Gq/11	numeric__bound__intracellular_cavity_core_average_cross_section	0.0	0.0
bound_geometry	receptor_grouped_5fold	2	Gq/11	numeric__bound__intracellular_cavity_core_bottleneck_area	0.0	0.0
bound_geometry	receptor_grouped_5fold	2	Gq/11	numeric__bound__intracellular_cavity_core_bottleneck_radius	0.0	0.0
bound_geometry	receptor_grouped_5fold	2	Gq/11	numeric__bound__intracellular_cavity_core_max_inscribed_radius	0.0	0.0
bound_geometry	receptor_grouped_5fold	2	Gq/11	numeric__bound__intracellular_cavity_core_surface_area	0.0	0.0
bound_geometry	receptor_grouped_5fold	2	Gq/11	numeric__bound__intracellular_cavity_core_centroid_x	0.0	0.0
bound_geometry	receptor_grouped_5fold	2	Gq/11	numeric__bound__intracellular_cavity_core_centroid_y	0.0	0.0
bound_geometry	receptor_grouped_5fold	2	Gq/11	numeric__bound__intracellular_cavity_core_centroid_z	0.0	0.0
bound_geometry	receptor_grouped_5fold	2	Gq/11	numeric__bound__intracellular_cavity_core_principal_length_1	0.0	0.0
bound_geometry	receptor_grouped_5fold	2	Gq/11	numeric__bound__intracellular_cavity_core_principal_length_2	0.0	0.0
bound_geometry	receptor_grouped_5fold	2	Gq/11	numeric__bound__intracellular_cavity_core_principal_length_3	0.0	0.0
bound_geometry	receptor_grouped_5fold	2	Gq/11	numeric__bound__intracellular_cavity_core_principal_axis_1_z_alignment	0.0	0.0
bound_geometry	receptor_grouped_5fold	2	Gq/11	numeric__bound__intracellular_cavity_core_eccentricity	0.0	0.0
bound_geometry	receptor_grouped_5fold	2	Gq/11	numeric__bound__intracellular_cavity_core_sphericity	0.0	0.0
bound_geometry	receptor_grouped_5fold	2	Gq/11	numeric__bound__intracellular_cavity_core_asymmetry	0.0	0.0
bound_geometry	receptor_grouped_5fold	2	Gq/11	numeric__bound__intracellular_cavity_core_tm3_side_fraction	0.0	0.0
bound_geometry	receptor_grouped_5fold	2	Gq/11	numeric__bound__intracellular_cavity_core_tm6_side_fraction	0.0	0.0
bound_geometry	receptor_grouped_5fold	2	Gq/11	numeric__bound__intracellular_cavity_core_tm5_side_fraction	0.0	0.0
bound_geometry	receptor_grouped_5fold	2	Gq/11	numeric__bound__intracellular_cavity_core_tm7_side_fraction	0.0	0.0
bound_geometry	receptor_grouped_5fold	2	Gq/11	numeric__bound__intracellular_cavity_core_wall_fraction_h8	0.0	0.0
bound_geometry	receptor_grouped_5fold	2	Gq/11	numeric__bound__intracellular_cavity_core_wall_fraction_icl2	0.22302231994089788	0.22302231994089788
bound_geometry	receptor_grouped_5fold	2	Gq/11	numeric__bound__intracellular_cavity_core_wall_fraction_tm3	0.0	0.0
bound_geometry	receptor_grouped_5fold	2	Gq/11	numeric__bound__intracellular_cavity_core_wall_fraction_tm7	0.0	0.0
bound_geometry	receptor_grouped_5fold	2	Gs	numeric__bound__activation_consensus_score	0.010804510323436475	0.010804510323436475
bound_geometry	receptor_grouped_5fold	2	Gs	numeric__bound__tm6_r350_634_distance	0.0	0.0
bound_geometry	receptor_grouped_5fold	2	Gs	numeric__bound__tm6_aligned_displacement	0.04343296631274094	0.04343296631274094
bound_geometry	receptor_grouped_5fold	2	Gs	numeric__bound__tm7_displacement	0.0	0.0
bound_geometry	receptor_grouped_5fold	2	Gs	numeric__bound__tm3_tm7_distance	0.0	0.0
bound_geometry	receptor_grouped_5fold	2	Gs	numeric__bound__tm6_r350_630_distance	0.21695998282242077	0.21695998282242077
bound_geometry	receptor_grouped_5fold	2	Gs	numeric__bound__dry_r350_630_min_distance	0.15171902012789287	0.15171902012789287
bound_geometry	receptor_grouped_5fold	2	Gs	numeric__bound__dry_r350_630_ca_distance	0.21695998282242077	0.21695998282242077
bound_geometry	receptor_grouped_5fold	2	Gs	numeric__bound__dry_d349_r350_min_distance	0.0	0.0
bound_geometry	receptor_grouped_5fold	2	Gs	numeric__bound__r350_chi1	0.0	0.0
bound_geometry	receptor_grouped_5fold	2	Gs	numeric__bound__r350_chi2	0.0	0.0
bound_geometry	receptor_grouped_5fold	2	Gs	numeric__bound__pif_550_340_distance	0.0	0.0
bound_geometry	receptor_grouped_5fold	2	Gs	numeric__bound__pif_340_644_distance	0.0	0.0
bound_geometry	receptor_grouped_5fold	2	Gs	numeric__bound__pif_550_644_distance	0.0	0.0
bound_geometry	receptor_grouped_5fold	2	Gs	numeric__bound__pif_550_340_min_distance	0.0	0.0
bound_geometry	receptor_grouped_5fold	2	Gs	numeric__bound__pif_340_644_min_distance	0.0	0.0
bound_geometry	receptor_grouped_5fold	2	Gs	numeric__bound__pif_550_644_min_distance	0.0	0.0
bound_geometry	receptor_grouped_5fold	2	Gs	numeric__bound__pif_triangle_perimeter	0.0	0.0
bound_geometry	receptor_grouped_5fold	2	Gs	numeric__bound__position_644_chi1	0.26934952223684133	0.26934952223684133
bound_geometry	receptor_grouped_5fold	2	Gs	numeric__bound__position_644_chi2	0.0	0.0
bound_geometry	receptor_grouped_5fold	2	Gs	numeric__bound__w648_chi1	-0.362072032789521	0.362072032789521
bound_geometry	receptor_grouped_5fold	2	Gs	numeric__bound__w648_chi2	0.0	0.0
bound_geometry	receptor_grouped_5fold	2	Gs	numeric__bound__w648_displacement	0.0	0.0
bound_geometry	receptor_grouped_5fold	2	Gs	numeric__bound__w648_to_644_distance	0.08169046352592632	0.08169046352592632
bound_geometry	receptor_grouped_5fold	2	Gs	numeric__bound__cwxp_647_650_distance	0.0	0.0
bound_geometry	receptor_grouped_5fold	2	Gs	numeric__bound__y753_chi1	0.0	0.0
bound_geometry	receptor_grouped_5fold	2	Gs	numeric__bound__y753_chi2	-0.07273082824174508	0.07273082824174508
bound_geometry	receptor_grouped_5fold	2	Gs	numeric__bound__y753_y558_distance	0.0	0.0
bound_geometry	receptor_grouped_5fold	2	Gs	numeric__bound__y753_y558_min_distance	0.0	0.0
bound_geometry	receptor_grouped_5fold	2	Gs	numeric__bound__n749_y753_distance	0.0	0.0
bound_geometry	receptor_grouped_5fold	2	Gs	numeric__bound__npxxy_local_spread	0.0	0.0
bound_geometry	receptor_grouped_5fold	2	Gs	numeric__bound__y753_displacement	0.0	0.0
bound_geometry	receptor_grouped_5fold	2	Gs	numeric__bound__sodium_d250_s339_distance	0.0	0.0
bound_geometry	receptor_grouped_5fold	2	Gs	numeric__bound__sodium_d250_n745_distance	0.0	0.0
bound_geometry	receptor_grouped_5fold	2	Gs	numeric__bound__sodium_d250_s746_distance	0.0	0.0
bound_geometry	receptor_grouped_5fold	2	Gs	numeric__bound__sodium_d250_n749_distance	0.0	0.0
bound_geometry	receptor_grouped_5fold	2	Gs	numeric__bound__sodium_pocket_volume	0.0	0.0
bound_geometry	receptor_grouped_5fold	2	Gs	numeric__bound__sodium_pocket_spread	0.0	0.0
bound_geometry	receptor_grouped_5fold	2	Gs	numeric__bound__tm7_rotation	0.0	0.0
bound_geometry	receptor_grouped_5fold	2	Gs	numeric__bound__icl2_generic_ca_count	0.0	0.0
bound_geometry	receptor_grouped_5fold	2	Gs	numeric__bound__icl2_end_to_end_distance	0.0	0.0
bound_geometry	receptor_grouped_5fold	2	Gs	numeric__bound__icl2_centroid_to_r350	0.0	0.0
bound_geometry	receptor_grouped_5fold	2	Gs	numeric__bound__icl2_centroid_to_tm5_561	0.0	0.0
bound_geometry	receptor_grouped_5fold	2	Gs	numeric__bound__icl2_centroid_to_tm6_634	0.02511974076692282	0.02511974076692282
bound_geometry	receptor_grouped_5fold	2	Gs	numeric__bound__icl2_centroid_to_tm7_753	0.0	0.0
bound_geometry	receptor_grouped_5fold	2	Gs	numeric__bound__icl2_axis_tm3_angle	-0.029054751495303868	0.029054751495303868
bound_geometry	receptor_grouped_5fold	2	Gs	numeric__bound__icl2_axis_tm5_angle	-0.16738973850502128	0.16738973850502128
bound_geometry	receptor_grouped_5fold	2	Gs	numeric__bound__icl2_active_reference_displacement	0.0	0.0
bound_geometry	receptor_grouped_5fold	2	Gs	numeric__bound__tm5_cytoplasmic_extension	0.0	0.0
bound_geometry	receptor_grouped_5fold	2	Gs	numeric__bound__tm5_cytoplasmic_kink	0.0	0.0
bound_geometry	receptor_grouped_5fold	2	Gs	numeric__bound__tm5_r350_561_distance	0.0	0.0
bound_geometry	receptor_grouped_5fold	2	Gs	numeric__bound__tm5_r350_564_distance	0.0	0.0
bound_geometry	receptor_grouped_5fold	2	Gs	numeric__bound__tm5_tm6_cavity_distance	0.0	0.0
bound_geometry	receptor_grouped_5fold	2	Gs	numeric__bound__tm5_axis_tm3_angle	0.05903609206388127	0.05903609206388127
bound_geometry	receptor_grouped_5fold	2	Gs	numeric__bound__tm6_lower_upper_kink	0.14044938199963725	0.14044938199963725
bound_geometry	receptor_grouped_5fold	2	Gs	numeric__bound__tm6_axis_tm3_angle	0.2179367979457495	0.2179367979457495
bound_geometry	receptor_grouped_5fold	2	Gs	numeric__bound__tm6_tm7_cavity_distance	0.19773851757180053	0.19773851757180053
bound_geometry	receptor_grouped_5fold	2	Gs	numeric__bound__tm7_h8_angle	0.0	0.0
bound_geometry	receptor_grouped_5fold	2	Gs	numeric__bound__h8_end_to_end_distance	0.0	0.0
bound_geometry	receptor_grouped_5fold	2	Gs	numeric__bound__h8_r350_distance	0.0	0.0
bound_geometry	receptor_grouped_5fold	2	Gs	numeric__bound__h8_tm6_distance	0.03139960412700395	0.03139960412700395
bound_geometry	receptor_grouped_5fold	2	Gs	numeric__bound__icl2_helix_fraction	0.0	0.0
bound_geometry	receptor_grouped_5fold	2	Gs	numeric__bound__icl2_longest_helix	0.0	0.0
bound_geometry	receptor_grouped_5fold	2	Gs	numeric__bound__icl2_mean_phi	0.0	0.0
bound_geometry	receptor_grouped_5fold	2	Gs	numeric__bound__icl2_mean_psi	0.0	0.0
bound_geometry	receptor_grouped_5fold	2	Gs	numeric__bound__intracellular_cavity_core_volume	0.0	0.0
bound_geometry	receptor_grouped_5fold	2	Gs	numeric__bound__intracellular_cavity_core_mouth_area	0.0	0.0
bound_geometry	receptor_grouped_5fold	2	Gs	numeric__bound__intracellular_cavity_core_depth	0.0	0.0
bound_geometry	receptor_grouped_5fold	2	Gs	numeric__bound__intracellular_cavity_core_maximum_width	0.0	0.0
bound_geometry	receptor_grouped_5fold	2	Gs	numeric__bound__intracellular_cavity_core_average_cross_section	0.0	0.0
bound_geometry	receptor_grouped_5fold	2	Gs	numeric__bound__intracellular_cavity_core_bottleneck_area	0.0	0.0
bound_geometry	receptor_grouped_5fold	2	Gs	numeric__bound__intracellular_cavity_core_bottleneck_radius	0.0	0.0
bound_geometry	receptor_grouped_5fold	2	Gs	numeric__bound__intracellular_cavity_core_max_inscribed_radius	0.0	0.0
bound_geometry	receptor_grouped_5fold	2	Gs	numeric__bound__intracellular_cavity_core_surface_area	0.0	0.0
bound_geometry	receptor_grouped_5fold	2	Gs	numeric__bound__intracellular_cavity_core_centroid_x	0.0	0.0
bound_geometry	receptor_grouped_5fold	2	Gs	numeric__bound__intracellular_cavity_core_centroid_y	0.0	0.0
bound_geometry	receptor_grouped_5fold	2	Gs	numeric__bound__intracellular_cavity_core_centroid_z	0.0	0.0
bound_geometry	receptor_grouped_5fold	2	Gs	numeric__bound__intracellular_cavity_core_principal_length_1	0.0	0.0
bound_geometry	receptor_grouped_5fold	2	Gs	numeric__bound__intracellular_cavity_core_principal_length_2	0.0	0.0
bound_geometry	receptor_grouped_5fold	2	Gs	numeric__bound__intracellular_cavity_core_principal_length_3	0.0	0.0
bound_geometry	receptor_grouped_5fold	2	Gs	numeric__bound__intracellular_cavity_core_principal_axis_1_z_alignment	0.0	0.0
bound_geometry	receptor_grouped_5fold	2	Gs	numeric__bound__intracellular_cavity_core_eccentricity	-0.02085616000406803	0.02085616000406803
bound_geometry	receptor_grouped_5fold	2	Gs	numeric__bound__intracellular_cavity_core_sphericity	0.0	0.0
bound_geometry	receptor_grouped_5fold	2	Gs	numeric__bound__intracellular_cavity_core_asymmetry	0.0	0.0
bound_geometry	receptor_grouped_5fold	2	Gs	numeric__bound__intracellular_cavity_core_tm3_side_fraction	0.0	0.0
bound_geometry	receptor_grouped_5fold	2	Gs	numeric__bound__intracellular_cavity_core_tm6_side_fraction	0.0	0.0
bound_geometry	receptor_grouped_5fold	2	Gs	numeric__bound__intracellular_cavity_core_tm5_side_fraction	0.0	0.0
bound_geometry	receptor_grouped_5fold	2	Gs	numeric__bound__intracellular_cavity_core_tm7_side_fraction	0.0	0.0
bound_geometry	receptor_grouped_5fold	2	Gs	numeric__bound__intracellular_cavity_core_wall_fraction_h8	0.01153802604838071	0.01153802604838071
bound_geometry	receptor_grouped_5fold	2	Gs	numeric__bound__intracellular_cavity_core_wall_fraction_icl2	0.0	0.0
bound_geometry	receptor_grouped_5fold	2	Gs	numeric__bound__intracellular_cavity_core_wall_fraction_tm3	0.0	0.0
bound_geometry	receptor_grouped_5fold	2	Gs	numeric__bound__intracellular_cavity_core_wall_fraction_tm7	0.0	0.0
bound_geometry	receptor_grouped_5fold	3	Gi/o	numeric__bound__activation_consensus_score	-0.0797176745268357	0.0797176745268357
bound_geometry	receptor_grouped_5fold	3	Gi/o	numeric__bound__tm6_r350_634_distance	-0.21969305706446812	0.21969305706446812
bound_geometry	receptor_grouped_5fold	3	Gi/o	numeric__bound__tm6_aligned_displacement	-0.13067442229774326	0.13067442229774326
bound_geometry	receptor_grouped_5fold	3	Gi/o	numeric__bound__tm7_displacement	0.0	0.0
bound_geometry	receptor_grouped_5fold	3	Gi/o	numeric__bound__tm3_tm7_distance	0.0	0.0
bound_geometry	receptor_grouped_5fold	3	Gi/o	numeric__bound__tm6_r350_630_distance	-0.16365133263073653	0.16365133263073653
bound_geometry	receptor_grouped_5fold	3	Gi/o	numeric__bound__dry_r350_630_min_distance	-0.13845979292187807	0.13845979292187807
bound_geometry	receptor_grouped_5fold	3	Gi/o	numeric__bound__dry_r350_630_ca_distance	-0.16365133263073653	0.16365133263073653
bound_geometry	receptor_grouped_5fold	3	Gi/o	numeric__bound__dry_d349_r350_min_distance	-0.06737256801226957	0.06737256801226957
bound_geometry	receptor_grouped_5fold	3	Gi/o	numeric__bound__r350_chi1	0.011520074603644922	0.011520074603644922
bound_geometry	receptor_grouped_5fold	3	Gi/o	numeric__bound__r350_chi2	0.0	0.0
bound_geometry	receptor_grouped_5fold	3	Gi/o	numeric__bound__pif_550_340_distance	-0.011512054124201471	0.011512054124201471
bound_geometry	receptor_grouped_5fold	3	Gi/o	numeric__bound__pif_340_644_distance	0.0	0.0
bound_geometry	receptor_grouped_5fold	3	Gi/o	numeric__bound__pif_550_644_distance	-0.07105855128768408	0.07105855128768408
bound_geometry	receptor_grouped_5fold	3	Gi/o	numeric__bound__pif_550_340_min_distance	0.0	0.0
bound_geometry	receptor_grouped_5fold	3	Gi/o	numeric__bound__pif_340_644_min_distance	0.06667352045842255	0.06667352045842255
bound_geometry	receptor_grouped_5fold	3	Gi/o	numeric__bound__pif_550_644_min_distance	-0.14809427577410494	0.14809427577410494
bound_geometry	receptor_grouped_5fold	3	Gi/o	numeric__bound__pif_triangle_perimeter	-0.04163007662460484	0.04163007662460484
bound_geometry	receptor_grouped_5fold	3	Gi/o	numeric__bound__position_644_chi1	-0.30394224150621063	0.30394224150621063
bound_geometry	receptor_grouped_5fold	3	Gi/o	numeric__bound__position_644_chi2	-0.4535016095274359	0.4535016095274359
bound_geometry	receptor_grouped_5fold	3	Gi/o	numeric__bound__w648_chi1	0.0	0.0
bound_geometry	receptor_grouped_5fold	3	Gi/o	numeric__bound__w648_chi2	0.0	0.0
bound_geometry	receptor_grouped_5fold	3	Gi/o	numeric__bound__w648_displacement	0.0	0.0
bound_geometry	receptor_grouped_5fold	3	Gi/o	numeric__bound__w648_to_644_distance	0.0	0.0
bound_geometry	receptor_grouped_5fold	3	Gi/o	numeric__bound__cwxp_647_650_distance	0.0	0.0
bound_geometry	receptor_grouped_5fold	3	Gi/o	numeric__bound__y753_chi1	0.0	0.0
bound_geometry	receptor_grouped_5fold	3	Gi/o	numeric__bound__y753_chi2	0.0	0.0
bound_geometry	receptor_grouped_5fold	3	Gi/o	numeric__bound__y753_y558_distance	0.0	0.0
bound_geometry	receptor_grouped_5fold	3	Gi/o	numeric__bound__y753_y558_min_distance	0.0	0.0
bound_geometry	receptor_grouped_5fold	3	Gi/o	numeric__bound__n749_y753_distance	0.0	0.0
bound_geometry	receptor_grouped_5fold	3	Gi/o	numeric__bound__npxxy_local_spread	0.0	0.0
bound_geometry	receptor_grouped_5fold	3	Gi/o	numeric__bound__y753_displacement	0.0	0.0
bound_geometry	receptor_grouped_5fold	3	Gi/o	numeric__bound__sodium_d250_s339_distance	-0.05353379440644067	0.05353379440644067
bound_geometry	receptor_grouped_5fold	3	Gi/o	numeric__bound__sodium_d250_n745_distance	0.0	0.0
bound_geometry	receptor_grouped_5fold	3	Gi/o	numeric__bound__sodium_d250_s746_distance	0.1511710620040198	0.1511710620040198
bound_geometry	receptor_grouped_5fold	3	Gi/o	numeric__bound__sodium_d250_n749_distance	0.0	0.0
bound_geometry	receptor_grouped_5fold	3	Gi/o	numeric__bound__sodium_pocket_volume	0.0	0.0
bound_geometry	receptor_grouped_5fold	3	Gi/o	numeric__bound__sodium_pocket_spread	0.0	0.0
bound_geometry	receptor_grouped_5fold	3	Gi/o	numeric__bound__tm7_rotation	0.0	0.0
bound_geometry	receptor_grouped_5fold	3	Gi/o	numeric__bound__icl2_generic_ca_count	0.0	0.0
bound_geometry	receptor_grouped_5fold	3	Gi/o	numeric__bound__icl2_end_to_end_distance	0.0	0.0
bound_geometry	receptor_grouped_5fold	3	Gi/o	numeric__bound__icl2_centroid_to_r350	0.0	0.0
bound_geometry	receptor_grouped_5fold	3	Gi/o	numeric__bound__icl2_centroid_to_tm5_561	-0.00440037189060158	0.00440037189060158
bound_geometry	receptor_grouped_5fold	3	Gi/o	numeric__bound__icl2_centroid_to_tm6_634	-0.19768841483508748	0.19768841483508748
bound_geometry	receptor_grouped_5fold	3	Gi/o	numeric__bound__icl2_centroid_to_tm7_753	0.1746199486273518	0.1746199486273518
bound_geometry	receptor_grouped_5fold	3	Gi/o	numeric__bound__icl2_axis_tm3_angle	0.0	0.0
bound_geometry	receptor_grouped_5fold	3	Gi/o	numeric__bound__icl2_axis_tm5_angle	0.09119250819680332	0.09119250819680332
bound_geometry	receptor_grouped_5fold	3	Gi/o	numeric__bound__icl2_active_reference_displacement	0.0	0.0
bound_geometry	receptor_grouped_5fold	3	Gi/o	numeric__bound__tm5_cytoplasmic_extension	-0.21343310018046	0.21343310018046
bound_geometry	receptor_grouped_5fold	3	Gi/o	numeric__bound__tm5_cytoplasmic_kink	0.0	0.0
bound_geometry	receptor_grouped_5fold	3	Gi/o	numeric__bound__tm5_r350_561_distance	-0.0703043210297	0.0703043210297
bound_geometry	receptor_grouped_5fold	3	Gi/o	numeric__bound__tm5_r350_564_distance	-0.01735175200790829	0.01735175200790829
bound_geometry	receptor_grouped_5fold	3	Gi/o	numeric__bound__tm5_tm6_cavity_distance	-0.014329052494352316	0.014329052494352316
bound_geometry	receptor_grouped_5fold	3	Gi/o	numeric__bound__tm5_axis_tm3_angle	-0.00841275919446547	0.00841275919446547
bound_geometry	receptor_grouped_5fold	3	Gi/o	numeric__bound__tm6_lower_upper_kink	0.0	0.0
bound_geometry	receptor_grouped_5fold	3	Gi/o	numeric__bound__tm6_axis_tm3_angle	-0.26321206265633146	0.26321206265633146
bound_geometry	receptor_grouped_5fold	3	Gi/o	numeric__bound__tm6_tm7_cavity_distance	-0.22384393202049208	0.22384393202049208
bound_geometry	receptor_grouped_5fold	3	Gi/o	numeric__bound__tm7_h8_angle	0.0	0.0
bound_geometry	receptor_grouped_5fold	3	Gi/o	numeric__bound__h8_end_to_end_distance	0.0	0.0
bound_geometry	receptor_grouped_5fold	3	Gi/o	numeric__bound__h8_r350_distance	0.0	0.0
bound_geometry	receptor_grouped_5fold	3	Gi/o	numeric__bound__h8_tm6_distance	-0.023946009010584763	0.023946009010584763
bound_geometry	receptor_grouped_5fold	3	Gi/o	numeric__bound__icl2_helix_fraction	0.0	0.0
bound_geometry	receptor_grouped_5fold	3	Gi/o	numeric__bound__icl2_longest_helix	0.0	0.0
bound_geometry	receptor_grouped_5fold	3	Gi/o	numeric__bound__icl2_mean_phi	0.5661423220017198	0.5661423220017198
bound_geometry	receptor_grouped_5fold	3	Gi/o	numeric__bound__icl2_mean_psi	0.0	0.0
bound_geometry	receptor_grouped_5fold	3	Gi/o	numeric__bound__intracellular_cavity_core_volume	-0.009967660118056786	0.009967660118056786
bound_geometry	receptor_grouped_5fold	3	Gi/o	numeric__bound__intracellular_cavity_core_mouth_area	0.0	0.0
bound_geometry	receptor_grouped_5fold	3	Gi/o	numeric__bound__intracellular_cavity_core_depth	0.0	0.0
bound_geometry	receptor_grouped_5fold	3	Gi/o	numeric__bound__intracellular_cavity_core_maximum_width	0.0	0.0
bound_geometry	receptor_grouped_5fold	3	Gi/o	numeric__bound__intracellular_cavity_core_average_cross_section	-0.037949227025455015	0.037949227025455015
bound_geometry	receptor_grouped_5fold	3	Gi/o	numeric__bound__intracellular_cavity_core_bottleneck_area	0.0	0.0
bound_geometry	receptor_grouped_5fold	3	Gi/o	numeric__bound__intracellular_cavity_core_bottleneck_radius	0.0	0.0
bound_geometry	receptor_grouped_5fold	3	Gi/o	numeric__bound__intracellular_cavity_core_max_inscribed_radius	0.0	0.0
bound_geometry	receptor_grouped_5fold	3	Gi/o	numeric__bound__intracellular_cavity_core_surface_area	0.0	0.0
bound_geometry	receptor_grouped_5fold	3	Gi/o	numeric__bound__intracellular_cavity_core_centroid_x	-0.010534496550819037	0.010534496550819037
bound_geometry	receptor_grouped_5fold	3	Gi/o	numeric__bound__intracellular_cavity_core_centroid_y	0.0	0.0
bound_geometry	receptor_grouped_5fold	3	Gi/o	numeric__bound__intracellular_cavity_core_centroid_z	0.0	0.0
bound_geometry	receptor_grouped_5fold	3	Gi/o	numeric__bound__intracellular_cavity_core_principal_length_1	0.0	0.0
bound_geometry	receptor_grouped_5fold	3	Gi/o	numeric__bound__intracellular_cavity_core_principal_length_2	0.0	0.0
bound_geometry	receptor_grouped_5fold	3	Gi/o	numeric__bound__intracellular_cavity_core_principal_length_3	-0.13292171958109486	0.13292171958109486
bound_geometry	receptor_grouped_5fold	3	Gi/o	numeric__bound__intracellular_cavity_core_principal_axis_1_z_alignment	0.0	0.0
bound_geometry	receptor_grouped_5fold	3	Gi/o	numeric__bound__intracellular_cavity_core_eccentricity	0.20617446449520072	0.20617446449520072
bound_geometry	receptor_grouped_5fold	3	Gi/o	numeric__bound__intracellular_cavity_core_sphericity	-0.09212991965051343	0.09212991965051343
bound_geometry	receptor_grouped_5fold	3	Gi/o	numeric__bound__intracellular_cavity_core_asymmetry	0.037513471581192934	0.037513471581192934
bound_geometry	receptor_grouped_5fold	3	Gi/o	numeric__bound__intracellular_cavity_core_tm3_side_fraction	0.0	0.0
bound_geometry	receptor_grouped_5fold	3	Gi/o	numeric__bound__intracellular_cavity_core_tm6_side_fraction	0.0	0.0
bound_geometry	receptor_grouped_5fold	3	Gi/o	numeric__bound__intracellular_cavity_core_tm5_side_fraction	0.0	0.0
bound_geometry	receptor_grouped_5fold	3	Gi/o	numeric__bound__intracellular_cavity_core_tm7_side_fraction	0.0	0.0
bound_geometry	receptor_grouped_5fold	3	Gi/o	numeric__bound__intracellular_cavity_core_wall_fraction_h8	0.0	0.0
bound_geometry	receptor_grouped_5fold	3	Gi/o	numeric__bound__intracellular_cavity_core_wall_fraction_icl2	0.0	0.0
bound_geometry	receptor_grouped_5fold	3	Gi/o	numeric__bound__intracellular_cavity_core_wall_fraction_tm3	0.0	0.0
bound_geometry	receptor_grouped_5fold	3	Gi/o	numeric__bound__intracellular_cavity_core_wall_fraction_tm7	0.0	0.0
bound_geometry	receptor_grouped_5fold	3	Gq/11	numeric__bound__activation_consensus_score	0.0	0.0
bound_geometry	receptor_grouped_5fold	3	Gq/11	numeric__bound__tm6_r350_634_distance	0.0	0.0
bound_geometry	receptor_grouped_5fold	3	Gq/11	numeric__bound__tm6_aligned_displacement	0.0	0.0
bound_geometry	receptor_grouped_5fold	3	Gq/11	numeric__bound__tm7_displacement	0.0	0.0
bound_geometry	receptor_grouped_5fold	3	Gq/11	numeric__bound__tm3_tm7_distance	0.0	0.0
bound_geometry	receptor_grouped_5fold	3	Gq/11	numeric__bound__tm6_r350_630_distance	0.0	0.0
bound_geometry	receptor_grouped_5fold	3	Gq/11	numeric__bound__dry_r350_630_min_distance	0.0	0.0
bound_geometry	receptor_grouped_5fold	3	Gq/11	numeric__bound__dry_r350_630_ca_distance	0.0	0.0
bound_geometry	receptor_grouped_5fold	3	Gq/11	numeric__bound__dry_d349_r350_min_distance	0.0	0.0
bound_geometry	receptor_grouped_5fold	3	Gq/11	numeric__bound__r350_chi1	-0.2871324868849613	0.2871324868849613
bound_geometry	receptor_grouped_5fold	3	Gq/11	numeric__bound__r350_chi2	-0.04484151257554093	0.04484151257554093
bound_geometry	receptor_grouped_5fold	3	Gq/11	numeric__bound__pif_550_340_distance	0.0	0.0
bound_geometry	receptor_grouped_5fold	3	Gq/11	numeric__bound__pif_340_644_distance	-0.16296229256239486	0.16296229256239486
bound_geometry	receptor_grouped_5fold	3	Gq/11	numeric__bound__pif_550_644_distance	0.16830755330371575	0.16830755330371575
bound_geometry	receptor_grouped_5fold	3	Gq/11	numeric__bound__pif_550_340_min_distance	0.0	0.0
bound_geometry	receptor_grouped_5fold	3	Gq/11	numeric__bound__pif_340_644_min_distance	-0.1949016383417766	0.1949016383417766
bound_geometry	receptor_grouped_5fold	3	Gq/11	numeric__bound__pif_550_644_min_distance	0.4681789620029969	0.4681789620029969
bound_geometry	receptor_grouped_5fold	3	Gq/11	numeric__bound__pif_triangle_perimeter	0.0	0.0
bound_geometry	receptor_grouped_5fold	3	Gq/11	numeric__bound__position_644_chi1	0.0	0.0
bound_geometry	receptor_grouped_5fold	3	Gq/11	numeric__bound__position_644_chi2	0.494174186053506	0.494174186053506
bound_geometry	receptor_grouped_5fold	3	Gq/11	numeric__bound__w648_chi1	0.05177846751714897	0.05177846751714897
bound_geometry	receptor_grouped_5fold	3	Gq/11	numeric__bound__w648_chi2	0.0	0.0
bound_geometry	receptor_grouped_5fold	3	Gq/11	numeric__bound__w648_displacement	0.0	0.0
bound_geometry	receptor_grouped_5fold	3	Gq/11	numeric__bound__w648_to_644_distance	-0.24412376691118132	0.24412376691118132
bound_geometry	receptor_grouped_5fold	3	Gq/11	numeric__bound__cwxp_647_650_distance	0.0	0.0
bound_geometry	receptor_grouped_5fold	3	Gq/11	numeric__bound__y753_chi1	0.0	0.0
bound_geometry	receptor_grouped_5fold	3	Gq/11	numeric__bound__y753_chi2	0.0	0.0
bound_geometry	receptor_grouped_5fold	3	Gq/11	numeric__bound__y753_y558_distance	0.0	0.0
bound_geometry	receptor_grouped_5fold	3	Gq/11	numeric__bound__y753_y558_min_distance	0.0	0.0
bound_geometry	receptor_grouped_5fold	3	Gq/11	numeric__bound__n749_y753_distance	0.0	0.0
bound_geometry	receptor_grouped_5fold	3	Gq/11	numeric__bound__npxxy_local_spread	0.0	0.0
bound_geometry	receptor_grouped_5fold	3	Gq/11	numeric__bound__y753_displacement	0.0	0.0
bound_geometry	receptor_grouped_5fold	3	Gq/11	numeric__bound__sodium_d250_s339_distance	0.2888822349214329	0.2888822349214329
bound_geometry	receptor_grouped_5fold	3	Gq/11	numeric__bound__sodium_d250_n745_distance	0.0	0.0
bound_geometry	receptor_grouped_5fold	3	Gq/11	numeric__bound__sodium_d250_s746_distance	-0.3159295072487863	0.3159295072487863
bound_geometry	receptor_grouped_5fold	3	Gq/11	numeric__bound__sodium_d250_n749_distance	0.0	0.0
bound_geometry	receptor_grouped_5fold	3	Gq/11	numeric__bound__sodium_pocket_volume	0.0	0.0
bound_geometry	receptor_grouped_5fold	3	Gq/11	numeric__bound__sodium_pocket_spread	0.0	0.0
bound_geometry	receptor_grouped_5fold	3	Gq/11	numeric__bound__tm7_rotation	0.04080460813765749	0.04080460813765749
bound_geometry	receptor_grouped_5fold	3	Gq/11	numeric__bound__icl2_generic_ca_count	0.0	0.0
bound_geometry	receptor_grouped_5fold	3	Gq/11	numeric__bound__icl2_end_to_end_distance	0.0	0.0
bound_geometry	receptor_grouped_5fold	3	Gq/11	numeric__bound__icl2_centroid_to_r350	0.0	0.0
bound_geometry	receptor_grouped_5fold	3	Gq/11	numeric__bound__icl2_centroid_to_tm5_561	0.2250808537384503	0.2250808537384503
bound_geometry	receptor_grouped_5fold	3	Gq/11	numeric__bound__icl2_centroid_to_tm6_634	0.0	0.0
bound_geometry	receptor_grouped_5fold	3	Gq/11	numeric__bound__icl2_centroid_to_tm7_753	-0.003121483269458844	0.003121483269458844
bound_geometry	receptor_grouped_5fold	3	Gq/11	numeric__bound__icl2_axis_tm3_angle	0.2008408469883876	0.2008408469883876
bound_geometry	receptor_grouped_5fold	3	Gq/11	numeric__bound__icl2_axis_tm5_angle	0.0	0.0
bound_geometry	receptor_grouped_5fold	3	Gq/11	numeric__bound__icl2_active_reference_displacement	0.0	0.0
bound_geometry	receptor_grouped_5fold	3	Gq/11	numeric__bound__tm5_cytoplasmic_extension	0.1466035259894885	0.1466035259894885
bound_geometry	receptor_grouped_5fold	3	Gq/11	numeric__bound__tm5_cytoplasmic_kink	-0.08632340872279275	0.08632340872279275
bound_geometry	receptor_grouped_5fold	3	Gq/11	numeric__bound__tm5_r350_561_distance	0.039317560537161324	0.039317560537161324
bound_geometry	receptor_grouped_5fold	3	Gq/11	numeric__bound__tm5_r350_564_distance	0.3453930754665183	0.3453930754665183
bound_geometry	receptor_grouped_5fold	3	Gq/11	numeric__bound__tm5_tm6_cavity_distance	0.0	0.0
bound_geometry	receptor_grouped_5fold	3	Gq/11	numeric__bound__tm5_axis_tm3_angle	-0.0839466432230971	0.0839466432230971
bound_geometry	receptor_grouped_5fold	3	Gq/11	numeric__bound__tm6_lower_upper_kink	0.0	0.0
bound_geometry	receptor_grouped_5fold	3	Gq/11	numeric__bound__tm6_axis_tm3_angle	0.0	0.0
bound_geometry	receptor_grouped_5fold	3	Gq/11	numeric__bound__tm6_tm7_cavity_distance	0.0	0.0
bound_geometry	receptor_grouped_5fold	3	Gq/11	numeric__bound__tm7_h8_angle	-0.1389141809196844	0.1389141809196844
bound_geometry	receptor_grouped_5fold	3	Gq/11	numeric__bound__h8_end_to_end_distance	0.0	0.0
bound_geometry	receptor_grouped_5fold	3	Gq/11	numeric__bound__h8_r350_distance	0.0	0.0
bound_geometry	receptor_grouped_5fold	3	Gq/11	numeric__bound__h8_tm6_distance	0.0	0.0
bound_geometry	receptor_grouped_5fold	3	Gq/11	numeric__bound__icl2_helix_fraction	0.0	0.0
bound_geometry	receptor_grouped_5fold	3	Gq/11	numeric__bound__icl2_longest_helix	0.0	0.0
bound_geometry	receptor_grouped_5fold	3	Gq/11	numeric__bound__icl2_mean_phi	-0.6464577095282006	0.6464577095282006
bound_geometry	receptor_grouped_5fold	3	Gq/11	numeric__bound__icl2_mean_psi	0.0	0.0
bound_geometry	receptor_grouped_5fold	3	Gq/11	numeric__bound__intracellular_cavity_core_volume	0.0	0.0
bound_geometry	receptor_grouped_5fold	3	Gq/11	numeric__bound__intracellular_cavity_core_mouth_area	0.0	0.0
bound_geometry	receptor_grouped_5fold	3	Gq/11	numeric__bound__intracellular_cavity_core_depth	0.0	0.0
bound_geometry	receptor_grouped_5fold	3	Gq/11	numeric__bound__intracellular_cavity_core_maximum_width	0.0	0.0
bound_geometry	receptor_grouped_5fold	3	Gq/11	numeric__bound__intracellular_cavity_core_average_cross_section	0.0	0.0
bound_geometry	receptor_grouped_5fold	3	Gq/11	numeric__bound__intracellular_cavity_core_bottleneck_area	0.0	0.0
bound_geometry	receptor_grouped_5fold	3	Gq/11	numeric__bound__intracellular_cavity_core_bottleneck_radius	0.0	0.0
bound_geometry	receptor_grouped_5fold	3	Gq/11	numeric__bound__intracellular_cavity_core_max_inscribed_radius	0.0	0.0
bound_geometry	receptor_grouped_5fold	3	Gq/11	numeric__bound__intracellular_cavity_core_surface_area	0.0	0.0
bound_geometry	receptor_grouped_5fold	3	Gq/11	numeric__bound__intracellular_cavity_core_centroid_x	0.05589632454748479	0.05589632454748479
bound_geometry	receptor_grouped_5fold	3	Gq/11	numeric__bound__intracellular_cavity_core_centroid_y	0.0	0.0
bound_geometry	receptor_grouped_5fold	3	Gq/11	numeric__bound__intracellular_cavity_core_centroid_z	-0.0026642173742630064	0.0026642173742630064
bound_geometry	receptor_grouped_5fold	3	Gq/11	numeric__bound__intracellular_cavity_core_principal_length_1	0.0	0.0
bound_geometry	receptor_grouped_5fold	3	Gq/11	numeric__bound__intracellular_cavity_core_principal_length_2	-0.07785819853294328	0.07785819853294328
bound_geometry	receptor_grouped_5fold	3	Gq/11	numeric__bound__intracellular_cavity_core_principal_length_3	0.0	0.0
bound_geometry	receptor_grouped_5fold	3	Gq/11	numeric__bound__intracellular_cavity_core_principal_axis_1_z_alignment	0.0	0.0
bound_geometry	receptor_grouped_5fold	3	Gq/11	numeric__bound__intracellular_cavity_core_eccentricity	0.0	0.0
bound_geometry	receptor_grouped_5fold	3	Gq/11	numeric__bound__intracellular_cavity_core_sphericity	0.0	0.0
bound_geometry	receptor_grouped_5fold	3	Gq/11	numeric__bound__intracellular_cavity_core_asymmetry	0.0	0.0
bound_geometry	receptor_grouped_5fold	3	Gq/11	numeric__bound__intracellular_cavity_core_tm3_side_fraction	0.0	0.0
bound_geometry	receptor_grouped_5fold	3	Gq/11	numeric__bound__intracellular_cavity_core_tm6_side_fraction	0.0	0.0
bound_geometry	receptor_grouped_5fold	3	Gq/11	numeric__bound__intracellular_cavity_core_tm5_side_fraction	0.0	0.0
bound_geometry	receptor_grouped_5fold	3	Gq/11	numeric__bound__intracellular_cavity_core_tm7_side_fraction	0.0	0.0
bound_geometry	receptor_grouped_5fold	3	Gq/11	numeric__bound__intracellular_cavity_core_wall_fraction_h8	-0.012322426576923472	0.012322426576923472
bound_geometry	receptor_grouped_5fold	3	Gq/11	numeric__bound__intracellular_cavity_core_wall_fraction_icl2	0.39783990750779274	0.39783990750779274
bound_geometry	receptor_grouped_5fold	3	Gq/11	numeric__bound__intracellular_cavity_core_wall_fraction_tm3	0.0	0.0
bound_geometry	receptor_grouped_5fold	3	Gq/11	numeric__bound__intracellular_cavity_core_wall_fraction_tm7	0.0	0.0
bound_geometry	receptor_grouped_5fold	3	Gs	numeric__bound__activation_consensus_score	0.25092398450756404	0.25092398450756404
bound_geometry	receptor_grouped_5fold	3	Gs	numeric__bound__tm6_r350_634_distance	0.017457906906756634	0.017457906906756634
bound_geometry	receptor_grouped_5fold	3	Gs	numeric__bound__tm6_aligned_displacement	0.11032031151226894	0.11032031151226894
bound_geometry	receptor_grouped_5fold	3	Gs	numeric__bound__tm7_displacement	0.0	0.0
bound_geometry	receptor_grouped_5fold	3	Gs	numeric__bound__tm3_tm7_distance	0.0	0.0
bound_geometry	receptor_grouped_5fold	3	Gs	numeric__bound__tm6_r350_630_distance	0.33441560117802577	0.33441560117802577
bound_geometry	receptor_grouped_5fold	3	Gs	numeric__bound__dry_r350_630_min_distance	0.21513241808813116	0.21513241808813116
bound_geometry	receptor_grouped_5fold	3	Gs	numeric__bound__dry_r350_630_ca_distance	0.33441560117802577	0.33441560117802577
bound_geometry	receptor_grouped_5fold	3	Gs	numeric__bound__dry_d349_r350_min_distance	0.0	0.0
bound_geometry	receptor_grouped_5fold	3	Gs	numeric__bound__r350_chi1	0.007916051852711279	0.007916051852711279
bound_geometry	receptor_grouped_5fold	3	Gs	numeric__bound__r350_chi2	0.0	0.0
bound_geometry	receptor_grouped_5fold	3	Gs	numeric__bound__pif_550_340_distance	0.0	0.0
bound_geometry	receptor_grouped_5fold	3	Gs	numeric__bound__pif_340_644_distance	0.0	0.0
bound_geometry	receptor_grouped_5fold	3	Gs	numeric__bound__pif_550_644_distance	0.0	0.0
bound_geometry	receptor_grouped_5fold	3	Gs	numeric__bound__pif_550_340_min_distance	0.18792368870432807	0.18792368870432807
bound_geometry	receptor_grouped_5fold	3	Gs	numeric__bound__pif_340_644_min_distance	0.0	0.0
bound_geometry	receptor_grouped_5fold	3	Gs	numeric__bound__pif_550_644_min_distance	-0.05238832580031139	0.05238832580031139
bound_geometry	receptor_grouped_5fold	3	Gs	numeric__bound__pif_triangle_perimeter	0.0	0.0
bound_geometry	receptor_grouped_5fold	3	Gs	numeric__bound__position_644_chi1	0.11328109774607738	0.11328109774607738
bound_geometry	receptor_grouped_5fold	3	Gs	numeric__bound__position_644_chi2	0.0	0.0
bound_geometry	receptor_grouped_5fold	3	Gs	numeric__bound__w648_chi1	-0.2819248107748985	0.2819248107748985
bound_geometry	receptor_grouped_5fold	3	Gs	numeric__bound__w648_chi2	0.0	0.0
bound_geometry	receptor_grouped_5fold	3	Gs	numeric__bound__w648_displacement	0.0	0.0
bound_geometry	receptor_grouped_5fold	3	Gs	numeric__bound__w648_to_644_distance	0.0897909233544106	0.0897909233544106
bound_geometry	receptor_grouped_5fold	3	Gs	numeric__bound__cwxp_647_650_distance	0.0	0.0
bound_geometry	receptor_grouped_5fold	3	Gs	numeric__bound__y753_chi1	0.0	0.0
bound_geometry	receptor_grouped_5fold	3	Gs	numeric__bound__y753_chi2	-0.10605428557540887	0.10605428557540887
bound_geometry	receptor_grouped_5fold	3	Gs	numeric__bound__y753_y558_distance	0.0	0.0
bound_geometry	receptor_grouped_5fold	3	Gs	numeric__bound__y753_y558_min_distance	0.0	0.0
bound_geometry	receptor_grouped_5fold	3	Gs	numeric__bound__n749_y753_distance	0.0	0.0
bound_geometry	receptor_grouped_5fold	3	Gs	numeric__bound__npxxy_local_spread	0.0	0.0
bound_geometry	receptor_grouped_5fold	3	Gs	numeric__bound__y753_displacement	0.0	0.0
bound_geometry	receptor_grouped_5fold	3	Gs	numeric__bound__sodium_d250_s339_distance	0.0	0.0
bound_geometry	receptor_grouped_5fold	3	Gs	numeric__bound__sodium_d250_n745_distance	-0.04998138634579478	0.04998138634579478
bound_geometry	receptor_grouped_5fold	3	Gs	numeric__bound__sodium_d250_s746_distance	0.0	0.0
bound_geometry	receptor_grouped_5fold	3	Gs	numeric__bound__sodium_d250_n749_distance	-0.025647816737263206	0.025647816737263206
bound_geometry	receptor_grouped_5fold	3	Gs	numeric__bound__sodium_pocket_volume	0.0	0.0
bound_geometry	receptor_grouped_5fold	3	Gs	numeric__bound__sodium_pocket_spread	0.0	0.0
bound_geometry	receptor_grouped_5fold	3	Gs	numeric__bound__tm7_rotation	-0.14857060866821636	0.14857060866821636
bound_geometry	receptor_grouped_5fold	3	Gs	numeric__bound__icl2_generic_ca_count	0.0	0.0
bound_geometry	receptor_grouped_5fold	3	Gs	numeric__bound__icl2_end_to_end_distance	0.0	0.0
bound_geometry	receptor_grouped_5fold	3	Gs	numeric__bound__icl2_centroid_to_r350	-0.0413744438128186	0.0413744438128186
bound_geometry	receptor_grouped_5fold	3	Gs	numeric__bound__icl2_centroid_to_tm5_561	0.0	0.0
bound_geometry	receptor_grouped_5fold	3	Gs	numeric__bound__icl2_centroid_to_tm6_634	0.0	0.0
bound_geometry	receptor_grouped_5fold	3	Gs	numeric__bound__icl2_centroid_to_tm7_753	0.0	0.0
bound_geometry	receptor_grouped_5fold	3	Gs	numeric__bound__icl2_axis_tm3_angle	-0.176197132628008	0.176197132628008
bound_geometry	receptor_grouped_5fold	3	Gs	numeric__bound__icl2_axis_tm5_angle	-0.06097861581590748	0.06097861581590748
bound_geometry	receptor_grouped_5fold	3	Gs	numeric__bound__icl2_active_reference_displacement	0.0	0.0
bound_geometry	receptor_grouped_5fold	3	Gs	numeric__bound__tm5_cytoplasmic_extension	0.0	0.0
bound_geometry	receptor_grouped_5fold	3	Gs	numeric__bound__tm5_cytoplasmic_kink	0.26014341752198983	0.26014341752198983
bound_geometry	receptor_grouped_5fold	3	Gs	numeric__bound__tm5_r350_561_distance	0.0	0.0
bound_geometry	receptor_grouped_5fold	3	Gs	numeric__bound__tm5_r350_564_distance	-0.06034496303001881	0.06034496303001881
bound_geometry	receptor_grouped_5fold	3	Gs	numeric__bound__tm5_tm6_cavity_distance	0.0	0.0
bound_geometry	receptor_grouped_5fold	3	Gs	numeric__bound__tm5_axis_tm3_angle	0.36003161165385794	0.36003161165385794
bound_geometry	receptor_grouped_5fold	3	Gs	numeric__bound__tm6_lower_upper_kink	0.15579653854009293	0.15579653854009293
bound_geometry	receptor_grouped_5fold	3	Gs	numeric__bound__tm6_axis_tm3_angle	0.22587223934388792	0.22587223934388792
bound_geometry	receptor_grouped_5fold	3	Gs	numeric__bound__tm6_tm7_cavity_distance	0.21501536602534743	0.21501536602534743
bound_geometry	receptor_grouped_5fold	3	Gs	numeric__bound__tm7_h8_angle	0.18107755028678035	0.18107755028678035
bound_geometry	receptor_grouped_5fold	3	Gs	numeric__bound__h8_end_to_end_distance	0.0	0.0
bound_geometry	receptor_grouped_5fold	3	Gs	numeric__bound__h8_r350_distance	0.0	0.0
bound_geometry	receptor_grouped_5fold	3	Gs	numeric__bound__h8_tm6_distance	0.0	0.0
bound_geometry	receptor_grouped_5fold	3	Gs	numeric__bound__icl2_helix_fraction	0.0	0.0
bound_geometry	receptor_grouped_5fold	3	Gs	numeric__bound__icl2_longest_helix	0.0	0.0
bound_geometry	receptor_grouped_5fold	3	Gs	numeric__bound__icl2_mean_phi	0.0	0.0
bound_geometry	receptor_grouped_5fold	3	Gs	numeric__bound__icl2_mean_psi	0.0	0.0
bound_geometry	receptor_grouped_5fold	3	Gs	numeric__bound__intracellular_cavity_core_volume	0.0	0.0
bound_geometry	receptor_grouped_5fold	3	Gs	numeric__bound__intracellular_cavity_core_mouth_area	0.0	0.0
bound_geometry	receptor_grouped_5fold	3	Gs	numeric__bound__intracellular_cavity_core_depth	0.0	0.0
bound_geometry	receptor_grouped_5fold	3	Gs	numeric__bound__intracellular_cavity_core_maximum_width	0.0	0.0
bound_geometry	receptor_grouped_5fold	3	Gs	numeric__bound__intracellular_cavity_core_average_cross_section	0.0	0.0
bound_geometry	receptor_grouped_5fold	3	Gs	numeric__bound__intracellular_cavity_core_bottleneck_area	0.0	0.0
bound_geometry	receptor_grouped_5fold	3	Gs	numeric__bound__intracellular_cavity_core_bottleneck_radius	0.0	0.0
bound_geometry	receptor_grouped_5fold	3	Gs	numeric__bound__intracellular_cavity_core_max_inscribed_radius	0.0	0.0
bound_geometry	receptor_grouped_5fold	3	Gs	numeric__bound__intracellular_cavity_core_surface_area	0.0	0.0
bound_geometry	receptor_grouped_5fold	3	Gs	numeric__bound__intracellular_cavity_core_centroid_x	0.0	0.0
bound_geometry	receptor_grouped_5fold	3	Gs	numeric__bound__intracellular_cavity_core_centroid_y	0.0	0.0
bound_geometry	receptor_grouped_5fold	3	Gs	numeric__bound__intracellular_cavity_core_centroid_z	0.0	0.0
bound_geometry	receptor_grouped_5fold	3	Gs	numeric__bound__intracellular_cavity_core_principal_length_1	0.0	0.0
bound_geometry	receptor_grouped_5fold	3	Gs	numeric__bound__intracellular_cavity_core_principal_length_2	0.0	0.0
bound_geometry	receptor_grouped_5fold	3	Gs	numeric__bound__intracellular_cavity_core_principal_length_3	0.0	0.0
bound_geometry	receptor_grouped_5fold	3	Gs	numeric__bound__intracellular_cavity_core_principal_axis_1_z_alignment	0.0	0.0
bound_geometry	receptor_grouped_5fold	3	Gs	numeric__bound__intracellular_cavity_core_eccentricity	0.0	0.0
bound_geometry	receptor_grouped_5fold	3	Gs	numeric__bound__intracellular_cavity_core_sphericity	0.0	0.0
bound_geometry	receptor_grouped_5fold	3	Gs	numeric__bound__intracellular_cavity_core_asymmetry	0.0	0.0
bound_geometry	receptor_grouped_5fold	3	Gs	numeric__bound__intracellular_cavity_core_tm3_side_fraction	0.0	0.0
bound_geometry	receptor_grouped_5fold	3	Gs	numeric__bound__intracellular_cavity_core_tm6_side_fraction	0.0	0.0
bound_geometry	receptor_grouped_5fold	3	Gs	numeric__bound__intracellular_cavity_core_tm5_side_fraction	0.0	0.0
bound_geometry	receptor_grouped_5fold	3	Gs	numeric__bound__intracellular_cavity_core_tm7_side_fraction	0.0	0.0
bound_geometry	receptor_grouped_5fold	3	Gs	numeric__bound__intracellular_cavity_core_wall_fraction_h8	0.09048792689885217	0.09048792689885217
bound_geometry	receptor_grouped_5fold	3	Gs	numeric__bound__intracellular_cavity_core_wall_fraction_icl2	-0.24462970331372935	0.24462970331372935
bound_geometry	receptor_grouped_5fold	3	Gs	numeric__bound__intracellular_cavity_core_wall_fraction_tm3	0.0	0.0
bound_geometry	receptor_grouped_5fold	3	Gs	numeric__bound__intracellular_cavity_core_wall_fraction_tm7	0.0	0.0
bound_geometry	receptor_grouped_5fold	4	Gi/o	numeric__bound__activation_consensus_score	0.0	0.0
bound_geometry	receptor_grouped_5fold	4	Gi/o	numeric__bound__tm6_r350_634_distance	0.0	0.0
bound_geometry	receptor_grouped_5fold	4	Gi/o	numeric__bound__tm6_aligned_displacement	0.0	0.0
bound_geometry	receptor_grouped_5fold	4	Gi/o	numeric__bound__tm7_displacement	0.0	0.0
bound_geometry	receptor_grouped_5fold	4	Gi/o	numeric__bound__tm3_tm7_distance	0.0	0.0
bound_geometry	receptor_grouped_5fold	4	Gi/o	numeric__bound__tm6_r350_630_distance	-0.04228159782561654	0.04228159782561654
bound_geometry	receptor_grouped_5fold	4	Gi/o	numeric__bound__dry_r350_630_min_distance	0.0	0.0
bound_geometry	receptor_grouped_5fold	4	Gi/o	numeric__bound__dry_r350_630_ca_distance	-0.04228159782561654	0.04228159782561654
bound_geometry	receptor_grouped_5fold	4	Gi/o	numeric__bound__dry_d349_r350_min_distance	0.0	0.0
bound_geometry	receptor_grouped_5fold	4	Gi/o	numeric__bound__r350_chi1	0.0	0.0
bound_geometry	receptor_grouped_5fold	4	Gi/o	numeric__bound__r350_chi2	0.0	0.0
bound_geometry	receptor_grouped_5fold	4	Gi/o	numeric__bound__pif_550_340_distance	0.0	0.0
bound_geometry	receptor_grouped_5fold	4	Gi/o	numeric__bound__pif_340_644_distance	0.0	0.0
bound_geometry	receptor_grouped_5fold	4	Gi/o	numeric__bound__pif_550_644_distance	0.0	0.0
bound_geometry	receptor_grouped_5fold	4	Gi/o	numeric__bound__pif_550_340_min_distance	0.0	0.0
bound_geometry	receptor_grouped_5fold	4	Gi/o	numeric__bound__pif_340_644_min_distance	0.0	0.0
bound_geometry	receptor_grouped_5fold	4	Gi/o	numeric__bound__pif_550_644_min_distance	0.0	0.0
bound_geometry	receptor_grouped_5fold	4	Gi/o	numeric__bound__pif_triangle_perimeter	0.0	0.0
bound_geometry	receptor_grouped_5fold	4	Gi/o	numeric__bound__position_644_chi1	0.0	0.0
bound_geometry	receptor_grouped_5fold	4	Gi/o	numeric__bound__position_644_chi2	-0.0547312106161584	0.0547312106161584
bound_geometry	receptor_grouped_5fold	4	Gi/o	numeric__bound__w648_chi1	0.0	0.0
bound_geometry	receptor_grouped_5fold	4	Gi/o	numeric__bound__w648_chi2	0.0	0.0
bound_geometry	receptor_grouped_5fold	4	Gi/o	numeric__bound__w648_displacement	0.0	0.0
bound_geometry	receptor_grouped_5fold	4	Gi/o	numeric__bound__w648_to_644_distance	0.0	0.0
bound_geometry	receptor_grouped_5fold	4	Gi/o	numeric__bound__cwxp_647_650_distance	0.0	0.0
bound_geometry	receptor_grouped_5fold	4	Gi/o	numeric__bound__y753_chi1	0.0	0.0
bound_geometry	receptor_grouped_5fold	4	Gi/o	numeric__bound__y753_chi2	0.0	0.0
bound_geometry	receptor_grouped_5fold	4	Gi/o	numeric__bound__y753_y558_distance	0.0	0.0
bound_geometry	receptor_grouped_5fold	4	Gi/o	numeric__bound__y753_y558_min_distance	0.0	0.0
bound_geometry	receptor_grouped_5fold	4	Gi/o	numeric__bound__n749_y753_distance	0.0	0.0
bound_geometry	receptor_grouped_5fold	4	Gi/o	numeric__bound__npxxy_local_spread	0.0	0.0
bound_geometry	receptor_grouped_5fold	4	Gi/o	numeric__bound__y753_displacement	0.0	0.0
bound_geometry	receptor_grouped_5fold	4	Gi/o	numeric__bound__sodium_d250_s339_distance	0.0	0.0
bound_geometry	receptor_grouped_5fold	4	Gi/o	numeric__bound__sodium_d250_n745_distance	0.0	0.0
bound_geometry	receptor_grouped_5fold	4	Gi/o	numeric__bound__sodium_d250_s746_distance	0.0	0.0
bound_geometry	receptor_grouped_5fold	4	Gi/o	numeric__bound__sodium_d250_n749_distance	0.0	0.0
bound_geometry	receptor_grouped_5fold	4	Gi/o	numeric__bound__sodium_pocket_volume	0.0	0.0
bound_geometry	receptor_grouped_5fold	4	Gi/o	numeric__bound__sodium_pocket_spread	0.0	0.0
bound_geometry	receptor_grouped_5fold	4	Gi/o	numeric__bound__tm7_rotation	0.0	0.0
bound_geometry	receptor_grouped_5fold	4	Gi/o	numeric__bound__icl2_generic_ca_count	0.0	0.0
bound_geometry	receptor_grouped_5fold	4	Gi/o	numeric__bound__icl2_end_to_end_distance	0.0	0.0
bound_geometry	receptor_grouped_5fold	4	Gi/o	numeric__bound__icl2_centroid_to_r350	0.0	0.0
bound_geometry	receptor_grouped_5fold	4	Gi/o	numeric__bound__icl2_centroid_to_tm5_561	0.0	0.0
bound_geometry	receptor_grouped_5fold	4	Gi/o	numeric__bound__icl2_centroid_to_tm6_634	0.0	0.0
bound_geometry	receptor_grouped_5fold	4	Gi/o	numeric__bound__icl2_centroid_to_tm7_753	0.03333986213321648	0.03333986213321648
bound_geometry	receptor_grouped_5fold	4	Gi/o	numeric__bound__icl2_axis_tm3_angle	0.0	0.0
bound_geometry	receptor_grouped_5fold	4	Gi/o	numeric__bound__icl2_axis_tm5_angle	0.0	0.0
bound_geometry	receptor_grouped_5fold	4	Gi/o	numeric__bound__icl2_active_reference_displacement	0.0	0.0
bound_geometry	receptor_grouped_5fold	4	Gi/o	numeric__bound__tm5_cytoplasmic_extension	-0.021646860028745992	0.021646860028745992
bound_geometry	receptor_grouped_5fold	4	Gi/o	numeric__bound__tm5_cytoplasmic_kink	0.0	0.0
bound_geometry	receptor_grouped_5fold	4	Gi/o	numeric__bound__tm5_r350_561_distance	0.0	0.0
bound_geometry	receptor_grouped_5fold	4	Gi/o	numeric__bound__tm5_r350_564_distance	0.0	0.0
bound_geometry	receptor_grouped_5fold	4	Gi/o	numeric__bound__tm5_tm6_cavity_distance	0.0	0.0
bound_geometry	receptor_grouped_5fold	4	Gi/o	numeric__bound__tm5_axis_tm3_angle	0.0	0.0
bound_geometry	receptor_grouped_5fold	4	Gi/o	numeric__bound__tm6_lower_upper_kink	0.0	0.0
bound_geometry	receptor_grouped_5fold	4	Gi/o	numeric__bound__tm6_axis_tm3_angle	-0.11894921996778937	0.11894921996778937
bound_geometry	receptor_grouped_5fold	4	Gi/o	numeric__bound__tm6_tm7_cavity_distance	0.0	0.0
bound_geometry	receptor_grouped_5fold	4	Gi/o	numeric__bound__tm7_h8_angle	0.0	0.0
bound_geometry	receptor_grouped_5fold	4	Gi/o	numeric__bound__h8_end_to_end_distance	0.0	0.0
bound_geometry	receptor_grouped_5fold	4	Gi/o	numeric__bound__h8_r350_distance	0.0	0.0
bound_geometry	receptor_grouped_5fold	4	Gi/o	numeric__bound__h8_tm6_distance	0.0	0.0
bound_geometry	receptor_grouped_5fold	4	Gi/o	numeric__bound__icl2_helix_fraction	0.0	0.0
bound_geometry	receptor_grouped_5fold	4	Gi/o	numeric__bound__icl2_longest_helix	0.0	0.0
bound_geometry	receptor_grouped_5fold	4	Gi/o	numeric__bound__icl2_mean_phi	0.043331441875153996	0.043331441875153996
bound_geometry	receptor_grouped_5fold	4	Gi/o	numeric__bound__icl2_mean_psi	0.0	0.0
bound_geometry	receptor_grouped_5fold	4	Gi/o	numeric__bound__intracellular_cavity_core_volume	0.0	0.0
bound_geometry	receptor_grouped_5fold	4	Gi/o	numeric__bound__intracellular_cavity_core_mouth_area	0.0	0.0
bound_geometry	receptor_grouped_5fold	4	Gi/o	numeric__bound__intracellular_cavity_core_depth	0.0	0.0
bound_geometry	receptor_grouped_5fold	4	Gi/o	numeric__bound__intracellular_cavity_core_maximum_width	0.0	0.0
bound_geometry	receptor_grouped_5fold	4	Gi/o	numeric__bound__intracellular_cavity_core_average_cross_section	0.0	0.0
bound_geometry	receptor_grouped_5fold	4	Gi/o	numeric__bound__intracellular_cavity_core_bottleneck_area	0.0	0.0
bound_geometry	receptor_grouped_5fold	4	Gi/o	numeric__bound__intracellular_cavity_core_bottleneck_radius	0.0	0.0
bound_geometry	receptor_grouped_5fold	4	Gi/o	numeric__bound__intracellular_cavity_core_max_inscribed_radius	0.0	0.0
bound_geometry	receptor_grouped_5fold	4	Gi/o	numeric__bound__intracellular_cavity_core_surface_area	0.0	0.0
bound_geometry	receptor_grouped_5fold	4	Gi/o	numeric__bound__intracellular_cavity_core_centroid_x	0.0	0.0
bound_geometry	receptor_grouped_5fold	4	Gi/o	numeric__bound__intracellular_cavity_core_centroid_y	0.0	0.0
bound_geometry	receptor_grouped_5fold	4	Gi/o	numeric__bound__intracellular_cavity_core_centroid_z	0.0	0.0
bound_geometry	receptor_grouped_5fold	4	Gi/o	numeric__bound__intracellular_cavity_core_principal_length_1	0.0	0.0
bound_geometry	receptor_grouped_5fold	4	Gi/o	numeric__bound__intracellular_cavity_core_principal_length_2	0.0	0.0
bound_geometry	receptor_grouped_5fold	4	Gi/o	numeric__bound__intracellular_cavity_core_principal_length_3	-0.051453877847804995	0.051453877847804995
bound_geometry	receptor_grouped_5fold	4	Gi/o	numeric__bound__intracellular_cavity_core_principal_axis_1_z_alignment	0.0	0.0
bound_geometry	receptor_grouped_5fold	4	Gi/o	numeric__bound__intracellular_cavity_core_eccentricity	0.09411573466527001	0.09411573466527001
bound_geometry	receptor_grouped_5fold	4	Gi/o	numeric__bound__intracellular_cavity_core_sphericity	0.0	0.0
bound_geometry	receptor_grouped_5fold	4	Gi/o	numeric__bound__intracellular_cavity_core_asymmetry	0.0	0.0
bound_geometry	receptor_grouped_5fold	4	Gi/o	numeric__bound__intracellular_cavity_core_tm3_side_fraction	0.0	0.0
bound_geometry	receptor_grouped_5fold	4	Gi/o	numeric__bound__intracellular_cavity_core_tm6_side_fraction	0.0	0.0
bound_geometry	receptor_grouped_5fold	4	Gi/o	numeric__bound__intracellular_cavity_core_tm5_side_fraction	0.0	0.0
bound_geometry	receptor_grouped_5fold	4	Gi/o	numeric__bound__intracellular_cavity_core_tm7_side_fraction	0.0	0.0
bound_geometry	receptor_grouped_5fold	4	Gi/o	numeric__bound__intracellular_cavity_core_wall_fraction_h8	0.0	0.0
bound_geometry	receptor_grouped_5fold	4	Gi/o	numeric__bound__intracellular_cavity_core_wall_fraction_icl2	0.0	0.0
bound_geometry	receptor_grouped_5fold	4	Gi/o	numeric__bound__intracellular_cavity_core_wall_fraction_tm3	0.0	0.0
bound_geometry	receptor_grouped_5fold	4	Gi/o	numeric__bound__intracellular_cavity_core_wall_fraction_tm7	0.0	0.0
bound_geometry	receptor_grouped_5fold	4	Gq/11	numeric__bound__activation_consensus_score	0.0	0.0
bound_geometry	receptor_grouped_5fold	4	Gq/11	numeric__bound__tm6_r350_634_distance	0.0	0.0
bound_geometry	receptor_grouped_5fold	4	Gq/11	numeric__bound__tm6_aligned_displacement	0.0	0.0
bound_geometry	receptor_grouped_5fold	4	Gq/11	numeric__bound__tm7_displacement	0.0	0.0
bound_geometry	receptor_grouped_5fold	4	Gq/11	numeric__bound__tm3_tm7_distance	0.0	0.0
bound_geometry	receptor_grouped_5fold	4	Gq/11	numeric__bound__tm6_r350_630_distance	0.0	0.0
bound_geometry	receptor_grouped_5fold	4	Gq/11	numeric__bound__dry_r350_630_min_distance	0.0	0.0
bound_geometry	receptor_grouped_5fold	4	Gq/11	numeric__bound__dry_r350_630_ca_distance	0.0	0.0
bound_geometry	receptor_grouped_5fold	4	Gq/11	numeric__bound__dry_d349_r350_min_distance	0.0	0.0
bound_geometry	receptor_grouped_5fold	4	Gq/11	numeric__bound__r350_chi1	0.0	0.0
bound_geometry	receptor_grouped_5fold	4	Gq/11	numeric__bound__r350_chi2	0.0	0.0
bound_geometry	receptor_grouped_5fold	4	Gq/11	numeric__bound__pif_550_340_distance	0.0	0.0
bound_geometry	receptor_grouped_5fold	4	Gq/11	numeric__bound__pif_340_644_distance	-0.0638368701543089	0.0638368701543089
bound_geometry	receptor_grouped_5fold	4	Gq/11	numeric__bound__pif_550_644_distance	0.0	0.0
bound_geometry	receptor_grouped_5fold	4	Gq/11	numeric__bound__pif_550_340_min_distance	0.0	0.0
bound_geometry	receptor_grouped_5fold	4	Gq/11	numeric__bound__pif_340_644_min_distance	0.0	0.0
bound_geometry	receptor_grouped_5fold	4	Gq/11	numeric__bound__pif_550_644_min_distance	0.0	0.0
bound_geometry	receptor_grouped_5fold	4	Gq/11	numeric__bound__pif_triangle_perimeter	0.0	0.0
bound_geometry	receptor_grouped_5fold	4	Gq/11	numeric__bound__position_644_chi1	0.0	0.0
bound_geometry	receptor_grouped_5fold	4	Gq/11	numeric__bound__position_644_chi2	0.0	0.0
bound_geometry	receptor_grouped_5fold	4	Gq/11	numeric__bound__w648_chi1	0.0	0.0
bound_geometry	receptor_grouped_5fold	4	Gq/11	numeric__bound__w648_chi2	0.0	0.0
bound_geometry	receptor_grouped_5fold	4	Gq/11	numeric__bound__w648_displacement	0.0	0.0
bound_geometry	receptor_grouped_5fold	4	Gq/11	numeric__bound__w648_to_644_distance	-0.045652092979570985	0.045652092979570985
bound_geometry	receptor_grouped_5fold	4	Gq/11	numeric__bound__cwxp_647_650_distance	0.0	0.0
bound_geometry	receptor_grouped_5fold	4	Gq/11	numeric__bound__y753_chi1	0.0	0.0
bound_geometry	receptor_grouped_5fold	4	Gq/11	numeric__bound__y753_chi2	0.0	0.0
bound_geometry	receptor_grouped_5fold	4	Gq/11	numeric__bound__y753_y558_distance	0.0	0.0
bound_geometry	receptor_grouped_5fold	4	Gq/11	numeric__bound__y753_y558_min_distance	0.0	0.0
bound_geometry	receptor_grouped_5fold	4	Gq/11	numeric__bound__n749_y753_distance	0.0	0.0
bound_geometry	receptor_grouped_5fold	4	Gq/11	numeric__bound__npxxy_local_spread	0.0	0.0
bound_geometry	receptor_grouped_5fold	4	Gq/11	numeric__bound__y753_displacement	0.0	0.0
bound_geometry	receptor_grouped_5fold	4	Gq/11	numeric__bound__sodium_d250_s339_distance	0.0	0.0
bound_geometry	receptor_grouped_5fold	4	Gq/11	numeric__bound__sodium_d250_n745_distance	0.0	0.0
bound_geometry	receptor_grouped_5fold	4	Gq/11	numeric__bound__sodium_d250_s746_distance	-0.05579124392686312	0.05579124392686312
bound_geometry	receptor_grouped_5fold	4	Gq/11	numeric__bound__sodium_d250_n749_distance	0.0	0.0
bound_geometry	receptor_grouped_5fold	4	Gq/11	numeric__bound__sodium_pocket_volume	0.0	0.0
bound_geometry	receptor_grouped_5fold	4	Gq/11	numeric__bound__sodium_pocket_spread	0.0	0.0
bound_geometry	receptor_grouped_5fold	4	Gq/11	numeric__bound__tm7_rotation	0.0	0.0
bound_geometry	receptor_grouped_5fold	4	Gq/11	numeric__bound__icl2_generic_ca_count	0.0	0.0
bound_geometry	receptor_grouped_5fold	4	Gq/11	numeric__bound__icl2_end_to_end_distance	0.0	0.0
bound_geometry	receptor_grouped_5fold	4	Gq/11	numeric__bound__icl2_centroid_to_r350	0.0	0.0
bound_geometry	receptor_grouped_5fold	4	Gq/11	numeric__bound__icl2_centroid_to_tm5_561	0.029663549928426534	0.029663549928426534
bound_geometry	receptor_grouped_5fold	4	Gq/11	numeric__bound__icl2_centroid_to_tm6_634	0.0	0.0
bound_geometry	receptor_grouped_5fold	4	Gq/11	numeric__bound__icl2_centroid_to_tm7_753	0.0	0.0
bound_geometry	receptor_grouped_5fold	4	Gq/11	numeric__bound__icl2_axis_tm3_angle	0.07960120298307889	0.07960120298307889
bound_geometry	receptor_grouped_5fold	4	Gq/11	numeric__bound__icl2_axis_tm5_angle	0.0	0.0
bound_geometry	receptor_grouped_5fold	4	Gq/11	numeric__bound__icl2_active_reference_displacement	0.0	0.0
bound_geometry	receptor_grouped_5fold	4	Gq/11	numeric__bound__tm5_cytoplasmic_extension	0.0	0.0
bound_geometry	receptor_grouped_5fold	4	Gq/11	numeric__bound__tm5_cytoplasmic_kink	0.0	0.0
bound_geometry	receptor_grouped_5fold	4	Gq/11	numeric__bound__tm5_r350_561_distance	0.0	0.0
bound_geometry	receptor_grouped_5fold	4	Gq/11	numeric__bound__tm5_r350_564_distance	0.0	0.0
bound_geometry	receptor_grouped_5fold	4	Gq/11	numeric__bound__tm5_tm6_cavity_distance	0.0	0.0
bound_geometry	receptor_grouped_5fold	4	Gq/11	numeric__bound__tm5_axis_tm3_angle	0.0	0.0
bound_geometry	receptor_grouped_5fold	4	Gq/11	numeric__bound__tm6_lower_upper_kink	0.0	0.0
bound_geometry	receptor_grouped_5fold	4	Gq/11	numeric__bound__tm6_axis_tm3_angle	0.0	0.0
bound_geometry	receptor_grouped_5fold	4	Gq/11	numeric__bound__tm6_tm7_cavity_distance	0.0	0.0
bound_geometry	receptor_grouped_5fold	4	Gq/11	numeric__bound__tm7_h8_angle	0.0	0.0
bound_geometry	receptor_grouped_5fold	4	Gq/11	numeric__bound__h8_end_to_end_distance	0.0	0.0
bound_geometry	receptor_grouped_5fold	4	Gq/11	numeric__bound__h8_r350_distance	0.0	0.0
bound_geometry	receptor_grouped_5fold	4	Gq/11	numeric__bound__h8_tm6_distance	0.0	0.0
bound_geometry	receptor_grouped_5fold	4	Gq/11	numeric__bound__icl2_helix_fraction	0.0	0.0
bound_geometry	receptor_grouped_5fold	4	Gq/11	numeric__bound__icl2_longest_helix	0.0	0.0
bound_geometry	receptor_grouped_5fold	4	Gq/11	numeric__bound__icl2_mean_phi	-0.037054209397911396	0.037054209397911396
bound_geometry	receptor_grouped_5fold	4	Gq/11	numeric__bound__icl2_mean_psi	0.0	0.0
bound_geometry	receptor_grouped_5fold	4	Gq/11	numeric__bound__intracellular_cavity_core_volume	0.0	0.0
bound_geometry	receptor_grouped_5fold	4	Gq/11	numeric__bound__intracellular_cavity_core_mouth_area	0.0	0.0
bound_geometry	receptor_grouped_5fold	4	Gq/11	numeric__bound__intracellular_cavity_core_depth	0.0	0.0
bound_geometry	receptor_grouped_5fold	4	Gq/11	numeric__bound__intracellular_cavity_core_maximum_width	0.0	0.0
bound_geometry	receptor_grouped_5fold	4	Gq/11	numeric__bound__intracellular_cavity_core_average_cross_section	0.0	0.0
bound_geometry	receptor_grouped_5fold	4	Gq/11	numeric__bound__intracellular_cavity_core_bottleneck_area	0.0	0.0
bound_geometry	receptor_grouped_5fold	4	Gq/11	numeric__bound__intracellular_cavity_core_bottleneck_radius	0.0	0.0
bound_geometry	receptor_grouped_5fold	4	Gq/11	numeric__bound__intracellular_cavity_core_max_inscribed_radius	0.0	0.0
bound_geometry	receptor_grouped_5fold	4	Gq/11	numeric__bound__intracellular_cavity_core_surface_area	0.0	0.0
bound_geometry	receptor_grouped_5fold	4	Gq/11	numeric__bound__intracellular_cavity_core_centroid_x	0.0	0.0
bound_geometry	receptor_grouped_5fold	4	Gq/11	numeric__bound__intracellular_cavity_core_centroid_y	0.0	0.0
bound_geometry	receptor_grouped_5fold	4	Gq/11	numeric__bound__intracellular_cavity_core_centroid_z	0.0	0.0
bound_geometry	receptor_grouped_5fold	4	Gq/11	numeric__bound__intracellular_cavity_core_principal_length_1	0.0	0.0
bound_geometry	receptor_grouped_5fold	4	Gq/11	numeric__bound__intracellular_cavity_core_principal_length_2	0.0	0.0
bound_geometry	receptor_grouped_5fold	4	Gq/11	numeric__bound__intracellular_cavity_core_principal_length_3	0.0	0.0
bound_geometry	receptor_grouped_5fold	4	Gq/11	numeric__bound__intracellular_cavity_core_principal_axis_1_z_alignment	0.0	0.0
bound_geometry	receptor_grouped_5fold	4	Gq/11	numeric__bound__intracellular_cavity_core_eccentricity	0.0	0.0
bound_geometry	receptor_grouped_5fold	4	Gq/11	numeric__bound__intracellular_cavity_core_sphericity	0.0	0.0
bound_geometry	receptor_grouped_5fold	4	Gq/11	numeric__bound__intracellular_cavity_core_asymmetry	0.0	0.0
bound_geometry	receptor_grouped_5fold	4	Gq/11	numeric__bound__intracellular_cavity_core_tm3_side_fraction	0.0	0.0
bound_geometry	receptor_grouped_5fold	4	Gq/11	numeric__bound__intracellular_cavity_core_tm6_side_fraction	0.0	0.0
bound_geometry	receptor_grouped_5fold	4	Gq/11	numeric__bound__intracellular_cavity_core_tm5_side_fraction	0.0	0.0
bound_geometry	receptor_grouped_5fold	4	Gq/11	numeric__bound__intracellular_cavity_core_tm7_side_fraction	0.0	0.0
bound_geometry	receptor_grouped_5fold	4	Gq/11	numeric__bound__intracellular_cavity_core_wall_fraction_h8	0.0	0.0
bound_geometry	receptor_grouped_5fold	4	Gq/11	numeric__bound__intracellular_cavity_core_wall_fraction_icl2	0.0	0.0
bound_geometry	receptor_grouped_5fold	4	Gq/11	numeric__bound__intracellular_cavity_core_wall_fraction_tm3	0.0	0.0
bound_geometry	receptor_grouped_5fold	4	Gq/11	numeric__bound__intracellular_cavity_core_wall_fraction_tm7	0.0	0.0
bound_geometry	receptor_grouped_5fold	4	Gs	numeric__bound__activation_consensus_score	0.02376648011973706	0.02376648011973706
bound_geometry	receptor_grouped_5fold	4	Gs	numeric__bound__tm6_r350_634_distance	0.016410375386688002	0.016410375386688002
bound_geometry	receptor_grouped_5fold	4	Gs	numeric__bound__tm6_aligned_displacement	0.06003184148440919	0.06003184148440919
bound_geometry	receptor_grouped_5fold	4	Gs	numeric__bound__tm7_displacement	0.0	0.0
bound_geometry	receptor_grouped_5fold	4	Gs	numeric__bound__tm3_tm7_distance	0.0	0.0
bound_geometry	receptor_grouped_5fold	4	Gs	numeric__bound__tm6_r350_630_distance	0.1252281930619302	0.1252281930619302
bound_geometry	receptor_grouped_5fold	4	Gs	numeric__bound__dry_r350_630_min_distance	0.052741407747756194	0.052741407747756194
bound_geometry	receptor_grouped_5fold	4	Gs	numeric__bound__dry_r350_630_ca_distance	0.1252281930619302	0.1252281930619302
bound_geometry	receptor_grouped_5fold	4	Gs	numeric__bound__dry_d349_r350_min_distance	0.0	0.0
bound_geometry	receptor_grouped_5fold	4	Gs	numeric__bound__r350_chi1	0.0	0.0
bound_geometry	receptor_grouped_5fold	4	Gs	numeric__bound__r350_chi2	0.0	0.0
bound_geometry	receptor_grouped_5fold	4	Gs	numeric__bound__pif_550_340_distance	0.0	0.0
bound_geometry	receptor_grouped_5fold	4	Gs	numeric__bound__pif_340_644_distance	0.0	0.0
bound_geometry	receptor_grouped_5fold	4	Gs	numeric__bound__pif_550_644_distance	0.0	0.0
bound_geometry	receptor_grouped_5fold	4	Gs	numeric__bound__pif_550_340_min_distance	0.0	0.0
bound_geometry	receptor_grouped_5fold	4	Gs	numeric__bound__pif_340_644_min_distance	0.0	0.0
bound_geometry	receptor_grouped_5fold	4	Gs	numeric__bound__pif_550_644_min_distance	0.0	0.0
bound_geometry	receptor_grouped_5fold	4	Gs	numeric__bound__pif_triangle_perimeter	0.0	0.0
bound_geometry	receptor_grouped_5fold	4	Gs	numeric__bound__position_644_chi1	0.0111737094324016	0.0111737094324016
bound_geometry	receptor_grouped_5fold	4	Gs	numeric__bound__position_644_chi2	0.0	0.0
bound_geometry	receptor_grouped_5fold	4	Gs	numeric__bound__w648_chi1	-0.05157615253630651	0.05157615253630651
bound_geometry	receptor_grouped_5fold	4	Gs	numeric__bound__w648_chi2	0.0	0.0
bound_geometry	receptor_grouped_5fold	4	Gs	numeric__bound__w648_displacement	0.0	0.0
bound_geometry	receptor_grouped_5fold	4	Gs	numeric__bound__w648_to_644_distance	0.0	0.0
bound_geometry	receptor_grouped_5fold	4	Gs	numeric__bound__cwxp_647_650_distance	0.0	0.0
bound_geometry	receptor_grouped_5fold	4	Gs	numeric__bound__y753_chi1	0.0	0.0
bound_geometry	receptor_grouped_5fold	4	Gs	numeric__bound__y753_chi2	0.0	0.0
bound_geometry	receptor_grouped_5fold	4	Gs	numeric__bound__y753_y558_distance	0.0	0.0
bound_geometry	receptor_grouped_5fold	4	Gs	numeric__bound__y753_y558_min_distance	0.0	0.0
bound_geometry	receptor_grouped_5fold	4	Gs	numeric__bound__n749_y753_distance	0.0	0.0
bound_geometry	receptor_grouped_5fold	4	Gs	numeric__bound__npxxy_local_spread	0.0	0.0
bound_geometry	receptor_grouped_5fold	4	Gs	numeric__bound__y753_displacement	0.0	0.0
bound_geometry	receptor_grouped_5fold	4	Gs	numeric__bound__sodium_d250_s339_distance	0.0	0.0
bound_geometry	receptor_grouped_5fold	4	Gs	numeric__bound__sodium_d250_n745_distance	0.0	0.0
bound_geometry	receptor_grouped_5fold	4	Gs	numeric__bound__sodium_d250_s746_distance	0.0	0.0
bound_geometry	receptor_grouped_5fold	4	Gs	numeric__bound__sodium_d250_n749_distance	0.0	0.0
bound_geometry	receptor_grouped_5fold	4	Gs	numeric__bound__sodium_pocket_volume	0.0	0.0
bound_geometry	receptor_grouped_5fold	4	Gs	numeric__bound__sodium_pocket_spread	0.0	0.0
bound_geometry	receptor_grouped_5fold	4	Gs	numeric__bound__tm7_rotation	0.0	0.0
bound_geometry	receptor_grouped_5fold	4	Gs	numeric__bound__icl2_generic_ca_count	0.0	0.0
bound_geometry	receptor_grouped_5fold	4	Gs	numeric__bound__icl2_end_to_end_distance	0.0	0.0
bound_geometry	receptor_grouped_5fold	4	Gs	numeric__bound__icl2_centroid_to_r350	0.0	0.0
bound_geometry	receptor_grouped_5fold	4	Gs	numeric__bound__icl2_centroid_to_tm5_561	0.0	0.0
bound_geometry	receptor_grouped_5fold	4	Gs	numeric__bound__icl2_centroid_to_tm6_634	0.0	0.0
bound_geometry	receptor_grouped_5fold	4	Gs	numeric__bound__icl2_centroid_to_tm7_753	0.0	0.0
bound_geometry	receptor_grouped_5fold	4	Gs	numeric__bound__icl2_axis_tm3_angle	-0.06450602593581577	0.06450602593581577
bound_geometry	receptor_grouped_5fold	4	Gs	numeric__bound__icl2_axis_tm5_angle	-0.023176284205473005	0.023176284205473005
bound_geometry	receptor_grouped_5fold	4	Gs	numeric__bound__icl2_active_reference_displacement	0.0	0.0
bound_geometry	receptor_grouped_5fold	4	Gs	numeric__bound__tm5_cytoplasmic_extension	0.0	0.0
bound_geometry	receptor_grouped_5fold	4	Gs	numeric__bound__tm5_cytoplasmic_kink	0.01134605224275479	0.01134605224275479
bound_geometry	receptor_grouped_5fold	4	Gs	numeric__bound__tm5_r350_561_distance	0.0	0.0
bound_geometry	receptor_grouped_5fold	4	Gs	numeric__bound__tm5_r350_564_distance	0.0	0.0
bound_geometry	receptor_grouped_5fold	4	Gs	numeric__bound__tm5_tm6_cavity_distance	0.0	0.0
bound_geometry	receptor_grouped_5fold	4	Gs	numeric__bound__tm5_axis_tm3_angle	0.0006640598924525287	0.0006640598924525287
bound_geometry	receptor_grouped_5fold	4	Gs	numeric__bound__tm6_lower_upper_kink	0.0655493559309432	0.0655493559309432
bound_geometry	receptor_grouped_5fold	4	Gs	numeric__bound__tm6_axis_tm3_angle	0.07231757981305997	0.07231757981305997
bound_geometry	receptor_grouped_5fold	4	Gs	numeric__bound__tm6_tm7_cavity_distance	0.07036857791428754	0.07036857791428754
bound_geometry	receptor_grouped_5fold	4	Gs	numeric__bound__tm7_h8_angle	0.0	0.0
bound_geometry	receptor_grouped_5fold	4	Gs	numeric__bound__h8_end_to_end_distance	0.0	0.0
bound_geometry	receptor_grouped_5fold	4	Gs	numeric__bound__h8_r350_distance	0.0	0.0
bound_geometry	receptor_grouped_5fold	4	Gs	numeric__bound__h8_tm6_distance	0.0	0.0
bound_geometry	receptor_grouped_5fold	4	Gs	numeric__bound__icl2_helix_fraction	0.0	0.0
bound_geometry	receptor_grouped_5fold	4	Gs	numeric__bound__icl2_longest_helix	0.0	0.0
bound_geometry	receptor_grouped_5fold	4	Gs	numeric__bound__icl2_mean_phi	0.0	0.0
bound_geometry	receptor_grouped_5fold	4	Gs	numeric__bound__icl2_mean_psi	0.0	0.0
bound_geometry	receptor_grouped_5fold	4	Gs	numeric__bound__intracellular_cavity_core_volume	0.0	0.0
bound_geometry	receptor_grouped_5fold	4	Gs	numeric__bound__intracellular_cavity_core_mouth_area	0.0	0.0
bound_geometry	receptor_grouped_5fold	4	Gs	numeric__bound__intracellular_cavity_core_depth	0.0	0.0
bound_geometry	receptor_grouped_5fold	4	Gs	numeric__bound__intracellular_cavity_core_maximum_width	0.0	0.0
bound_geometry	receptor_grouped_5fold	4	Gs	numeric__bound__intracellular_cavity_core_average_cross_section	0.0	0.0
bound_geometry	receptor_grouped_5fold	4	Gs	numeric__bound__intracellular_cavity_core_bottleneck_area	0.0	0.0
bound_geometry	receptor_grouped_5fold	4	Gs	numeric__bound__intracellular_cavity_core_bottleneck_radius	0.0	0.0
bound_geometry	receptor_grouped_5fold	4	Gs	numeric__bound__intracellular_cavity_core_max_inscribed_radius	0.0	0.0
bound_geometry	receptor_grouped_5fold	4	Gs	numeric__bound__intracellular_cavity_core_surface_area	0.0	0.0
bound_geometry	receptor_grouped_5fold	4	Gs	numeric__bound__intracellular_cavity_core_centroid_x	0.0	0.0
bound_geometry	receptor_grouped_5fold	4	Gs	numeric__bound__intracellular_cavity_core_centroid_y	0.0	0.0
bound_geometry	receptor_grouped_5fold	4	Gs	numeric__bound__intracellular_cavity_core_centroid_z	0.0	0.0
bound_geometry	receptor_grouped_5fold	4	Gs	numeric__bound__intracellular_cavity_core_principal_length_1	0.0	0.0
bound_geometry	receptor_grouped_5fold	4	Gs	numeric__bound__intracellular_cavity_core_principal_length_2	0.0	0.0
bound_geometry	receptor_grouped_5fold	4	Gs	numeric__bound__intracellular_cavity_core_principal_length_3	0.0	0.0
bound_geometry	receptor_grouped_5fold	4	Gs	numeric__bound__intracellular_cavity_core_principal_axis_1_z_alignment	0.0	0.0
bound_geometry	receptor_grouped_5fold	4	Gs	numeric__bound__intracellular_cavity_core_eccentricity	-0.025978825124737343	0.025978825124737343
bound_geometry	receptor_grouped_5fold	4	Gs	numeric__bound__intracellular_cavity_core_sphericity	0.0	0.0
bound_geometry	receptor_grouped_5fold	4	Gs	numeric__bound__intracellular_cavity_core_asymmetry	0.0	0.0
bound_geometry	receptor_grouped_5fold	4	Gs	numeric__bound__intracellular_cavity_core_tm3_side_fraction	0.0	0.0
bound_geometry	receptor_grouped_5fold	4	Gs	numeric__bound__intracellular_cavity_core_tm6_side_fraction	0.0	0.0
bound_geometry	receptor_grouped_5fold	4	Gs	numeric__bound__intracellular_cavity_core_tm5_side_fraction	0.0	0.0
bound_geometry	receptor_grouped_5fold	4	Gs	numeric__bound__intracellular_cavity_core_tm7_side_fraction	0.0	0.0
bound_geometry	receptor_grouped_5fold	4	Gs	numeric__bound__intracellular_cavity_core_wall_fraction_h8	0.0	0.0
bound_geometry	receptor_grouped_5fold	4	Gs	numeric__bound__intracellular_cavity_core_wall_fraction_icl2	0.0	0.0
bound_geometry	receptor_grouped_5fold	4	Gs	numeric__bound__intracellular_cavity_core_wall_fraction_tm3	0.0	0.0
bound_geometry	receptor_grouped_5fold	4	Gs	numeric__bound__intracellular_cavity_core_wall_fraction_tm7	0.0	0.0
receptor_only_geometry	receptor_grouped_5fold	0	Gi/o	numeric__receptor_only__activation_consensus_score	0.0	0.0
receptor_only_geometry	receptor_grouped_5fold	0	Gi/o	numeric__receptor_only__tm6_r350_634_distance	0.0	0.0
receptor_only_geometry	receptor_grouped_5fold	0	Gi/o	numeric__receptor_only__tm6_aligned_displacement	0.0	0.0
receptor_only_geometry	receptor_grouped_5fold	0	Gi/o	numeric__receptor_only__tm7_displacement	0.0	0.0
receptor_only_geometry	receptor_grouped_5fold	0	Gi/o	numeric__receptor_only__tm3_tm7_distance	0.34460689702054415	0.34460689702054415
receptor_only_geometry	receptor_grouped_5fold	0	Gi/o	numeric__receptor_only__tm6_r350_630_distance	0.0	0.0
receptor_only_geometry	receptor_grouped_5fold	0	Gi/o	numeric__receptor_only__dry_r350_630_min_distance	0.0	0.0
receptor_only_geometry	receptor_grouped_5fold	0	Gi/o	numeric__receptor_only__dry_r350_630_ca_distance	0.0	0.0
receptor_only_geometry	receptor_grouped_5fold	0	Gi/o	numeric__receptor_only__dry_d349_r350_min_distance	0.0	0.0
receptor_only_geometry	receptor_grouped_5fold	0	Gi/o	numeric__receptor_only__r350_chi1	0.0	0.0
receptor_only_geometry	receptor_grouped_5fold	0	Gi/o	numeric__receptor_only__r350_chi2	0.0	0.0
receptor_only_geometry	receptor_grouped_5fold	0	Gi/o	numeric__receptor_only__pif_550_340_distance	0.0	0.0
receptor_only_geometry	receptor_grouped_5fold	0	Gi/o	numeric__receptor_only__pif_340_644_distance	0.0	0.0
receptor_only_geometry	receptor_grouped_5fold	0	Gi/o	numeric__receptor_only__pif_550_644_distance	0.0	0.0
receptor_only_geometry	receptor_grouped_5fold	0	Gi/o	numeric__receptor_only__pif_550_340_min_distance	0.0	0.0
receptor_only_geometry	receptor_grouped_5fold	0	Gi/o	numeric__receptor_only__pif_340_644_min_distance	0.0	0.0
receptor_only_geometry	receptor_grouped_5fold	0	Gi/o	numeric__receptor_only__pif_550_644_min_distance	0.0	0.0
receptor_only_geometry	receptor_grouped_5fold	0	Gi/o	numeric__receptor_only__pif_triangle_perimeter	0.0	0.0
receptor_only_geometry	receptor_grouped_5fold	0	Gi/o	numeric__receptor_only__position_644_chi1	0.0	0.0
receptor_only_geometry	receptor_grouped_5fold	0	Gi/o	numeric__receptor_only__position_644_chi2	0.0	0.0
receptor_only_geometry	receptor_grouped_5fold	0	Gi/o	numeric__receptor_only__w648_chi1	0.0	0.0
receptor_only_geometry	receptor_grouped_5fold	0	Gi/o	numeric__receptor_only__w648_chi2	0.0	0.0
receptor_only_geometry	receptor_grouped_5fold	0	Gi/o	numeric__receptor_only__w648_displacement	0.0	0.0
receptor_only_geometry	receptor_grouped_5fold	0	Gi/o	numeric__receptor_only__w648_to_644_distance	0.0	0.0
receptor_only_geometry	receptor_grouped_5fold	0	Gi/o	numeric__receptor_only__cwxp_647_650_distance	0.0	0.0
receptor_only_geometry	receptor_grouped_5fold	0	Gi/o	numeric__receptor_only__y753_chi1	0.0	0.0
receptor_only_geometry	receptor_grouped_5fold	0	Gi/o	numeric__receptor_only__y753_chi2	0.0	0.0
receptor_only_geometry	receptor_grouped_5fold	0	Gi/o	numeric__receptor_only__y753_y558_distance	0.0	0.0
receptor_only_geometry	receptor_grouped_5fold	0	Gi/o	numeric__receptor_only__y753_y558_min_distance	0.0	0.0
receptor_only_geometry	receptor_grouped_5fold	0	Gi/o	numeric__receptor_only__n749_y753_distance	0.0	0.0
receptor_only_geometry	receptor_grouped_5fold	0	Gi/o	numeric__receptor_only__npxxy_local_spread	-0.04786440832390215	0.04786440832390215
receptor_only_geometry	receptor_grouped_5fold	0	Gi/o	numeric__receptor_only__y753_displacement	0.0	0.0
receptor_only_geometry	receptor_grouped_5fold	0	Gi/o	numeric__receptor_only__sodium_d250_s339_distance	0.0	0.0
receptor_only_geometry	receptor_grouped_5fold	0	Gi/o	numeric__receptor_only__sodium_d250_n745_distance	0.0	0.0
receptor_only_geometry	receptor_grouped_5fold	0	Gi/o	numeric__receptor_only__sodium_d250_s746_distance	0.0	0.0
receptor_only_geometry	receptor_grouped_5fold	0	Gi/o	numeric__receptor_only__sodium_d250_n749_distance	0.0	0.0
receptor_only_geometry	receptor_grouped_5fold	0	Gi/o	numeric__receptor_only__sodium_pocket_volume	0.0	0.0
receptor_only_geometry	receptor_grouped_5fold	0	Gi/o	numeric__receptor_only__sodium_pocket_spread	0.0	0.0
receptor_only_geometry	receptor_grouped_5fold	0	Gi/o	numeric__receptor_only__tm7_rotation	0.0	0.0
receptor_only_geometry	receptor_grouped_5fold	0	Gi/o	numeric__receptor_only__icl2_generic_ca_count	0.0	0.0
receptor_only_geometry	receptor_grouped_5fold	0	Gi/o	numeric__receptor_only__icl2_end_to_end_distance	0.0	0.0
receptor_only_geometry	receptor_grouped_5fold	0	Gi/o	numeric__receptor_only__icl2_centroid_to_r350	0.0	0.0
receptor_only_geometry	receptor_grouped_5fold	0	Gi/o	numeric__receptor_only__icl2_centroid_to_tm5_561	-0.9206131805287129	0.9206131805287129
receptor_only_geometry	receptor_grouped_5fold	0	Gi/o	numeric__receptor_only__icl2_centroid_to_tm6_634	0.0	0.0
receptor_only_geometry	receptor_grouped_5fold	0	Gi/o	numeric__receptor_only__icl2_centroid_to_tm7_753	0.0	0.0
receptor_only_geometry	receptor_grouped_5fold	0	Gi/o	numeric__receptor_only__icl2_axis_tm3_angle	0.0	0.0
receptor_only_geometry	receptor_grouped_5fold	0	Gi/o	numeric__receptor_only__icl2_axis_tm5_angle	0.0	0.0
receptor_only_geometry	receptor_grouped_5fold	0	Gi/o	numeric__receptor_only__icl2_active_reference_displacement	0.0	0.0
receptor_only_geometry	receptor_grouped_5fold	0	Gi/o	numeric__receptor_only__tm5_cytoplasmic_extension	0.0	0.0
receptor_only_geometry	receptor_grouped_5fold	0	Gi/o	numeric__receptor_only__tm5_cytoplasmic_kink	0.0	0.0
receptor_only_geometry	receptor_grouped_5fold	0	Gi/o	numeric__receptor_only__tm5_r350_561_distance	0.0	0.0
receptor_only_geometry	receptor_grouped_5fold	0	Gi/o	numeric__receptor_only__tm5_r350_564_distance	0.0	0.0
receptor_only_geometry	receptor_grouped_5fold	0	Gi/o	numeric__receptor_only__tm5_tm6_cavity_distance	0.0	0.0
receptor_only_geometry	receptor_grouped_5fold	0	Gi/o	numeric__receptor_only__tm5_axis_tm3_angle	0.0	0.0
receptor_only_geometry	receptor_grouped_5fold	0	Gi/o	numeric__receptor_only__tm6_lower_upper_kink	0.0	0.0
receptor_only_geometry	receptor_grouped_5fold	0	Gi/o	numeric__receptor_only__tm6_axis_tm3_angle	0.0	0.0
receptor_only_geometry	receptor_grouped_5fold	0	Gi/o	numeric__receptor_only__tm6_tm7_cavity_distance	0.0	0.0
receptor_only_geometry	receptor_grouped_5fold	0	Gi/o	numeric__receptor_only__tm7_h8_angle	0.0	0.0
receptor_only_geometry	receptor_grouped_5fold	0	Gi/o	numeric__receptor_only__h8_end_to_end_distance	0.0	0.0
receptor_only_geometry	receptor_grouped_5fold	0	Gi/o	numeric__receptor_only__h8_r350_distance	0.0	0.0
receptor_only_geometry	receptor_grouped_5fold	0	Gi/o	numeric__receptor_only__h8_tm6_distance	0.0	0.0
receptor_only_geometry	receptor_grouped_5fold	0	Gi/o	numeric__receptor_only__icl2_helix_fraction	0.0	0.0
receptor_only_geometry	receptor_grouped_5fold	0	Gi/o	numeric__receptor_only__icl2_longest_helix	-0.1877051503801096	0.1877051503801096
receptor_only_geometry	receptor_grouped_5fold	0	Gi/o	numeric__receptor_only__icl2_mean_phi	0.0	0.0
receptor_only_geometry	receptor_grouped_5fold	0	Gi/o	numeric__receptor_only__icl2_mean_psi	0.0	0.0
receptor_only_geometry	receptor_grouped_5fold	0	Gi/o	numeric__receptor_only__intracellular_cavity_core_volume	0.0	0.0
receptor_only_geometry	receptor_grouped_5fold	0	Gi/o	numeric__receptor_only__intracellular_cavity_core_mouth_area	0.0	0.0
receptor_only_geometry	receptor_grouped_5fold	0	Gi/o	numeric__receptor_only__intracellular_cavity_core_depth	0.0	0.0
receptor_only_geometry	receptor_grouped_5fold	0	Gi/o	numeric__receptor_only__intracellular_cavity_core_maximum_width	0.0	0.0
receptor_only_geometry	receptor_grouped_5fold	0	Gi/o	numeric__receptor_only__intracellular_cavity_core_average_cross_section	0.0	0.0
receptor_only_geometry	receptor_grouped_5fold	0	Gi/o	numeric__receptor_only__intracellular_cavity_core_bottleneck_area	0.0	0.0
receptor_only_geometry	receptor_grouped_5fold	0	Gi/o	numeric__receptor_only__intracellular_cavity_core_bottleneck_radius	0.0	0.0
receptor_only_geometry	receptor_grouped_5fold	0	Gi/o	numeric__receptor_only__intracellular_cavity_core_max_inscribed_radius	0.0	0.0
receptor_only_geometry	receptor_grouped_5fold	0	Gi/o	numeric__receptor_only__intracellular_cavity_core_surface_area	0.0	0.0
receptor_only_geometry	receptor_grouped_5fold	0	Gi/o	numeric__receptor_only__intracellular_cavity_core_centroid_x	0.0	0.0
receptor_only_geometry	receptor_grouped_5fold	0	Gi/o	numeric__receptor_only__intracellular_cavity_core_centroid_y	0.0	0.0
receptor_only_geometry	receptor_grouped_5fold	0	Gi/o	numeric__receptor_only__intracellular_cavity_core_centroid_z	0.0	0.0
receptor_only_geometry	receptor_grouped_5fold	0	Gi/o	numeric__receptor_only__intracellular_cavity_core_principal_length_1	0.0	0.0
receptor_only_geometry	receptor_grouped_5fold	0	Gi/o	numeric__receptor_only__intracellular_cavity_core_principal_length_2	0.0	0.0
receptor_only_geometry	receptor_grouped_5fold	0	Gi/o	numeric__receptor_only__intracellular_cavity_core_principal_length_3	0.0	0.0
receptor_only_geometry	receptor_grouped_5fold	0	Gi/o	numeric__receptor_only__intracellular_cavity_core_principal_axis_1_z_alignment	0.0	0.0
receptor_only_geometry	receptor_grouped_5fold	0	Gi/o	numeric__receptor_only__intracellular_cavity_core_eccentricity	0.0	0.0
receptor_only_geometry	receptor_grouped_5fold	0	Gi/o	numeric__receptor_only__intracellular_cavity_core_sphericity	0.0	0.0
receptor_only_geometry	receptor_grouped_5fold	0	Gi/o	numeric__receptor_only__intracellular_cavity_core_asymmetry	0.0	0.0
receptor_only_geometry	receptor_grouped_5fold	0	Gi/o	numeric__receptor_only__intracellular_cavity_core_tm3_side_fraction	0.0	0.0
receptor_only_geometry	receptor_grouped_5fold	0	Gi/o	numeric__receptor_only__intracellular_cavity_core_tm6_side_fraction	0.0	0.0
receptor_only_geometry	receptor_grouped_5fold	0	Gi/o	numeric__receptor_only__intracellular_cavity_core_tm5_side_fraction	0.05361718430307269	0.05361718430307269
receptor_only_geometry	receptor_grouped_5fold	0	Gi/o	numeric__receptor_only__intracellular_cavity_core_tm7_side_fraction	-0.053617184303065835	0.053617184303065835
receptor_only_geometry	receptor_grouped_5fold	0	Gi/o	numeric__receptor_only__intracellular_cavity_core_wall_fraction_h8	0.0	0.0
receptor_only_geometry	receptor_grouped_5fold	0	Gi/o	numeric__receptor_only__intracellular_cavity_core_wall_fraction_icl2	0.0	0.0
receptor_only_geometry	receptor_grouped_5fold	0	Gi/o	numeric__receptor_only__intracellular_cavity_core_wall_fraction_tm3	0.0	0.0
receptor_only_geometry	receptor_grouped_5fold	0	Gi/o	numeric__receptor_only__intracellular_cavity_core_wall_fraction_tm7	0.0	0.0
receptor_only_geometry	receptor_grouped_5fold	0	Gq/11	numeric__receptor_only__activation_consensus_score	0.0	0.0
receptor_only_geometry	receptor_grouped_5fold	0	Gq/11	numeric__receptor_only__tm6_r350_634_distance	0.0	0.0
receptor_only_geometry	receptor_grouped_5fold	0	Gq/11	numeric__receptor_only__tm6_aligned_displacement	0.0	0.0
receptor_only_geometry	receptor_grouped_5fold	0	Gq/11	numeric__receptor_only__tm7_displacement	0.0	0.0
receptor_only_geometry	receptor_grouped_5fold	0	Gq/11	numeric__receptor_only__tm3_tm7_distance	0.0	0.0
receptor_only_geometry	receptor_grouped_5fold	0	Gq/11	numeric__receptor_only__tm6_r350_630_distance	0.0	0.0
receptor_only_geometry	receptor_grouped_5fold	0	Gq/11	numeric__receptor_only__dry_r350_630_min_distance	0.0	0.0
receptor_only_geometry	receptor_grouped_5fold	0	Gq/11	numeric__receptor_only__dry_r350_630_ca_distance	0.0	0.0
receptor_only_geometry	receptor_grouped_5fold	0	Gq/11	numeric__receptor_only__dry_d349_r350_min_distance	0.0	0.0
receptor_only_geometry	receptor_grouped_5fold	0	Gq/11	numeric__receptor_only__r350_chi1	0.0	0.0
receptor_only_geometry	receptor_grouped_5fold	0	Gq/11	numeric__receptor_only__r350_chi2	0.0	0.0
receptor_only_geometry	receptor_grouped_5fold	0	Gq/11	numeric__receptor_only__pif_550_340_distance	0.0	0.0
receptor_only_geometry	receptor_grouped_5fold	0	Gq/11	numeric__receptor_only__pif_340_644_distance	0.0	0.0
receptor_only_geometry	receptor_grouped_5fold	0	Gq/11	numeric__receptor_only__pif_550_644_distance	0.0	0.0
receptor_only_geometry	receptor_grouped_5fold	0	Gq/11	numeric__receptor_only__pif_550_340_min_distance	0.0	0.0
receptor_only_geometry	receptor_grouped_5fold	0	Gq/11	numeric__receptor_only__pif_340_644_min_distance	0.0	0.0
receptor_only_geometry	receptor_grouped_5fold	0	Gq/11	numeric__receptor_only__pif_550_644_min_distance	0.0	0.0
receptor_only_geometry	receptor_grouped_5fold	0	Gq/11	numeric__receptor_only__pif_triangle_perimeter	0.0	0.0
receptor_only_geometry	receptor_grouped_5fold	0	Gq/11	numeric__receptor_only__position_644_chi1	0.0	0.0
receptor_only_geometry	receptor_grouped_5fold	0	Gq/11	numeric__receptor_only__position_644_chi2	-0.4235044259171967	0.4235044259171967
receptor_only_geometry	receptor_grouped_5fold	0	Gq/11	numeric__receptor_only__w648_chi1	0.0	0.0
receptor_only_geometry	receptor_grouped_5fold	0	Gq/11	numeric__receptor_only__w648_chi2	0.0	0.0
receptor_only_geometry	receptor_grouped_5fold	0	Gq/11	numeric__receptor_only__w648_displacement	0.0	0.0
receptor_only_geometry	receptor_grouped_5fold	0	Gq/11	numeric__receptor_only__w648_to_644_distance	0.0	0.0
receptor_only_geometry	receptor_grouped_5fold	0	Gq/11	numeric__receptor_only__cwxp_647_650_distance	0.0	0.0
receptor_only_geometry	receptor_grouped_5fold	0	Gq/11	numeric__receptor_only__y753_chi1	0.0	0.0
receptor_only_geometry	receptor_grouped_5fold	0	Gq/11	numeric__receptor_only__y753_chi2	0.0	0.0
receptor_only_geometry	receptor_grouped_5fold	0	Gq/11	numeric__receptor_only__y753_y558_distance	0.0	0.0
receptor_only_geometry	receptor_grouped_5fold	0	Gq/11	numeric__receptor_only__y753_y558_min_distance	0.0	0.0
receptor_only_geometry	receptor_grouped_5fold	0	Gq/11	numeric__receptor_only__n749_y753_distance	0.0	0.0
receptor_only_geometry	receptor_grouped_5fold	0	Gq/11	numeric__receptor_only__npxxy_local_spread	0.0	0.0
receptor_only_geometry	receptor_grouped_5fold	0	Gq/11	numeric__receptor_only__y753_displacement	0.0	0.0
receptor_only_geometry	receptor_grouped_5fold	0	Gq/11	numeric__receptor_only__sodium_d250_s339_distance	0.0	0.0
receptor_only_geometry	receptor_grouped_5fold	0	Gq/11	numeric__receptor_only__sodium_d250_n745_distance	0.0	0.0
receptor_only_geometry	receptor_grouped_5fold	0	Gq/11	numeric__receptor_only__sodium_d250_s746_distance	0.0	0.0
receptor_only_geometry	receptor_grouped_5fold	0	Gq/11	numeric__receptor_only__sodium_d250_n749_distance	0.0	0.0
receptor_only_geometry	receptor_grouped_5fold	0	Gq/11	numeric__receptor_only__sodium_pocket_volume	0.0	0.0
receptor_only_geometry	receptor_grouped_5fold	0	Gq/11	numeric__receptor_only__sodium_pocket_spread	0.0	0.0
receptor_only_geometry	receptor_grouped_5fold	0	Gq/11	numeric__receptor_only__tm7_rotation	0.0	0.0
receptor_only_geometry	receptor_grouped_5fold	0	Gq/11	numeric__receptor_only__icl2_generic_ca_count	0.0	0.0
receptor_only_geometry	receptor_grouped_5fold	0	Gq/11	numeric__receptor_only__icl2_end_to_end_distance	0.0	0.0
receptor_only_geometry	receptor_grouped_5fold	0	Gq/11	numeric__receptor_only__icl2_centroid_to_r350	0.0	0.0
receptor_only_geometry	receptor_grouped_5fold	0	Gq/11	numeric__receptor_only__icl2_centroid_to_tm5_561	0.0	0.0
receptor_only_geometry	receptor_grouped_5fold	0	Gq/11	numeric__receptor_only__icl2_centroid_to_tm6_634	0.0	0.0
receptor_only_geometry	receptor_grouped_5fold	0	Gq/11	numeric__receptor_only__icl2_centroid_to_tm7_753	0.0	0.0
receptor_only_geometry	receptor_grouped_5fold	0	Gq/11	numeric__receptor_only__icl2_axis_tm3_angle	0.0	0.0
receptor_only_geometry	receptor_grouped_5fold	0	Gq/11	numeric__receptor_only__icl2_axis_tm5_angle	0.0	0.0
receptor_only_geometry	receptor_grouped_5fold	0	Gq/11	numeric__receptor_only__icl2_active_reference_displacement	0.0	0.0
receptor_only_geometry	receptor_grouped_5fold	0	Gq/11	numeric__receptor_only__tm5_cytoplasmic_extension	0.0	0.0
receptor_only_geometry	receptor_grouped_5fold	0	Gq/11	numeric__receptor_only__tm5_cytoplasmic_kink	0.0	0.0
receptor_only_geometry	receptor_grouped_5fold	0	Gq/11	numeric__receptor_only__tm5_r350_561_distance	0.0	0.0
receptor_only_geometry	receptor_grouped_5fold	0	Gq/11	numeric__receptor_only__tm5_r350_564_distance	0.0	0.0
receptor_only_geometry	receptor_grouped_5fold	0	Gq/11	numeric__receptor_only__tm5_tm6_cavity_distance	0.16432804027259287	0.16432804027259287
receptor_only_geometry	receptor_grouped_5fold	0	Gq/11	numeric__receptor_only__tm5_axis_tm3_angle	0.0	0.0
receptor_only_geometry	receptor_grouped_5fold	0	Gq/11	numeric__receptor_only__tm6_lower_upper_kink	0.0	0.0
receptor_only_geometry	receptor_grouped_5fold	0	Gq/11	numeric__receptor_only__tm6_axis_tm3_angle	0.0	0.0
receptor_only_geometry	receptor_grouped_5fold	0	Gq/11	numeric__receptor_only__tm6_tm7_cavity_distance	0.0	0.0
receptor_only_geometry	receptor_grouped_5fold	0	Gq/11	numeric__receptor_only__tm7_h8_angle	0.0	0.0
receptor_only_geometry	receptor_grouped_5fold	0	Gq/11	numeric__receptor_only__h8_end_to_end_distance	0.0	0.0
receptor_only_geometry	receptor_grouped_5fold	0	Gq/11	numeric__receptor_only__h8_r350_distance	0.0	0.0
receptor_only_geometry	receptor_grouped_5fold	0	Gq/11	numeric__receptor_only__h8_tm6_distance	0.0	0.0
receptor_only_geometry	receptor_grouped_5fold	0	Gq/11	numeric__receptor_only__icl2_helix_fraction	0.0	0.0
receptor_only_geometry	receptor_grouped_5fold	0	Gq/11	numeric__receptor_only__icl2_longest_helix	0.0	0.0
receptor_only_geometry	receptor_grouped_5fold	0	Gq/11	numeric__receptor_only__icl2_mean_phi	0.0	0.0
receptor_only_geometry	receptor_grouped_5fold	0	Gq/11	numeric__receptor_only__icl2_mean_psi	0.0	0.0
receptor_only_geometry	receptor_grouped_5fold	0	Gq/11	numeric__receptor_only__intracellular_cavity_core_volume	0.0	0.0
receptor_only_geometry	receptor_grouped_5fold	0	Gq/11	numeric__receptor_only__intracellular_cavity_core_mouth_area	0.0	0.0
receptor_only_geometry	receptor_grouped_5fold	0	Gq/11	numeric__receptor_only__intracellular_cavity_core_depth	0.0	0.0
receptor_only_geometry	receptor_grouped_5fold	0	Gq/11	numeric__receptor_only__intracellular_cavity_core_maximum_width	0.0	0.0
receptor_only_geometry	receptor_grouped_5fold	0	Gq/11	numeric__receptor_only__intracellular_cavity_core_average_cross_section	0.0	0.0
receptor_only_geometry	receptor_grouped_5fold	0	Gq/11	numeric__receptor_only__intracellular_cavity_core_bottleneck_area	0.0	0.0
receptor_only_geometry	receptor_grouped_5fold	0	Gq/11	numeric__receptor_only__intracellular_cavity_core_bottleneck_radius	0.0	0.0
receptor_only_geometry	receptor_grouped_5fold	0	Gq/11	numeric__receptor_only__intracellular_cavity_core_max_inscribed_radius	0.0	0.0
receptor_only_geometry	receptor_grouped_5fold	0	Gq/11	numeric__receptor_only__intracellular_cavity_core_surface_area	0.0	0.0
receptor_only_geometry	receptor_grouped_5fold	0	Gq/11	numeric__receptor_only__intracellular_cavity_core_centroid_x	0.0	0.0
receptor_only_geometry	receptor_grouped_5fold	0	Gq/11	numeric__receptor_only__intracellular_cavity_core_centroid_y	0.0	0.0
receptor_only_geometry	receptor_grouped_5fold	0	Gq/11	numeric__receptor_only__intracellular_cavity_core_centroid_z	0.0	0.0
receptor_only_geometry	receptor_grouped_5fold	0	Gq/11	numeric__receptor_only__intracellular_cavity_core_principal_length_1	0.0	0.0
receptor_only_geometry	receptor_grouped_5fold	0	Gq/11	numeric__receptor_only__intracellular_cavity_core_principal_length_2	0.0	0.0
receptor_only_geometry	receptor_grouped_5fold	0	Gq/11	numeric__receptor_only__intracellular_cavity_core_principal_length_3	0.0	0.0
receptor_only_geometry	receptor_grouped_5fold	0	Gq/11	numeric__receptor_only__intracellular_cavity_core_principal_axis_1_z_alignment	0.0	0.0
receptor_only_geometry	receptor_grouped_5fold	0	Gq/11	numeric__receptor_only__intracellular_cavity_core_eccentricity	0.0	0.0
receptor_only_geometry	receptor_grouped_5fold	0	Gq/11	numeric__receptor_only__intracellular_cavity_core_sphericity	0.0	0.0
receptor_only_geometry	receptor_grouped_5fold	0	Gq/11	numeric__receptor_only__intracellular_cavity_core_asymmetry	0.0	0.0
receptor_only_geometry	receptor_grouped_5fold	0	Gq/11	numeric__receptor_only__intracellular_cavity_core_tm3_side_fraction	0.0	0.0
receptor_only_geometry	receptor_grouped_5fold	0	Gq/11	numeric__receptor_only__intracellular_cavity_core_tm6_side_fraction	0.0	0.0
receptor_only_geometry	receptor_grouped_5fold	0	Gq/11	numeric__receptor_only__intracellular_cavity_core_tm5_side_fraction	0.0	0.0
receptor_only_geometry	receptor_grouped_5fold	0	Gq/11	numeric__receptor_only__intracellular_cavity_core_tm7_side_fraction	0.0	0.0
receptor_only_geometry	receptor_grouped_5fold	0	Gq/11	numeric__receptor_only__intracellular_cavity_core_wall_fraction_h8	0.0	0.0
receptor_only_geometry	receptor_grouped_5fold	0	Gq/11	numeric__receptor_only__intracellular_cavity_core_wall_fraction_icl2	0.0	0.0
receptor_only_geometry	receptor_grouped_5fold	0	Gq/11	numeric__receptor_only__intracellular_cavity_core_wall_fraction_tm3	0.0	0.0
receptor_only_geometry	receptor_grouped_5fold	0	Gq/11	numeric__receptor_only__intracellular_cavity_core_wall_fraction_tm7	0.0	0.0
receptor_only_geometry	receptor_grouped_5fold	0	Gs	numeric__receptor_only__activation_consensus_score	0.0	0.0
receptor_only_geometry	receptor_grouped_5fold	0	Gs	numeric__receptor_only__tm6_r350_634_distance	0.0	0.0
receptor_only_geometry	receptor_grouped_5fold	0	Gs	numeric__receptor_only__tm6_aligned_displacement	0.0	0.0
receptor_only_geometry	receptor_grouped_5fold	0	Gs	numeric__receptor_only__tm7_displacement	0.0	0.0
receptor_only_geometry	receptor_grouped_5fold	0	Gs	numeric__receptor_only__tm3_tm7_distance	0.0	0.0
receptor_only_geometry	receptor_grouped_5fold	0	Gs	numeric__receptor_only__tm6_r350_630_distance	0.0	0.0
receptor_only_geometry	receptor_grouped_5fold	0	Gs	numeric__receptor_only__dry_r350_630_min_distance	0.0	0.0
receptor_only_geometry	receptor_grouped_5fold	0	Gs	numeric__receptor_only__dry_r350_630_ca_distance	0.0	0.0
receptor_only_geometry	receptor_grouped_5fold	0	Gs	numeric__receptor_only__dry_d349_r350_min_distance	0.0	0.0
receptor_only_geometry	receptor_grouped_5fold	0	Gs	numeric__receptor_only__r350_chi1	0.0	0.0
receptor_only_geometry	receptor_grouped_5fold	0	Gs	numeric__receptor_only__r350_chi2	0.0	0.0
receptor_only_geometry	receptor_grouped_5fold	0	Gs	numeric__receptor_only__pif_550_340_distance	0.0	0.0
receptor_only_geometry	receptor_grouped_5fold	0	Gs	numeric__receptor_only__pif_340_644_distance	0.0	0.0
receptor_only_geometry	receptor_grouped_5fold	0	Gs	numeric__receptor_only__pif_550_644_distance	0.0	0.0
receptor_only_geometry	receptor_grouped_5fold	0	Gs	numeric__receptor_only__pif_550_340_min_distance	0.0	0.0
receptor_only_geometry	receptor_grouped_5fold	0	Gs	numeric__receptor_only__pif_340_644_min_distance	0.0	0.0
receptor_only_geometry	receptor_grouped_5fold	0	Gs	numeric__receptor_only__pif_550_644_min_distance	0.0	0.0
receptor_only_geometry	receptor_grouped_5fold	0	Gs	numeric__receptor_only__pif_triangle_perimeter	0.0	0.0
receptor_only_geometry	receptor_grouped_5fold	0	Gs	numeric__receptor_only__position_644_chi1	0.0	0.0
receptor_only_geometry	receptor_grouped_5fold	0	Gs	numeric__receptor_only__position_644_chi2	0.0	0.0
receptor_only_geometry	receptor_grouped_5fold	0	Gs	numeric__receptor_only__w648_chi1	0.0	0.0
receptor_only_geometry	receptor_grouped_5fold	0	Gs	numeric__receptor_only__w648_chi2	0.0	0.0
receptor_only_geometry	receptor_grouped_5fold	0	Gs	numeric__receptor_only__w648_displacement	0.0	0.0
receptor_only_geometry	receptor_grouped_5fold	0	Gs	numeric__receptor_only__w648_to_644_distance	0.0	0.0
receptor_only_geometry	receptor_grouped_5fold	0	Gs	numeric__receptor_only__cwxp_647_650_distance	0.0	0.0
receptor_only_geometry	receptor_grouped_5fold	0	Gs	numeric__receptor_only__y753_chi1	0.0	0.0
receptor_only_geometry	receptor_grouped_5fold	0	Gs	numeric__receptor_only__y753_chi2	0.0	0.0
receptor_only_geometry	receptor_grouped_5fold	0	Gs	numeric__receptor_only__y753_y558_distance	0.0	0.0
receptor_only_geometry	receptor_grouped_5fold	0	Gs	numeric__receptor_only__y753_y558_min_distance	0.0	0.0
receptor_only_geometry	receptor_grouped_5fold	0	Gs	numeric__receptor_only__n749_y753_distance	0.0	0.0
receptor_only_geometry	receptor_grouped_5fold	0	Gs	numeric__receptor_only__npxxy_local_spread	0.0	0.0
receptor_only_geometry	receptor_grouped_5fold	0	Gs	numeric__receptor_only__y753_displacement	0.0	0.0
receptor_only_geometry	receptor_grouped_5fold	0	Gs	numeric__receptor_only__sodium_d250_s339_distance	0.0	0.0
receptor_only_geometry	receptor_grouped_5fold	0	Gs	numeric__receptor_only__sodium_d250_n745_distance	0.0	0.0
receptor_only_geometry	receptor_grouped_5fold	0	Gs	numeric__receptor_only__sodium_d250_s746_distance	0.0	0.0
receptor_only_geometry	receptor_grouped_5fold	0	Gs	numeric__receptor_only__sodium_d250_n749_distance	0.0	0.0
receptor_only_geometry	receptor_grouped_5fold	0	Gs	numeric__receptor_only__sodium_pocket_volume	0.0	0.0
receptor_only_geometry	receptor_grouped_5fold	0	Gs	numeric__receptor_only__sodium_pocket_spread	0.0	0.0
receptor_only_geometry	receptor_grouped_5fold	0	Gs	numeric__receptor_only__tm7_rotation	0.0	0.0
receptor_only_geometry	receptor_grouped_5fold	0	Gs	numeric__receptor_only__icl2_generic_ca_count	0.0	0.0
receptor_only_geometry	receptor_grouped_5fold	0	Gs	numeric__receptor_only__icl2_end_to_end_distance	0.0	0.0
receptor_only_geometry	receptor_grouped_5fold	0	Gs	numeric__receptor_only__icl2_centroid_to_r350	0.0	0.0
receptor_only_geometry	receptor_grouped_5fold	0	Gs	numeric__receptor_only__icl2_centroid_to_tm5_561	0.0	0.0
receptor_only_geometry	receptor_grouped_5fold	0	Gs	numeric__receptor_only__icl2_centroid_to_tm6_634	0.0	0.0
receptor_only_geometry	receptor_grouped_5fold	0	Gs	numeric__receptor_only__icl2_centroid_to_tm7_753	0.0	0.0
receptor_only_geometry	receptor_grouped_5fold	0	Gs	numeric__receptor_only__icl2_axis_tm3_angle	-0.04676049962245991	0.04676049962245991
receptor_only_geometry	receptor_grouped_5fold	0	Gs	numeric__receptor_only__icl2_axis_tm5_angle	0.0	0.0
receptor_only_geometry	receptor_grouped_5fold	0	Gs	numeric__receptor_only__icl2_active_reference_displacement	0.0	0.0
receptor_only_geometry	receptor_grouped_5fold	0	Gs	numeric__receptor_only__tm5_cytoplasmic_extension	0.45171426198190073	0.45171426198190073
receptor_only_geometry	receptor_grouped_5fold	0	Gs	numeric__receptor_only__tm5_cytoplasmic_kink	0.0	0.0
receptor_only_geometry	receptor_grouped_5fold	0	Gs	numeric__receptor_only__tm5_r350_561_distance	0.0	0.0
receptor_only_geometry	receptor_grouped_5fold	0	Gs	numeric__receptor_only__tm5_r350_564_distance	0.0	0.0
receptor_only_geometry	receptor_grouped_5fold	0	Gs	numeric__receptor_only__tm5_tm6_cavity_distance	0.0	0.0
receptor_only_geometry	receptor_grouped_5fold	0	Gs	numeric__receptor_only__tm5_axis_tm3_angle	0.0	0.0
receptor_only_geometry	receptor_grouped_5fold	0	Gs	numeric__receptor_only__tm6_lower_upper_kink	0.9732192500420365	0.9732192500420365
receptor_only_geometry	receptor_grouped_5fold	0	Gs	numeric__receptor_only__tm6_axis_tm3_angle	0.0	0.0
receptor_only_geometry	receptor_grouped_5fold	0	Gs	numeric__receptor_only__tm6_tm7_cavity_distance	0.0	0.0
receptor_only_geometry	receptor_grouped_5fold	0	Gs	numeric__receptor_only__tm7_h8_angle	0.0	0.0
receptor_only_geometry	receptor_grouped_5fold	0	Gs	numeric__receptor_only__h8_end_to_end_distance	0.0	0.0
receptor_only_geometry	receptor_grouped_5fold	0	Gs	numeric__receptor_only__h8_r350_distance	0.0	0.0
receptor_only_geometry	receptor_grouped_5fold	0	Gs	numeric__receptor_only__h8_tm6_distance	0.0	0.0
receptor_only_geometry	receptor_grouped_5fold	0	Gs	numeric__receptor_only__icl2_helix_fraction	0.0	0.0
receptor_only_geometry	receptor_grouped_5fold	0	Gs	numeric__receptor_only__icl2_longest_helix	0.0	0.0
receptor_only_geometry	receptor_grouped_5fold	0	Gs	numeric__receptor_only__icl2_mean_phi	0.0	0.0
receptor_only_geometry	receptor_grouped_5fold	0	Gs	numeric__receptor_only__icl2_mean_psi	0.0	0.0
receptor_only_geometry	receptor_grouped_5fold	0	Gs	numeric__receptor_only__intracellular_cavity_core_volume	0.0	0.0
receptor_only_geometry	receptor_grouped_5fold	0	Gs	numeric__receptor_only__intracellular_cavity_core_mouth_area	0.0	0.0
receptor_only_geometry	receptor_grouped_5fold	0	Gs	numeric__receptor_only__intracellular_cavity_core_depth	0.0	0.0
receptor_only_geometry	receptor_grouped_5fold	0	Gs	numeric__receptor_only__intracellular_cavity_core_maximum_width	0.0	0.0
receptor_only_geometry	receptor_grouped_5fold	0	Gs	numeric__receptor_only__intracellular_cavity_core_average_cross_section	0.0	0.0
receptor_only_geometry	receptor_grouped_5fold	0	Gs	numeric__receptor_only__intracellular_cavity_core_bottleneck_area	0.0	0.0
receptor_only_geometry	receptor_grouped_5fold	0	Gs	numeric__receptor_only__intracellular_cavity_core_bottleneck_radius	0.0	0.0
receptor_only_geometry	receptor_grouped_5fold	0	Gs	numeric__receptor_only__intracellular_cavity_core_max_inscribed_radius	0.0	0.0
receptor_only_geometry	receptor_grouped_5fold	0	Gs	numeric__receptor_only__intracellular_cavity_core_surface_area	0.0	0.0
receptor_only_geometry	receptor_grouped_5fold	0	Gs	numeric__receptor_only__intracellular_cavity_core_centroid_x	0.0	0.0
receptor_only_geometry	receptor_grouped_5fold	0	Gs	numeric__receptor_only__intracellular_cavity_core_centroid_y	-0.4599027301212169	0.4599027301212169
receptor_only_geometry	receptor_grouped_5fold	0	Gs	numeric__receptor_only__intracellular_cavity_core_centroid_z	0.0	0.0
receptor_only_geometry	receptor_grouped_5fold	0	Gs	numeric__receptor_only__intracellular_cavity_core_principal_length_1	0.0	0.0
receptor_only_geometry	receptor_grouped_5fold	0	Gs	numeric__receptor_only__intracellular_cavity_core_principal_length_2	0.0	0.0
receptor_only_geometry	receptor_grouped_5fold	0	Gs	numeric__receptor_only__intracellular_cavity_core_principal_length_3	0.0	0.0
receptor_only_geometry	receptor_grouped_5fold	0	Gs	numeric__receptor_only__intracellular_cavity_core_principal_axis_1_z_alignment	0.0	0.0
receptor_only_geometry	receptor_grouped_5fold	0	Gs	numeric__receptor_only__intracellular_cavity_core_eccentricity	0.0	0.0
receptor_only_geometry	receptor_grouped_5fold	0	Gs	numeric__receptor_only__intracellular_cavity_core_sphericity	0.0	0.0
receptor_only_geometry	receptor_grouped_5fold	0	Gs	numeric__receptor_only__intracellular_cavity_core_asymmetry	0.0	0.0
receptor_only_geometry	receptor_grouped_5fold	0	Gs	numeric__receptor_only__intracellular_cavity_core_tm3_side_fraction	0.0	0.0
receptor_only_geometry	receptor_grouped_5fold	0	Gs	numeric__receptor_only__intracellular_cavity_core_tm6_side_fraction	0.0	0.0
receptor_only_geometry	receptor_grouped_5fold	0	Gs	numeric__receptor_only__intracellular_cavity_core_tm5_side_fraction	0.0	0.0
receptor_only_geometry	receptor_grouped_5fold	0	Gs	numeric__receptor_only__intracellular_cavity_core_tm7_side_fraction	0.0	0.0
receptor_only_geometry	receptor_grouped_5fold	0	Gs	numeric__receptor_only__intracellular_cavity_core_wall_fraction_h8	0.0	0.0
receptor_only_geometry	receptor_grouped_5fold	0	Gs	numeric__receptor_only__intracellular_cavity_core_wall_fraction_icl2	0.0	0.0
receptor_only_geometry	receptor_grouped_5fold	0	Gs	numeric__receptor_only__intracellular_cavity_core_wall_fraction_tm3	0.0	0.0
receptor_only_geometry	receptor_grouped_5fold	0	Gs	numeric__receptor_only__intracellular_cavity_core_wall_fraction_tm7	0.0	0.0
receptor_only_geometry	receptor_grouped_5fold	1	Gi/o	numeric__receptor_only__activation_consensus_score	-0.0003729821304837122	0.0003729821304837122
receptor_only_geometry	receptor_grouped_5fold	1	Gi/o	numeric__receptor_only__tm6_r350_634_distance	0.0	0.0
receptor_only_geometry	receptor_grouped_5fold	1	Gi/o	numeric__receptor_only__tm6_aligned_displacement	-0.09940668922135598	0.09940668922135598
receptor_only_geometry	receptor_grouped_5fold	1	Gi/o	numeric__receptor_only__tm7_displacement	-0.011091397766777412	0.011091397766777412
receptor_only_geometry	receptor_grouped_5fold	1	Gi/o	numeric__receptor_only__tm3_tm7_distance	0.08250326268085865	0.08250326268085865
receptor_only_geometry	receptor_grouped_5fold	1	Gi/o	numeric__receptor_only__tm6_r350_630_distance	0.0	0.0
receptor_only_geometry	receptor_grouped_5fold	1	Gi/o	numeric__receptor_only__dry_r350_630_min_distance	0.0	0.0
receptor_only_geometry	receptor_grouped_5fold	1	Gi/o	numeric__receptor_only__dry_r350_630_ca_distance	0.0	0.0
receptor_only_geometry	receptor_grouped_5fold	1	Gi/o	numeric__receptor_only__dry_d349_r350_min_distance	0.09061427756215935	0.09061427756215935
receptor_only_geometry	receptor_grouped_5fold	1	Gi/o	numeric__receptor_only__r350_chi1	0.26310529579859165	0.26310529579859165
receptor_only_geometry	receptor_grouped_5fold	1	Gi/o	numeric__receptor_only__r350_chi2	-0.051375518431924935	0.051375518431924935
receptor_only_geometry	receptor_grouped_5fold	1	Gi/o	numeric__receptor_only__pif_550_340_distance	0.0	0.0
receptor_only_geometry	receptor_grouped_5fold	1	Gi/o	numeric__receptor_only__pif_340_644_distance	0.043258336822187354	0.043258336822187354
receptor_only_geometry	receptor_grouped_5fold	1	Gi/o	numeric__receptor_only__pif_550_644_distance	-0.16371243820336587	0.16371243820336587
receptor_only_geometry	receptor_grouped_5fold	1	Gi/o	numeric__receptor_only__pif_550_340_min_distance	-0.05802043556798315	0.05802043556798315
receptor_only_geometry	receptor_grouped_5fold	1	Gi/o	numeric__receptor_only__pif_340_644_min_distance	0.0	0.0
receptor_only_geometry	receptor_grouped_5fold	1	Gi/o	numeric__receptor_only__pif_550_644_min_distance	-0.0003855209399844049	0.0003855209399844049
receptor_only_geometry	receptor_grouped_5fold	1	Gi/o	numeric__receptor_only__pif_triangle_perimeter	-0.011191779760337703	0.011191779760337703
receptor_only_geometry	receptor_grouped_5fold	1	Gi/o	numeric__receptor_only__position_644_chi1	0.0	0.0
receptor_only_geometry	receptor_grouped_5fold	1	Gi/o	numeric__receptor_only__position_644_chi2	0.044118082208316645	0.044118082208316645
receptor_only_geometry	receptor_grouped_5fold	1	Gi/o	numeric__receptor_only__w648_chi1	0.0	0.0
receptor_only_geometry	receptor_grouped_5fold	1	Gi/o	numeric__receptor_only__w648_chi2	0.0	0.0
receptor_only_geometry	receptor_grouped_5fold	1	Gi/o	numeric__receptor_only__w648_displacement	0.0	0.0
receptor_only_geometry	receptor_grouped_5fold	1	Gi/o	numeric__receptor_only__w648_to_644_distance	0.0	0.0
receptor_only_geometry	receptor_grouped_5fold	1	Gi/o	numeric__receptor_only__cwxp_647_650_distance	0.0	0.0
receptor_only_geometry	receptor_grouped_5fold	1	Gi/o	numeric__receptor_only__y753_chi1	0.0	0.0
receptor_only_geometry	receptor_grouped_5fold	1	Gi/o	numeric__receptor_only__y753_chi2	0.04060817490307371	0.04060817490307371
receptor_only_geometry	receptor_grouped_5fold	1	Gi/o	numeric__receptor_only__y753_y558_distance	0.0	0.0
receptor_only_geometry	receptor_grouped_5fold	1	Gi/o	numeric__receptor_only__y753_y558_min_distance	0.0	0.0
receptor_only_geometry	receptor_grouped_5fold	1	Gi/o	numeric__receptor_only__n749_y753_distance	0.0	0.0
receptor_only_geometry	receptor_grouped_5fold	1	Gi/o	numeric__receptor_only__npxxy_local_spread	-0.4020313127481716	0.4020313127481716
receptor_only_geometry	receptor_grouped_5fold	1	Gi/o	numeric__receptor_only__y753_displacement	0.0	0.0
receptor_only_geometry	receptor_grouped_5fold	1	Gi/o	numeric__receptor_only__sodium_d250_s339_distance	-0.27605259715450275	0.27605259715450275
receptor_only_geometry	receptor_grouped_5fold	1	Gi/o	numeric__receptor_only__sodium_d250_n745_distance	0.0	0.0
receptor_only_geometry	receptor_grouped_5fold	1	Gi/o	numeric__receptor_only__sodium_d250_s746_distance	0.1443669035550003	0.1443669035550003
receptor_only_geometry	receptor_grouped_5fold	1	Gi/o	numeric__receptor_only__sodium_d250_n749_distance	-0.03409113082617985	0.03409113082617985
receptor_only_geometry	receptor_grouped_5fold	1	Gi/o	numeric__receptor_only__sodium_pocket_volume	0.0	0.0
receptor_only_geometry	receptor_grouped_5fold	1	Gi/o	numeric__receptor_only__sodium_pocket_spread	-0.0944823829417486	0.0944823829417486
receptor_only_geometry	receptor_grouped_5fold	1	Gi/o	numeric__receptor_only__tm7_rotation	0.0	0.0
receptor_only_geometry	receptor_grouped_5fold	1	Gi/o	numeric__receptor_only__icl2_generic_ca_count	-0.15771453439169802	0.15771453439169802
receptor_only_geometry	receptor_grouped_5fold	1	Gi/o	numeric__receptor_only__icl2_end_to_end_distance	0.0	0.0
receptor_only_geometry	receptor_grouped_5fold	1	Gi/o	numeric__receptor_only__icl2_centroid_to_r350	0.04020771130464955	0.04020771130464955
receptor_only_geometry	receptor_grouped_5fold	1	Gi/o	numeric__receptor_only__icl2_centroid_to_tm5_561	-0.2845267019938985	0.2845267019938985
receptor_only_geometry	receptor_grouped_5fold	1	Gi/o	numeric__receptor_only__icl2_centroid_to_tm6_634	0.0	0.0
receptor_only_geometry	receptor_grouped_5fold	1	Gi/o	numeric__receptor_only__icl2_centroid_to_tm7_753	0.001191171852988319	0.001191171852988319
receptor_only_geometry	receptor_grouped_5fold	1	Gi/o	numeric__receptor_only__icl2_axis_tm3_angle	0.0	0.0
receptor_only_geometry	receptor_grouped_5fold	1	Gi/o	numeric__receptor_only__icl2_axis_tm5_angle	0.1665455947893013	0.1665455947893013
receptor_only_geometry	receptor_grouped_5fold	1	Gi/o	numeric__receptor_only__icl2_active_reference_displacement	0.23796818176091383	0.23796818176091383
receptor_only_geometry	receptor_grouped_5fold	1	Gi/o	numeric__receptor_only__tm5_cytoplasmic_extension	0.0	0.0
receptor_only_geometry	receptor_grouped_5fold	1	Gi/o	numeric__receptor_only__tm5_cytoplasmic_kink	-0.15631628928202213	0.15631628928202213
receptor_only_geometry	receptor_grouped_5fold	1	Gi/o	numeric__receptor_only__tm5_r350_561_distance	-0.1737750863781855	0.1737750863781855
receptor_only_geometry	receptor_grouped_5fold	1	Gi/o	numeric__receptor_only__tm5_r350_564_distance	-0.17852194740794486	0.17852194740794486
receptor_only_geometry	receptor_grouped_5fold	1	Gi/o	numeric__receptor_only__tm5_tm6_cavity_distance	0.0	0.0
receptor_only_geometry	receptor_grouped_5fold	1	Gi/o	numeric__receptor_only__tm5_axis_tm3_angle	-0.28484043266245823	0.28484043266245823
receptor_only_geometry	receptor_grouped_5fold	1	Gi/o	numeric__receptor_only__tm6_lower_upper_kink	0.0	0.0
receptor_only_geometry	receptor_grouped_5fold	1	Gi/o	numeric__receptor_only__tm6_axis_tm3_angle	-0.001174279579014501	0.001174279579014501
receptor_only_geometry	receptor_grouped_5fold	1	Gi/o	numeric__receptor_only__tm6_tm7_cavity_distance	-0.04286501864808494	0.04286501864808494
receptor_only_geometry	receptor_grouped_5fold	1	Gi/o	numeric__receptor_only__tm7_h8_angle	0.0	0.0
receptor_only_geometry	receptor_grouped_5fold	1	Gi/o	numeric__receptor_only__h8_end_to_end_distance	0.015122741302666404	0.015122741302666404
receptor_only_geometry	receptor_grouped_5fold	1	Gi/o	numeric__receptor_only__h8_r350_distance	0.0	0.0
receptor_only_geometry	receptor_grouped_5fold	1	Gi/o	numeric__receptor_only__h8_tm6_distance	-0.25667745066673237	0.25667745066673237
receptor_only_geometry	receptor_grouped_5fold	1	Gi/o	numeric__receptor_only__icl2_helix_fraction	-0.07661606836646871	0.07661606836646871
receptor_only_geometry	receptor_grouped_5fold	1	Gi/o	numeric__receptor_only__icl2_longest_helix	-0.01922018319403202	0.01922018319403202
receptor_only_geometry	receptor_grouped_5fold	1	Gi/o	numeric__receptor_only__icl2_mean_phi	0.0	0.0
receptor_only_geometry	receptor_grouped_5fold	1	Gi/o	numeric__receptor_only__icl2_mean_psi	0.0	0.0
receptor_only_geometry	receptor_grouped_5fold	1	Gi/o	numeric__receptor_only__intracellular_cavity_core_volume	0.0	0.0
receptor_only_geometry	receptor_grouped_5fold	1	Gi/o	numeric__receptor_only__intracellular_cavity_core_mouth_area	0.0	0.0
receptor_only_geometry	receptor_grouped_5fold	1	Gi/o	numeric__receptor_only__intracellular_cavity_core_depth	0.0	0.0
receptor_only_geometry	receptor_grouped_5fold	1	Gi/o	numeric__receptor_only__intracellular_cavity_core_maximum_width	0.0	0.0
receptor_only_geometry	receptor_grouped_5fold	1	Gi/o	numeric__receptor_only__intracellular_cavity_core_average_cross_section	0.0	0.0
receptor_only_geometry	receptor_grouped_5fold	1	Gi/o	numeric__receptor_only__intracellular_cavity_core_bottleneck_area	0.023133497489751166	0.023133497489751166
receptor_only_geometry	receptor_grouped_5fold	1	Gi/o	numeric__receptor_only__intracellular_cavity_core_bottleneck_radius	0.0	0.0
receptor_only_geometry	receptor_grouped_5fold	1	Gi/o	numeric__receptor_only__intracellular_cavity_core_max_inscribed_radius	0.0	0.0
receptor_only_geometry	receptor_grouped_5fold	1	Gi/o	numeric__receptor_only__intracellular_cavity_core_surface_area	0.0	0.0
receptor_only_geometry	receptor_grouped_5fold	1	Gi/o	numeric__receptor_only__intracellular_cavity_core_centroid_x	0.0	0.0
receptor_only_geometry	receptor_grouped_5fold	1	Gi/o	numeric__receptor_only__intracellular_cavity_core_centroid_y	0.06249263762830089	0.06249263762830089
receptor_only_geometry	receptor_grouped_5fold	1	Gi/o	numeric__receptor_only__intracellular_cavity_core_centroid_z	0.0	0.0
receptor_only_geometry	receptor_grouped_5fold	1	Gi/o	numeric__receptor_only__intracellular_cavity_core_principal_length_1	0.04310244823532429	0.04310244823532429
receptor_only_geometry	receptor_grouped_5fold	1	Gi/o	numeric__receptor_only__intracellular_cavity_core_principal_length_2	0.0	0.0
receptor_only_geometry	receptor_grouped_5fold	1	Gi/o	numeric__receptor_only__intracellular_cavity_core_principal_length_3	0.0	0.0
receptor_only_geometry	receptor_grouped_5fold	1	Gi/o	numeric__receptor_only__intracellular_cavity_core_principal_axis_1_z_alignment	0.0	0.0
receptor_only_geometry	receptor_grouped_5fold	1	Gi/o	numeric__receptor_only__intracellular_cavity_core_eccentricity	0.05616763180594579	0.05616763180594579
receptor_only_geometry	receptor_grouped_5fold	1	Gi/o	numeric__receptor_only__intracellular_cavity_core_sphericity	0.0	0.0
receptor_only_geometry	receptor_grouped_5fold	1	Gi/o	numeric__receptor_only__intracellular_cavity_core_asymmetry	0.0	0.0
receptor_only_geometry	receptor_grouped_5fold	1	Gi/o	numeric__receptor_only__intracellular_cavity_core_tm3_side_fraction	0.0	0.0
receptor_only_geometry	receptor_grouped_5fold	1	Gi/o	numeric__receptor_only__intracellular_cavity_core_tm6_side_fraction	0.0	0.0
receptor_only_geometry	receptor_grouped_5fold	1	Gi/o	numeric__receptor_only__intracellular_cavity_core_tm5_side_fraction	0.18415888951826703	0.18415888951826703
receptor_only_geometry	receptor_grouped_5fold	1	Gi/o	numeric__receptor_only__intracellular_cavity_core_tm7_side_fraction	-0.1841588895182737	0.1841588895182737
receptor_only_geometry	receptor_grouped_5fold	1	Gi/o	numeric__receptor_only__intracellular_cavity_core_wall_fraction_h8	0.1691026870457878	0.1691026870457878
receptor_only_geometry	receptor_grouped_5fold	1	Gi/o	numeric__receptor_only__intracellular_cavity_core_wall_fraction_icl2	0.0	0.0
receptor_only_geometry	receptor_grouped_5fold	1	Gi/o	numeric__receptor_only__intracellular_cavity_core_wall_fraction_tm3	0.1259382402209698	0.1259382402209698
receptor_only_geometry	receptor_grouped_5fold	1	Gi/o	numeric__receptor_only__intracellular_cavity_core_wall_fraction_tm7	0.0	0.0
receptor_only_geometry	receptor_grouped_5fold	1	Gq/11	numeric__receptor_only__activation_consensus_score	0.0	0.0
receptor_only_geometry	receptor_grouped_5fold	1	Gq/11	numeric__receptor_only__tm6_r350_634_distance	0.0	0.0
receptor_only_geometry	receptor_grouped_5fold	1	Gq/11	numeric__receptor_only__tm6_aligned_displacement	0.0	0.0
receptor_only_geometry	receptor_grouped_5fold	1	Gq/11	numeric__receptor_only__tm7_displacement	0.0	0.0
receptor_only_geometry	receptor_grouped_5fold	1	Gq/11	numeric__receptor_only__tm3_tm7_distance	0.0	0.0
receptor_only_geometry	receptor_grouped_5fold	1	Gq/11	numeric__receptor_only__tm6_r350_630_distance	0.009736485298430695	0.009736485298430695
receptor_only_geometry	receptor_grouped_5fold	1	Gq/11	numeric__receptor_only__dry_r350_630_min_distance	0.0	0.0
receptor_only_geometry	receptor_grouped_5fold	1	Gq/11	numeric__receptor_only__dry_r350_630_ca_distance	0.009736485298430695	0.009736485298430695
receptor_only_geometry	receptor_grouped_5fold	1	Gq/11	numeric__receptor_only__dry_d349_r350_min_distance	-0.01215000999145198	0.01215000999145198
receptor_only_geometry	receptor_grouped_5fold	1	Gq/11	numeric__receptor_only__r350_chi1	0.0	0.0
receptor_only_geometry	receptor_grouped_5fold	1	Gq/11	numeric__receptor_only__r350_chi2	0.1904161056458834	0.1904161056458834
receptor_only_geometry	receptor_grouped_5fold	1	Gq/11	numeric__receptor_only__pif_550_340_distance	0.06724501129014923	0.06724501129014923
receptor_only_geometry	receptor_grouped_5fold	1	Gq/11	numeric__receptor_only__pif_340_644_distance	-0.18944021640881073	0.18944021640881073
receptor_only_geometry	receptor_grouped_5fold	1	Gq/11	numeric__receptor_only__pif_550_644_distance	0.2391736874979137	0.2391736874979137
receptor_only_geometry	receptor_grouped_5fold	1	Gq/11	numeric__receptor_only__pif_550_340_min_distance	0.09901115435457	0.09901115435457
receptor_only_geometry	receptor_grouped_5fold	1	Gq/11	numeric__receptor_only__pif_340_644_min_distance	0.0	0.0
receptor_only_geometry	receptor_grouped_5fold	1	Gq/11	numeric__receptor_only__pif_550_644_min_distance	0.3018728478219126	0.3018728478219126
receptor_only_geometry	receptor_grouped_5fold	1	Gq/11	numeric__receptor_only__pif_triangle_perimeter	0.09318433113373463	0.09318433113373463
receptor_only_geometry	receptor_grouped_5fold	1	Gq/11	numeric__receptor_only__position_644_chi1	0.0	0.0
receptor_only_geometry	receptor_grouped_5fold	1	Gq/11	numeric__receptor_only__position_644_chi2	-0.20274977863258808	0.20274977863258808
receptor_only_geometry	receptor_grouped_5fold	1	Gq/11	numeric__receptor_only__w648_chi1	0.0	0.0
receptor_only_geometry	receptor_grouped_5fold	1	Gq/11	numeric__receptor_only__w648_chi2	0.16598951666520398	0.16598951666520398
receptor_only_geometry	receptor_grouped_5fold	1	Gq/11	numeric__receptor_only__w648_displacement	0.0	0.0
receptor_only_geometry	receptor_grouped_5fold	1	Gq/11	numeric__receptor_only__w648_to_644_distance	0.026615995031613483	0.026615995031613483
receptor_only_geometry	receptor_grouped_5fold	1	Gq/11	numeric__receptor_only__cwxp_647_650_distance	0.0	0.0
receptor_only_geometry	receptor_grouped_5fold	1	Gq/11	numeric__receptor_only__y753_chi1	0.0	0.0
receptor_only_geometry	receptor_grouped_5fold	1	Gq/11	numeric__receptor_only__y753_chi2	-0.0907798935142892	0.0907798935142892
receptor_only_geometry	receptor_grouped_5fold	1	Gq/11	numeric__receptor_only__y753_y558_distance	0.0	0.0
receptor_only_geometry	receptor_grouped_5fold	1	Gq/11	numeric__receptor_only__y753_y558_min_distance	0.0	0.0
receptor_only_geometry	receptor_grouped_5fold	1	Gq/11	numeric__receptor_only__n749_y753_distance	-0.09565250582321735	0.09565250582321735
receptor_only_geometry	receptor_grouped_5fold	1	Gq/11	numeric__receptor_only__npxxy_local_spread	0.2999859684208236	0.2999859684208236
receptor_only_geometry	receptor_grouped_5fold	1	Gq/11	numeric__receptor_only__y753_displacement	0.0	0.0
receptor_only_geometry	receptor_grouped_5fold	1	Gq/11	numeric__receptor_only__sodium_d250_s339_distance	0.0	0.0
receptor_only_geometry	receptor_grouped_5fold	1	Gq/11	numeric__receptor_only__sodium_d250_n745_distance	0.0	0.0
receptor_only_geometry	receptor_grouped_5fold	1	Gq/11	numeric__receptor_only__sodium_d250_s746_distance	-0.29984580789551235	0.29984580789551235
receptor_only_geometry	receptor_grouped_5fold	1	Gq/11	numeric__receptor_only__sodium_d250_n749_distance	0.0	0.0
receptor_only_geometry	receptor_grouped_5fold	1	Gq/11	numeric__receptor_only__sodium_pocket_volume	0.0	0.0
receptor_only_geometry	receptor_grouped_5fold	1	Gq/11	numeric__receptor_only__sodium_pocket_spread	0.0	0.0
receptor_only_geometry	receptor_grouped_5fold	1	Gq/11	numeric__receptor_only__tm7_rotation	0.0	0.0
receptor_only_geometry	receptor_grouped_5fold	1	Gq/11	numeric__receptor_only__icl2_generic_ca_count	0.03612518107439321	0.03612518107439321
receptor_only_geometry	receptor_grouped_5fold	1	Gq/11	numeric__receptor_only__icl2_end_to_end_distance	0.0	0.0
receptor_only_geometry	receptor_grouped_5fold	1	Gq/11	numeric__receptor_only__icl2_centroid_to_r350	0.0	0.0
receptor_only_geometry	receptor_grouped_5fold	1	Gq/11	numeric__receptor_only__icl2_centroid_to_tm5_561	0.0	0.0
receptor_only_geometry	receptor_grouped_5fold	1	Gq/11	numeric__receptor_only__icl2_centroid_to_tm6_634	0.0	0.0
receptor_only_geometry	receptor_grouped_5fold	1	Gq/11	numeric__receptor_only__icl2_centroid_to_tm7_753	0.0	0.0
receptor_only_geometry	receptor_grouped_5fold	1	Gq/11	numeric__receptor_only__icl2_axis_tm3_angle	0.0	0.0
receptor_only_geometry	receptor_grouped_5fold	1	Gq/11	numeric__receptor_only__icl2_axis_tm5_angle	0.0	0.0
receptor_only_geometry	receptor_grouped_5fold	1	Gq/11	numeric__receptor_only__icl2_active_reference_displacement	0.0	0.0
receptor_only_geometry	receptor_grouped_5fold	1	Gq/11	numeric__receptor_only__tm5_cytoplasmic_extension	-0.07614754053614266	0.07614754053614266
receptor_only_geometry	receptor_grouped_5fold	1	Gq/11	numeric__receptor_only__tm5_cytoplasmic_kink	0.0	0.0
receptor_only_geometry	receptor_grouped_5fold	1	Gq/11	numeric__receptor_only__tm5_r350_561_distance	0.0	0.0
receptor_only_geometry	receptor_grouped_5fold	1	Gq/11	numeric__receptor_only__tm5_r350_564_distance	0.0	0.0
receptor_only_geometry	receptor_grouped_5fold	1	Gq/11	numeric__receptor_only__tm5_tm6_cavity_distance	0.0	0.0
receptor_only_geometry	receptor_grouped_5fold	1	Gq/11	numeric__receptor_only__tm5_axis_tm3_angle	0.0	0.0
receptor_only_geometry	receptor_grouped_5fold	1	Gq/11	numeric__receptor_only__tm6_lower_upper_kink	0.0	0.0
receptor_only_geometry	receptor_grouped_5fold	1	Gq/11	numeric__receptor_only__tm6_axis_tm3_angle	0.06340352875073751	0.06340352875073751
receptor_only_geometry	receptor_grouped_5fold	1	Gq/11	numeric__receptor_only__tm6_tm7_cavity_distance	0.0	0.0
receptor_only_geometry	receptor_grouped_5fold	1	Gq/11	numeric__receptor_only__tm7_h8_angle	0.0	0.0
receptor_only_geometry	receptor_grouped_5fold	1	Gq/11	numeric__receptor_only__h8_end_to_end_distance	0.0	0.0
receptor_only_geometry	receptor_grouped_5fold	1	Gq/11	numeric__receptor_only__h8_r350_distance	0.0	0.0
receptor_only_geometry	receptor_grouped_5fold	1	Gq/11	numeric__receptor_only__h8_tm6_distance	0.0	0.0
receptor_only_geometry	receptor_grouped_5fold	1	Gq/11	numeric__receptor_only__icl2_helix_fraction	0.06809395511638258	0.06809395511638258
receptor_only_geometry	receptor_grouped_5fold	1	Gq/11	numeric__receptor_only__icl2_longest_helix	0.3127141826717556	0.3127141826717556
receptor_only_geometry	receptor_grouped_5fold	1	Gq/11	numeric__receptor_only__icl2_mean_phi	0.13534799157018296	0.13534799157018296
receptor_only_geometry	receptor_grouped_5fold	1	Gq/11	numeric__receptor_only__icl2_mean_psi	0.0	0.0
receptor_only_geometry	receptor_grouped_5fold	1	Gq/11	numeric__receptor_only__intracellular_cavity_core_volume	0.0	0.0
receptor_only_geometry	receptor_grouped_5fold	1	Gq/11	numeric__receptor_only__intracellular_cavity_core_mouth_area	0.0	0.0
receptor_only_geometry	receptor_grouped_5fold	1	Gq/11	numeric__receptor_only__intracellular_cavity_core_depth	0.0	0.0
receptor_only_geometry	receptor_grouped_5fold	1	Gq/11	numeric__receptor_only__intracellular_cavity_core_maximum_width	0.0	0.0
receptor_only_geometry	receptor_grouped_5fold	1	Gq/11	numeric__receptor_only__intracellular_cavity_core_average_cross_section	0.0	0.0
receptor_only_geometry	receptor_grouped_5fold	1	Gq/11	numeric__receptor_only__intracellular_cavity_core_bottleneck_area	0.0	0.0
receptor_only_geometry	receptor_grouped_5fold	1	Gq/11	numeric__receptor_only__intracellular_cavity_core_bottleneck_radius	0.0	0.0
receptor_only_geometry	receptor_grouped_5fold	1	Gq/11	numeric__receptor_only__intracellular_cavity_core_max_inscribed_radius	0.0	0.0
receptor_only_geometry	receptor_grouped_5fold	1	Gq/11	numeric__receptor_only__intracellular_cavity_core_surface_area	0.0	0.0
receptor_only_geometry	receptor_grouped_5fold	1	Gq/11	numeric__receptor_only__intracellular_cavity_core_centroid_x	0.2562839646829221	0.2562839646829221
receptor_only_geometry	receptor_grouped_5fold	1	Gq/11	numeric__receptor_only__intracellular_cavity_core_centroid_y	0.0	0.0
receptor_only_geometry	receptor_grouped_5fold	1	Gq/11	numeric__receptor_only__intracellular_cavity_core_centroid_z	-0.17002609385296233	0.17002609385296233
receptor_only_geometry	receptor_grouped_5fold	1	Gq/11	numeric__receptor_only__intracellular_cavity_core_principal_length_1	0.0	0.0
receptor_only_geometry	receptor_grouped_5fold	1	Gq/11	numeric__receptor_only__intracellular_cavity_core_principal_length_2	0.0	0.0
receptor_only_geometry	receptor_grouped_5fold	1	Gq/11	numeric__receptor_only__intracellular_cavity_core_principal_length_3	0.032112440793164596	0.032112440793164596
receptor_only_geometry	receptor_grouped_5fold	1	Gq/11	numeric__receptor_only__intracellular_cavity_core_principal_axis_1_z_alignment	0.05650760234806036	0.05650760234806036
receptor_only_geometry	receptor_grouped_5fold	1	Gq/11	numeric__receptor_only__intracellular_cavity_core_eccentricity	0.0	0.0
receptor_only_geometry	receptor_grouped_5fold	1	Gq/11	numeric__receptor_only__intracellular_cavity_core_sphericity	0.0	0.0
receptor_only_geometry	receptor_grouped_5fold	1	Gq/11	numeric__receptor_only__intracellular_cavity_core_asymmetry	0.0	0.0
receptor_only_geometry	receptor_grouped_5fold	1	Gq/11	numeric__receptor_only__intracellular_cavity_core_tm3_side_fraction	-0.14095039796860775	0.14095039796860775
receptor_only_geometry	receptor_grouped_5fold	1	Gq/11	numeric__receptor_only__intracellular_cavity_core_tm6_side_fraction	0.14095039796860936	0.14095039796860936
receptor_only_geometry	receptor_grouped_5fold	1	Gq/11	numeric__receptor_only__intracellular_cavity_core_tm5_side_fraction	-0.053688394049483106	0.053688394049483106
receptor_only_geometry	receptor_grouped_5fold	1	Gq/11	numeric__receptor_only__intracellular_cavity_core_tm7_side_fraction	0.05368839404948466	0.05368839404948466
receptor_only_geometry	receptor_grouped_5fold	1	Gq/11	numeric__receptor_only__intracellular_cavity_core_wall_fraction_h8	-0.30063034426677065	0.30063034426677065
receptor_only_geometry	receptor_grouped_5fold	1	Gq/11	numeric__receptor_only__intracellular_cavity_core_wall_fraction_icl2	0.0	0.0
receptor_only_geometry	receptor_grouped_5fold	1	Gq/11	numeric__receptor_only__intracellular_cavity_core_wall_fraction_tm3	0.0	0.0
receptor_only_geometry	receptor_grouped_5fold	1	Gq/11	numeric__receptor_only__intracellular_cavity_core_wall_fraction_tm7	0.23775489778691344	0.23775489778691344
receptor_only_geometry	receptor_grouped_5fold	1	Gs	numeric__receptor_only__activation_consensus_score	0.0	0.0
receptor_only_geometry	receptor_grouped_5fold	1	Gs	numeric__receptor_only__tm6_r350_634_distance	0.0	0.0
receptor_only_geometry	receptor_grouped_5fold	1	Gs	numeric__receptor_only__tm6_aligned_displacement	0.03839512938513165	0.03839512938513165
receptor_only_geometry	receptor_grouped_5fold	1	Gs	numeric__receptor_only__tm7_displacement	0.0	0.0
receptor_only_geometry	receptor_grouped_5fold	1	Gs	numeric__receptor_only__tm3_tm7_distance	0.0	0.0
receptor_only_geometry	receptor_grouped_5fold	1	Gs	numeric__receptor_only__tm6_r350_630_distance	0.0	0.0
receptor_only_geometry	receptor_grouped_5fold	1	Gs	numeric__receptor_only__dry_r350_630_min_distance	0.0	0.0
receptor_only_geometry	receptor_grouped_5fold	1	Gs	numeric__receptor_only__dry_r350_630_ca_distance	0.0	0.0
receptor_only_geometry	receptor_grouped_5fold	1	Gs	numeric__receptor_only__dry_d349_r350_min_distance	0.0	0.0
receptor_only_geometry	receptor_grouped_5fold	1	Gs	numeric__receptor_only__r350_chi1	-0.2559050608982786	0.2559050608982786
receptor_only_geometry	receptor_grouped_5fold	1	Gs	numeric__receptor_only__r350_chi2	0.0	0.0
receptor_only_geometry	receptor_grouped_5fold	1	Gs	numeric__receptor_only__pif_550_340_distance	0.0	0.0
receptor_only_geometry	receptor_grouped_5fold	1	Gs	numeric__receptor_only__pif_340_644_distance	0.0	0.0
receptor_only_geometry	receptor_grouped_5fold	1	Gs	numeric__receptor_only__pif_550_644_distance	0.0	0.0
receptor_only_geometry	receptor_grouped_5fold	1	Gs	numeric__receptor_only__pif_550_340_min_distance	0.0	0.0
receptor_only_geometry	receptor_grouped_5fold	1	Gs	numeric__receptor_only__pif_340_644_min_distance	0.0	0.0
receptor_only_geometry	receptor_grouped_5fold	1	Gs	numeric__receptor_only__pif_550_644_min_distance	-0.024332891965864037	0.024332891965864037
receptor_only_geometry	receptor_grouped_5fold	1	Gs	numeric__receptor_only__pif_triangle_perimeter	0.0	0.0
receptor_only_geometry	receptor_grouped_5fold	1	Gs	numeric__receptor_only__position_644_chi1	0.0	0.0
receptor_only_geometry	receptor_grouped_5fold	1	Gs	numeric__receptor_only__position_644_chi2	0.0	0.0
receptor_only_geometry	receptor_grouped_5fold	1	Gs	numeric__receptor_only__w648_chi1	0.0	0.0
receptor_only_geometry	receptor_grouped_5fold	1	Gs	numeric__receptor_only__w648_chi2	-0.04634873247841184	0.04634873247841184
receptor_only_geometry	receptor_grouped_5fold	1	Gs	numeric__receptor_only__w648_displacement	0.0	0.0
receptor_only_geometry	receptor_grouped_5fold	1	Gs	numeric__receptor_only__w648_to_644_distance	-0.06576166946343052	0.06576166946343052
receptor_only_geometry	receptor_grouped_5fold	1	Gs	numeric__receptor_only__cwxp_647_650_distance	0.0	0.0
receptor_only_geometry	receptor_grouped_5fold	1	Gs	numeric__receptor_only__y753_chi1	0.1388528808992068	0.1388528808992068
receptor_only_geometry	receptor_grouped_5fold	1	Gs	numeric__receptor_only__y753_chi2	0.0	0.0
receptor_only_geometry	receptor_grouped_5fold	1	Gs	numeric__receptor_only__y753_y558_distance	0.0	0.0
receptor_only_geometry	receptor_grouped_5fold	1	Gs	numeric__receptor_only__y753_y558_min_distance	0.0	0.0
receptor_only_geometry	receptor_grouped_5fold	1	Gs	numeric__receptor_only__n749_y753_distance	0.0	0.0
receptor_only_geometry	receptor_grouped_5fold	1	Gs	numeric__receptor_only__npxxy_local_spread	0.0	0.0
receptor_only_geometry	receptor_grouped_5fold	1	Gs	numeric__receptor_only__y753_displacement	0.0	0.0
receptor_only_geometry	receptor_grouped_5fold	1	Gs	numeric__receptor_only__sodium_d250_s339_distance	0.2506920020294363	0.2506920020294363
receptor_only_geometry	receptor_grouped_5fold	1	Gs	numeric__receptor_only__sodium_d250_n745_distance	0.0	0.0
receptor_only_geometry	receptor_grouped_5fold	1	Gs	numeric__receptor_only__sodium_d250_s746_distance	0.0	0.0
receptor_only_geometry	receptor_grouped_5fold	1	Gs	numeric__receptor_only__sodium_d250_n749_distance	0.26530837397541485	0.26530837397541485
receptor_only_geometry	receptor_grouped_5fold	1	Gs	numeric__receptor_only__sodium_pocket_volume	0.056957494959928565	0.056957494959928565
receptor_only_geometry	receptor_grouped_5fold	1	Gs	numeric__receptor_only__sodium_pocket_spread	0.25557692005048804	0.25557692005048804
receptor_only_geometry	receptor_grouped_5fold	1	Gs	numeric__receptor_only__tm7_rotation	0.0	0.0
receptor_only_geometry	receptor_grouped_5fold	1	Gs	numeric__receptor_only__icl2_generic_ca_count	0.0	0.0
receptor_only_geometry	receptor_grouped_5fold	1	Gs	numeric__receptor_only__icl2_end_to_end_distance	0.0	0.0
receptor_only_geometry	receptor_grouped_5fold	1	Gs	numeric__receptor_only__icl2_centroid_to_r350	0.0	0.0
receptor_only_geometry	receptor_grouped_5fold	1	Gs	numeric__receptor_only__icl2_centroid_to_tm5_561	0.028733307502734607	0.028733307502734607
receptor_only_geometry	receptor_grouped_5fold	1	Gs	numeric__receptor_only__icl2_centroid_to_tm6_634	0.0	0.0
receptor_only_geometry	receptor_grouped_5fold	1	Gs	numeric__receptor_only__icl2_centroid_to_tm7_753	0.0	0.0
receptor_only_geometry	receptor_grouped_5fold	1	Gs	numeric__receptor_only__icl2_axis_tm3_angle	-0.2247105905131813	0.2247105905131813
receptor_only_geometry	receptor_grouped_5fold	1	Gs	numeric__receptor_only__icl2_axis_tm5_angle	-0.25520161748904224	0.25520161748904224
receptor_only_geometry	receptor_grouped_5fold	1	Gs	numeric__receptor_only__icl2_active_reference_displacement	-0.012080218866713474	0.012080218866713474
receptor_only_geometry	receptor_grouped_5fold	1	Gs	numeric__receptor_only__tm5_cytoplasmic_extension	0.0	0.0
receptor_only_geometry	receptor_grouped_5fold	1	Gs	numeric__receptor_only__tm5_cytoplasmic_kink	0.007438224190104498	0.007438224190104498
receptor_only_geometry	receptor_grouped_5fold	1	Gs	numeric__receptor_only__tm5_r350_561_distance	0.2843824178157322	0.2843824178157322
receptor_only_geometry	receptor_grouped_5fold	1	Gs	numeric__receptor_only__tm5_r350_564_distance	0.29962777344083785	0.29962777344083785
receptor_only_geometry	receptor_grouped_5fold	1	Gs	numeric__receptor_only__tm5_tm6_cavity_distance	-0.00022257390415062977	0.00022257390415062977
receptor_only_geometry	receptor_grouped_5fold	1	Gs	numeric__receptor_only__tm5_axis_tm3_angle	0.047309638935607363	0.047309638935607363
receptor_only_geometry	receptor_grouped_5fold	1	Gs	numeric__receptor_only__tm6_lower_upper_kink	0.14084933858044862	0.14084933858044862
receptor_only_geometry	receptor_grouped_5fold	1	Gs	numeric__receptor_only__tm6_axis_tm3_angle	0.0	0.0
receptor_only_geometry	receptor_grouped_5fold	1	Gs	numeric__receptor_only__tm6_tm7_cavity_distance	0.0	0.0
receptor_only_geometry	receptor_grouped_5fold	1	Gs	numeric__receptor_only__tm7_h8_angle	0.0	0.0
receptor_only_geometry	receptor_grouped_5fold	1	Gs	numeric__receptor_only__h8_end_to_end_distance	0.0	0.0
receptor_only_geometry	receptor_grouped_5fold	1	Gs	numeric__receptor_only__h8_r350_distance	0.0	0.0
receptor_only_geometry	receptor_grouped_5fold	1	Gs	numeric__receptor_only__h8_tm6_distance	0.0	0.0
receptor_only_geometry	receptor_grouped_5fold	1	Gs	numeric__receptor_only__icl2_helix_fraction	0.0	0.0
receptor_only_geometry	receptor_grouped_5fold	1	Gs	numeric__receptor_only__icl2_longest_helix	-0.01643749402119331	0.01643749402119331
receptor_only_geometry	receptor_grouped_5fold	1	Gs	numeric__receptor_only__icl2_mean_phi	0.0	0.0
receptor_only_geometry	receptor_grouped_5fold	1	Gs	numeric__receptor_only__icl2_mean_psi	0.0	0.0
receptor_only_geometry	receptor_grouped_5fold	1	Gs	numeric__receptor_only__intracellular_cavity_core_volume	0.0	0.0
receptor_only_geometry	receptor_grouped_5fold	1	Gs	numeric__receptor_only__intracellular_cavity_core_mouth_area	0.0	0.0
receptor_only_geometry	receptor_grouped_5fold	1	Gs	numeric__receptor_only__intracellular_cavity_core_depth	-0.02975099124898712	0.02975099124898712
receptor_only_geometry	receptor_grouped_5fold	1	Gs	numeric__receptor_only__intracellular_cavity_core_maximum_width	0.0	0.0
receptor_only_geometry	receptor_grouped_5fold	1	Gs	numeric__receptor_only__intracellular_cavity_core_average_cross_section	0.0	0.0
receptor_only_geometry	receptor_grouped_5fold	1	Gs	numeric__receptor_only__intracellular_cavity_core_bottleneck_area	-0.028288310280734415	0.028288310280734415
receptor_only_geometry	receptor_grouped_5fold	1	Gs	numeric__receptor_only__intracellular_cavity_core_bottleneck_radius	-0.0643489697069923	0.0643489697069923
receptor_only_geometry	receptor_grouped_5fold	1	Gs	numeric__receptor_only__intracellular_cavity_core_max_inscribed_radius	0.0	0.0
receptor_only_geometry	receptor_grouped_5fold	1	Gs	numeric__receptor_only__intracellular_cavity_core_surface_area	-0.04233758430754742	0.04233758430754742
receptor_only_geometry	receptor_grouped_5fold	1	Gs	numeric__receptor_only__intracellular_cavity_core_centroid_x	-0.22347277392414486	0.22347277392414486
receptor_only_geometry	receptor_grouped_5fold	1	Gs	numeric__receptor_only__intracellular_cavity_core_centroid_y	-0.017611953485002843	0.017611953485002843
receptor_only_geometry	receptor_grouped_5fold	1	Gs	numeric__receptor_only__intracellular_cavity_core_centroid_z	0.1620646133286135	0.1620646133286135
receptor_only_geometry	receptor_grouped_5fold	1	Gs	numeric__receptor_only__intracellular_cavity_core_principal_length_1	-0.2393885988048485	0.2393885988048485
receptor_only_geometry	receptor_grouped_5fold	1	Gs	numeric__receptor_only__intracellular_cavity_core_principal_length_2	0.0	0.0
receptor_only_geometry	receptor_grouped_5fold	1	Gs	numeric__receptor_only__intracellular_cavity_core_principal_length_3	0.0	0.0
receptor_only_geometry	receptor_grouped_5fold	1	Gs	numeric__receptor_only__intracellular_cavity_core_principal_axis_1_z_alignment	-0.13902426715146474	0.13902426715146474
receptor_only_geometry	receptor_grouped_5fold	1	Gs	numeric__receptor_only__intracellular_cavity_core_eccentricity	0.0	0.0
receptor_only_geometry	receptor_grouped_5fold	1	Gs	numeric__receptor_only__intracellular_cavity_core_sphericity	0.0	0.0
receptor_only_geometry	receptor_grouped_5fold	1	Gs	numeric__receptor_only__intracellular_cavity_core_asymmetry	0.0	0.0
receptor_only_geometry	receptor_grouped_5fold	1	Gs	numeric__receptor_only__intracellular_cavity_core_tm3_side_fraction	0.14087858383268087	0.14087858383268087
receptor_only_geometry	receptor_grouped_5fold	1	Gs	numeric__receptor_only__intracellular_cavity_core_tm6_side_fraction	-0.14087858383268106	0.14087858383268106
receptor_only_geometry	receptor_grouped_5fold	1	Gs	numeric__receptor_only__intracellular_cavity_core_tm5_side_fraction	0.0	0.0
receptor_only_geometry	receptor_grouped_5fold	1	Gs	numeric__receptor_only__intracellular_cavity_core_tm7_side_fraction	0.0	0.0
receptor_only_geometry	receptor_grouped_5fold	1	Gs	numeric__receptor_only__intracellular_cavity_core_wall_fraction_h8	0.0	0.0
receptor_only_geometry	receptor_grouped_5fold	1	Gs	numeric__receptor_only__intracellular_cavity_core_wall_fraction_icl2	0.0	0.0
receptor_only_geometry	receptor_grouped_5fold	1	Gs	numeric__receptor_only__intracellular_cavity_core_wall_fraction_tm3	0.0	0.0
receptor_only_geometry	receptor_grouped_5fold	1	Gs	numeric__receptor_only__intracellular_cavity_core_wall_fraction_tm7	-0.07340123090713374	0.07340123090713374
receptor_only_geometry	receptor_grouped_5fold	2	Gi/o	numeric__receptor_only__activation_consensus_score	0.0	0.0
receptor_only_geometry	receptor_grouped_5fold	2	Gi/o	numeric__receptor_only__tm6_r350_634_distance	-0.14825430317444965	0.14825430317444965
receptor_only_geometry	receptor_grouped_5fold	2	Gi/o	numeric__receptor_only__tm6_aligned_displacement	-0.11796123774099934	0.11796123774099934
receptor_only_geometry	receptor_grouped_5fold	2	Gi/o	numeric__receptor_only__tm7_displacement	0.0	0.0
receptor_only_geometry	receptor_grouped_5fold	2	Gi/o	numeric__receptor_only__tm3_tm7_distance	0.0	0.0
receptor_only_geometry	receptor_grouped_5fold	2	Gi/o	numeric__receptor_only__tm6_r350_630_distance	0.0	0.0
receptor_only_geometry	receptor_grouped_5fold	2	Gi/o	numeric__receptor_only__dry_r350_630_min_distance	0.0	0.0
receptor_only_geometry	receptor_grouped_5fold	2	Gi/o	numeric__receptor_only__dry_r350_630_ca_distance	0.0	0.0
receptor_only_geometry	receptor_grouped_5fold	2	Gi/o	numeric__receptor_only__dry_d349_r350_min_distance	0.0	0.0
receptor_only_geometry	receptor_grouped_5fold	2	Gi/o	numeric__receptor_only__r350_chi1	0.44040603191357625	0.44040603191357625
receptor_only_geometry	receptor_grouped_5fold	2	Gi/o	numeric__receptor_only__r350_chi2	0.0	0.0
receptor_only_geometry	receptor_grouped_5fold	2	Gi/o	numeric__receptor_only__pif_550_340_distance	0.0	0.0
receptor_only_geometry	receptor_grouped_5fold	2	Gi/o	numeric__receptor_only__pif_340_644_distance	0.0	0.0
receptor_only_geometry	receptor_grouped_5fold	2	Gi/o	numeric__receptor_only__pif_550_644_distance	-0.4006569816677263	0.4006569816677263
receptor_only_geometry	receptor_grouped_5fold	2	Gi/o	numeric__receptor_only__pif_550_340_min_distance	0.0	0.0
receptor_only_geometry	receptor_grouped_5fold	2	Gi/o	numeric__receptor_only__pif_340_644_min_distance	0.0	0.0
receptor_only_geometry	receptor_grouped_5fold	2	Gi/o	numeric__receptor_only__pif_550_644_min_distance	0.0	0.0
receptor_only_geometry	receptor_grouped_5fold	2	Gi/o	numeric__receptor_only__pif_triangle_perimeter	-0.24703458236247397	0.24703458236247397
receptor_only_geometry	receptor_grouped_5fold	2	Gi/o	numeric__receptor_only__position_644_chi1	0.0	0.0
receptor_only_geometry	receptor_grouped_5fold	2	Gi/o	numeric__receptor_only__position_644_chi2	0.0	0.0
receptor_only_geometry	receptor_grouped_5fold	2	Gi/o	numeric__receptor_only__w648_chi1	0.0	0.0
receptor_only_geometry	receptor_grouped_5fold	2	Gi/o	numeric__receptor_only__w648_chi2	0.0	0.0
receptor_only_geometry	receptor_grouped_5fold	2	Gi/o	numeric__receptor_only__w648_displacement	0.0	0.0
receptor_only_geometry	receptor_grouped_5fold	2	Gi/o	numeric__receptor_only__w648_to_644_distance	0.0	0.0
receptor_only_geometry	receptor_grouped_5fold	2	Gi/o	numeric__receptor_only__cwxp_647_650_distance	0.0	0.0
receptor_only_geometry	receptor_grouped_5fold	2	Gi/o	numeric__receptor_only__y753_chi1	0.0	0.0
receptor_only_geometry	receptor_grouped_5fold	2	Gi/o	numeric__receptor_only__y753_chi2	0.0	0.0
receptor_only_geometry	receptor_grouped_5fold	2	Gi/o	numeric__receptor_only__y753_y558_distance	0.0	0.0
receptor_only_geometry	receptor_grouped_5fold	2	Gi/o	numeric__receptor_only__y753_y558_min_distance	0.0	0.0
receptor_only_geometry	receptor_grouped_5fold	2	Gi/o	numeric__receptor_only__n749_y753_distance	0.0	0.0
receptor_only_geometry	receptor_grouped_5fold	2	Gi/o	numeric__receptor_only__npxxy_local_spread	0.0	0.0
receptor_only_geometry	receptor_grouped_5fold	2	Gi/o	numeric__receptor_only__y753_displacement	0.0	0.0
receptor_only_geometry	receptor_grouped_5fold	2	Gi/o	numeric__receptor_only__sodium_d250_s339_distance	0.0	0.0
receptor_only_geometry	receptor_grouped_5fold	2	Gi/o	numeric__receptor_only__sodium_d250_n745_distance	0.0	0.0
receptor_only_geometry	receptor_grouped_5fold	2	Gi/o	numeric__receptor_only__sodium_d250_s746_distance	0.0	0.0
receptor_only_geometry	receptor_grouped_5fold	2	Gi/o	numeric__receptor_only__sodium_d250_n749_distance	0.0	0.0
receptor_only_geometry	receptor_grouped_5fold	2	Gi/o	numeric__receptor_only__sodium_pocket_volume	0.0	0.0
receptor_only_geometry	receptor_grouped_5fold	2	Gi/o	numeric__receptor_only__sodium_pocket_spread	0.0	0.0
receptor_only_geometry	receptor_grouped_5fold	2	Gi/o	numeric__receptor_only__tm7_rotation	0.0	0.0
receptor_only_geometry	receptor_grouped_5fold	2	Gi/o	numeric__receptor_only__icl2_generic_ca_count	0.0	0.0
receptor_only_geometry	receptor_grouped_5fold	2	Gi/o	numeric__receptor_only__icl2_end_to_end_distance	0.0	0.0
receptor_only_geometry	receptor_grouped_5fold	2	Gi/o	numeric__receptor_only__icl2_centroid_to_r350	0.0	0.0
receptor_only_geometry	receptor_grouped_5fold	2	Gi/o	numeric__receptor_only__icl2_centroid_to_tm5_561	-0.37083943929551105	0.37083943929551105
receptor_only_geometry	receptor_grouped_5fold	2	Gi/o	numeric__receptor_only__icl2_centroid_to_tm6_634	-0.16116221535017486	0.16116221535017486
receptor_only_geometry	receptor_grouped_5fold	2	Gi/o	numeric__receptor_only__icl2_centroid_to_tm7_753	0.0	0.0
receptor_only_geometry	receptor_grouped_5fold	2	Gi/o	numeric__receptor_only__icl2_axis_tm3_angle	0.0	0.0
receptor_only_geometry	receptor_grouped_5fold	2	Gi/o	numeric__receptor_only__icl2_axis_tm5_angle	0.0	0.0
receptor_only_geometry	receptor_grouped_5fold	2	Gi/o	numeric__receptor_only__icl2_active_reference_displacement	0.15304396525591402	0.15304396525591402
receptor_only_geometry	receptor_grouped_5fold	2	Gi/o	numeric__receptor_only__tm5_cytoplasmic_extension	0.0	0.0
receptor_only_geometry	receptor_grouped_5fold	2	Gi/o	numeric__receptor_only__tm5_cytoplasmic_kink	-0.15941254125783974	0.15941254125783974
receptor_only_geometry	receptor_grouped_5fold	2	Gi/o	numeric__receptor_only__tm5_r350_561_distance	0.0	0.0
receptor_only_geometry	receptor_grouped_5fold	2	Gi/o	numeric__receptor_only__tm5_r350_564_distance	0.0	0.0
receptor_only_geometry	receptor_grouped_5fold	2	Gi/o	numeric__receptor_only__tm5_tm6_cavity_distance	0.0	0.0
receptor_only_geometry	receptor_grouped_5fold	2	Gi/o	numeric__receptor_only__tm5_axis_tm3_angle	-0.37451843028953047	0.37451843028953047
receptor_only_geometry	receptor_grouped_5fold	2	Gi/o	numeric__receptor_only__tm6_lower_upper_kink	0.0	0.0
receptor_only_geometry	receptor_grouped_5fold	2	Gi/o	numeric__receptor_only__tm6_axis_tm3_angle	0.0	0.0
receptor_only_geometry	receptor_grouped_5fold	2	Gi/o	numeric__receptor_only__tm6_tm7_cavity_distance	0.0	0.0
receptor_only_geometry	receptor_grouped_5fold	2	Gi/o	numeric__receptor_only__tm7_h8_angle	0.0	0.0
receptor_only_geometry	receptor_grouped_5fold	2	Gi/o	numeric__receptor_only__h8_end_to_end_distance	0.0	0.0
receptor_only_geometry	receptor_grouped_5fold	2	Gi/o	numeric__receptor_only__h8_r350_distance	0.0	0.0
receptor_only_geometry	receptor_grouped_5fold	2	Gi/o	numeric__receptor_only__h8_tm6_distance	-0.4699464029112792	0.4699464029112792
receptor_only_geometry	receptor_grouped_5fold	2	Gi/o	numeric__receptor_only__icl2_helix_fraction	0.0	0.0
receptor_only_geometry	receptor_grouped_5fold	2	Gi/o	numeric__receptor_only__icl2_longest_helix	0.0	0.0
receptor_only_geometry	receptor_grouped_5fold	2	Gi/o	numeric__receptor_only__icl2_mean_phi	0.0	0.0
receptor_only_geometry	receptor_grouped_5fold	2	Gi/o	numeric__receptor_only__icl2_mean_psi	0.0	0.0
receptor_only_geometry	receptor_grouped_5fold	2	Gi/o	numeric__receptor_only__intracellular_cavity_core_volume	0.0	0.0
receptor_only_geometry	receptor_grouped_5fold	2	Gi/o	numeric__receptor_only__intracellular_cavity_core_mouth_area	0.0	0.0
receptor_only_geometry	receptor_grouped_5fold	2	Gi/o	numeric__receptor_only__intracellular_cavity_core_depth	0.0	0.0
receptor_only_geometry	receptor_grouped_5fold	2	Gi/o	numeric__receptor_only__intracellular_cavity_core_maximum_width	0.0	0.0
receptor_only_geometry	receptor_grouped_5fold	2	Gi/o	numeric__receptor_only__intracellular_cavity_core_average_cross_section	0.0	0.0
receptor_only_geometry	receptor_grouped_5fold	2	Gi/o	numeric__receptor_only__intracellular_cavity_core_bottleneck_area	0.0	0.0
receptor_only_geometry	receptor_grouped_5fold	2	Gi/o	numeric__receptor_only__intracellular_cavity_core_bottleneck_radius	0.0	0.0
receptor_only_geometry	receptor_grouped_5fold	2	Gi/o	numeric__receptor_only__intracellular_cavity_core_max_inscribed_radius	0.0	0.0
receptor_only_geometry	receptor_grouped_5fold	2	Gi/o	numeric__receptor_only__intracellular_cavity_core_surface_area	0.0	0.0
receptor_only_geometry	receptor_grouped_5fold	2	Gi/o	numeric__receptor_only__intracellular_cavity_core_centroid_x	0.0	0.0
receptor_only_geometry	receptor_grouped_5fold	2	Gi/o	numeric__receptor_only__intracellular_cavity_core_centroid_y	0.0	0.0
receptor_only_geometry	receptor_grouped_5fold	2	Gi/o	numeric__receptor_only__intracellular_cavity_core_centroid_z	0.0	0.0
receptor_only_geometry	receptor_grouped_5fold	2	Gi/o	numeric__receptor_only__intracellular_cavity_core_principal_length_1	0.0	0.0
receptor_only_geometry	receptor_grouped_5fold	2	Gi/o	numeric__receptor_only__intracellular_cavity_core_principal_length_2	0.0	0.0
receptor_only_geometry	receptor_grouped_5fold	2	Gi/o	numeric__receptor_only__intracellular_cavity_core_principal_length_3	0.0	0.0
receptor_only_geometry	receptor_grouped_5fold	2	Gi/o	numeric__receptor_only__intracellular_cavity_core_principal_axis_1_z_alignment	0.0	0.0
receptor_only_geometry	receptor_grouped_5fold	2	Gi/o	numeric__receptor_only__intracellular_cavity_core_eccentricity	0.024872197992125172	0.024872197992125172
receptor_only_geometry	receptor_grouped_5fold	2	Gi/o	numeric__receptor_only__intracellular_cavity_core_sphericity	0.0	0.0
receptor_only_geometry	receptor_grouped_5fold	2	Gi/o	numeric__receptor_only__intracellular_cavity_core_asymmetry	0.0	0.0
receptor_only_geometry	receptor_grouped_5fold	2	Gi/o	numeric__receptor_only__intracellular_cavity_core_tm3_side_fraction	0.0	0.0
receptor_only_geometry	receptor_grouped_5fold	2	Gi/o	numeric__receptor_only__intracellular_cavity_core_tm6_side_fraction	0.0	0.0
receptor_only_geometry	receptor_grouped_5fold	2	Gi/o	numeric__receptor_only__intracellular_cavity_core_tm5_side_fraction	0.026783447537120267	0.026783447537120267
receptor_only_geometry	receptor_grouped_5fold	2	Gi/o	numeric__receptor_only__intracellular_cavity_core_tm7_side_fraction	-0.026783447537117432	0.026783447537117432
receptor_only_geometry	receptor_grouped_5fold	2	Gi/o	numeric__receptor_only__intracellular_cavity_core_wall_fraction_h8	0.0	0.0
receptor_only_geometry	receptor_grouped_5fold	2	Gi/o	numeric__receptor_only__intracellular_cavity_core_wall_fraction_icl2	0.0	0.0
receptor_only_geometry	receptor_grouped_5fold	2	Gi/o	numeric__receptor_only__intracellular_cavity_core_wall_fraction_tm3	0.0	0.0
receptor_only_geometry	receptor_grouped_5fold	2	Gi/o	numeric__receptor_only__intracellular_cavity_core_wall_fraction_tm7	0.0	0.0
receptor_only_geometry	receptor_grouped_5fold	2	Gq/11	numeric__receptor_only__activation_consensus_score	0.0	0.0
receptor_only_geometry	receptor_grouped_5fold	2	Gq/11	numeric__receptor_only__tm6_r350_634_distance	0.0	0.0
receptor_only_geometry	receptor_grouped_5fold	2	Gq/11	numeric__receptor_only__tm6_aligned_displacement	0.0	0.0
receptor_only_geometry	receptor_grouped_5fold	2	Gq/11	numeric__receptor_only__tm7_displacement	0.0	0.0
receptor_only_geometry	receptor_grouped_5fold	2	Gq/11	numeric__receptor_only__tm3_tm7_distance	0.0	0.0
receptor_only_geometry	receptor_grouped_5fold	2	Gq/11	numeric__receptor_only__tm6_r350_630_distance	0.0	0.0
receptor_only_geometry	receptor_grouped_5fold	2	Gq/11	numeric__receptor_only__dry_r350_630_min_distance	0.0	0.0
receptor_only_geometry	receptor_grouped_5fold	2	Gq/11	numeric__receptor_only__dry_r350_630_ca_distance	0.0	0.0
receptor_only_geometry	receptor_grouped_5fold	2	Gq/11	numeric__receptor_only__dry_d349_r350_min_distance	0.0	0.0
receptor_only_geometry	receptor_grouped_5fold	2	Gq/11	numeric__receptor_only__r350_chi1	0.0	0.0
receptor_only_geometry	receptor_grouped_5fold	2	Gq/11	numeric__receptor_only__r350_chi2	0.23761728984495073	0.23761728984495073
receptor_only_geometry	receptor_grouped_5fold	2	Gq/11	numeric__receptor_only__pif_550_340_distance	0.0	0.0
receptor_only_geometry	receptor_grouped_5fold	2	Gq/11	numeric__receptor_only__pif_340_644_distance	-0.196730287931186	0.196730287931186
receptor_only_geometry	receptor_grouped_5fold	2	Gq/11	numeric__receptor_only__pif_550_644_distance	0.0	0.0
receptor_only_geometry	receptor_grouped_5fold	2	Gq/11	numeric__receptor_only__pif_550_340_min_distance	0.0	0.0
receptor_only_geometry	receptor_grouped_5fold	2	Gq/11	numeric__receptor_only__pif_340_644_min_distance	0.0	0.0
receptor_only_geometry	receptor_grouped_5fold	2	Gq/11	numeric__receptor_only__pif_550_644_min_distance	0.0	0.0
receptor_only_geometry	receptor_grouped_5fold	2	Gq/11	numeric__receptor_only__pif_triangle_perimeter	0.0	0.0
receptor_only_geometry	receptor_grouped_5fold	2	Gq/11	numeric__receptor_only__position_644_chi1	0.0	0.0
receptor_only_geometry	receptor_grouped_5fold	2	Gq/11	numeric__receptor_only__position_644_chi2	-0.1450221985682603	0.1450221985682603
receptor_only_geometry	receptor_grouped_5fold	2	Gq/11	numeric__receptor_only__w648_chi1	0.0	0.0
receptor_only_geometry	receptor_grouped_5fold	2	Gq/11	numeric__receptor_only__w648_chi2	0.0	0.0
receptor_only_geometry	receptor_grouped_5fold	2	Gq/11	numeric__receptor_only__w648_displacement	0.0	0.0
receptor_only_geometry	receptor_grouped_5fold	2	Gq/11	numeric__receptor_only__w648_to_644_distance	0.0	0.0
receptor_only_geometry	receptor_grouped_5fold	2	Gq/11	numeric__receptor_only__cwxp_647_650_distance	0.0	0.0
receptor_only_geometry	receptor_grouped_5fold	2	Gq/11	numeric__receptor_only__y753_chi1	0.0	0.0
receptor_only_geometry	receptor_grouped_5fold	2	Gq/11	numeric__receptor_only__y753_chi2	0.0	0.0
receptor_only_geometry	receptor_grouped_5fold	2	Gq/11	numeric__receptor_only__y753_y558_distance	0.0	0.0
receptor_only_geometry	receptor_grouped_5fold	2	Gq/11	numeric__receptor_only__y753_y558_min_distance	0.0	0.0
receptor_only_geometry	receptor_grouped_5fold	2	Gq/11	numeric__receptor_only__n749_y753_distance	0.0	0.0
receptor_only_geometry	receptor_grouped_5fold	2	Gq/11	numeric__receptor_only__npxxy_local_spread	0.0	0.0
receptor_only_geometry	receptor_grouped_5fold	2	Gq/11	numeric__receptor_only__y753_displacement	0.0	0.0
receptor_only_geometry	receptor_grouped_5fold	2	Gq/11	numeric__receptor_only__sodium_d250_s339_distance	0.0	0.0
receptor_only_geometry	receptor_grouped_5fold	2	Gq/11	numeric__receptor_only__sodium_d250_n745_distance	0.0	0.0
receptor_only_geometry	receptor_grouped_5fold	2	Gq/11	numeric__receptor_only__sodium_d250_s746_distance	-0.31148142592922823	0.31148142592922823
receptor_only_geometry	receptor_grouped_5fold	2	Gq/11	numeric__receptor_only__sodium_d250_n749_distance	0.0	0.0
receptor_only_geometry	receptor_grouped_5fold	2	Gq/11	numeric__receptor_only__sodium_pocket_volume	-0.1533020316226886	0.1533020316226886
receptor_only_geometry	receptor_grouped_5fold	2	Gq/11	numeric__receptor_only__sodium_pocket_spread	0.0	0.0
receptor_only_geometry	receptor_grouped_5fold	2	Gq/11	numeric__receptor_only__tm7_rotation	0.0	0.0
receptor_only_geometry	receptor_grouped_5fold	2	Gq/11	numeric__receptor_only__icl2_generic_ca_count	0.0	0.0
receptor_only_geometry	receptor_grouped_5fold	2	Gq/11	numeric__receptor_only__icl2_end_to_end_distance	0.0	0.0
receptor_only_geometry	receptor_grouped_5fold	2	Gq/11	numeric__receptor_only__icl2_centroid_to_r350	0.0	0.0
receptor_only_geometry	receptor_grouped_5fold	2	Gq/11	numeric__receptor_only__icl2_centroid_to_tm5_561	0.0	0.0
receptor_only_geometry	receptor_grouped_5fold	2	Gq/11	numeric__receptor_only__icl2_centroid_to_tm6_634	0.0	0.0
receptor_only_geometry	receptor_grouped_5fold	2	Gq/11	numeric__receptor_only__icl2_centroid_to_tm7_753	0.0	0.0
receptor_only_geometry	receptor_grouped_5fold	2	Gq/11	numeric__receptor_only__icl2_axis_tm3_angle	0.0	0.0
receptor_only_geometry	receptor_grouped_5fold	2	Gq/11	numeric__receptor_only__icl2_axis_tm5_angle	0.0	0.0
receptor_only_geometry	receptor_grouped_5fold	2	Gq/11	numeric__receptor_only__icl2_active_reference_displacement	0.0	0.0
receptor_only_geometry	receptor_grouped_5fold	2	Gq/11	numeric__receptor_only__tm5_cytoplasmic_extension	0.0	0.0
receptor_only_geometry	receptor_grouped_5fold	2	Gq/11	numeric__receptor_only__tm5_cytoplasmic_kink	0.0	0.0
receptor_only_geometry	receptor_grouped_5fold	2	Gq/11	numeric__receptor_only__tm5_r350_561_distance	0.0	0.0
receptor_only_geometry	receptor_grouped_5fold	2	Gq/11	numeric__receptor_only__tm5_r350_564_distance	0.0	0.0
receptor_only_geometry	receptor_grouped_5fold	2	Gq/11	numeric__receptor_only__tm5_tm6_cavity_distance	-0.18026826360092896	0.18026826360092896
receptor_only_geometry	receptor_grouped_5fold	2	Gq/11	numeric__receptor_only__tm5_axis_tm3_angle	0.0	0.0
receptor_only_geometry	receptor_grouped_5fold	2	Gq/11	numeric__receptor_only__tm6_lower_upper_kink	0.0	0.0
receptor_only_geometry	receptor_grouped_5fold	2	Gq/11	numeric__receptor_only__tm6_axis_tm3_angle	0.0	0.0
receptor_only_geometry	receptor_grouped_5fold	2	Gq/11	numeric__receptor_only__tm6_tm7_cavity_distance	0.0	0.0
receptor_only_geometry	receptor_grouped_5fold	2	Gq/11	numeric__receptor_only__tm7_h8_angle	0.0	0.0
receptor_only_geometry	receptor_grouped_5fold	2	Gq/11	numeric__receptor_only__h8_end_to_end_distance	0.0	0.0
receptor_only_geometry	receptor_grouped_5fold	2	Gq/11	numeric__receptor_only__h8_r350_distance	0.0	0.0
receptor_only_geometry	receptor_grouped_5fold	2	Gq/11	numeric__receptor_only__h8_tm6_distance	0.0	0.0
receptor_only_geometry	receptor_grouped_5fold	2	Gq/11	numeric__receptor_only__icl2_helix_fraction	0.14470248039520717	0.14470248039520717
receptor_only_geometry	receptor_grouped_5fold	2	Gq/11	numeric__receptor_only__icl2_longest_helix	0.0	0.0
receptor_only_geometry	receptor_grouped_5fold	2	Gq/11	numeric__receptor_only__icl2_mean_phi	0.0	0.0
receptor_only_geometry	receptor_grouped_5fold	2	Gq/11	numeric__receptor_only__icl2_mean_psi	0.0	0.0
receptor_only_geometry	receptor_grouped_5fold	2	Gq/11	numeric__receptor_only__intracellular_cavity_core_volume	0.0	0.0
receptor_only_geometry	receptor_grouped_5fold	2	Gq/11	numeric__receptor_only__intracellular_cavity_core_mouth_area	0.0	0.0
receptor_only_geometry	receptor_grouped_5fold	2	Gq/11	numeric__receptor_only__intracellular_cavity_core_depth	0.0	0.0
receptor_only_geometry	receptor_grouped_5fold	2	Gq/11	numeric__receptor_only__intracellular_cavity_core_maximum_width	0.0	0.0
receptor_only_geometry	receptor_grouped_5fold	2	Gq/11	numeric__receptor_only__intracellular_cavity_core_average_cross_section	0.0	0.0
receptor_only_geometry	receptor_grouped_5fold	2	Gq/11	numeric__receptor_only__intracellular_cavity_core_bottleneck_area	0.0	0.0
receptor_only_geometry	receptor_grouped_5fold	2	Gq/11	numeric__receptor_only__intracellular_cavity_core_bottleneck_radius	0.0	0.0
receptor_only_geometry	receptor_grouped_5fold	2	Gq/11	numeric__receptor_only__intracellular_cavity_core_max_inscribed_radius	0.0	0.0
receptor_only_geometry	receptor_grouped_5fold	2	Gq/11	numeric__receptor_only__intracellular_cavity_core_surface_area	0.0	0.0
receptor_only_geometry	receptor_grouped_5fold	2	Gq/11	numeric__receptor_only__intracellular_cavity_core_centroid_x	0.06179167289167895	0.06179167289167895
receptor_only_geometry	receptor_grouped_5fold	2	Gq/11	numeric__receptor_only__intracellular_cavity_core_centroid_y	0.0	0.0
receptor_only_geometry	receptor_grouped_5fold	2	Gq/11	numeric__receptor_only__intracellular_cavity_core_centroid_z	0.0	0.0
receptor_only_geometry	receptor_grouped_5fold	2	Gq/11	numeric__receptor_only__intracellular_cavity_core_principal_length_1	0.0	0.0
receptor_only_geometry	receptor_grouped_5fold	2	Gq/11	numeric__receptor_only__intracellular_cavity_core_principal_length_2	0.0	0.0
receptor_only_geometry	receptor_grouped_5fold	2	Gq/11	numeric__receptor_only__intracellular_cavity_core_principal_length_3	0.0	0.0
receptor_only_geometry	receptor_grouped_5fold	2	Gq/11	numeric__receptor_only__intracellular_cavity_core_principal_axis_1_z_alignment	0.0	0.0
receptor_only_geometry	receptor_grouped_5fold	2	Gq/11	numeric__receptor_only__intracellular_cavity_core_eccentricity	0.0	0.0
receptor_only_geometry	receptor_grouped_5fold	2	Gq/11	numeric__receptor_only__intracellular_cavity_core_sphericity	0.0	0.0
receptor_only_geometry	receptor_grouped_5fold	2	Gq/11	numeric__receptor_only__intracellular_cavity_core_asymmetry	0.0	0.0
receptor_only_geometry	receptor_grouped_5fold	2	Gq/11	numeric__receptor_only__intracellular_cavity_core_tm3_side_fraction	0.0	0.0
receptor_only_geometry	receptor_grouped_5fold	2	Gq/11	numeric__receptor_only__intracellular_cavity_core_tm6_side_fraction	0.0	0.0
receptor_only_geometry	receptor_grouped_5fold	2	Gq/11	numeric__receptor_only__intracellular_cavity_core_tm5_side_fraction	0.0	0.0
receptor_only_geometry	receptor_grouped_5fold	2	Gq/11	numeric__receptor_only__intracellular_cavity_core_tm7_side_fraction	0.0	0.0
receptor_only_geometry	receptor_grouped_5fold	2	Gq/11	numeric__receptor_only__intracellular_cavity_core_wall_fraction_h8	-0.583937395692171	0.583937395692171
receptor_only_geometry	receptor_grouped_5fold	2	Gq/11	numeric__receptor_only__intracellular_cavity_core_wall_fraction_icl2	0.0	0.0
receptor_only_geometry	receptor_grouped_5fold	2	Gq/11	numeric__receptor_only__intracellular_cavity_core_wall_fraction_tm3	0.0	0.0
receptor_only_geometry	receptor_grouped_5fold	2	Gq/11	numeric__receptor_only__intracellular_cavity_core_wall_fraction_tm7	0.19280453094739416	0.19280453094739416
receptor_only_geometry	receptor_grouped_5fold	2	Gs	numeric__receptor_only__activation_consensus_score	0.0	0.0
receptor_only_geometry	receptor_grouped_5fold	2	Gs	numeric__receptor_only__tm6_r350_634_distance	0.0	0.0
receptor_only_geometry	receptor_grouped_5fold	2	Gs	numeric__receptor_only__tm6_aligned_displacement	0.0	0.0
receptor_only_geometry	receptor_grouped_5fold	2	Gs	numeric__receptor_only__tm7_displacement	0.0	0.0
receptor_only_geometry	receptor_grouped_5fold	2	Gs	numeric__receptor_only__tm3_tm7_distance	0.0	0.0
receptor_only_geometry	receptor_grouped_5fold	2	Gs	numeric__receptor_only__tm6_r350_630_distance	0.0	0.0
receptor_only_geometry	receptor_grouped_5fold	2	Gs	numeric__receptor_only__dry_r350_630_min_distance	0.0	0.0
receptor_only_geometry	receptor_grouped_5fold	2	Gs	numeric__receptor_only__dry_r350_630_ca_distance	0.0	0.0
receptor_only_geometry	receptor_grouped_5fold	2	Gs	numeric__receptor_only__dry_d349_r350_min_distance	0.0	0.0
receptor_only_geometry	receptor_grouped_5fold	2	Gs	numeric__receptor_only__r350_chi1	-0.23940775060611055	0.23940775060611055
receptor_only_geometry	receptor_grouped_5fold	2	Gs	numeric__receptor_only__r350_chi2	0.0	0.0
receptor_only_geometry	receptor_grouped_5fold	2	Gs	numeric__receptor_only__pif_550_340_distance	0.0	0.0
receptor_only_geometry	receptor_grouped_5fold	2	Gs	numeric__receptor_only__pif_340_644_distance	0.0	0.0
receptor_only_geometry	receptor_grouped_5fold	2	Gs	numeric__receptor_only__pif_550_644_distance	0.0	0.0
receptor_only_geometry	receptor_grouped_5fold	2	Gs	numeric__receptor_only__pif_550_340_min_distance	0.0	0.0
receptor_only_geometry	receptor_grouped_5fold	2	Gs	numeric__receptor_only__pif_340_644_min_distance	0.0	0.0
receptor_only_geometry	receptor_grouped_5fold	2	Gs	numeric__receptor_only__pif_550_644_min_distance	0.0	0.0
receptor_only_geometry	receptor_grouped_5fold	2	Gs	numeric__receptor_only__pif_triangle_perimeter	0.0	0.0
receptor_only_geometry	receptor_grouped_5fold	2	Gs	numeric__receptor_only__position_644_chi1	0.30397503979919255	0.30397503979919255
receptor_only_geometry	receptor_grouped_5fold	2	Gs	numeric__receptor_only__position_644_chi2	0.15978556301005906	0.15978556301005906
receptor_only_geometry	receptor_grouped_5fold	2	Gs	numeric__receptor_only__w648_chi1	-0.7110367490766579	0.7110367490766579
receptor_only_geometry	receptor_grouped_5fold	2	Gs	numeric__receptor_only__w648_chi2	0.0	0.0
receptor_only_geometry	receptor_grouped_5fold	2	Gs	numeric__receptor_only__w648_displacement	0.0	0.0
receptor_only_geometry	receptor_grouped_5fold	2	Gs	numeric__receptor_only__w648_to_644_distance	0.0	0.0
receptor_only_geometry	receptor_grouped_5fold	2	Gs	numeric__receptor_only__cwxp_647_650_distance	0.0	0.0
receptor_only_geometry	receptor_grouped_5fold	2	Gs	numeric__receptor_only__y753_chi1	0.0	0.0
receptor_only_geometry	receptor_grouped_5fold	2	Gs	numeric__receptor_only__y753_chi2	0.0	0.0
receptor_only_geometry	receptor_grouped_5fold	2	Gs	numeric__receptor_only__y753_y558_distance	0.0	0.0
receptor_only_geometry	receptor_grouped_5fold	2	Gs	numeric__receptor_only__y753_y558_min_distance	0.0	0.0
receptor_only_geometry	receptor_grouped_5fold	2	Gs	numeric__receptor_only__n749_y753_distance	0.0	0.0
receptor_only_geometry	receptor_grouped_5fold	2	Gs	numeric__receptor_only__npxxy_local_spread	0.0	0.0
receptor_only_geometry	receptor_grouped_5fold	2	Gs	numeric__receptor_only__y753_displacement	0.0	0.0
receptor_only_geometry	receptor_grouped_5fold	2	Gs	numeric__receptor_only__sodium_d250_s339_distance	0.7398626298926688	0.7398626298926688
receptor_only_geometry	receptor_grouped_5fold	2	Gs	numeric__receptor_only__sodium_d250_n745_distance	0.0	0.0
receptor_only_geometry	receptor_grouped_5fold	2	Gs	numeric__receptor_only__sodium_d250_s746_distance	0.0	0.0
receptor_only_geometry	receptor_grouped_5fold	2	Gs	numeric__receptor_only__sodium_d250_n749_distance	0.0	0.0
receptor_only_geometry	receptor_grouped_5fold	2	Gs	numeric__receptor_only__sodium_pocket_volume	0.3203760492791352	0.3203760492791352
receptor_only_geometry	receptor_grouped_5fold	2	Gs	numeric__receptor_only__sodium_pocket_spread	0.03022587125492505	0.03022587125492505
receptor_only_geometry	receptor_grouped_5fold	2	Gs	numeric__receptor_only__tm7_rotation	0.0	0.0
receptor_only_geometry	receptor_grouped_5fold	2	Gs	numeric__receptor_only__icl2_generic_ca_count	0.0	0.0
receptor_only_geometry	receptor_grouped_5fold	2	Gs	numeric__receptor_only__icl2_end_to_end_distance	0.0	0.0
receptor_only_geometry	receptor_grouped_5fold	2	Gs	numeric__receptor_only__icl2_centroid_to_r350	0.0	0.0
receptor_only_geometry	receptor_grouped_5fold	2	Gs	numeric__receptor_only__icl2_centroid_to_tm5_561	0.0	0.0
receptor_only_geometry	receptor_grouped_5fold	2	Gs	numeric__receptor_only__icl2_centroid_to_tm6_634	0.0	0.0
receptor_only_geometry	receptor_grouped_5fold	2	Gs	numeric__receptor_only__icl2_centroid_to_tm7_753	0.0	0.0
receptor_only_geometry	receptor_grouped_5fold	2	Gs	numeric__receptor_only__icl2_axis_tm3_angle	-0.2136712525583055	0.2136712525583055
receptor_only_geometry	receptor_grouped_5fold	2	Gs	numeric__receptor_only__icl2_axis_tm5_angle	-0.43150109911761364	0.43150109911761364
receptor_only_geometry	receptor_grouped_5fold	2	Gs	numeric__receptor_only__icl2_active_reference_displacement	0.0	0.0
receptor_only_geometry	receptor_grouped_5fold	2	Gs	numeric__receptor_only__tm5_cytoplasmic_extension	0.0	0.0
receptor_only_geometry	receptor_grouped_5fold	2	Gs	numeric__receptor_only__tm5_cytoplasmic_kink	0.0	0.0
receptor_only_geometry	receptor_grouped_5fold	2	Gs	numeric__receptor_only__tm5_r350_561_distance	0.0	0.0
receptor_only_geometry	receptor_grouped_5fold	2	Gs	numeric__receptor_only__tm5_r350_564_distance	0.0	0.0
receptor_only_geometry	receptor_grouped_5fold	2	Gs	numeric__receptor_only__tm5_tm6_cavity_distance	0.0	0.0
receptor_only_geometry	receptor_grouped_5fold	2	Gs	numeric__receptor_only__tm5_axis_tm3_angle	0.0	0.0
receptor_only_geometry	receptor_grouped_5fold	2	Gs	numeric__receptor_only__tm6_lower_upper_kink	0.35974136328220435	0.35974136328220435
receptor_only_geometry	receptor_grouped_5fold	2	Gs	numeric__receptor_only__tm6_axis_tm3_angle	0.0	0.0
receptor_only_geometry	receptor_grouped_5fold	2	Gs	numeric__receptor_only__tm6_tm7_cavity_distance	0.0	0.0
receptor_only_geometry	receptor_grouped_5fold	2	Gs	numeric__receptor_only__tm7_h8_angle	0.0	0.0
receptor_only_geometry	receptor_grouped_5fold	2	Gs	numeric__receptor_only__h8_end_to_end_distance	0.0	0.0
receptor_only_geometry	receptor_grouped_5fold	2	Gs	numeric__receptor_only__h8_r350_distance	0.0	0.0
receptor_only_geometry	receptor_grouped_5fold	2	Gs	numeric__receptor_only__h8_tm6_distance	0.0	0.0
receptor_only_geometry	receptor_grouped_5fold	2	Gs	numeric__receptor_only__icl2_helix_fraction	0.0	0.0
receptor_only_geometry	receptor_grouped_5fold	2	Gs	numeric__receptor_only__icl2_longest_helix	0.0	0.0
receptor_only_geometry	receptor_grouped_5fold	2	Gs	numeric__receptor_only__icl2_mean_phi	0.0	0.0
receptor_only_geometry	receptor_grouped_5fold	2	Gs	numeric__receptor_only__icl2_mean_psi	0.0	0.0
receptor_only_geometry	receptor_grouped_5fold	2	Gs	numeric__receptor_only__intracellular_cavity_core_volume	0.0	0.0
receptor_only_geometry	receptor_grouped_5fold	2	Gs	numeric__receptor_only__intracellular_cavity_core_mouth_area	0.0	0.0
receptor_only_geometry	receptor_grouped_5fold	2	Gs	numeric__receptor_only__intracellular_cavity_core_depth	0.0	0.0
receptor_only_geometry	receptor_grouped_5fold	2	Gs	numeric__receptor_only__intracellular_cavity_core_maximum_width	0.0	0.0
receptor_only_geometry	receptor_grouped_5fold	2	Gs	numeric__receptor_only__intracellular_cavity_core_average_cross_section	0.0	0.0
receptor_only_geometry	receptor_grouped_5fold	2	Gs	numeric__receptor_only__intracellular_cavity_core_bottleneck_area	0.0	0.0
receptor_only_geometry	receptor_grouped_5fold	2	Gs	numeric__receptor_only__intracellular_cavity_core_bottleneck_radius	0.0	0.0
receptor_only_geometry	receptor_grouped_5fold	2	Gs	numeric__receptor_only__intracellular_cavity_core_max_inscribed_radius	0.0	0.0
receptor_only_geometry	receptor_grouped_5fold	2	Gs	numeric__receptor_only__intracellular_cavity_core_surface_area	0.0	0.0
receptor_only_geometry	receptor_grouped_5fold	2	Gs	numeric__receptor_only__intracellular_cavity_core_centroid_x	0.0	0.0
receptor_only_geometry	receptor_grouped_5fold	2	Gs	numeric__receptor_only__intracellular_cavity_core_centroid_y	0.0	0.0
receptor_only_geometry	receptor_grouped_5fold	2	Gs	numeric__receptor_only__intracellular_cavity_core_centroid_z	0.0	0.0
receptor_only_geometry	receptor_grouped_5fold	2	Gs	numeric__receptor_only__intracellular_cavity_core_principal_length_1	0.0	0.0
receptor_only_geometry	receptor_grouped_5fold	2	Gs	numeric__receptor_only__intracellular_cavity_core_principal_length_2	0.0	0.0
receptor_only_geometry	receptor_grouped_5fold	2	Gs	numeric__receptor_only__intracellular_cavity_core_principal_length_3	0.0	0.0
receptor_only_geometry	receptor_grouped_5fold	2	Gs	numeric__receptor_only__intracellular_cavity_core_principal_axis_1_z_alignment	0.0	0.0
receptor_only_geometry	receptor_grouped_5fold	2	Gs	numeric__receptor_only__intracellular_cavity_core_eccentricity	0.0	0.0
receptor_only_geometry	receptor_grouped_5fold	2	Gs	numeric__receptor_only__intracellular_cavity_core_sphericity	0.0	0.0
receptor_only_geometry	receptor_grouped_5fold	2	Gs	numeric__receptor_only__intracellular_cavity_core_asymmetry	0.0	0.0
receptor_only_geometry	receptor_grouped_5fold	2	Gs	numeric__receptor_only__intracellular_cavity_core_tm3_side_fraction	0.0	0.0
receptor_only_geometry	receptor_grouped_5fold	2	Gs	numeric__receptor_only__intracellular_cavity_core_tm6_side_fraction	0.0	0.0
receptor_only_geometry	receptor_grouped_5fold	2	Gs	numeric__receptor_only__intracellular_cavity_core_tm5_side_fraction	0.0	0.0
receptor_only_geometry	receptor_grouped_5fold	2	Gs	numeric__receptor_only__intracellular_cavity_core_tm7_side_fraction	0.0	0.0
receptor_only_geometry	receptor_grouped_5fold	2	Gs	numeric__receptor_only__intracellular_cavity_core_wall_fraction_h8	0.0	0.0
receptor_only_geometry	receptor_grouped_5fold	2	Gs	numeric__receptor_only__intracellular_cavity_core_wall_fraction_icl2	0.0	0.0
receptor_only_geometry	receptor_grouped_5fold	2	Gs	numeric__receptor_only__intracellular_cavity_core_wall_fraction_tm3	0.0	0.0
receptor_only_geometry	receptor_grouped_5fold	2	Gs	numeric__receptor_only__intracellular_cavity_core_wall_fraction_tm7	0.0	0.0
receptor_only_geometry	receptor_grouped_5fold	3	Gi/o	numeric__receptor_only__activation_consensus_score	-0.020998767497547352	0.020998767497547352
receptor_only_geometry	receptor_grouped_5fold	3	Gi/o	numeric__receptor_only__tm6_r350_634_distance	-0.05331642123069532	0.05331642123069532
receptor_only_geometry	receptor_grouped_5fold	3	Gi/o	numeric__receptor_only__tm6_aligned_displacement	-0.19125385407003165	0.19125385407003165
receptor_only_geometry	receptor_grouped_5fold	3	Gi/o	numeric__receptor_only__tm7_displacement	0.0	0.0
receptor_only_geometry	receptor_grouped_5fold	3	Gi/o	numeric__receptor_only__tm3_tm7_distance	0.16060702068066865	0.16060702068066865
receptor_only_geometry	receptor_grouped_5fold	3	Gi/o	numeric__receptor_only__tm6_r350_630_distance	0.0	0.0
receptor_only_geometry	receptor_grouped_5fold	3	Gi/o	numeric__receptor_only__dry_r350_630_min_distance	0.0	0.0
receptor_only_geometry	receptor_grouped_5fold	3	Gi/o	numeric__receptor_only__dry_r350_630_ca_distance	0.0	0.0
receptor_only_geometry	receptor_grouped_5fold	3	Gi/o	numeric__receptor_only__dry_d349_r350_min_distance	0.08929861479032793	0.08929861479032793
receptor_only_geometry	receptor_grouped_5fold	3	Gi/o	numeric__receptor_only__r350_chi1	0.24680093242054485	0.24680093242054485
receptor_only_geometry	receptor_grouped_5fold	3	Gi/o	numeric__receptor_only__r350_chi2	-0.15944984869126536	0.15944984869126536
receptor_only_geometry	receptor_grouped_5fold	3	Gi/o	numeric__receptor_only__pif_550_340_distance	-0.01807755780266586	0.01807755780266586
receptor_only_geometry	receptor_grouped_5fold	3	Gi/o	numeric__receptor_only__pif_340_644_distance	0.053632810628474706	0.053632810628474706
receptor_only_geometry	receptor_grouped_5fold	3	Gi/o	numeric__receptor_only__pif_550_644_distance	-0.17056863903374203	0.17056863903374203
receptor_only_geometry	receptor_grouped_5fold	3	Gi/o	numeric__receptor_only__pif_550_340_min_distance	0.0	0.0
receptor_only_geometry	receptor_grouped_5fold	3	Gi/o	numeric__receptor_only__pif_340_644_min_distance	0.0	0.0
receptor_only_geometry	receptor_grouped_5fold	3	Gi/o	numeric__receptor_only__pif_550_644_min_distance	-0.010937647990636765	0.010937647990636765
receptor_only_geometry	receptor_grouped_5fold	3	Gi/o	numeric__receptor_only__pif_triangle_perimeter	-0.039711299098182724	0.039711299098182724
receptor_only_geometry	receptor_grouped_5fold	3	Gi/o	numeric__receptor_only__position_644_chi1	0.0	0.0
receptor_only_geometry	receptor_grouped_5fold	3	Gi/o	numeric__receptor_only__position_644_chi2	0.014663030047634954	0.014663030047634954
receptor_only_geometry	receptor_grouped_5fold	3	Gi/o	numeric__receptor_only__w648_chi1	0.0	0.0
receptor_only_geometry	receptor_grouped_5fold	3	Gi/o	numeric__receptor_only__w648_chi2	0.0	0.0
receptor_only_geometry	receptor_grouped_5fold	3	Gi/o	numeric__receptor_only__w648_displacement	0.0	0.0
receptor_only_geometry	receptor_grouped_5fold	3	Gi/o	numeric__receptor_only__w648_to_644_distance	0.0	0.0
receptor_only_geometry	receptor_grouped_5fold	3	Gi/o	numeric__receptor_only__cwxp_647_650_distance	0.0	0.0
receptor_only_geometry	receptor_grouped_5fold	3	Gi/o	numeric__receptor_only__y753_chi1	-0.1321509541210501	0.1321509541210501
receptor_only_geometry	receptor_grouped_5fold	3	Gi/o	numeric__receptor_only__y753_chi2	0.0	0.0
receptor_only_geometry	receptor_grouped_5fold	3	Gi/o	numeric__receptor_only__y753_y558_distance	0.0	0.0
receptor_only_geometry	receptor_grouped_5fold	3	Gi/o	numeric__receptor_only__y753_y558_min_distance	0.0	0.0
receptor_only_geometry	receptor_grouped_5fold	3	Gi/o	numeric__receptor_only__n749_y753_distance	0.0	0.0
receptor_only_geometry	receptor_grouped_5fold	3	Gi/o	numeric__receptor_only__npxxy_local_spread	-0.3666733807467348	0.3666733807467348
receptor_only_geometry	receptor_grouped_5fold	3	Gi/o	numeric__receptor_only__y753_displacement	0.0	0.0
receptor_only_geometry	receptor_grouped_5fold	3	Gi/o	numeric__receptor_only__sodium_d250_s339_distance	-0.1999261910085508	0.1999261910085508
receptor_only_geometry	receptor_grouped_5fold	3	Gi/o	numeric__receptor_only__sodium_d250_n745_distance	0.0	0.0
receptor_only_geometry	receptor_grouped_5fold	3	Gi/o	numeric__receptor_only__sodium_d250_s746_distance	0.10188604716640157	0.10188604716640157
receptor_only_geometry	receptor_grouped_5fold	3	Gi/o	numeric__receptor_only__sodium_d250_n749_distance	0.0	0.0
receptor_only_geometry	receptor_grouped_5fold	3	Gi/o	numeric__receptor_only__sodium_pocket_volume	-0.04084470566654738	0.04084470566654738
receptor_only_geometry	receptor_grouped_5fold	3	Gi/o	numeric__receptor_only__sodium_pocket_spread	0.0	0.0
receptor_only_geometry	receptor_grouped_5fold	3	Gi/o	numeric__receptor_only__tm7_rotation	0.0	0.0
receptor_only_geometry	receptor_grouped_5fold	3	Gi/o	numeric__receptor_only__icl2_generic_ca_count	0.0	0.0
receptor_only_geometry	receptor_grouped_5fold	3	Gi/o	numeric__receptor_only__icl2_end_to_end_distance	-0.17063996613675797	0.17063996613675797
receptor_only_geometry	receptor_grouped_5fold	3	Gi/o	numeric__receptor_only__icl2_centroid_to_r350	0.0	0.0
receptor_only_geometry	receptor_grouped_5fold	3	Gi/o	numeric__receptor_only__icl2_centroid_to_tm5_561	-0.3579215128057978	0.3579215128057978
receptor_only_geometry	receptor_grouped_5fold	3	Gi/o	numeric__receptor_only__icl2_centroid_to_tm6_634	-0.029106210817741632	0.029106210817741632
receptor_only_geometry	receptor_grouped_5fold	3	Gi/o	numeric__receptor_only__icl2_centroid_to_tm7_753	0.03644491952770941	0.03644491952770941
receptor_only_geometry	receptor_grouped_5fold	3	Gi/o	numeric__receptor_only__icl2_axis_tm3_angle	0.0	0.0
receptor_only_geometry	receptor_grouped_5fold	3	Gi/o	numeric__receptor_only__icl2_axis_tm5_angle	0.1590752379223422	0.1590752379223422
receptor_only_geometry	receptor_grouped_5fold	3	Gi/o	numeric__receptor_only__icl2_active_reference_displacement	0.22104466663320282	0.22104466663320282
receptor_only_geometry	receptor_grouped_5fold	3	Gi/o	numeric__receptor_only__tm5_cytoplasmic_extension	-0.01931922831065535	0.01931922831065535
receptor_only_geometry	receptor_grouped_5fold	3	Gi/o	numeric__receptor_only__tm5_cytoplasmic_kink	-0.18805537620031082	0.18805537620031082
receptor_only_geometry	receptor_grouped_5fold	3	Gi/o	numeric__receptor_only__tm5_r350_561_distance	-0.15116279762494783	0.15116279762494783
receptor_only_geometry	receptor_grouped_5fold	3	Gi/o	numeric__receptor_only__tm5_r350_564_distance	-0.15672274211801435	0.15672274211801435
receptor_only_geometry	receptor_grouped_5fold	3	Gi/o	numeric__receptor_only__tm5_tm6_cavity_distance	0.0	0.0
receptor_only_geometry	receptor_grouped_5fold	3	Gi/o	numeric__receptor_only__tm5_axis_tm3_angle	-0.1694984704923329	0.1694984704923329
receptor_only_geometry	receptor_grouped_5fold	3	Gi/o	numeric__receptor_only__tm6_lower_upper_kink	-0.0074866593709571804	0.0074866593709571804
receptor_only_geometry	receptor_grouped_5fold	3	Gi/o	numeric__receptor_only__tm6_axis_tm3_angle	-0.006402037586133058	0.006402037586133058
receptor_only_geometry	receptor_grouped_5fold	3	Gi/o	numeric__receptor_only__tm6_tm7_cavity_distance	-0.08102315363026862	0.08102315363026862
receptor_only_geometry	receptor_grouped_5fold	3	Gi/o	numeric__receptor_only__tm7_h8_angle	0.0	0.0
receptor_only_geometry	receptor_grouped_5fold	3	Gi/o	numeric__receptor_only__h8_end_to_end_distance	0.00130450039682787	0.00130450039682787
receptor_only_geometry	receptor_grouped_5fold	3	Gi/o	numeric__receptor_only__h8_r350_distance	0.0	0.0
receptor_only_geometry	receptor_grouped_5fold	3	Gi/o	numeric__receptor_only__h8_tm6_distance	-0.24456515916815796	0.24456515916815796
receptor_only_geometry	receptor_grouped_5fold	3	Gi/o	numeric__receptor_only__icl2_helix_fraction	-0.031359976272221105	0.031359976272221105
receptor_only_geometry	receptor_grouped_5fold	3	Gi/o	numeric__receptor_only__icl2_longest_helix	0.0	0.0
receptor_only_geometry	receptor_grouped_5fold	3	Gi/o	numeric__receptor_only__icl2_mean_phi	-0.06188655374470583	0.06188655374470583
receptor_only_geometry	receptor_grouped_5fold	3	Gi/o	numeric__receptor_only__icl2_mean_psi	0.0	0.0
receptor_only_geometry	receptor_grouped_5fold	3	Gi/o	numeric__receptor_only__intracellular_cavity_core_volume	0.0	0.0
receptor_only_geometry	receptor_grouped_5fold	3	Gi/o	numeric__receptor_only__intracellular_cavity_core_mouth_area	0.0	0.0
receptor_only_geometry	receptor_grouped_5fold	3	Gi/o	numeric__receptor_only__intracellular_cavity_core_depth	0.0	0.0
receptor_only_geometry	receptor_grouped_5fold	3	Gi/o	numeric__receptor_only__intracellular_cavity_core_maximum_width	0.0	0.0
receptor_only_geometry	receptor_grouped_5fold	3	Gi/o	numeric__receptor_only__intracellular_cavity_core_average_cross_section	0.0	0.0
receptor_only_geometry	receptor_grouped_5fold	3	Gi/o	numeric__receptor_only__intracellular_cavity_core_bottleneck_area	0.0	0.0
receptor_only_geometry	receptor_grouped_5fold	3	Gi/o	numeric__receptor_only__intracellular_cavity_core_bottleneck_radius	0.0	0.0
receptor_only_geometry	receptor_grouped_5fold	3	Gi/o	numeric__receptor_only__intracellular_cavity_core_max_inscribed_radius	0.0	0.0
receptor_only_geometry	receptor_grouped_5fold	3	Gi/o	numeric__receptor_only__intracellular_cavity_core_surface_area	0.0	0.0
receptor_only_geometry	receptor_grouped_5fold	3	Gi/o	numeric__receptor_only__intracellular_cavity_core_centroid_x	0.0	0.0
receptor_only_geometry	receptor_grouped_5fold	3	Gi/o	numeric__receptor_only__intracellular_cavity_core_centroid_y	0.10646465518437574	0.10646465518437574
receptor_only_geometry	receptor_grouped_5fold	3	Gi/o	numeric__receptor_only__intracellular_cavity_core_centroid_z	0.0	0.0
receptor_only_geometry	receptor_grouped_5fold	3	Gi/o	numeric__receptor_only__intracellular_cavity_core_principal_length_1	0.08556410280995978	0.08556410280995978
receptor_only_geometry	receptor_grouped_5fold	3	Gi/o	numeric__receptor_only__intracellular_cavity_core_principal_length_2	0.027363334913183802	0.027363334913183802
receptor_only_geometry	receptor_grouped_5fold	3	Gi/o	numeric__receptor_only__intracellular_cavity_core_principal_length_3	0.0	0.0
receptor_only_geometry	receptor_grouped_5fold	3	Gi/o	numeric__receptor_only__intracellular_cavity_core_principal_axis_1_z_alignment	0.0	0.0
receptor_only_geometry	receptor_grouped_5fold	3	Gi/o	numeric__receptor_only__intracellular_cavity_core_eccentricity	0.0	0.0
receptor_only_geometry	receptor_grouped_5fold	3	Gi/o	numeric__receptor_only__intracellular_cavity_core_sphericity	0.0	0.0
receptor_only_geometry	receptor_grouped_5fold	3	Gi/o	numeric__receptor_only__intracellular_cavity_core_asymmetry	0.0	0.0
receptor_only_geometry	receptor_grouped_5fold	3	Gi/o	numeric__receptor_only__intracellular_cavity_core_tm3_side_fraction	0.0	0.0
receptor_only_geometry	receptor_grouped_5fold	3	Gi/o	numeric__receptor_only__intracellular_cavity_core_tm6_side_fraction	0.0	0.0
receptor_only_geometry	receptor_grouped_5fold	3	Gi/o	numeric__receptor_only__intracellular_cavity_core_tm5_side_fraction	0.13178267710872207	0.13178267710872207
receptor_only_geometry	receptor_grouped_5fold	3	Gi/o	numeric__receptor_only__intracellular_cavity_core_tm7_side_fraction	-0.13178267710872713	0.13178267710872713
receptor_only_geometry	receptor_grouped_5fold	3	Gi/o	numeric__receptor_only__intracellular_cavity_core_wall_fraction_h8	0.06731371082462569	0.06731371082462569
receptor_only_geometry	receptor_grouped_5fold	3	Gi/o	numeric__receptor_only__intracellular_cavity_core_wall_fraction_icl2	0.0	0.0
receptor_only_geometry	receptor_grouped_5fold	3	Gi/o	numeric__receptor_only__intracellular_cavity_core_wall_fraction_tm3	0.05280987605552427	0.05280987605552427
receptor_only_geometry	receptor_grouped_5fold	3	Gi/o	numeric__receptor_only__intracellular_cavity_core_wall_fraction_tm7	0.0	0.0
receptor_only_geometry	receptor_grouped_5fold	3	Gq/11	numeric__receptor_only__activation_consensus_score	0.10680469629530817	0.10680469629530817
receptor_only_geometry	receptor_grouped_5fold	3	Gq/11	numeric__receptor_only__tm6_r350_634_distance	0.007336893681944611	0.007336893681944611
receptor_only_geometry	receptor_grouped_5fold	3	Gq/11	numeric__receptor_only__tm6_aligned_displacement	0.0	0.0
receptor_only_geometry	receptor_grouped_5fold	3	Gq/11	numeric__receptor_only__tm7_displacement	0.0	0.0
receptor_only_geometry	receptor_grouped_5fold	3	Gq/11	numeric__receptor_only__tm3_tm7_distance	-0.060807608140446036	0.060807608140446036
receptor_only_geometry	receptor_grouped_5fold	3	Gq/11	numeric__receptor_only__tm6_r350_630_distance	0.0	0.0
receptor_only_geometry	receptor_grouped_5fold	3	Gq/11	numeric__receptor_only__dry_r350_630_min_distance	0.0	0.0
receptor_only_geometry	receptor_grouped_5fold	3	Gq/11	numeric__receptor_only__dry_r350_630_ca_distance	0.0	0.0
receptor_only_geometry	receptor_grouped_5fold	3	Gq/11	numeric__receptor_only__dry_d349_r350_min_distance	-0.08562008718417204	0.08562008718417204
receptor_only_geometry	receptor_grouped_5fold	3	Gq/11	numeric__receptor_only__r350_chi1	0.0	0.0
receptor_only_geometry	receptor_grouped_5fold	3	Gq/11	numeric__receptor_only__r350_chi2	0.21499756494479744	0.21499756494479744
receptor_only_geometry	receptor_grouped_5fold	3	Gq/11	numeric__receptor_only__pif_550_340_distance	0.0	0.0
receptor_only_geometry	receptor_grouped_5fold	3	Gq/11	numeric__receptor_only__pif_340_644_distance	-0.2647614891365302	0.2647614891365302
receptor_only_geometry	receptor_grouped_5fold	3	Gq/11	numeric__receptor_only__pif_550_644_distance	0.26948551488212996	0.26948551488212996
receptor_only_geometry	receptor_grouped_5fold	3	Gq/11	numeric__receptor_only__pif_550_340_min_distance	0.0	0.0
receptor_only_geometry	receptor_grouped_5fold	3	Gq/11	numeric__receptor_only__pif_340_644_min_distance	0.0	0.0
receptor_only_geometry	receptor_grouped_5fold	3	Gq/11	numeric__receptor_only__pif_550_644_min_distance	0.16569503928613097	0.16569503928613097
receptor_only_geometry	receptor_grouped_5fold	3	Gq/11	numeric__receptor_only__pif_triangle_perimeter	0.0	0.0
receptor_only_geometry	receptor_grouped_5fold	3	Gq/11	numeric__receptor_only__position_644_chi1	0.0	0.0
receptor_only_geometry	receptor_grouped_5fold	3	Gq/11	numeric__receptor_only__position_644_chi2	-0.3874011002436641	0.3874011002436641
receptor_only_geometry	receptor_grouped_5fold	3	Gq/11	numeric__receptor_only__w648_chi1	0.0	0.0
receptor_only_geometry	receptor_grouped_5fold	3	Gq/11	numeric__receptor_only__w648_chi2	0.1254426560677378	0.1254426560677378
receptor_only_geometry	receptor_grouped_5fold	3	Gq/11	numeric__receptor_only__w648_displacement	0.0	0.0
receptor_only_geometry	receptor_grouped_5fold	3	Gq/11	numeric__receptor_only__w648_to_644_distance	0.0	0.0
receptor_only_geometry	receptor_grouped_5fold	3	Gq/11	numeric__receptor_only__cwxp_647_650_distance	-0.3907479019389617	0.3907479019389617
receptor_only_geometry	receptor_grouped_5fold	3	Gq/11	numeric__receptor_only__y753_chi1	0.0	0.0
receptor_only_geometry	receptor_grouped_5fold	3	Gq/11	numeric__receptor_only__y753_chi2	0.0	0.0
receptor_only_geometry	receptor_grouped_5fold	3	Gq/11	numeric__receptor_only__y753_y558_distance	0.0	0.0
receptor_only_geometry	receptor_grouped_5fold	3	Gq/11	numeric__receptor_only__y753_y558_min_distance	0.0	0.0
receptor_only_geometry	receptor_grouped_5fold	3	Gq/11	numeric__receptor_only__n749_y753_distance	-0.1410381289292335	0.1410381289292335
receptor_only_geometry	receptor_grouped_5fold	3	Gq/11	numeric__receptor_only__npxxy_local_spread	0.19347406510743556	0.19347406510743556
receptor_only_geometry	receptor_grouped_5fold	3	Gq/11	numeric__receptor_only__y753_displacement	0.0	0.0
receptor_only_geometry	receptor_grouped_5fold	3	Gq/11	numeric__receptor_only__sodium_d250_s339_distance	0.0	0.0
receptor_only_geometry	receptor_grouped_5fold	3	Gq/11	numeric__receptor_only__sodium_d250_n745_distance	0.0	0.0
receptor_only_geometry	receptor_grouped_5fold	3	Gq/11	numeric__receptor_only__sodium_d250_s746_distance	-0.12475537472204089	0.12475537472204089
receptor_only_geometry	receptor_grouped_5fold	3	Gq/11	numeric__receptor_only__sodium_d250_n749_distance	-0.08663414856812254	0.08663414856812254
receptor_only_geometry	receptor_grouped_5fold	3	Gq/11	numeric__receptor_only__sodium_pocket_volume	-0.009636135722198251	0.009636135722198251
receptor_only_geometry	receptor_grouped_5fold	3	Gq/11	numeric__receptor_only__sodium_pocket_spread	-0.05619206470806209	0.05619206470806209
receptor_only_geometry	receptor_grouped_5fold	3	Gq/11	numeric__receptor_only__tm7_rotation	0.0	0.0
receptor_only_geometry	receptor_grouped_5fold	3	Gq/11	numeric__receptor_only__icl2_generic_ca_count	-0.005847772850218284	0.005847772850218284
receptor_only_geometry	receptor_grouped_5fold	3	Gq/11	numeric__receptor_only__icl2_end_to_end_distance	0.0	0.0
receptor_only_geometry	receptor_grouped_5fold	3	Gq/11	numeric__receptor_only__icl2_centroid_to_r350	0.0	0.0
receptor_only_geometry	receptor_grouped_5fold	3	Gq/11	numeric__receptor_only__icl2_centroid_to_tm5_561	0.0	0.0
receptor_only_geometry	receptor_grouped_5fold	3	Gq/11	numeric__receptor_only__icl2_centroid_to_tm6_634	0.0	0.0
receptor_only_geometry	receptor_grouped_5fold	3	Gq/11	numeric__receptor_only__icl2_centroid_to_tm7_753	-0.23884744906994246	0.23884744906994246
receptor_only_geometry	receptor_grouped_5fold	3	Gq/11	numeric__receptor_only__icl2_axis_tm3_angle	0.0	0.0
receptor_only_geometry	receptor_grouped_5fold	3	Gq/11	numeric__receptor_only__icl2_axis_tm5_angle	0.0	0.0
receptor_only_geometry	receptor_grouped_5fold	3	Gq/11	numeric__receptor_only__icl2_active_reference_displacement	-0.00016838490237693472	0.00016838490237693472
receptor_only_geometry	receptor_grouped_5fold	3	Gq/11	numeric__receptor_only__tm5_cytoplasmic_extension	0.0	0.0
receptor_only_geometry	receptor_grouped_5fold	3	Gq/11	numeric__receptor_only__tm5_cytoplasmic_kink	0.0	0.0
receptor_only_geometry	receptor_grouped_5fold	3	Gq/11	numeric__receptor_only__tm5_r350_561_distance	0.0	0.0
receptor_only_geometry	receptor_grouped_5fold	3	Gq/11	numeric__receptor_only__tm5_r350_564_distance	0.0	0.0
receptor_only_geometry	receptor_grouped_5fold	3	Gq/11	numeric__receptor_only__tm5_tm6_cavity_distance	0.0	0.0
receptor_only_geometry	receptor_grouped_5fold	3	Gq/11	numeric__receptor_only__tm5_axis_tm3_angle	0.0	0.0
receptor_only_geometry	receptor_grouped_5fold	3	Gq/11	numeric__receptor_only__tm6_lower_upper_kink	0.0	0.0
receptor_only_geometry	receptor_grouped_5fold	3	Gq/11	numeric__receptor_only__tm6_axis_tm3_angle	0.0	0.0
receptor_only_geometry	receptor_grouped_5fold	3	Gq/11	numeric__receptor_only__tm6_tm7_cavity_distance	0.15305454233101445	0.15305454233101445
receptor_only_geometry	receptor_grouped_5fold	3	Gq/11	numeric__receptor_only__tm7_h8_angle	0.0	0.0
receptor_only_geometry	receptor_grouped_5fold	3	Gq/11	numeric__receptor_only__h8_end_to_end_distance	0.0	0.0
receptor_only_geometry	receptor_grouped_5fold	3	Gq/11	numeric__receptor_only__h8_r350_distance	0.0	0.0
receptor_only_geometry	receptor_grouped_5fold	3	Gq/11	numeric__receptor_only__h8_tm6_distance	0.12684882150537616	0.12684882150537616
receptor_only_geometry	receptor_grouped_5fold	3	Gq/11	numeric__receptor_only__icl2_helix_fraction	0.0	0.0
receptor_only_geometry	receptor_grouped_5fold	3	Gq/11	numeric__receptor_only__icl2_longest_helix	0.0	0.0
receptor_only_geometry	receptor_grouped_5fold	3	Gq/11	numeric__receptor_only__icl2_mean_phi	0.18850336666824105	0.18850336666824105
receptor_only_geometry	receptor_grouped_5fold	3	Gq/11	numeric__receptor_only__icl2_mean_psi	0.0	0.0
receptor_only_geometry	receptor_grouped_5fold	3	Gq/11	numeric__receptor_only__intracellular_cavity_core_volume	0.0	0.0
receptor_only_geometry	receptor_grouped_5fold	3	Gq/11	numeric__receptor_only__intracellular_cavity_core_mouth_area	0.0	0.0
receptor_only_geometry	receptor_grouped_5fold	3	Gq/11	numeric__receptor_only__intracellular_cavity_core_depth	0.03254230914852345	0.03254230914852345
receptor_only_geometry	receptor_grouped_5fold	3	Gq/11	numeric__receptor_only__intracellular_cavity_core_maximum_width	0.0	0.0
receptor_only_geometry	receptor_grouped_5fold	3	Gq/11	numeric__receptor_only__intracellular_cavity_core_average_cross_section	0.0	0.0
receptor_only_geometry	receptor_grouped_5fold	3	Gq/11	numeric__receptor_only__intracellular_cavity_core_bottleneck_area	0.0	0.0
receptor_only_geometry	receptor_grouped_5fold	3	Gq/11	numeric__receptor_only__intracellular_cavity_core_bottleneck_radius	0.0	0.0
receptor_only_geometry	receptor_grouped_5fold	3	Gq/11	numeric__receptor_only__intracellular_cavity_core_max_inscribed_radius	0.0	0.0
receptor_only_geometry	receptor_grouped_5fold	3	Gq/11	numeric__receptor_only__intracellular_cavity_core_surface_area	0.0	0.0
receptor_only_geometry	receptor_grouped_5fold	3	Gq/11	numeric__receptor_only__intracellular_cavity_core_centroid_x	0.16053034763123966	0.16053034763123966
receptor_only_geometry	receptor_grouped_5fold	3	Gq/11	numeric__receptor_only__intracellular_cavity_core_centroid_y	0.0	0.0
receptor_only_geometry	receptor_grouped_5fold	3	Gq/11	numeric__receptor_only__intracellular_cavity_core_centroid_z	0.0	0.0
receptor_only_geometry	receptor_grouped_5fold	3	Gq/11	numeric__receptor_only__intracellular_cavity_core_principal_length_1	0.0	0.0
receptor_only_geometry	receptor_grouped_5fold	3	Gq/11	numeric__receptor_only__intracellular_cavity_core_principal_length_2	0.0	0.0
receptor_only_geometry	receptor_grouped_5fold	3	Gq/11	numeric__receptor_only__intracellular_cavity_core_principal_length_3	0.0	0.0
receptor_only_geometry	receptor_grouped_5fold	3	Gq/11	numeric__receptor_only__intracellular_cavity_core_principal_axis_1_z_alignment	0.0	0.0
receptor_only_geometry	receptor_grouped_5fold	3	Gq/11	numeric__receptor_only__intracellular_cavity_core_eccentricity	0.0	0.0
receptor_only_geometry	receptor_grouped_5fold	3	Gq/11	numeric__receptor_only__intracellular_cavity_core_sphericity	0.0	0.0
receptor_only_geometry	receptor_grouped_5fold	3	Gq/11	numeric__receptor_only__intracellular_cavity_core_asymmetry	0.0	0.0
receptor_only_geometry	receptor_grouped_5fold	3	Gq/11	numeric__receptor_only__intracellular_cavity_core_tm3_side_fraction	-0.030618377200310482	0.030618377200310482
receptor_only_geometry	receptor_grouped_5fold	3	Gq/11	numeric__receptor_only__intracellular_cavity_core_tm6_side_fraction	0.030618377200312664	0.030618377200312664
receptor_only_geometry	receptor_grouped_5fold	3	Gq/11	numeric__receptor_only__intracellular_cavity_core_tm5_side_fraction	0.0	0.0
receptor_only_geometry	receptor_grouped_5fold	3	Gq/11	numeric__receptor_only__intracellular_cavity_core_tm7_side_fraction	0.0	0.0
receptor_only_geometry	receptor_grouped_5fold	3	Gq/11	numeric__receptor_only__intracellular_cavity_core_wall_fraction_h8	-0.22146864676801165	0.22146864676801165
receptor_only_geometry	receptor_grouped_5fold	3	Gq/11	numeric__receptor_only__intracellular_cavity_core_wall_fraction_icl2	0.2754154611356701	0.2754154611356701
receptor_only_geometry	receptor_grouped_5fold	3	Gq/11	numeric__receptor_only__intracellular_cavity_core_wall_fraction_tm3	0.0	0.0
receptor_only_geometry	receptor_grouped_5fold	3	Gq/11	numeric__receptor_only__intracellular_cavity_core_wall_fraction_tm7	0.0	0.0
receptor_only_geometry	receptor_grouped_5fold	3	Gs	numeric__receptor_only__activation_consensus_score	0.0	0.0
receptor_only_geometry	receptor_grouped_5fold	3	Gs	numeric__receptor_only__tm6_r350_634_distance	0.0	0.0
receptor_only_geometry	receptor_grouped_5fold	3	Gs	numeric__receptor_only__tm6_aligned_displacement	0.0	0.0
receptor_only_geometry	receptor_grouped_5fold	3	Gs	numeric__receptor_only__tm7_displacement	0.0	0.0
receptor_only_geometry	receptor_grouped_5fold	3	Gs	numeric__receptor_only__tm3_tm7_distance	0.0	0.0
receptor_only_geometry	receptor_grouped_5fold	3	Gs	numeric__receptor_only__tm6_r350_630_distance	0.0	0.0
receptor_only_geometry	receptor_grouped_5fold	3	Gs	numeric__receptor_only__dry_r350_630_min_distance	0.0	0.0
receptor_only_geometry	receptor_grouped_5fold	3	Gs	numeric__receptor_only__dry_r350_630_ca_distance	0.0	0.0
receptor_only_geometry	receptor_grouped_5fold	3	Gs	numeric__receptor_only__dry_d349_r350_min_distance	0.0	0.0
receptor_only_geometry	receptor_grouped_5fold	3	Gs	numeric__receptor_only__r350_chi1	-0.06433722311583921	0.06433722311583921
receptor_only_geometry	receptor_grouped_5fold	3	Gs	numeric__receptor_only__r350_chi2	0.0	0.0
receptor_only_geometry	receptor_grouped_5fold	3	Gs	numeric__receptor_only__pif_550_340_distance	0.0	0.0
receptor_only_geometry	receptor_grouped_5fold	3	Gs	numeric__receptor_only__pif_340_644_distance	0.0	0.0
receptor_only_geometry	receptor_grouped_5fold	3	Gs	numeric__receptor_only__pif_550_644_distance	0.0	0.0
receptor_only_geometry	receptor_grouped_5fold	3	Gs	numeric__receptor_only__pif_550_340_min_distance	0.12506321782349508	0.12506321782349508
receptor_only_geometry	receptor_grouped_5fold	3	Gs	numeric__receptor_only__pif_340_644_min_distance	0.0	0.0
receptor_only_geometry	receptor_grouped_5fold	3	Gs	numeric__receptor_only__pif_550_644_min_distance	0.0	0.0
receptor_only_geometry	receptor_grouped_5fold	3	Gs	numeric__receptor_only__pif_triangle_perimeter	0.0	0.0
receptor_only_geometry	receptor_grouped_5fold	3	Gs	numeric__receptor_only__position_644_chi1	0.039280779694636274	0.039280779694636274
receptor_only_geometry	receptor_grouped_5fold	3	Gs	numeric__receptor_only__position_644_chi2	0.09854317833855694	0.09854317833855694
receptor_only_geometry	receptor_grouped_5fold	3	Gs	numeric__receptor_only__w648_chi1	0.0	0.0
receptor_only_geometry	receptor_grouped_5fold	3	Gs	numeric__receptor_only__w648_chi2	0.0	0.0
receptor_only_geometry	receptor_grouped_5fold	3	Gs	numeric__receptor_only__w648_displacement	0.0	0.0
receptor_only_geometry	receptor_grouped_5fold	3	Gs	numeric__receptor_only__w648_to_644_distance	0.03375572035542778	0.03375572035542778
receptor_only_geometry	receptor_grouped_5fold	3	Gs	numeric__receptor_only__cwxp_647_650_distance	0.33618202841533956	0.33618202841533956
receptor_only_geometry	receptor_grouped_5fold	3	Gs	numeric__receptor_only__y753_chi1	0.3654612347562633	0.3654612347562633
receptor_only_geometry	receptor_grouped_5fold	3	Gs	numeric__receptor_only__y753_chi2	0.0	0.0
receptor_only_geometry	receptor_grouped_5fold	3	Gs	numeric__receptor_only__y753_y558_distance	0.0	0.0
receptor_only_geometry	receptor_grouped_5fold	3	Gs	numeric__receptor_only__y753_y558_min_distance	0.0	0.0
receptor_only_geometry	receptor_grouped_5fold	3	Gs	numeric__receptor_only__n749_y753_distance	0.029345504047262272	0.029345504047262272
receptor_only_geometry	receptor_grouped_5fold	3	Gs	numeric__receptor_only__npxxy_local_spread	0.0	0.0
receptor_only_geometry	receptor_grouped_5fold	3	Gs	numeric__receptor_only__y753_displacement	0.0	0.0
receptor_only_geometry	receptor_grouped_5fold	3	Gs	numeric__receptor_only__sodium_d250_s339_distance	0.4409620316092923	0.4409620316092923
receptor_only_geometry	receptor_grouped_5fold	3	Gs	numeric__receptor_only__sodium_d250_n745_distance	0.0	0.0
receptor_only_geometry	receptor_grouped_5fold	3	Gs	numeric__receptor_only__sodium_d250_s746_distance	0.0	0.0
receptor_only_geometry	receptor_grouped_5fold	3	Gs	numeric__receptor_only__sodium_d250_n749_distance	0.18175358866527652	0.18175358866527652
receptor_only_geometry	receptor_grouped_5fold	3	Gs	numeric__receptor_only__sodium_pocket_volume	0.3245771434437305	0.3245771434437305
receptor_only_geometry	receptor_grouped_5fold	3	Gs	numeric__receptor_only__sodium_pocket_spread	0.32139904944610437	0.32139904944610437
receptor_only_geometry	receptor_grouped_5fold	3	Gs	numeric__receptor_only__tm7_rotation	0.0	0.0
receptor_only_geometry	receptor_grouped_5fold	3	Gs	numeric__receptor_only__icl2_generic_ca_count	0.1564442208461518	0.1564442208461518
receptor_only_geometry	receptor_grouped_5fold	3	Gs	numeric__receptor_only__icl2_end_to_end_distance	0.09552707755051658	0.09552707755051658
receptor_only_geometry	receptor_grouped_5fold	3	Gs	numeric__receptor_only__icl2_centroid_to_r350	0.0	0.0
receptor_only_geometry	receptor_grouped_5fold	3	Gs	numeric__receptor_only__icl2_centroid_to_tm5_561	0.0948123588390346	0.0948123588390346
receptor_only_geometry	receptor_grouped_5fold	3	Gs	numeric__receptor_only__icl2_centroid_to_tm6_634	0.0	0.0
receptor_only_geometry	receptor_grouped_5fold	3	Gs	numeric__receptor_only__icl2_centroid_to_tm7_753	0.0	0.0
receptor_only_geometry	receptor_grouped_5fold	3	Gs	numeric__receptor_only__icl2_axis_tm3_angle	-0.1248983932518363	0.1248983932518363
receptor_only_geometry	receptor_grouped_5fold	3	Gs	numeric__receptor_only__icl2_axis_tm5_angle	-0.13752387101627736	0.13752387101627736
receptor_only_geometry	receptor_grouped_5fold	3	Gs	numeric__receptor_only__icl2_active_reference_displacement	0.0	0.0
receptor_only_geometry	receptor_grouped_5fold	3	Gs	numeric__receptor_only__tm5_cytoplasmic_extension	0.12086266138610952	0.12086266138610952
receptor_only_geometry	receptor_grouped_5fold	3	Gs	numeric__receptor_only__tm5_cytoplasmic_kink	0.20992964682172396	0.20992964682172396
receptor_only_geometry	receptor_grouped_5fold	3	Gs	numeric__receptor_only__tm5_r350_561_distance	0.13730723002091705	0.13730723002091705
receptor_only_geometry	receptor_grouped_5fold	3	Gs	numeric__receptor_only__tm5_r350_564_distance	0.17318621725203442	0.17318621725203442
receptor_only_geometry	receptor_grouped_5fold	3	Gs	numeric__receptor_only__tm5_tm6_cavity_distance	0.0	0.0
receptor_only_geometry	receptor_grouped_5fold	3	Gs	numeric__receptor_only__tm5_axis_tm3_angle	0.17552829422617358	0.17552829422617358
receptor_only_geometry	receptor_grouped_5fold	3	Gs	numeric__receptor_only__tm6_lower_upper_kink	0.24935395378866296	0.24935395378866296
receptor_only_geometry	receptor_grouped_5fold	3	Gs	numeric__receptor_only__tm6_axis_tm3_angle	0.0	0.0
receptor_only_geometry	receptor_grouped_5fold	3	Gs	numeric__receptor_only__tm6_tm7_cavity_distance	0.0	0.0
receptor_only_geometry	receptor_grouped_5fold	3	Gs	numeric__receptor_only__tm7_h8_angle	0.0	0.0
receptor_only_geometry	receptor_grouped_5fold	3	Gs	numeric__receptor_only__h8_end_to_end_distance	0.0	0.0
receptor_only_geometry	receptor_grouped_5fold	3	Gs	numeric__receptor_only__h8_r350_distance	0.0	0.0
receptor_only_geometry	receptor_grouped_5fold	3	Gs	numeric__receptor_only__h8_tm6_distance	0.0	0.0
receptor_only_geometry	receptor_grouped_5fold	3	Gs	numeric__receptor_only__icl2_helix_fraction	0.0	0.0
receptor_only_geometry	receptor_grouped_5fold	3	Gs	numeric__receptor_only__icl2_longest_helix	0.011563364948043477	0.011563364948043477
receptor_only_geometry	receptor_grouped_5fold	3	Gs	numeric__receptor_only__icl2_mean_phi	0.0	0.0
receptor_only_geometry	receptor_grouped_5fold	3	Gs	numeric__receptor_only__icl2_mean_psi	0.0	0.0
receptor_only_geometry	receptor_grouped_5fold	3	Gs	numeric__receptor_only__intracellular_cavity_core_volume	0.0	0.0
receptor_only_geometry	receptor_grouped_5fold	3	Gs	numeric__receptor_only__intracellular_cavity_core_mouth_area	0.0	0.0
receptor_only_geometry	receptor_grouped_5fold	3	Gs	numeric__receptor_only__intracellular_cavity_core_depth	-0.15311626294364647	0.15311626294364647
receptor_only_geometry	receptor_grouped_5fold	3	Gs	numeric__receptor_only__intracellular_cavity_core_maximum_width	-0.02534262911161022	0.02534262911161022
receptor_only_geometry	receptor_grouped_5fold	3	Gs	numeric__receptor_only__intracellular_cavity_core_average_cross_section	0.0	0.0
receptor_only_geometry	receptor_grouped_5fold	3	Gs	numeric__receptor_only__intracellular_cavity_core_bottleneck_area	0.0	0.0
receptor_only_geometry	receptor_grouped_5fold	3	Gs	numeric__receptor_only__intracellular_cavity_core_bottleneck_radius	0.0	0.0
receptor_only_geometry	receptor_grouped_5fold	3	Gs	numeric__receptor_only__intracellular_cavity_core_max_inscribed_radius	0.0	0.0
receptor_only_geometry	receptor_grouped_5fold	3	Gs	numeric__receptor_only__intracellular_cavity_core_surface_area	0.0	0.0
receptor_only_geometry	receptor_grouped_5fold	3	Gs	numeric__receptor_only__intracellular_cavity_core_centroid_x	-0.0012820297610313914	0.0012820297610313914
receptor_only_geometry	receptor_grouped_5fold	3	Gs	numeric__receptor_only__intracellular_cavity_core_centroid_y	-0.24986612274879058	0.24986612274879058
receptor_only_geometry	receptor_grouped_5fold	3	Gs	numeric__receptor_only__intracellular_cavity_core_centroid_z	0.0	0.0
receptor_only_geometry	receptor_grouped_5fold	3	Gs	numeric__receptor_only__intracellular_cavity_core_principal_length_1	0.0	0.0
receptor_only_geometry	receptor_grouped_5fold	3	Gs	numeric__receptor_only__intracellular_cavity_core_principal_length_2	-0.019379163309569108	0.019379163309569108
receptor_only_geometry	receptor_grouped_5fold	3	Gs	numeric__receptor_only__intracellular_cavity_core_principal_length_3	0.0	0.0
receptor_only_geometry	receptor_grouped_5fold	3	Gs	numeric__receptor_only__intracellular_cavity_core_principal_axis_1_z_alignment	0.0	0.0
receptor_only_geometry	receptor_grouped_5fold	3	Gs	numeric__receptor_only__intracellular_cavity_core_eccentricity	0.0	0.0
receptor_only_geometry	receptor_grouped_5fold	3	Gs	numeric__receptor_only__intracellular_cavity_core_sphericity	0.0	0.0
receptor_only_geometry	receptor_grouped_5fold	3	Gs	numeric__receptor_only__intracellular_cavity_core_asymmetry	0.0	0.0
receptor_only_geometry	receptor_grouped_5fold	3	Gs	numeric__receptor_only__intracellular_cavity_core_tm3_side_fraction	0.0	0.0
receptor_only_geometry	receptor_grouped_5fold	3	Gs	numeric__receptor_only__intracellular_cavity_core_tm6_side_fraction	0.0	0.0
receptor_only_geometry	receptor_grouped_5fold	3	Gs	numeric__receptor_only__intracellular_cavity_core_tm5_side_fraction	-0.060269684142860706	0.060269684142860706
receptor_only_geometry	receptor_grouped_5fold	3	Gs	numeric__receptor_only__intracellular_cavity_core_tm7_side_fraction	0.060269684142863954	0.060269684142863954
receptor_only_geometry	receptor_grouped_5fold	3	Gs	numeric__receptor_only__intracellular_cavity_core_wall_fraction_h8	0.0	0.0
receptor_only_geometry	receptor_grouped_5fold	3	Gs	numeric__receptor_only__intracellular_cavity_core_wall_fraction_icl2	-0.2568635141859049	0.2568635141859049
receptor_only_geometry	receptor_grouped_5fold	3	Gs	numeric__receptor_only__intracellular_cavity_core_wall_fraction_tm3	0.0	0.0
receptor_only_geometry	receptor_grouped_5fold	3	Gs	numeric__receptor_only__intracellular_cavity_core_wall_fraction_tm7	0.0	0.0
receptor_only_geometry	receptor_grouped_5fold	4	Gi/o	numeric__receptor_only__activation_consensus_score	0.0	0.0
receptor_only_geometry	receptor_grouped_5fold	4	Gi/o	numeric__receptor_only__tm6_r350_634_distance	0.0	0.0
receptor_only_geometry	receptor_grouped_5fold	4	Gi/o	numeric__receptor_only__tm6_aligned_displacement	-0.05632615316170825	0.05632615316170825
receptor_only_geometry	receptor_grouped_5fold	4	Gi/o	numeric__receptor_only__tm7_displacement	0.0	0.0
receptor_only_geometry	receptor_grouped_5fold	4	Gi/o	numeric__receptor_only__tm3_tm7_distance	0.02453602582774104	0.02453602582774104
receptor_only_geometry	receptor_grouped_5fold	4	Gi/o	numeric__receptor_only__tm6_r350_630_distance	-0.04884230835469719	0.04884230835469719
receptor_only_geometry	receptor_grouped_5fold	4	Gi/o	numeric__receptor_only__dry_r350_630_min_distance	0.0	0.0
receptor_only_geometry	receptor_grouped_5fold	4	Gi/o	numeric__receptor_only__dry_r350_630_ca_distance	-0.04884230835469719	0.04884230835469719
receptor_only_geometry	receptor_grouped_5fold	4	Gi/o	numeric__receptor_only__dry_d349_r350_min_distance	0.0	0.0
receptor_only_geometry	receptor_grouped_5fold	4	Gi/o	numeric__receptor_only__r350_chi1	0.18735516936617258	0.18735516936617258
receptor_only_geometry	receptor_grouped_5fold	4	Gi/o	numeric__receptor_only__r350_chi2	-0.03601243619322677	0.03601243619322677
receptor_only_geometry	receptor_grouped_5fold	4	Gi/o	numeric__receptor_only__pif_550_340_distance	-0.060887022908159415	0.060887022908159415
receptor_only_geometry	receptor_grouped_5fold	4	Gi/o	numeric__receptor_only__pif_340_644_distance	0.11618531782020809	0.11618531782020809
receptor_only_geometry	receptor_grouped_5fold	4	Gi/o	numeric__receptor_only__pif_550_644_distance	-0.1328760665023187	0.1328760665023187
receptor_only_geometry	receptor_grouped_5fold	4	Gi/o	numeric__receptor_only__pif_550_340_min_distance	-0.26628652376245787	0.26628652376245787
receptor_only_geometry	receptor_grouped_5fold	4	Gi/o	numeric__receptor_only__pif_340_644_min_distance	0.0	0.0
receptor_only_geometry	receptor_grouped_5fold	4	Gi/o	numeric__receptor_only__pif_550_644_min_distance	-0.03858161331326456	0.03858161331326456
receptor_only_geometry	receptor_grouped_5fold	4	Gi/o	numeric__receptor_only__pif_triangle_perimeter	-0.01071083104183298	0.01071083104183298
receptor_only_geometry	receptor_grouped_5fold	4	Gi/o	numeric__receptor_only__position_644_chi1	0.0	0.0
receptor_only_geometry	receptor_grouped_5fold	4	Gi/o	numeric__receptor_only__position_644_chi2	0.09508194318693057	0.09508194318693057
receptor_only_geometry	receptor_grouped_5fold	4	Gi/o	numeric__receptor_only__w648_chi1	0.0	0.0
receptor_only_geometry	receptor_grouped_5fold	4	Gi/o	numeric__receptor_only__w648_chi2	0.0	0.0
receptor_only_geometry	receptor_grouped_5fold	4	Gi/o	numeric__receptor_only__w648_displacement	0.0010217449088261784	0.0010217449088261784
receptor_only_geometry	receptor_grouped_5fold	4	Gi/o	numeric__receptor_only__w648_to_644_distance	0.0	0.0
receptor_only_geometry	receptor_grouped_5fold	4	Gi/o	numeric__receptor_only__cwxp_647_650_distance	0.0	0.0
receptor_only_geometry	receptor_grouped_5fold	4	Gi/o	numeric__receptor_only__y753_chi1	-0.08266928085679086	0.08266928085679086
receptor_only_geometry	receptor_grouped_5fold	4	Gi/o	numeric__receptor_only__y753_chi2	0.09420675178878894	0.09420675178878894
receptor_only_geometry	receptor_grouped_5fold	4	Gi/o	numeric__receptor_only__y753_y558_distance	0.0	0.0
receptor_only_geometry	receptor_grouped_5fold	4	Gi/o	numeric__receptor_only__y753_y558_min_distance	0.0	0.0
receptor_only_geometry	receptor_grouped_5fold	4	Gi/o	numeric__receptor_only__n749_y753_distance	0.0	0.0
receptor_only_geometry	receptor_grouped_5fold	4	Gi/o	numeric__receptor_only__npxxy_local_spread	-0.26253714161396224	0.26253714161396224
receptor_only_geometry	receptor_grouped_5fold	4	Gi/o	numeric__receptor_only__y753_displacement	0.0	0.0
receptor_only_geometry	receptor_grouped_5fold	4	Gi/o	numeric__receptor_only__sodium_d250_s339_distance	-0.15581835157631252	0.15581835157631252
receptor_only_geometry	receptor_grouped_5fold	4	Gi/o	numeric__receptor_only__sodium_d250_n745_distance	0.0	0.0
receptor_only_geometry	receptor_grouped_5fold	4	Gi/o	numeric__receptor_only__sodium_d250_s746_distance	0.1337659114830891	0.1337659114830891
receptor_only_geometry	receptor_grouped_5fold	4	Gi/o	numeric__receptor_only__sodium_d250_n749_distance	0.0	0.0
receptor_only_geometry	receptor_grouped_5fold	4	Gi/o	numeric__receptor_only__sodium_pocket_volume	0.0	0.0
receptor_only_geometry	receptor_grouped_5fold	4	Gi/o	numeric__receptor_only__sodium_pocket_spread	0.0	0.0
receptor_only_geometry	receptor_grouped_5fold	4	Gi/o	numeric__receptor_only__tm7_rotation	0.0	0.0
receptor_only_geometry	receptor_grouped_5fold	4	Gi/o	numeric__receptor_only__icl2_generic_ca_count	0.0	0.0
receptor_only_geometry	receptor_grouped_5fold	4	Gi/o	numeric__receptor_only__icl2_end_to_end_distance	-0.11259464890492983	0.11259464890492983
receptor_only_geometry	receptor_grouped_5fold	4	Gi/o	numeric__receptor_only__icl2_centroid_to_r350	0.0	0.0
receptor_only_geometry	receptor_grouped_5fold	4	Gi/o	numeric__receptor_only__icl2_centroid_to_tm5_561	-0.3116978733768712	0.3116978733768712
receptor_only_geometry	receptor_grouped_5fold	4	Gi/o	numeric__receptor_only__icl2_centroid_to_tm6_634	0.0	0.0
receptor_only_geometry	receptor_grouped_5fold	4	Gi/o	numeric__receptor_only__icl2_centroid_to_tm7_753	0.0	0.0
receptor_only_geometry	receptor_grouped_5fold	4	Gi/o	numeric__receptor_only__icl2_axis_tm3_angle	0.0	0.0
receptor_only_geometry	receptor_grouped_5fold	4	Gi/o	numeric__receptor_only__icl2_axis_tm5_angle	0.15526644748059895	0.15526644748059895
receptor_only_geometry	receptor_grouped_5fold	4	Gi/o	numeric__receptor_only__icl2_active_reference_displacement	0.21431994672316446	0.21431994672316446
receptor_only_geometry	receptor_grouped_5fold	4	Gi/o	numeric__receptor_only__tm5_cytoplasmic_extension	0.0	0.0
receptor_only_geometry	receptor_grouped_5fold	4	Gi/o	numeric__receptor_only__tm5_cytoplasmic_kink	-0.19403626857728518	0.19403626857728518
receptor_only_geometry	receptor_grouped_5fold	4	Gi/o	numeric__receptor_only__tm5_r350_561_distance	-0.06856503819670812	0.06856503819670812
receptor_only_geometry	receptor_grouped_5fold	4	Gi/o	numeric__receptor_only__tm5_r350_564_distance	-0.05739257151883874	0.05739257151883874
receptor_only_geometry	receptor_grouped_5fold	4	Gi/o	numeric__receptor_only__tm5_tm6_cavity_distance	0.0	0.0
receptor_only_geometry	receptor_grouped_5fold	4	Gi/o	numeric__receptor_only__tm5_axis_tm3_angle	-0.2474508502344562	0.2474508502344562
receptor_only_geometry	receptor_grouped_5fold	4	Gi/o	numeric__receptor_only__tm6_lower_upper_kink	-0.10235807547995379	0.10235807547995379
receptor_only_geometry	receptor_grouped_5fold	4	Gi/o	numeric__receptor_only__tm6_axis_tm3_angle	-0.010697641995359755	0.010697641995359755
receptor_only_geometry	receptor_grouped_5fold	4	Gi/o	numeric__receptor_only__tm6_tm7_cavity_distance	0.0	0.0
receptor_only_geometry	receptor_grouped_5fold	4	Gi/o	numeric__receptor_only__tm7_h8_angle	0.0	0.0
receptor_only_geometry	receptor_grouped_5fold	4	Gi/o	numeric__receptor_only__h8_end_to_end_distance	0.0	0.0
receptor_only_geometry	receptor_grouped_5fold	4	Gi/o	numeric__receptor_only__h8_r350_distance	0.0	0.0
receptor_only_geometry	receptor_grouped_5fold	4	Gi/o	numeric__receptor_only__h8_tm6_distance	-0.2189695271403751	0.2189695271403751
receptor_only_geometry	receptor_grouped_5fold	4	Gi/o	numeric__receptor_only__icl2_helix_fraction	-0.029231738353100365	0.029231738353100365
receptor_only_geometry	receptor_grouped_5fold	4	Gi/o	numeric__receptor_only__icl2_longest_helix	0.0	0.0
receptor_only_geometry	receptor_grouped_5fold	4	Gi/o	numeric__receptor_only__icl2_mean_phi	0.0	0.0
receptor_only_geometry	receptor_grouped_5fold	4	Gi/o	numeric__receptor_only__icl2_mean_psi	0.0	0.0
receptor_only_geometry	receptor_grouped_5fold	4	Gi/o	numeric__receptor_only__intracellular_cavity_core_volume	0.0	0.0
receptor_only_geometry	receptor_grouped_5fold	4	Gi/o	numeric__receptor_only__intracellular_cavity_core_mouth_area	0.0	0.0
receptor_only_geometry	receptor_grouped_5fold	4	Gi/o	numeric__receptor_only__intracellular_cavity_core_depth	0.0	0.0
receptor_only_geometry	receptor_grouped_5fold	4	Gi/o	numeric__receptor_only__intracellular_cavity_core_maximum_width	0.0	0.0
receptor_only_geometry	receptor_grouped_5fold	4	Gi/o	numeric__receptor_only__intracellular_cavity_core_average_cross_section	0.0	0.0
receptor_only_geometry	receptor_grouped_5fold	4	Gi/o	numeric__receptor_only__intracellular_cavity_core_bottleneck_area	0.0	0.0
receptor_only_geometry	receptor_grouped_5fold	4	Gi/o	numeric__receptor_only__intracellular_cavity_core_bottleneck_radius	0.0	0.0
receptor_only_geometry	receptor_grouped_5fold	4	Gi/o	numeric__receptor_only__intracellular_cavity_core_max_inscribed_radius	0.0	0.0
receptor_only_geometry	receptor_grouped_5fold	4	Gi/o	numeric__receptor_only__intracellular_cavity_core_surface_area	0.0	0.0
receptor_only_geometry	receptor_grouped_5fold	4	Gi/o	numeric__receptor_only__intracellular_cavity_core_centroid_x	0.0	0.0
receptor_only_geometry	receptor_grouped_5fold	4	Gi/o	numeric__receptor_only__intracellular_cavity_core_centroid_y	0.11360667157910864	0.11360667157910864
receptor_only_geometry	receptor_grouped_5fold	4	Gi/o	numeric__receptor_only__intracellular_cavity_core_centroid_z	0.0	0.0
receptor_only_geometry	receptor_grouped_5fold	4	Gi/o	numeric__receptor_only__intracellular_cavity_core_principal_length_1	0.09677059915675183	0.09677059915675183
receptor_only_geometry	receptor_grouped_5fold	4	Gi/o	numeric__receptor_only__intracellular_cavity_core_principal_length_2	0.014835355776471396	0.014835355776471396
receptor_only_geometry	receptor_grouped_5fold	4	Gi/o	numeric__receptor_only__intracellular_cavity_core_principal_length_3	0.0	0.0
receptor_only_geometry	receptor_grouped_5fold	4	Gi/o	numeric__receptor_only__intracellular_cavity_core_principal_axis_1_z_alignment	0.0	0.0
receptor_only_geometry	receptor_grouped_5fold	4	Gi/o	numeric__receptor_only__intracellular_cavity_core_eccentricity	0.1543109703154824	0.1543109703154824
receptor_only_geometry	receptor_grouped_5fold	4	Gi/o	numeric__receptor_only__intracellular_cavity_core_sphericity	0.0	0.0
receptor_only_geometry	receptor_grouped_5fold	4	Gi/o	numeric__receptor_only__intracellular_cavity_core_asymmetry	0.0	0.0
receptor_only_geometry	receptor_grouped_5fold	4	Gi/o	numeric__receptor_only__intracellular_cavity_core_tm3_side_fraction	0.0	0.0
receptor_only_geometry	receptor_grouped_5fold	4	Gi/o	numeric__receptor_only__intracellular_cavity_core_tm6_side_fraction	0.0	0.0
receptor_only_geometry	receptor_grouped_5fold	4	Gi/o	numeric__receptor_only__intracellular_cavity_core_tm5_side_fraction	0.23779601803626008	0.23779601803626008
receptor_only_geometry	receptor_grouped_5fold	4	Gi/o	numeric__receptor_only__intracellular_cavity_core_tm7_side_fraction	-0.2377960180362604	0.2377960180362604
receptor_only_geometry	receptor_grouped_5fold	4	Gi/o	numeric__receptor_only__intracellular_cavity_core_wall_fraction_h8	0.11389420357024241	0.11389420357024241
receptor_only_geometry	receptor_grouped_5fold	4	Gi/o	numeric__receptor_only__intracellular_cavity_core_wall_fraction_icl2	0.0	0.0
receptor_only_geometry	receptor_grouped_5fold	4	Gi/o	numeric__receptor_only__intracellular_cavity_core_wall_fraction_tm3	0.16710862665582404	0.16710862665582404
receptor_only_geometry	receptor_grouped_5fold	4	Gi/o	numeric__receptor_only__intracellular_cavity_core_wall_fraction_tm7	0.0	0.0
receptor_only_geometry	receptor_grouped_5fold	4	Gq/11	numeric__receptor_only__activation_consensus_score	0.0	0.0
receptor_only_geometry	receptor_grouped_5fold	4	Gq/11	numeric__receptor_only__tm6_r350_634_distance	0.0	0.0
receptor_only_geometry	receptor_grouped_5fold	4	Gq/11	numeric__receptor_only__tm6_aligned_displacement	0.0	0.0
receptor_only_geometry	receptor_grouped_5fold	4	Gq/11	numeric__receptor_only__tm7_displacement	0.0	0.0
receptor_only_geometry	receptor_grouped_5fold	4	Gq/11	numeric__receptor_only__tm3_tm7_distance	0.0	0.0
receptor_only_geometry	receptor_grouped_5fold	4	Gq/11	numeric__receptor_only__tm6_r350_630_distance	0.0	0.0
receptor_only_geometry	receptor_grouped_5fold	4	Gq/11	numeric__receptor_only__dry_r350_630_min_distance	0.0	0.0
receptor_only_geometry	receptor_grouped_5fold	4	Gq/11	numeric__receptor_only__dry_r350_630_ca_distance	0.0	0.0
receptor_only_geometry	receptor_grouped_5fold	4	Gq/11	numeric__receptor_only__dry_d349_r350_min_distance	0.0	0.0
receptor_only_geometry	receptor_grouped_5fold	4	Gq/11	numeric__receptor_only__r350_chi1	0.0	0.0
receptor_only_geometry	receptor_grouped_5fold	4	Gq/11	numeric__receptor_only__r350_chi2	0.11920159828032345	0.11920159828032345
receptor_only_geometry	receptor_grouped_5fold	4	Gq/11	numeric__receptor_only__pif_550_340_distance	0.0	0.0
receptor_only_geometry	receptor_grouped_5fold	4	Gq/11	numeric__receptor_only__pif_340_644_distance	-0.3667046292271037	0.3667046292271037
receptor_only_geometry	receptor_grouped_5fold	4	Gq/11	numeric__receptor_only__pif_550_644_distance	0.055984942051778466	0.055984942051778466
receptor_only_geometry	receptor_grouped_5fold	4	Gq/11	numeric__receptor_only__pif_550_340_min_distance	0.0	0.0
receptor_only_geometry	receptor_grouped_5fold	4	Gq/11	numeric__receptor_only__pif_340_644_min_distance	0.0	0.0
receptor_only_geometry	receptor_grouped_5fold	4	Gq/11	numeric__receptor_only__pif_550_644_min_distance	0.18733916081865812	0.18733916081865812
receptor_only_geometry	receptor_grouped_5fold	4	Gq/11	numeric__receptor_only__pif_triangle_perimeter	0.0	0.0
receptor_only_geometry	receptor_grouped_5fold	4	Gq/11	numeric__receptor_only__position_644_chi1	-0.22928502901809122	0.22928502901809122
receptor_only_geometry	receptor_grouped_5fold	4	Gq/11	numeric__receptor_only__position_644_chi2	-0.4920549127206867	0.4920549127206867
receptor_only_geometry	receptor_grouped_5fold	4	Gq/11	numeric__receptor_only__w648_chi1	0.0	0.0
receptor_only_geometry	receptor_grouped_5fold	4	Gq/11	numeric__receptor_only__w648_chi2	0.0	0.0
receptor_only_geometry	receptor_grouped_5fold	4	Gq/11	numeric__receptor_only__w648_displacement	0.0	0.0
receptor_only_geometry	receptor_grouped_5fold	4	Gq/11	numeric__receptor_only__w648_to_644_distance	0.0	0.0
receptor_only_geometry	receptor_grouped_5fold	4	Gq/11	numeric__receptor_only__cwxp_647_650_distance	-0.21762117372314083	0.21762117372314083
receptor_only_geometry	receptor_grouped_5fold	4	Gq/11	numeric__receptor_only__y753_chi1	0.0	0.0
receptor_only_geometry	receptor_grouped_5fold	4	Gq/11	numeric__receptor_only__y753_chi2	-0.12238961993660337	0.12238961993660337
receptor_only_geometry	receptor_grouped_5fold	4	Gq/11	numeric__receptor_only__y753_y558_distance	0.0	0.0
receptor_only_geometry	receptor_grouped_5fold	4	Gq/11	numeric__receptor_only__y753_y558_min_distance	0.0	0.0
receptor_only_geometry	receptor_grouped_5fold	4	Gq/11	numeric__receptor_only__n749_y753_distance	-0.003279680197569619	0.003279680197569619
receptor_only_geometry	receptor_grouped_5fold	4	Gq/11	numeric__receptor_only__npxxy_local_spread	0.1738509175746474	0.1738509175746474
receptor_only_geometry	receptor_grouped_5fold	4	Gq/11	numeric__receptor_only__y753_displacement	0.0	0.0
receptor_only_geometry	receptor_grouped_5fold	4	Gq/11	numeric__receptor_only__sodium_d250_s339_distance	-0.08141259245179057	0.08141259245179057
receptor_only_geometry	receptor_grouped_5fold	4	Gq/11	numeric__receptor_only__sodium_d250_n745_distance	-0.07336140989243957	0.07336140989243957
receptor_only_geometry	receptor_grouped_5fold	4	Gq/11	numeric__receptor_only__sodium_d250_s746_distance	-0.12097549009702277	0.12097549009702277
receptor_only_geometry	receptor_grouped_5fold	4	Gq/11	numeric__receptor_only__sodium_d250_n749_distance	-0.2476483426184037	0.2476483426184037
receptor_only_geometry	receptor_grouped_5fold	4	Gq/11	numeric__receptor_only__sodium_pocket_volume	-0.048120869046768086	0.048120869046768086
receptor_only_geometry	receptor_grouped_5fold	4	Gq/11	numeric__receptor_only__sodium_pocket_spread	-0.12135788300395425	0.12135788300395425
receptor_only_geometry	receptor_grouped_5fold	4	Gq/11	numeric__receptor_only__tm7_rotation	-0.04251347572577935	0.04251347572577935
receptor_only_geometry	receptor_grouped_5fold	4	Gq/11	numeric__receptor_only__icl2_generic_ca_count	0.0	0.0
receptor_only_geometry	receptor_grouped_5fold	4	Gq/11	numeric__receptor_only__icl2_end_to_end_distance	0.0	0.0
receptor_only_geometry	receptor_grouped_5fold	4	Gq/11	numeric__receptor_only__icl2_centroid_to_r350	0.0	0.0
receptor_only_geometry	receptor_grouped_5fold	4	Gq/11	numeric__receptor_only__icl2_centroid_to_tm5_561	0.0	0.0
receptor_only_geometry	receptor_grouped_5fold	4	Gq/11	numeric__receptor_only__icl2_centroid_to_tm6_634	0.0	0.0
receptor_only_geometry	receptor_grouped_5fold	4	Gq/11	numeric__receptor_only__icl2_centroid_to_tm7_753	-0.010126796816810111	0.010126796816810111
receptor_only_geometry	receptor_grouped_5fold	4	Gq/11	numeric__receptor_only__icl2_axis_tm3_angle	0.17145458682948655	0.17145458682948655
receptor_only_geometry	receptor_grouped_5fold	4	Gq/11	numeric__receptor_only__icl2_axis_tm5_angle	0.0	0.0
receptor_only_geometry	receptor_grouped_5fold	4	Gq/11	numeric__receptor_only__icl2_active_reference_displacement	0.0	0.0
receptor_only_geometry	receptor_grouped_5fold	4	Gq/11	numeric__receptor_only__tm5_cytoplasmic_extension	-0.23763248610416104	0.23763248610416104
receptor_only_geometry	receptor_grouped_5fold	4	Gq/11	numeric__receptor_only__tm5_cytoplasmic_kink	0.0	0.0
receptor_only_geometry	receptor_grouped_5fold	4	Gq/11	numeric__receptor_only__tm5_r350_561_distance	0.0	0.0
receptor_only_geometry	receptor_grouped_5fold	4	Gq/11	numeric__receptor_only__tm5_r350_564_distance	0.0	0.0
receptor_only_geometry	receptor_grouped_5fold	4	Gq/11	numeric__receptor_only__tm5_tm6_cavity_distance	0.0	0.0
receptor_only_geometry	receptor_grouped_5fold	4	Gq/11	numeric__receptor_only__tm5_axis_tm3_angle	0.0	0.0
receptor_only_geometry	receptor_grouped_5fold	4	Gq/11	numeric__receptor_only__tm6_lower_upper_kink	0.0	0.0
receptor_only_geometry	receptor_grouped_5fold	4	Gq/11	numeric__receptor_only__tm6_axis_tm3_angle	0.0	0.0
receptor_only_geometry	receptor_grouped_5fold	4	Gq/11	numeric__receptor_only__tm6_tm7_cavity_distance	0.0	0.0
receptor_only_geometry	receptor_grouped_5fold	4	Gq/11	numeric__receptor_only__tm7_h8_angle	0.0025837810013574322	0.0025837810013574322
receptor_only_geometry	receptor_grouped_5fold	4	Gq/11	numeric__receptor_only__h8_end_to_end_distance	0.0	0.0
receptor_only_geometry	receptor_grouped_5fold	4	Gq/11	numeric__receptor_only__h8_r350_distance	0.0	0.0
receptor_only_geometry	receptor_grouped_5fold	4	Gq/11	numeric__receptor_only__h8_tm6_distance	0.0007590066772058671	0.0007590066772058671
receptor_only_geometry	receptor_grouped_5fold	4	Gq/11	numeric__receptor_only__icl2_helix_fraction	0.0	0.0
receptor_only_geometry	receptor_grouped_5fold	4	Gq/11	numeric__receptor_only__icl2_longest_helix	0.0	0.0
receptor_only_geometry	receptor_grouped_5fold	4	Gq/11	numeric__receptor_only__icl2_mean_phi	0.07927945467207605	0.07927945467207605
receptor_only_geometry	receptor_grouped_5fold	4	Gq/11	numeric__receptor_only__icl2_mean_psi	0.0	0.0
receptor_only_geometry	receptor_grouped_5fold	4	Gq/11	numeric__receptor_only__intracellular_cavity_core_volume	0.0	0.0
receptor_only_geometry	receptor_grouped_5fold	4	Gq/11	numeric__receptor_only__intracellular_cavity_core_mouth_area	0.0	0.0
receptor_only_geometry	receptor_grouped_5fold	4	Gq/11	numeric__receptor_only__intracellular_cavity_core_depth	0.0	0.0
receptor_only_geometry	receptor_grouped_5fold	4	Gq/11	numeric__receptor_only__intracellular_cavity_core_maximum_width	0.0	0.0
receptor_only_geometry	receptor_grouped_5fold	4	Gq/11	numeric__receptor_only__intracellular_cavity_core_average_cross_section	0.0	0.0
receptor_only_geometry	receptor_grouped_5fold	4	Gq/11	numeric__receptor_only__intracellular_cavity_core_bottleneck_area	0.0	0.0
receptor_only_geometry	receptor_grouped_5fold	4	Gq/11	numeric__receptor_only__intracellular_cavity_core_bottleneck_radius	0.0	0.0
receptor_only_geometry	receptor_grouped_5fold	4	Gq/11	numeric__receptor_only__intracellular_cavity_core_max_inscribed_radius	0.0	0.0
receptor_only_geometry	receptor_grouped_5fold	4	Gq/11	numeric__receptor_only__intracellular_cavity_core_surface_area	0.0	0.0
receptor_only_geometry	receptor_grouped_5fold	4	Gq/11	numeric__receptor_only__intracellular_cavity_core_centroid_x	0.19296848743163408	0.19296848743163408
receptor_only_geometry	receptor_grouped_5fold	4	Gq/11	numeric__receptor_only__intracellular_cavity_core_centroid_y	0.0	0.0
receptor_only_geometry	receptor_grouped_5fold	4	Gq/11	numeric__receptor_only__intracellular_cavity_core_centroid_z	-0.029844771247099233	0.029844771247099233
receptor_only_geometry	receptor_grouped_5fold	4	Gq/11	numeric__receptor_only__intracellular_cavity_core_principal_length_1	0.0	0.0
receptor_only_geometry	receptor_grouped_5fold	4	Gq/11	numeric__receptor_only__intracellular_cavity_core_principal_length_2	0.0	0.0
receptor_only_geometry	receptor_grouped_5fold	4	Gq/11	numeric__receptor_only__intracellular_cavity_core_principal_length_3	0.0	0.0
receptor_only_geometry	receptor_grouped_5fold	4	Gq/11	numeric__receptor_only__intracellular_cavity_core_principal_axis_1_z_alignment	0.0559528587538608	0.0559528587538608
receptor_only_geometry	receptor_grouped_5fold	4	Gq/11	numeric__receptor_only__intracellular_cavity_core_eccentricity	0.0	0.0
receptor_only_geometry	receptor_grouped_5fold	4	Gq/11	numeric__receptor_only__intracellular_cavity_core_sphericity	0.0	0.0
receptor_only_geometry	receptor_grouped_5fold	4	Gq/11	numeric__receptor_only__intracellular_cavity_core_asymmetry	0.0	0.0
receptor_only_geometry	receptor_grouped_5fold	4	Gq/11	numeric__receptor_only__intracellular_cavity_core_tm3_side_fraction	-0.07985420943829794	0.07985420943829794
receptor_only_geometry	receptor_grouped_5fold	4	Gq/11	numeric__receptor_only__intracellular_cavity_core_tm6_side_fraction	0.07985420943830171	0.07985420943830171
receptor_only_geometry	receptor_grouped_5fold	4	Gq/11	numeric__receptor_only__intracellular_cavity_core_tm5_side_fraction	-0.06151817375312228	0.06151817375312228
receptor_only_geometry	receptor_grouped_5fold	4	Gq/11	numeric__receptor_only__intracellular_cavity_core_tm7_side_fraction	0.06151817375312231	0.06151817375312231
receptor_only_geometry	receptor_grouped_5fold	4	Gq/11	numeric__receptor_only__intracellular_cavity_core_wall_fraction_h8	-0.29304199881740983	0.29304199881740983
receptor_only_geometry	receptor_grouped_5fold	4	Gq/11	numeric__receptor_only__intracellular_cavity_core_wall_fraction_icl2	0.0	0.0
receptor_only_geometry	receptor_grouped_5fold	4	Gq/11	numeric__receptor_only__intracellular_cavity_core_wall_fraction_tm3	-0.09625114933722871	0.09625114933722871
receptor_only_geometry	receptor_grouped_5fold	4	Gq/11	numeric__receptor_only__intracellular_cavity_core_wall_fraction_tm7	0.17839589984049256	0.17839589984049256
receptor_only_geometry	receptor_grouped_5fold	4	Gs	numeric__receptor_only__activation_consensus_score	0.0	0.0
receptor_only_geometry	receptor_grouped_5fold	4	Gs	numeric__receptor_only__tm6_r350_634_distance	0.0	0.0
receptor_only_geometry	receptor_grouped_5fold	4	Gs	numeric__receptor_only__tm6_aligned_displacement	0.01969780234278463	0.01969780234278463
receptor_only_geometry	receptor_grouped_5fold	4	Gs	numeric__receptor_only__tm7_displacement	0.0	0.0
receptor_only_geometry	receptor_grouped_5fold	4	Gs	numeric__receptor_only__tm3_tm7_distance	0.0	0.0
receptor_only_geometry	receptor_grouped_5fold	4	Gs	numeric__receptor_only__tm6_r350_630_distance	0.0	0.0
receptor_only_geometry	receptor_grouped_5fold	4	Gs	numeric__receptor_only__dry_r350_630_min_distance	0.0	0.0
receptor_only_geometry	receptor_grouped_5fold	4	Gs	numeric__receptor_only__dry_r350_630_ca_distance	0.0	0.0
receptor_only_geometry	receptor_grouped_5fold	4	Gs	numeric__receptor_only__dry_d349_r350_min_distance	0.0	0.0
receptor_only_geometry	receptor_grouped_5fold	4	Gs	numeric__receptor_only__r350_chi1	-0.2456634947379458	0.2456634947379458
receptor_only_geometry	receptor_grouped_5fold	4	Gs	numeric__receptor_only__r350_chi2	0.0	0.0
receptor_only_geometry	receptor_grouped_5fold	4	Gs	numeric__receptor_only__pif_550_340_distance	0.0	0.0
receptor_only_geometry	receptor_grouped_5fold	4	Gs	numeric__receptor_only__pif_340_644_distance	0.0	0.0
receptor_only_geometry	receptor_grouped_5fold	4	Gs	numeric__receptor_only__pif_550_644_distance	0.0	0.0
receptor_only_geometry	receptor_grouped_5fold	4	Gs	numeric__receptor_only__pif_550_340_min_distance	0.08548347693152467	0.08548347693152467
receptor_only_geometry	receptor_grouped_5fold	4	Gs	numeric__receptor_only__pif_340_644_min_distance	0.0	0.0
receptor_only_geometry	receptor_grouped_5fold	4	Gs	numeric__receptor_only__pif_550_644_min_distance	0.0	0.0
receptor_only_geometry	receptor_grouped_5fold	4	Gs	numeric__receptor_only__pif_triangle_perimeter	0.0	0.0
receptor_only_geometry	receptor_grouped_5fold	4	Gs	numeric__receptor_only__position_644_chi1	0.30946487274951395	0.30946487274951395
receptor_only_geometry	receptor_grouped_5fold	4	Gs	numeric__receptor_only__position_644_chi2	0.11511467035797411	0.11511467035797411
receptor_only_geometry	receptor_grouped_5fold	4	Gs	numeric__receptor_only__w648_chi1	0.0	0.0
receptor_only_geometry	receptor_grouped_5fold	4	Gs	numeric__receptor_only__w648_chi2	0.0	0.0
receptor_only_geometry	receptor_grouped_5fold	4	Gs	numeric__receptor_only__w648_displacement	0.0	0.0
receptor_only_geometry	receptor_grouped_5fold	4	Gs	numeric__receptor_only__w648_to_644_distance	0.0	0.0
receptor_only_geometry	receptor_grouped_5fold	4	Gs	numeric__receptor_only__cwxp_647_650_distance	0.03943714439705959	0.03943714439705959
receptor_only_geometry	receptor_grouped_5fold	4	Gs	numeric__receptor_only__y753_chi1	0.288211395882848	0.288211395882848
receptor_only_geometry	receptor_grouped_5fold	4	Gs	numeric__receptor_only__y753_chi2	0.0	0.0
receptor_only_geometry	receptor_grouped_5fold	4	Gs	numeric__receptor_only__y753_y558_distance	0.0	0.0
receptor_only_geometry	receptor_grouped_5fold	4	Gs	numeric__receptor_only__y753_y558_min_distance	0.0	0.0
receptor_only_geometry	receptor_grouped_5fold	4	Gs	numeric__receptor_only__n749_y753_distance	0.0	0.0
receptor_only_geometry	receptor_grouped_5fold	4	Gs	numeric__receptor_only__npxxy_local_spread	0.0	0.0
receptor_only_geometry	receptor_grouped_5fold	4	Gs	numeric__receptor_only__y753_displacement	0.0	0.0
receptor_only_geometry	receptor_grouped_5fold	4	Gs	numeric__receptor_only__sodium_d250_s339_distance	0.5192781751194809	0.5192781751194809
receptor_only_geometry	receptor_grouped_5fold	4	Gs	numeric__receptor_only__sodium_d250_n745_distance	0.00049029424982564	0.00049029424982564
receptor_only_geometry	receptor_grouped_5fold	4	Gs	numeric__receptor_only__sodium_d250_s746_distance	0.0	0.0
receptor_only_geometry	receptor_grouped_5fold	4	Gs	numeric__receptor_only__sodium_d250_n749_distance	0.2423804127623455	0.2423804127623455
receptor_only_geometry	receptor_grouped_5fold	4	Gs	numeric__receptor_only__sodium_pocket_volume	0.31498130203734426	0.31498130203734426
receptor_only_geometry	receptor_grouped_5fold	4	Gs	numeric__receptor_only__sodium_pocket_spread	0.3074065907627447	0.3074065907627447
receptor_only_geometry	receptor_grouped_5fold	4	Gs	numeric__receptor_only__tm7_rotation	0.0	0.0
receptor_only_geometry	receptor_grouped_5fold	4	Gs	numeric__receptor_only__icl2_generic_ca_count	0.1446372146502584	0.1446372146502584
receptor_only_geometry	receptor_grouped_5fold	4	Gs	numeric__receptor_only__icl2_end_to_end_distance	0.03509469209336567	0.03509469209336567
receptor_only_geometry	receptor_grouped_5fold	4	Gs	numeric__receptor_only__icl2_centroid_to_r350	0.0	0.0
receptor_only_geometry	receptor_grouped_5fold	4	Gs	numeric__receptor_only__icl2_centroid_to_tm5_561	0.11841488280591475	0.11841488280591475
receptor_only_geometry	receptor_grouped_5fold	4	Gs	numeric__receptor_only__icl2_centroid_to_tm6_634	0.0	0.0
receptor_only_geometry	receptor_grouped_5fold	4	Gs	numeric__receptor_only__icl2_centroid_to_tm7_753	0.0	0.0
receptor_only_geometry	receptor_grouped_5fold	4	Gs	numeric__receptor_only__icl2_axis_tm3_angle	-0.30928645035219576	0.30928645035219576
receptor_only_geometry	receptor_grouped_5fold	4	Gs	numeric__receptor_only__icl2_axis_tm5_angle	-0.1922093755781132	0.1922093755781132
receptor_only_geometry	receptor_grouped_5fold	4	Gs	numeric__receptor_only__icl2_active_reference_displacement	-0.004794058343239073	0.004794058343239073
receptor_only_geometry	receptor_grouped_5fold	4	Gs	numeric__receptor_only__tm5_cytoplasmic_extension	0.13922880774968538	0.13922880774968538
receptor_only_geometry	receptor_grouped_5fold	4	Gs	numeric__receptor_only__tm5_cytoplasmic_kink	0.08039033529599572	0.08039033529599572
receptor_only_geometry	receptor_grouped_5fold	4	Gs	numeric__receptor_only__tm5_r350_561_distance	0.20985274920162406	0.20985274920162406
receptor_only_geometry	receptor_grouped_5fold	4	Gs	numeric__receptor_only__tm5_r350_564_distance	0.18505619795738135	0.18505619795738135
receptor_only_geometry	receptor_grouped_5fold	4	Gs	numeric__receptor_only__tm5_tm6_cavity_distance	0.0	0.0
receptor_only_geometry	receptor_grouped_5fold	4	Gs	numeric__receptor_only__tm5_axis_tm3_angle	0.05154492731296815	0.05154492731296815
receptor_only_geometry	receptor_grouped_5fold	4	Gs	numeric__receptor_only__tm6_lower_upper_kink	0.23366850061318803	0.23366850061318803
receptor_only_geometry	receptor_grouped_5fold	4	Gs	numeric__receptor_only__tm6_axis_tm3_angle	0.0	0.0
receptor_only_geometry	receptor_grouped_5fold	4	Gs	numeric__receptor_only__tm6_tm7_cavity_distance	0.0	0.0
receptor_only_geometry	receptor_grouped_5fold	4	Gs	numeric__receptor_only__tm7_h8_angle	0.0	0.0
receptor_only_geometry	receptor_grouped_5fold	4	Gs	numeric__receptor_only__h8_end_to_end_distance	0.0	0.0
receptor_only_geometry	receptor_grouped_5fold	4	Gs	numeric__receptor_only__h8_r350_distance	0.0	0.0
receptor_only_geometry	receptor_grouped_5fold	4	Gs	numeric__receptor_only__h8_tm6_distance	0.0	0.0
receptor_only_geometry	receptor_grouped_5fold	4	Gs	numeric__receptor_only__icl2_helix_fraction	0.0	0.0
receptor_only_geometry	receptor_grouped_5fold	4	Gs	numeric__receptor_only__icl2_longest_helix	0.0	0.0
receptor_only_geometry	receptor_grouped_5fold	4	Gs	numeric__receptor_only__icl2_mean_phi	0.0	0.0
receptor_only_geometry	receptor_grouped_5fold	4	Gs	numeric__receptor_only__icl2_mean_psi	0.0	0.0
receptor_only_geometry	receptor_grouped_5fold	4	Gs	numeric__receptor_only__intracellular_cavity_core_volume	0.0	0.0
receptor_only_geometry	receptor_grouped_5fold	4	Gs	numeric__receptor_only__intracellular_cavity_core_mouth_area	0.0	0.0
receptor_only_geometry	receptor_grouped_5fold	4	Gs	numeric__receptor_only__intracellular_cavity_core_depth	-0.12402338405448092	0.12402338405448092
receptor_only_geometry	receptor_grouped_5fold	4	Gs	numeric__receptor_only__intracellular_cavity_core_maximum_width	0.0	0.0
receptor_only_geometry	receptor_grouped_5fold	4	Gs	numeric__receptor_only__intracellular_cavity_core_average_cross_section	0.0	0.0
receptor_only_geometry	receptor_grouped_5fold	4	Gs	numeric__receptor_only__intracellular_cavity_core_bottleneck_area	0.0	0.0
receptor_only_geometry	receptor_grouped_5fold	4	Gs	numeric__receptor_only__intracellular_cavity_core_bottleneck_radius	0.0	0.0
receptor_only_geometry	receptor_grouped_5fold	4	Gs	numeric__receptor_only__intracellular_cavity_core_max_inscribed_radius	0.0	0.0
receptor_only_geometry	receptor_grouped_5fold	4	Gs	numeric__receptor_only__intracellular_cavity_core_surface_area	0.0	0.0
receptor_only_geometry	receptor_grouped_5fold	4	Gs	numeric__receptor_only__intracellular_cavity_core_centroid_x	-0.14236338590812989	0.14236338590812989
receptor_only_geometry	receptor_grouped_5fold	4	Gs	numeric__receptor_only__intracellular_cavity_core_centroid_y	-0.1353400379119169	0.1353400379119169
receptor_only_geometry	receptor_grouped_5fold	4	Gs	numeric__receptor_only__intracellular_cavity_core_centroid_z	0.12476856001336045	0.12476856001336045
receptor_only_geometry	receptor_grouped_5fold	4	Gs	numeric__receptor_only__intracellular_cavity_core_principal_length_1	-0.13273217257803177	0.13273217257803177
receptor_only_geometry	receptor_grouped_5fold	4	Gs	numeric__receptor_only__intracellular_cavity_core_principal_length_2	0.0	0.0
receptor_only_geometry	receptor_grouped_5fold	4	Gs	numeric__receptor_only__intracellular_cavity_core_principal_length_3	0.0	0.0
receptor_only_geometry	receptor_grouped_5fold	4	Gs	numeric__receptor_only__intracellular_cavity_core_principal_axis_1_z_alignment	-0.21683881017606685	0.21683881017606685
receptor_only_geometry	receptor_grouped_5fold	4	Gs	numeric__receptor_only__intracellular_cavity_core_eccentricity	0.0	0.0
receptor_only_geometry	receptor_grouped_5fold	4	Gs	numeric__receptor_only__intracellular_cavity_core_sphericity	0.0	0.0
receptor_only_geometry	receptor_grouped_5fold	4	Gs	numeric__receptor_only__intracellular_cavity_core_asymmetry	0.0	0.0
receptor_only_geometry	receptor_grouped_5fold	4	Gs	numeric__receptor_only__intracellular_cavity_core_tm3_side_fraction	0.040652427096536076	0.040652427096536076
receptor_only_geometry	receptor_grouped_5fold	4	Gs	numeric__receptor_only__intracellular_cavity_core_tm6_side_fraction	-0.04065242709653436	0.04065242709653436
receptor_only_geometry	receptor_grouped_5fold	4	Gs	numeric__receptor_only__intracellular_cavity_core_tm5_side_fraction	0.0	0.0
receptor_only_geometry	receptor_grouped_5fold	4	Gs	numeric__receptor_only__intracellular_cavity_core_tm7_side_fraction	0.0	0.0
receptor_only_geometry	receptor_grouped_5fold	4	Gs	numeric__receptor_only__intracellular_cavity_core_wall_fraction_h8	0.0	0.0
receptor_only_geometry	receptor_grouped_5fold	4	Gs	numeric__receptor_only__intracellular_cavity_core_wall_fraction_icl2	0.0	0.0
receptor_only_geometry	receptor_grouped_5fold	4	Gs	numeric__receptor_only__intracellular_cavity_core_wall_fraction_tm3	0.0	0.0
receptor_only_geometry	receptor_grouped_5fold	4	Gs	numeric__receptor_only__intracellular_cavity_core_wall_fraction_tm7	-0.025589795191559166	0.025589795191559166
