experiment	validation	fold	class_label	transformed_feature	coefficient	absolute_coefficient
bound_geometry	receptor_grouped_5fold	0	Gi/o	numeric__bound__activation_consensus_score	-0.0051904820541961855	0.0051904820541961855
bound_geometry	receptor_grouped_5fold	0	Gi/o	numeric__bound__tm6_r350_634_distance	-0.19932335110252714	0.19932335110252714
bound_geometry	receptor_grouped_5fold	0	Gi/o	numeric__bound__tm6_aligned_displacement	-0.12844480981490128	0.12844480981490128
bound_geometry	receptor_grouped_5fold	0	Gi/o	numeric__bound__tm7_displacement	0.0	0.0
bound_geometry	receptor_grouped_5fold	0	Gi/o	numeric__bound__tm3_tm7_distance	0.08672271056713005	0.08672271056713005
bound_geometry	receptor_grouped_5fold	0	Gi/o	numeric__bound__tm6_r350_630_distance	-0.09822215935416197	0.09822215935416197
bound_geometry	receptor_grouped_5fold	0	Gi/o	numeric__bound__dry_r350_630_min_distance	-0.15397905855356142	0.15397905855356142
bound_geometry	receptor_grouped_5fold	0	Gi/o	numeric__bound__dry_r350_630_ca_distance	-0.09822215935416197	0.09822215935416197
bound_geometry	receptor_grouped_5fold	0	Gi/o	numeric__bound__dry_d349_r350_min_distance	0.06054692767883814	0.06054692767883814
bound_geometry	receptor_grouped_5fold	0	Gi/o	numeric__bound__r350_chi1	0.0	0.0
bound_geometry	receptor_grouped_5fold	0	Gi/o	numeric__bound__r350_chi2	0.0	0.0
bound_geometry	receptor_grouped_5fold	0	Gi/o	numeric__bound__pif_550_340_distance	0.0	0.0
bound_geometry	receptor_grouped_5fold	0	Gi/o	numeric__bound__pif_340_644_distance	0.13896892004956352	0.13896892004956352
bound_geometry	receptor_grouped_5fold	0	Gi/o	numeric__bound__pif_550_644_distance	0.0	0.0
bound_geometry	receptor_grouped_5fold	0	Gi/o	numeric__bound__pif_550_340_min_distance	0.0	0.0
bound_geometry	receptor_grouped_5fold	0	Gi/o	numeric__bound__pif_340_644_min_distance	0.21187441931033169	0.21187441931033169
bound_geometry	receptor_grouped_5fold	0	Gi/o	numeric__bound__pif_550_644_min_distance	0.0	0.0
bound_geometry	receptor_grouped_5fold	0	Gi/o	numeric__bound__pif_triangle_perimeter	0.0	0.0
bound_geometry	receptor_grouped_5fold	0	Gi/o	numeric__bound__position_644_chi1	-0.2204541713628665	0.2204541713628665
bound_geometry	receptor_grouped_5fold	0	Gi/o	numeric__bound__position_644_chi2	-0.25449890680028503	0.25449890680028503
bound_geometry	receptor_grouped_5fold	0	Gi/o	numeric__bound__w648_chi1	0.0	0.0
bound_geometry	receptor_grouped_5fold	0	Gi/o	numeric__bound__w648_chi2	0.0	0.0
bound_geometry	receptor_grouped_5fold	0	Gi/o	numeric__bound__w648_displacement	0.0	0.0
bound_geometry	receptor_grouped_5fold	0	Gi/o	numeric__bound__w648_to_644_distance	0.0	0.0
bound_geometry	receptor_grouped_5fold	0	Gi/o	numeric__bound__cwxp_647_650_distance	0.0	0.0
bound_geometry	receptor_grouped_5fold	0	Gi/o	numeric__bound__y753_chi1	0.0	0.0
bound_geometry	receptor_grouped_5fold	0	Gi/o	numeric__bound__y753_chi2	0.0	0.0
bound_geometry	receptor_grouped_5fold	0	Gi/o	numeric__bound__y753_y558_distance	0.0	0.0
bound_geometry	receptor_grouped_5fold	0	Gi/o	numeric__bound__y753_y558_min_distance	0.0	0.0
bound_geometry	receptor_grouped_5fold	0	Gi/o	numeric__bound__n749_y753_distance	0.0	0.0
bound_geometry	receptor_grouped_5fold	0	Gi/o	numeric__bound__npxxy_local_spread	0.0	0.0
bound_geometry	receptor_grouped_5fold	0	Gi/o	numeric__bound__y753_displacement	0.0	0.0
bound_geometry	receptor_grouped_5fold	0	Gi/o	numeric__bound__sodium_d250_s339_distance	0.0	0.0
bound_geometry	receptor_grouped_5fold	0	Gi/o	numeric__bound__sodium_d250_n745_distance	0.0	0.0
bound_geometry	receptor_grouped_5fold	0	Gi/o	numeric__bound__sodium_d250_s746_distance	0.1954406326695307	0.1954406326695307
bound_geometry	receptor_grouped_5fold	0	Gi/o	numeric__bound__sodium_d250_n749_distance	0.0	0.0
bound_geometry	receptor_grouped_5fold	0	Gi/o	numeric__bound__sodium_pocket_volume	0.0	0.0
bound_geometry	receptor_grouped_5fold	0	Gi/o	numeric__bound__sodium_pocket_spread	0.0	0.0
bound_geometry	receptor_grouped_5fold	0	Gi/o	numeric__bound__tm7_rotation	0.0	0.0
bound_geometry	receptor_grouped_5fold	0	Gi/o	numeric__bound__icl2_generic_ca_count	0.0	0.0
bound_geometry	receptor_grouped_5fold	0	Gi/o	numeric__bound__icl2_end_to_end_distance	0.2869826726062219	0.2869826726062219
bound_geometry	receptor_grouped_5fold	0	Gi/o	numeric__bound__icl2_centroid_to_r350	0.0	0.0
bound_geometry	receptor_grouped_5fold	0	Gi/o	numeric__bound__icl2_centroid_to_tm5_561	-0.004860548898531433	0.004860548898531433
bound_geometry	receptor_grouped_5fold	0	Gi/o	numeric__bound__icl2_centroid_to_tm6_634	-0.14496016994371208	0.14496016994371208
bound_geometry	receptor_grouped_5fold	0	Gi/o	numeric__bound__icl2_centroid_to_tm7_753	0.24882446961770344	0.24882446961770344
bound_geometry	receptor_grouped_5fold	0	Gi/o	numeric__bound__icl2_axis_tm3_angle	0.0	0.0
bound_geometry	receptor_grouped_5fold	0	Gi/o	numeric__bound__icl2_axis_tm5_angle	0.19283785007523735	0.19283785007523735
bound_geometry	receptor_grouped_5fold	0	Gi/o	numeric__bound__icl2_active_reference_displacement	0.0	0.0
bound_geometry	receptor_grouped_5fold	0	Gi/o	numeric__bound__tm5_cytoplasmic_extension	0.0	0.0
bound_geometry	receptor_grouped_5fold	0	Gi/o	numeric__bound__tm5_cytoplasmic_kink	0.0	0.0
bound_geometry	receptor_grouped_5fold	0	Gi/o	numeric__bound__tm5_r350_561_distance	0.0	0.0
bound_geometry	receptor_grouped_5fold	0	Gi/o	numeric__bound__tm5_r350_564_distance	0.0	0.0
bound_geometry	receptor_grouped_5fold	0	Gi/o	numeric__bound__tm5_tm6_cavity_distance	-0.02808997268784884	0.02808997268784884
bound_geometry	receptor_grouped_5fold	0	Gi/o	numeric__bound__tm5_axis_tm3_angle	0.0	0.0
bound_geometry	receptor_grouped_5fold	0	Gi/o	numeric__bound__tm6_lower_upper_kink	0.0	0.0
bound_geometry	receptor_grouped_5fold	0	Gi/o	numeric__bound__tm6_axis_tm3_angle	-0.25568733784197695	0.25568733784197695
bound_geometry	receptor_grouped_5fold	0	Gi/o	numeric__bound__tm6_tm7_cavity_distance	0.0	0.0
bound_geometry	receptor_grouped_5fold	0	Gi/o	numeric__bound__tm7_h8_angle	0.0	0.0
bound_geometry	receptor_grouped_5fold	0	Gi/o	numeric__bound__h8_end_to_end_distance	0.0	0.0
bound_geometry	receptor_grouped_5fold	0	Gi/o	numeric__bound__h8_r350_distance	0.0	0.0
bound_geometry	receptor_grouped_5fold	0	Gi/o	numeric__bound__h8_tm6_distance	0.0	0.0
bound_geometry	receptor_grouped_5fold	0	Gi/o	numeric__bound__icl2_helix_fraction	-0.030893272119755868	0.030893272119755868
bound_geometry	receptor_grouped_5fold	0	Gi/o	numeric__bound__icl2_longest_helix	-0.05045090034194316	0.05045090034194316
bound_geometry	receptor_grouped_5fold	0	Gi/o	numeric__bound__icl2_mean_phi	0.45615246414478555	0.45615246414478555
bound_geometry	receptor_grouped_5fold	0	Gi/o	numeric__bound__icl2_mean_psi	0.0	0.0
bound_geometry	receptor_grouped_5fold	0	Gi/o	numeric__bound__intracellular_cavity_core_volume	0.0	0.0
bound_geometry	receptor_grouped_5fold	0	Gi/o	numeric__bound__intracellular_cavity_core_mouth_area	0.0	0.0
bound_geometry	receptor_grouped_5fold	0	Gi/o	numeric__bound__intracellular_cavity_core_depth	0.0	0.0
bound_geometry	receptor_grouped_5fold	0	Gi/o	numeric__bound__intracellular_cavity_core_maximum_width	0.0	0.0
bound_geometry	receptor_grouped_5fold	0	Gi/o	numeric__bound__intracellular_cavity_core_average_cross_section	0.0	0.0
bound_geometry	receptor_grouped_5fold	0	Gi/o	numeric__bound__intracellular_cavity_core_bottleneck_area	0.0	0.0
bound_geometry	receptor_grouped_5fold	0	Gi/o	numeric__bound__intracellular_cavity_core_bottleneck_radius	0.0	0.0
bound_geometry	receptor_grouped_5fold	0	Gi/o	numeric__bound__intracellular_cavity_core_max_inscribed_radius	0.0	0.0
bound_geometry	receptor_grouped_5fold	0	Gi/o	numeric__bound__intracellular_cavity_core_surface_area	0.0	0.0
bound_geometry	receptor_grouped_5fold	0	Gi/o	numeric__bound__intracellular_cavity_core_centroid_x	0.0	0.0
bound_geometry	receptor_grouped_5fold	0	Gi/o	numeric__bound__intracellular_cavity_core_centroid_y	0.011408227084099687	0.011408227084099687
bound_geometry	receptor_grouped_5fold	0	Gi/o	numeric__bound__intracellular_cavity_core_centroid_z	0.0	0.0
bound_geometry	receptor_grouped_5fold	0	Gi/o	numeric__bound__intracellular_cavity_core_principal_length_1	0.0	0.0
bound_geometry	receptor_grouped_5fold	0	Gi/o	numeric__bound__intracellular_cavity_core_principal_length_2	0.011696530878925065	0.011696530878925065
bound_geometry	receptor_grouped_5fold	0	Gi/o	numeric__bound__intracellular_cavity_core_principal_length_3	-0.08116617135594674	0.08116617135594674
bound_geometry	receptor_grouped_5fold	0	Gi/o	numeric__bound__intracellular_cavity_core_principal_axis_1_z_alignment	0.0	0.0
bound_geometry	receptor_grouped_5fold	0	Gi/o	numeric__bound__intracellular_cavity_core_eccentricity	0.05121884561820518	0.05121884561820518
bound_geometry	receptor_grouped_5fold	0	Gi/o	numeric__bound__intracellular_cavity_core_sphericity	-0.10054448883991593	0.10054448883991593
bound_geometry	receptor_grouped_5fold	0	Gi/o	numeric__bound__intracellular_cavity_core_asymmetry	0.0	0.0
bound_geometry	receptor_grouped_5fold	0	Gi/o	numeric__bound__intracellular_cavity_core_tm3_side_fraction	0.0	0.0
bound_geometry	receptor_grouped_5fold	0	Gi/o	numeric__bound__intracellular_cavity_core_tm6_side_fraction	0.0	0.0
bound_geometry	receptor_grouped_5fold	0	Gi/o	numeric__bound__intracellular_cavity_core_tm5_side_fraction	0.02225654084589322	0.02225654084589322
bound_geometry	receptor_grouped_5fold	0	Gi/o	numeric__bound__intracellular_cavity_core_tm7_side_fraction	-0.02225654084589124	0.02225654084589124
bound_geometry	receptor_grouped_5fold	0	Gi/o	numeric__bound__intracellular_cavity_core_wall_fraction_h8	0.0	0.0
bound_geometry	receptor_grouped_5fold	0	Gi/o	numeric__bound__intracellular_cavity_core_wall_fraction_icl2	0.0	0.0
bound_geometry	receptor_grouped_5fold	0	Gi/o	numeric__bound__intracellular_cavity_core_wall_fraction_tm3	0.081986964972517	0.081986964972517
bound_geometry	receptor_grouped_5fold	0	Gi/o	numeric__bound__intracellular_cavity_core_wall_fraction_tm7	0.0	0.0
bound_geometry	receptor_grouped_5fold	0	Gq/11	numeric__bound__activation_consensus_score	-0.016285961104244916	0.016285961104244916
bound_geometry	receptor_grouped_5fold	0	Gq/11	numeric__bound__tm6_r350_634_distance	0.0	0.0
bound_geometry	receptor_grouped_5fold	0	Gq/11	numeric__bound__tm6_aligned_displacement	0.0	0.0
bound_geometry	receptor_grouped_5fold	0	Gq/11	numeric__bound__tm7_displacement	0.0	0.0
bound_geometry	receptor_grouped_5fold	0	Gq/11	numeric__bound__tm3_tm7_distance	-0.037757619693568285	0.037757619693568285
bound_geometry	receptor_grouped_5fold	0	Gq/11	numeric__bound__tm6_r350_630_distance	0.0	0.0
bound_geometry	receptor_grouped_5fold	0	Gq/11	numeric__bound__dry_r350_630_min_distance	0.0	0.0
bound_geometry	receptor_grouped_5fold	0	Gq/11	numeric__bound__dry_r350_630_ca_distance	0.0	0.0
bound_geometry	receptor_grouped_5fold	0	Gq/11	numeric__bound__dry_d349_r350_min_distance	0.0	0.0
bound_geometry	receptor_grouped_5fold	0	Gq/11	numeric__bound__r350_chi1	0.0	0.0
bound_geometry	receptor_grouped_5fold	0	Gq/11	numeric__bound__r350_chi2	0.0	0.0
bound_geometry	receptor_grouped_5fold	0	Gq/11	numeric__bound__pif_550_340_distance	0.0045460365561062165	0.0045460365561062165
bound_geometry	receptor_grouped_5fold	0	Gq/11	numeric__bound__pif_340_644_distance	-0.44604601884606176	0.44604601884606176
bound_geometry	receptor_grouped_5fold	0	Gq/11	numeric__bound__pif_550_644_distance	0.04647810412192476	0.04647810412192476
bound_geometry	receptor_grouped_5fold	0	Gq/11	numeric__bound__pif_550_340_min_distance	-0.06416392441655178	0.06416392441655178
bound_geometry	receptor_grouped_5fold	0	Gq/11	numeric__bound__pif_340_644_min_distance	-0.021546768132166258	0.021546768132166258
bound_geometry	receptor_grouped_5fold	0	Gq/11	numeric__bound__pif_550_644_min_distance	0.3014620977497098	0.3014620977497098
bound_geometry	receptor_grouped_5fold	0	Gq/11	numeric__bound__pif_triangle_perimeter	0.0	0.0
bound_geometry	receptor_grouped_5fold	0	Gq/11	numeric__bound__position_644_chi1	0.0	0.0
bound_geometry	receptor_grouped_5fold	0	Gq/11	numeric__bound__position_644_chi2	0.316484751149223	0.316484751149223
bound_geometry	receptor_grouped_5fold	0	Gq/11	numeric__bound__w648_chi1	0.3724535707714515	0.3724535707714515
bound_geometry	receptor_grouped_5fold	0	Gq/11	numeric__bound__w648_chi2	0.0051044882539097525	0.0051044882539097525
bound_geometry	receptor_grouped_5fold	0	Gq/11	numeric__bound__w648_displacement	-0.04267894685062356	0.04267894685062356
bound_geometry	receptor_grouped_5fold	0	Gq/11	numeric__bound__w648_to_644_distance	-0.027801202184377382	0.027801202184377382
bound_geometry	receptor_grouped_5fold	0	Gq/11	numeric__bound__cwxp_647_650_distance	0.07151103214202945	0.07151103214202945
bound_geometry	receptor_grouped_5fold	0	Gq/11	numeric__bound__y753_chi1	0.0	0.0
bound_geometry	receptor_grouped_5fold	0	Gq/11	numeric__bound__y753_chi2	0.016136329494752917	0.016136329494752917
bound_geometry	receptor_grouped_5fold	0	Gq/11	numeric__bound__y753_y558_distance	0.0	0.0
bound_geometry	receptor_grouped_5fold	0	Gq/11	numeric__bound__y753_y558_min_distance	0.0	0.0
bound_geometry	receptor_grouped_5fold	0	Gq/11	numeric__bound__n749_y753_distance	0.0	0.0
bound_geometry	receptor_grouped_5fold	0	Gq/11	numeric__bound__npxxy_local_spread	0.0	0.0
bound_geometry	receptor_grouped_5fold	0	Gq/11	numeric__bound__y753_displacement	0.0	0.0
bound_geometry	receptor_grouped_5fold	0	Gq/11	numeric__bound__sodium_d250_s339_distance	0.13027167274247575	0.13027167274247575
bound_geometry	receptor_grouped_5fold	0	Gq/11	numeric__bound__sodium_d250_n745_distance	0.0	0.0
bound_geometry	receptor_grouped_5fold	0	Gq/11	numeric__bound__sodium_d250_s746_distance	-0.3070933996451709	0.3070933996451709
bound_geometry	receptor_grouped_5fold	0	Gq/11	numeric__bound__sodium_d250_n749_distance	0.0	0.0
bound_geometry	receptor_grouped_5fold	0	Gq/11	numeric__bound__sodium_pocket_volume	0.0	0.0
bound_geometry	receptor_grouped_5fold	0	Gq/11	numeric__bound__sodium_pocket_spread	0.0	0.0
bound_geometry	receptor_grouped_5fold	0	Gq/11	numeric__bound__tm7_rotation	0.062688615927056	0.062688615927056
bound_geometry	receptor_grouped_5fold	0	Gq/11	numeric__bound__icl2_generic_ca_count	0.0	0.0
bound_geometry	receptor_grouped_5fold	0	Gq/11	numeric__bound__icl2_end_to_end_distance	-0.18323813263480732	0.18323813263480732
bound_geometry	receptor_grouped_5fold	0	Gq/11	numeric__bound__icl2_centroid_to_r350	0.0	0.0
bound_geometry	receptor_grouped_5fold	0	Gq/11	numeric__bound__icl2_centroid_to_tm5_561	0.22607849264428467	0.22607849264428467
bound_geometry	receptor_grouped_5fold	0	Gq/11	numeric__bound__icl2_centroid_to_tm6_634	0.0	0.0
bound_geometry	receptor_grouped_5fold	0	Gq/11	numeric__bound__icl2_centroid_to_tm7_753	-0.14100597280365856	0.14100597280365856
bound_geometry	receptor_grouped_5fold	0	Gq/11	numeric__bound__icl2_axis_tm3_angle	0.18947101672413155	0.18947101672413155
bound_geometry	receptor_grouped_5fold	0	Gq/11	numeric__bound__icl2_axis_tm5_angle	0.0	0.0
bound_geometry	receptor_grouped_5fold	0	Gq/11	numeric__bound__icl2_active_reference_displacement	0.0	0.0
bound_geometry	receptor_grouped_5fold	0	Gq/11	numeric__bound__tm5_cytoplasmic_extension	0.0	0.0
bound_geometry	receptor_grouped_5fold	0	Gq/11	numeric__bound__tm5_cytoplasmic_kink	-0.15518933571109578	0.15518933571109578
bound_geometry	receptor_grouped_5fold	0	Gq/11	numeric__bound__tm5_r350_561_distance	0.0	0.0
bound_geometry	receptor_grouped_5fold	0	Gq/11	numeric__bound__tm5_r350_564_distance	0.3364044492259497	0.3364044492259497
bound_geometry	receptor_grouped_5fold	0	Gq/11	numeric__bound__tm5_tm6_cavity_distance	0.0	0.0
bound_geometry	receptor_grouped_5fold	0	Gq/11	numeric__bound__tm5_axis_tm3_angle	-0.009895509789700193	0.009895509789700193
bound_geometry	receptor_grouped_5fold	0	Gq/11	numeric__bound__tm6_lower_upper_kink	-0.028152937008444526	0.028152937008444526
bound_geometry	receptor_grouped_5fold	0	Gq/11	numeric__bound__tm6_axis_tm3_angle	0.0	0.0
bound_geometry	receptor_grouped_5fold	0	Gq/11	numeric__bound__tm6_tm7_cavity_distance	0.0	0.0
bound_geometry	receptor_grouped_5fold	0	Gq/11	numeric__bound__tm7_h8_angle	-0.06514425961915768	0.06514425961915768
bound_geometry	receptor_grouped_5fold	0	Gq/11	numeric__bound__h8_end_to_end_distance	0.0	0.0
bound_geometry	receptor_grouped_5fold	0	Gq/11	numeric__bound__h8_r350_distance	0.0	0.0
bound_geometry	receptor_grouped_5fold	0	Gq/11	numeric__bound__h8_tm6_distance	0.0	0.0
bound_geometry	receptor_grouped_5fold	0	Gq/11	numeric__bound__icl2_helix_fraction	0.0	0.0
bound_geometry	receptor_grouped_5fold	0	Gq/11	numeric__bound__icl2_longest_helix	0.13844624684894236	0.13844624684894236
bound_geometry	receptor_grouped_5fold	0	Gq/11	numeric__bound__icl2_mean_phi	-0.5436706394182917	0.5436706394182917
bound_geometry	receptor_grouped_5fold	0	Gq/11	numeric__bound__icl2_mean_psi	0.0	0.0
bound_geometry	receptor_grouped_5fold	0	Gq/11	numeric__bound__intracellular_cavity_core_volume	0.0	0.0
bound_geometry	receptor_grouped_5fold	0	Gq/11	numeric__bound__intracellular_cavity_core_mouth_area	0.0	0.0
bound_geometry	receptor_grouped_5fold	0	Gq/11	numeric__bound__intracellular_cavity_core_depth	0.0	0.0
bound_geometry	receptor_grouped_5fold	0	Gq/11	numeric__bound__intracellular_cavity_core_maximum_width	0.0	0.0
bound_geometry	receptor_grouped_5fold	0	Gq/11	numeric__bound__intracellular_cavity_core_average_cross_section	0.0	0.0
bound_geometry	receptor_grouped_5fold	0	Gq/11	numeric__bound__intracellular_cavity_core_bottleneck_area	0.0	0.0
bound_geometry	receptor_grouped_5fold	0	Gq/11	numeric__bound__intracellular_cavity_core_bottleneck_radius	0.0	0.0
bound_geometry	receptor_grouped_5fold	0	Gq/11	numeric__bound__intracellular_cavity_core_max_inscribed_radius	-0.30402030323571816	0.30402030323571816
bound_geometry	receptor_grouped_5fold	0	Gq/11	numeric__bound__intracellular_cavity_core_surface_area	0.0	0.0
bound_geometry	receptor_grouped_5fold	0	Gq/11	numeric__bound__intracellular_cavity_core_centroid_x	0.09079215921713814	0.09079215921713814
bound_geometry	receptor_grouped_5fold	0	Gq/11	numeric__bound__intracellular_cavity_core_centroid_y	0.0	0.0
bound_geometry	receptor_grouped_5fold	0	Gq/11	numeric__bound__intracellular_cavity_core_centroid_z	-0.05987958934310252	0.05987958934310252
bound_geometry	receptor_grouped_5fold	0	Gq/11	numeric__bound__intracellular_cavity_core_principal_length_1	0.0	0.0
bound_geometry	receptor_grouped_5fold	0	Gq/11	numeric__bound__intracellular_cavity_core_principal_length_2	-0.1803013793912097	0.1803013793912097
bound_geometry	receptor_grouped_5fold	0	Gq/11	numeric__bound__intracellular_cavity_core_principal_length_3	0.0	0.0
bound_geometry	receptor_grouped_5fold	0	Gq/11	numeric__bound__intracellular_cavity_core_principal_axis_1_z_alignment	0.11827841622644689	0.11827841622644689
bound_geometry	receptor_grouped_5fold	0	Gq/11	numeric__bound__intracellular_cavity_core_eccentricity	0.0	0.0
bound_geometry	receptor_grouped_5fold	0	Gq/11	numeric__bound__intracellular_cavity_core_sphericity	0.0	0.0
bound_geometry	receptor_grouped_5fold	0	Gq/11	numeric__bound__intracellular_cavity_core_asymmetry	0.0	0.0
bound_geometry	receptor_grouped_5fold	0	Gq/11	numeric__bound__intracellular_cavity_core_tm3_side_fraction	0.0	0.0
bound_geometry	receptor_grouped_5fold	0	Gq/11	numeric__bound__intracellular_cavity_core_tm6_side_fraction	0.0	0.0
bound_geometry	receptor_grouped_5fold	0	Gq/11	numeric__bound__intracellular_cavity_core_tm5_side_fraction	0.0	0.0
bound_geometry	receptor_grouped_5fold	0	Gq/11	numeric__bound__intracellular_cavity_core_tm7_side_fraction	0.0	0.0
bound_geometry	receptor_grouped_5fold	0	Gq/11	numeric__bound__intracellular_cavity_core_wall_fraction_h8	-0.05565621456944445	0.05565621456944445
bound_geometry	receptor_grouped_5fold	0	Gq/11	numeric__bound__intracellular_cavity_core_wall_fraction_icl2	0.11757826492837428	0.11757826492837428
bound_geometry	receptor_grouped_5fold	0	Gq/11	numeric__bound__intracellular_cavity_core_wall_fraction_tm3	0.0	0.0
bound_geometry	receptor_grouped_5fold	0	Gq/11	numeric__bound__intracellular_cavity_core_wall_fraction_tm7	0.020805172656730618	0.020805172656730618
bound_geometry	receptor_grouped_5fold	0	Gs	numeric__bound__activation_consensus_score	0.29634122691836734	0.29634122691836734
bound_geometry	receptor_grouped_5fold	0	Gs	numeric__bound__tm6_r350_634_distance	0.0	0.0
bound_geometry	receptor_grouped_5fold	0	Gs	numeric__bound__tm6_aligned_displacement	0.1116553080603518	0.1116553080603518
bound_geometry	receptor_grouped_5fold	0	Gs	numeric__bound__tm7_displacement	0.0	0.0
bound_geometry	receptor_grouped_5fold	0	Gs	numeric__bound__tm3_tm7_distance	0.0	0.0
bound_geometry	receptor_grouped_5fold	0	Gs	numeric__bound__tm6_r350_630_distance	0.29435559058605665	0.29435559058605665
bound_geometry	receptor_grouped_5fold	0	Gs	numeric__bound__dry_r350_630_min_distance	0.26020439635902765	0.26020439635902765
bound_geometry	receptor_grouped_5fold	0	Gs	numeric__bound__dry_r350_630_ca_distance	0.29435559058605665	0.29435559058605665
bound_geometry	receptor_grouped_5fold	0	Gs	numeric__bound__dry_d349_r350_min_distance	0.0	0.0
bound_geometry	receptor_grouped_5fold	0	Gs	numeric__bound__r350_chi1	0.0	0.0
bound_geometry	receptor_grouped_5fold	0	Gs	numeric__bound__r350_chi2	0.0	0.0
bound_geometry	receptor_grouped_5fold	0	Gs	numeric__bound__pif_550_340_distance	0.0	0.0
bound_geometry	receptor_grouped_5fold	0	Gs	numeric__bound__pif_340_644_distance	0.0315269582848427	0.0315269582848427
bound_geometry	receptor_grouped_5fold	0	Gs	numeric__bound__pif_550_644_distance	0.0	0.0
bound_geometry	receptor_grouped_5fold	0	Gs	numeric__bound__pif_550_340_min_distance	0.06567184847523284	0.06567184847523284
bound_geometry	receptor_grouped_5fold	0	Gs	numeric__bound__pif_340_644_min_distance	0.0	0.0
bound_geometry	receptor_grouped_5fold	0	Gs	numeric__bound__pif_550_644_min_distance	-0.10752824239890373	0.10752824239890373
bound_geometry	receptor_grouped_5fold	0	Gs	numeric__bound__pif_triangle_perimeter	0.0	0.0
bound_geometry	receptor_grouped_5fold	0	Gs	numeric__bound__position_644_chi1	0.0	0.0
bound_geometry	receptor_grouped_5fold	0	Gs	numeric__bound__position_644_chi2	0.0	0.0
bound_geometry	receptor_grouped_5fold	0	Gs	numeric__bound__w648_chi1	-0.5161797476216431	0.5161797476216431
bound_geometry	receptor_grouped_5fold	0	Gs	numeric__bound__w648_chi2	0.0	0.0
bound_geometry	receptor_grouped_5fold	0	Gs	numeric__bound__w648_displacement	0.0	0.0
bound_geometry	receptor_grouped_5fold	0	Gs	numeric__bound__w648_to_644_distance	0.12497213985515912	0.12497213985515912
bound_geometry	receptor_grouped_5fold	0	Gs	numeric__bound__cwxp_647_650_distance	-0.16510208216052616	0.16510208216052616
bound_geometry	receptor_grouped_5fold	0	Gs	numeric__bound__y753_chi1	0.0	0.0
bound_geometry	receptor_grouped_5fold	0	Gs	numeric__bound__y753_chi2	-0.03395881676853214	0.03395881676853214
bound_geometry	receptor_grouped_5fold	0	Gs	numeric__bound__y753_y558_distance	0.0	0.0
bound_geometry	receptor_grouped_5fold	0	Gs	numeric__bound__y753_y558_min_distance	0.0	0.0
bound_geometry	receptor_grouped_5fold	0	Gs	numeric__bound__n749_y753_distance	0.0	0.0
bound_geometry	receptor_grouped_5fold	0	Gs	numeric__bound__npxxy_local_spread	0.0	0.0
bound_geometry	receptor_grouped_5fold	0	Gs	numeric__bound__y753_displacement	0.0	0.0
bound_geometry	receptor_grouped_5fold	0	Gs	numeric__bound__sodium_d250_s339_distance	0.0	0.0
bound_geometry	receptor_grouped_5fold	0	Gs	numeric__bound__sodium_d250_n745_distance	-0.04259371667766266	0.04259371667766266
bound_geometry	receptor_grouped_5fold	0	Gs	numeric__bound__sodium_d250_s746_distance	0.0	0.0
bound_geometry	receptor_grouped_5fold	0	Gs	numeric__bound__sodium_d250_n749_distance	0.0	0.0
bound_geometry	receptor_grouped_5fold	0	Gs	numeric__bound__sodium_pocket_volume	0.0	0.0
bound_geometry	receptor_grouped_5fold	0	Gs	numeric__bound__sodium_pocket_spread	-0.010414975901221656	0.010414975901221656
bound_geometry	receptor_grouped_5fold	0	Gs	numeric__bound__tm7_rotation	0.0	0.0
bound_geometry	receptor_grouped_5fold	0	Gs	numeric__bound__icl2_generic_ca_count	0.0	0.0
bound_geometry	receptor_grouped_5fold	0	Gs	numeric__bound__icl2_end_to_end_distance	0.0	0.0
bound_geometry	receptor_grouped_5fold	0	Gs	numeric__bound__icl2_centroid_to_r350	0.0	0.0
bound_geometry	receptor_grouped_5fold	0	Gs	numeric__bound__icl2_centroid_to_tm5_561	0.0	0.0
bound_geometry	receptor_grouped_5fold	0	Gs	numeric__bound__icl2_centroid_to_tm6_634	0.0	0.0
bound_geometry	receptor_grouped_5fold	0	Gs	numeric__bound__icl2_centroid_to_tm7_753	0.0	0.0
bound_geometry	receptor_grouped_5fold	0	Gs	numeric__bound__icl2_axis_tm3_angle	-0.24729910841148822	0.24729910841148822
bound_geometry	receptor_grouped_5fold	0	Gs	numeric__bound__icl2_axis_tm5_angle	-0.16523190431432677	0.16523190431432677
bound_geometry	receptor_grouped_5fold	0	Gs	numeric__bound__icl2_active_reference_displacement	-0.05285971651212877	0.05285971651212877
bound_geometry	receptor_grouped_5fold	0	Gs	numeric__bound__tm5_cytoplasmic_extension	0.0	0.0
bound_geometry	receptor_grouped_5fold	0	Gs	numeric__bound__tm5_cytoplasmic_kink	0.1244818555125942	0.1244818555125942
bound_geometry	receptor_grouped_5fold	0	Gs	numeric__bound__tm5_r350_561_distance	0.0	0.0
bound_geometry	receptor_grouped_5fold	0	Gs	numeric__bound__tm5_r350_564_distance	-0.1033586606603869	0.1033586606603869
bound_geometry	receptor_grouped_5fold	0	Gs	numeric__bound__tm5_tm6_cavity_distance	0.0	0.0
bound_geometry	receptor_grouped_5fold	0	Gs	numeric__bound__tm5_axis_tm3_angle	0.24458539605233282	0.24458539605233282
bound_geometry	receptor_grouped_5fold	0	Gs	numeric__bound__tm6_lower_upper_kink	0.24078036981481934	0.24078036981481934
bound_geometry	receptor_grouped_5fold	0	Gs	numeric__bound__tm6_axis_tm3_angle	0.22912431794200913	0.22912431794200913
bound_geometry	receptor_grouped_5fold	0	Gs	numeric__bound__tm6_tm7_cavity_distance	0.23959824054187906	0.23959824054187906
bound_geometry	receptor_grouped_5fold	0	Gs	numeric__bound__tm7_h8_angle	0.09615096862692814	0.09615096862692814
bound_geometry	receptor_grouped_5fold	0	Gs	numeric__bound__h8_end_to_end_distance	0.0	0.0
bound_geometry	receptor_grouped_5fold	0	Gs	numeric__bound__h8_r350_distance	0.0	0.0
bound_geometry	receptor_grouped_5fold	0	Gs	numeric__bound__h8_tm6_distance	0.0506893148356776	0.0506893148356776
bound_geometry	receptor_grouped_5fold	0	Gs	numeric__bound__icl2_helix_fraction	0.0	0.0
bound_geometry	receptor_grouped_5fold	0	Gs	numeric__bound__icl2_longest_helix	0.0	0.0
bound_geometry	receptor_grouped_5fold	0	Gs	numeric__bound__icl2_mean_phi	0.0	0.0
bound_geometry	receptor_grouped_5fold	0	Gs	numeric__bound__icl2_mean_psi	-0.012510496872644319	0.012510496872644319
bound_geometry	receptor_grouped_5fold	0	Gs	numeric__bound__intracellular_cavity_core_volume	0.0	0.0
bound_geometry	receptor_grouped_5fold	0	Gs	numeric__bound__intracellular_cavity_core_mouth_area	0.0	0.0
bound_geometry	receptor_grouped_5fold	0	Gs	numeric__bound__intracellular_cavity_core_depth	0.0	0.0
bound_geometry	receptor_grouped_5fold	0	Gs	numeric__bound__intracellular_cavity_core_maximum_width	0.0	0.0
bound_geometry	receptor_grouped_5fold	0	Gs	numeric__bound__intracellular_cavity_core_average_cross_section	0.0	0.0
bound_geometry	receptor_grouped_5fold	0	Gs	numeric__bound__intracellular_cavity_core_bottleneck_area	0.0	0.0
bound_geometry	receptor_grouped_5fold	0	Gs	numeric__bound__intracellular_cavity_core_bottleneck_radius	-0.10037405201613331	0.10037405201613331
bound_geometry	receptor_grouped_5fold	0	Gs	numeric__bound__intracellular_cavity_core_max_inscribed_radius	0.029552971722167705	0.029552971722167705
bound_geometry	receptor_grouped_5fold	0	Gs	numeric__bound__intracellular_cavity_core_surface_area	0.0	0.0
bound_geometry	receptor_grouped_5fold	0	Gs	numeric__bound__intracellular_cavity_core_centroid_x	0.0	0.0
bound_geometry	receptor_grouped_5fold	0	Gs	numeric__bound__intracellular_cavity_core_centroid_y	0.0	0.0
bound_geometry	receptor_grouped_5fold	0	Gs	numeric__bound__intracellular_cavity_core_centroid_z	0.09422870809549287	0.09422870809549287
bound_geometry	receptor_grouped_5fold	0	Gs	numeric__bound__intracellular_cavity_core_principal_length_1	-0.06400087695161748	0.06400087695161748
bound_geometry	receptor_grouped_5fold	0	Gs	numeric__bound__intracellular_cavity_core_principal_length_2	0.0	0.0
bound_geometry	receptor_grouped_5fold	0	Gs	numeric__bound__intracellular_cavity_core_principal_length_3	0.0	0.0
bound_geometry	receptor_grouped_5fold	0	Gs	numeric__bound__intracellular_cavity_core_principal_axis_1_z_alignment	-0.03728598784092732	0.03728598784092732
bound_geometry	receptor_grouped_5fold	0	Gs	numeric__bound__intracellular_cavity_core_eccentricity	-0.18271597188414737	0.18271597188414737
bound_geometry	receptor_grouped_5fold	0	Gs	numeric__bound__intracellular_cavity_core_sphericity	0.0	0.0
bound_geometry	receptor_grouped_5fold	0	Gs	numeric__bound__intracellular_cavity_core_asymmetry	-0.02832258636736926	0.02832258636736926
bound_geometry	receptor_grouped_5fold	0	Gs	numeric__bound__intracellular_cavity_core_tm3_side_fraction	0.0	0.0
bound_geometry	receptor_grouped_5fold	0	Gs	numeric__bound__intracellular_cavity_core_tm6_side_fraction	0.0	0.0
bound_geometry	receptor_grouped_5fold	0	Gs	numeric__bound__intracellular_cavity_core_tm5_side_fraction	0.0	0.0
bound_geometry	receptor_grouped_5fold	0	Gs	numeric__bound__intracellular_cavity_core_tm7_side_fraction	0.0	0.0
bound_geometry	receptor_grouped_5fold	0	Gs	numeric__bound__intracellular_cavity_core_wall_fraction_h8	0.1054983599116419	0.1054983599116419
bound_geometry	receptor_grouped_5fold	0	Gs	numeric__bound__intracellular_cavity_core_wall_fraction_icl2	-0.17878314192176087	0.17878314192176087
bound_geometry	receptor_grouped_5fold	0	Gs	numeric__bound__intracellular_cavity_core_wall_fraction_tm3	0.0	0.0
bound_geometry	receptor_grouped_5fold	0	Gs	numeric__bound__intracellular_cavity_core_wall_fraction_tm7	0.0	0.0
bound_geometry	receptor_grouped_5fold	1	Gi/o	numeric__bound__activation_consensus_score	-0.03155770041722809	0.03155770041722809
bound_geometry	receptor_grouped_5fold	1	Gi/o	numeric__bound__tm6_r350_634_distance	-0.18955415047233193	0.18955415047233193
bound_geometry	receptor_grouped_5fold	1	Gi/o	numeric__bound__tm6_aligned_displacement	-0.08250336960477363	0.08250336960477363
bound_geometry	receptor_grouped_5fold	1	Gi/o	numeric__bound__tm7_displacement	0.0	0.0
bound_geometry	receptor_grouped_5fold	1	Gi/o	numeric__bound__tm3_tm7_distance	0.0	0.0
bound_geometry	receptor_grouped_5fold	1	Gi/o	numeric__bound__tm6_r350_630_distance	-0.0424370169096333	0.0424370169096333
bound_geometry	receptor_grouped_5fold	1	Gi/o	numeric__bound__dry_r350_630_min_distance	0.0	0.0
bound_geometry	receptor_grouped_5fold	1	Gi/o	numeric__bound__dry_r350_630_ca_distance	-0.0424370169096333	0.0424370169096333
bound_geometry	receptor_grouped_5fold	1	Gi/o	numeric__bound__dry_d349_r350_min_distance	0.0	0.0
bound_geometry	receptor_grouped_5fold	1	Gi/o	numeric__bound__r350_chi1	0.0	0.0
bound_geometry	receptor_grouped_5fold	1	Gi/o	numeric__bound__r350_chi2	0.0	0.0
bound_geometry	receptor_grouped_5fold	1	Gi/o	numeric__bound__pif_550_340_distance	0.0	0.0
bound_geometry	receptor_grouped_5fold	1	Gi/o	numeric__bound__pif_340_644_distance	0.0	0.0
bound_geometry	receptor_grouped_5fold	1	Gi/o	numeric__bound__pif_550_644_distance	0.0	0.0
bound_geometry	receptor_grouped_5fold	1	Gi/o	numeric__bound__pif_550_340_min_distance	0.0	0.0
bound_geometry	receptor_grouped_5fold	1	Gi/o	numeric__bound__pif_340_644_min_distance	0.0	0.0
bound_geometry	receptor_grouped_5fold	1	Gi/o	numeric__bound__pif_550_644_min_distance	0.0	0.0
bound_geometry	receptor_grouped_5fold	1	Gi/o	numeric__bound__pif_triangle_perimeter	0.0	0.0
bound_geometry	receptor_grouped_5fold	1	Gi/o	numeric__bound__position_644_chi1	-0.10012569225121978	0.10012569225121978
bound_geometry	receptor_grouped_5fold	1	Gi/o	numeric__bound__position_644_chi2	-0.2767307750776462	0.2767307750776462
bound_geometry	receptor_grouped_5fold	1	Gi/o	numeric__bound__w648_chi1	0.0	0.0
bound_geometry	receptor_grouped_5fold	1	Gi/o	numeric__bound__w648_chi2	0.0	0.0
bound_geometry	receptor_grouped_5fold	1	Gi/o	numeric__bound__w648_displacement	0.0	0.0
bound_geometry	receptor_grouped_5fold	1	Gi/o	numeric__bound__w648_to_644_distance	0.0	0.0
bound_geometry	receptor_grouped_5fold	1	Gi/o	numeric__bound__cwxp_647_650_distance	0.0	0.0
bound_geometry	receptor_grouped_5fold	1	Gi/o	numeric__bound__y753_chi1	0.0	0.0
bound_geometry	receptor_grouped_5fold	1	Gi/o	numeric__bound__y753_chi2	0.0	0.0
bound_geometry	receptor_grouped_5fold	1	Gi/o	numeric__bound__y753_y558_distance	0.0	0.0
bound_geometry	receptor_grouped_5fold	1	Gi/o	numeric__bound__y753_y558_min_distance	0.0	0.0
bound_geometry	receptor_grouped_5fold	1	Gi/o	numeric__bound__n749_y753_distance	0.0	0.0
bound_geometry	receptor_grouped_5fold	1	Gi/o	numeric__bound__npxxy_local_spread	0.0	0.0
bound_geometry	receptor_grouped_5fold	1	Gi/o	numeric__bound__y753_displacement	0.0	0.0
bound_geometry	receptor_grouped_5fold	1	Gi/o	numeric__bound__sodium_d250_s339_distance	0.0	0.0
bound_geometry	receptor_grouped_5fold	1	Gi/o	numeric__bound__sodium_d250_n745_distance	0.0	0.0
bound_geometry	receptor_grouped_5fold	1	Gi/o	numeric__bound__sodium_d250_s746_distance	0.10475181464450369	0.10475181464450369
bound_geometry	receptor_grouped_5fold	1	Gi/o	numeric__bound__sodium_d250_n749_distance	0.0	0.0
bound_geometry	receptor_grouped_5fold	1	Gi/o	numeric__bound__sodium_pocket_volume	0.0	0.0
bound_geometry	receptor_grouped_5fold	1	Gi/o	numeric__bound__sodium_pocket_spread	0.0	0.0
bound_geometry	receptor_grouped_5fold	1	Gi/o	numeric__bound__tm7_rotation	0.0	0.0
bound_geometry	receptor_grouped_5fold	1	Gi/o	numeric__bound__icl2_generic_ca_count	0.0	0.0
bound_geometry	receptor_grouped_5fold	1	Gi/o	numeric__bound__icl2_end_to_end_distance	0.0	0.0
bound_geometry	receptor_grouped_5fold	1	Gi/o	numeric__bound__icl2_centroid_to_r350	0.0	0.0
bound_geometry	receptor_grouped_5fold	1	Gi/o	numeric__bound__icl2_centroid_to_tm5_561	0.0	0.0
bound_geometry	receptor_grouped_5fold	1	Gi/o	numeric__bound__icl2_centroid_to_tm6_634	-0.16231149011837512	0.16231149011837512
bound_geometry	receptor_grouped_5fold	1	Gi/o	numeric__bound__icl2_centroid_to_tm7_753	0.05761293376868834	0.05761293376868834
bound_geometry	receptor_grouped_5fold	1	Gi/o	numeric__bound__icl2_axis_tm3_angle	0.0	0.0
bound_geometry	receptor_grouped_5fold	1	Gi/o	numeric__bound__icl2_axis_tm5_angle	0.0930365742941801	0.0930365742941801
bound_geometry	receptor_grouped_5fold	1	Gi/o	numeric__bound__icl2_active_reference_displacement	0.0	0.0
bound_geometry	receptor_grouped_5fold	1	Gi/o	numeric__bound__tm5_cytoplasmic_extension	-0.00813723282142192	0.00813723282142192
bound_geometry	receptor_grouped_5fold	1	Gi/o	numeric__bound__tm5_cytoplasmic_kink	0.0	0.0
bound_geometry	receptor_grouped_5fold	1	Gi/o	numeric__bound__tm5_r350_561_distance	0.0	0.0
bound_geometry	receptor_grouped_5fold	1	Gi/o	numeric__bound__tm5_r350_564_distance	0.0	0.0
bound_geometry	receptor_grouped_5fold	1	Gi/o	numeric__bound__tm5_tm6_cavity_distance	-0.061098552893865045	0.061098552893865045
bound_geometry	receptor_grouped_5fold	1	Gi/o	numeric__bound__tm5_axis_tm3_angle	0.0	0.0
bound_geometry	receptor_grouped_5fold	1	Gi/o	numeric__bound__tm6_lower_upper_kink	0.0	0.0
bound_geometry	receptor_grouped_5fold	1	Gi/o	numeric__bound__tm6_axis_tm3_angle	-0.17764537688244078	0.17764537688244078
bound_geometry	receptor_grouped_5fold	1	Gi/o	numeric__bound__tm6_tm7_cavity_distance	0.0	0.0
bound_geometry	receptor_grouped_5fold	1	Gi/o	numeric__bound__tm7_h8_angle	0.0	0.0
bound_geometry	receptor_grouped_5fold	1	Gi/o	numeric__bound__h8_end_to_end_distance	0.0	0.0
bound_geometry	receptor_grouped_5fold	1	Gi/o	numeric__bound__h8_r350_distance	0.0	0.0
bound_geometry	receptor_grouped_5fold	1	Gi/o	numeric__bound__h8_tm6_distance	0.0	0.0
bound_geometry	receptor_grouped_5fold	1	Gi/o	numeric__bound__icl2_helix_fraction	0.0	0.0
bound_geometry	receptor_grouped_5fold	1	Gi/o	numeric__bound__icl2_longest_helix	0.0	0.0
bound_geometry	receptor_grouped_5fold	1	Gi/o	numeric__bound__icl2_mean_phi	0.303528866576651	0.303528866576651
bound_geometry	receptor_grouped_5fold	1	Gi/o	numeric__bound__icl2_mean_psi	0.0	0.0
bound_geometry	receptor_grouped_5fold	1	Gi/o	numeric__bound__intracellular_cavity_core_volume	0.0	0.0
bound_geometry	receptor_grouped_5fold	1	Gi/o	numeric__bound__intracellular_cavity_core_mouth_area	0.0	0.0
bound_geometry	receptor_grouped_5fold	1	Gi/o	numeric__bound__intracellular_cavity_core_depth	0.0	0.0
bound_geometry	receptor_grouped_5fold	1	Gi/o	numeric__bound__intracellular_cavity_core_maximum_width	0.0	0.0
bound_geometry	receptor_grouped_5fold	1	Gi/o	numeric__bound__intracellular_cavity_core_average_cross_section	0.0	0.0
bound_geometry	receptor_grouped_5fold	1	Gi/o	numeric__bound__intracellular_cavity_core_bottleneck_area	0.0	0.0
bound_geometry	receptor_grouped_5fold	1	Gi/o	numeric__bound__intracellular_cavity_core_bottleneck_radius	0.0	0.0
bound_geometry	receptor_grouped_5fold	1	Gi/o	numeric__bound__intracellular_cavity_core_max_inscribed_radius	0.0	0.0
bound_geometry	receptor_grouped_5fold	1	Gi/o	numeric__bound__intracellular_cavity_core_surface_area	0.0	0.0
bound_geometry	receptor_grouped_5fold	1	Gi/o	numeric__bound__intracellular_cavity_core_centroid_x	0.0	0.0
bound_geometry	receptor_grouped_5fold	1	Gi/o	numeric__bound__intracellular_cavity_core_centroid_y	0.0	0.0
bound_geometry	receptor_grouped_5fold	1	Gi/o	numeric__bound__intracellular_cavity_core_centroid_z	0.0	0.0
bound_geometry	receptor_grouped_5fold	1	Gi/o	numeric__bound__intracellular_cavity_core_principal_length_1	0.0	0.0
bound_geometry	receptor_grouped_5fold	1	Gi/o	numeric__bound__intracellular_cavity_core_principal_length_2	0.0	0.0
bound_geometry	receptor_grouped_5fold	1	Gi/o	numeric__bound__intracellular_cavity_core_principal_length_3	-0.0019385808314566083	0.0019385808314566083
bound_geometry	receptor_grouped_5fold	1	Gi/o	numeric__bound__intracellular_cavity_core_principal_axis_1_z_alignment	0.0	0.0
bound_geometry	receptor_grouped_5fold	1	Gi/o	numeric__bound__intracellular_cavity_core_eccentricity	0.04068662069949463	0.04068662069949463
bound_geometry	receptor_grouped_5fold	1	Gi/o	numeric__bound__intracellular_cavity_core_sphericity	0.0	0.0
bound_geometry	receptor_grouped_5fold	1	Gi/o	numeric__bound__intracellular_cavity_core_asymmetry	0.005195526307831886	0.005195526307831886
bound_geometry	receptor_grouped_5fold	1	Gi/o	numeric__bound__intracellular_cavity_core_tm3_side_fraction	0.0	0.0
bound_geometry	receptor_grouped_5fold	1	Gi/o	numeric__bound__intracellular_cavity_core_tm6_side_fraction	0.0	0.0
bound_geometry	receptor_grouped_5fold	1	Gi/o	numeric__bound__intracellular_cavity_core_tm5_side_fraction	0.0	0.0
bound_geometry	receptor_grouped_5fold	1	Gi/o	numeric__bound__intracellular_cavity_core_tm7_side_fraction	0.0	0.0
bound_geometry	receptor_grouped_5fold	1	Gi/o	numeric__bound__intracellular_cavity_core_wall_fraction_h8	0.0	0.0
bound_geometry	receptor_grouped_5fold	1	Gi/o	numeric__bound__intracellular_cavity_core_wall_fraction_icl2	0.0	0.0
bound_geometry	receptor_grouped_5fold	1	Gi/o	numeric__bound__intracellular_cavity_core_wall_fraction_tm3	0.0	0.0
bound_geometry	receptor_grouped_5fold	1	Gi/o	numeric__bound__intracellular_cavity_core_wall_fraction_tm7	0.0	0.0
bound_geometry	receptor_grouped_5fold	1	Gq/11	numeric__bound__activation_consensus_score	0.0	0.0
bound_geometry	receptor_grouped_5fold	1	Gq/11	numeric__bound__tm6_r350_634_distance	0.0	0.0
bound_geometry	receptor_grouped_5fold	1	Gq/11	numeric__bound__tm6_aligned_displacement	0.0	0.0
bound_geometry	receptor_grouped_5fold	1	Gq/11	numeric__bound__tm7_displacement	0.0	0.0
bound_geometry	receptor_grouped_5fold	1	Gq/11	numeric__bound__tm3_tm7_distance	0.0	0.0
bound_geometry	receptor_grouped_5fold	1	Gq/11	numeric__bound__tm6_r350_630_distance	0.0	0.0
bound_geometry	receptor_grouped_5fold	1	Gq/11	numeric__bound__dry_r350_630_min_distance	0.0	0.0
bound_geometry	receptor_grouped_5fold	1	Gq/11	numeric__bound__dry_r350_630_ca_distance	0.0	0.0
bound_geometry	receptor_grouped_5fold	1	Gq/11	numeric__bound__dry_d349_r350_min_distance	0.0	0.0
bound_geometry	receptor_grouped_5fold	1	Gq/11	numeric__bound__r350_chi1	-0.17023450785958633	0.17023450785958633
bound_geometry	receptor_grouped_5fold	1	Gq/11	numeric__bound__r350_chi2	0.0	0.0
bound_geometry	receptor_grouped_5fold	1	Gq/11	numeric__bound__pif_550_340_distance	0.0	0.0
bound_geometry	receptor_grouped_5fold	1	Gq/11	numeric__bound__pif_340_644_distance	0.0	0.0
bound_geometry	receptor_grouped_5fold	1	Gq/11	numeric__bound__pif_550_644_distance	0.0	0.0
bound_geometry	receptor_grouped_5fold	1	Gq/11	numeric__bound__pif_550_340_min_distance	0.0	0.0
bound_geometry	receptor_grouped_5fold	1	Gq/11	numeric__bound__pif_340_644_min_distance	0.0	0.0
bound_geometry	receptor_grouped_5fold	1	Gq/11	numeric__bound__pif_550_644_min_distance	0.0	0.0
bound_geometry	receptor_grouped_5fold	1	Gq/11	numeric__bound__pif_triangle_perimeter	0.0	0.0
bound_geometry	receptor_grouped_5fold	1	Gq/11	numeric__bound__position_644_chi1	0.0	0.0
bound_geometry	receptor_grouped_5fold	1	Gq/11	numeric__bound__position_644_chi2	0.19309826690495124	0.19309826690495124
bound_geometry	receptor_grouped_5fold	1	Gq/11	numeric__bound__w648_chi1	0.0	0.0
bound_geometry	receptor_grouped_5fold	1	Gq/11	numeric__bound__w648_chi2	0.0	0.0
bound_geometry	receptor_grouped_5fold	1	Gq/11	numeric__bound__w648_displacement	0.0	0.0
bound_geometry	receptor_grouped_5fold	1	Gq/11	numeric__bound__w648_to_644_distance	0.0	0.0
bound_geometry	receptor_grouped_5fold	1	Gq/11	numeric__bound__cwxp_647_650_distance	0.0	0.0
bound_geometry	receptor_grouped_5fold	1	Gq/11	numeric__bound__y753_chi1	0.0	0.0
bound_geometry	receptor_grouped_5fold	1	Gq/11	numeric__bound__y753_chi2	0.0	0.0
bound_geometry	receptor_grouped_5fold	1	Gq/11	numeric__bound__y753_y558_distance	0.0	0.0
bound_geometry	receptor_grouped_5fold	1	Gq/11	numeric__bound__y753_y558_min_distance	0.0	0.0
bound_geometry	receptor_grouped_5fold	1	Gq/11	numeric__bound__n749_y753_distance	0.0	0.0
bound_geometry	receptor_grouped_5fold	1	Gq/11	numeric__bound__npxxy_local_spread	0.0	0.0
bound_geometry	receptor_grouped_5fold	1	Gq/11	numeric__bound__y753_displacement	0.0	0.0
bound_geometry	receptor_grouped_5fold	1	Gq/11	numeric__bound__sodium_d250_s339_distance	0.21821754209762004	0.21821754209762004
bound_geometry	receptor_grouped_5fold	1	Gq/11	numeric__bound__sodium_d250_n745_distance	0.0	0.0
bound_geometry	receptor_grouped_5fold	1	Gq/11	numeric__bound__sodium_d250_s746_distance	-0.0854742848077156	0.0854742848077156
bound_geometry	receptor_grouped_5fold	1	Gq/11	numeric__bound__sodium_d250_n749_distance	0.0	0.0
bound_geometry	receptor_grouped_5fold	1	Gq/11	numeric__bound__sodium_pocket_volume	0.0	0.0
bound_geometry	receptor_grouped_5fold	1	Gq/11	numeric__bound__sodium_pocket_spread	0.0	0.0
bound_geometry	receptor_grouped_5fold	1	Gq/11	numeric__bound__tm7_rotation	0.0	0.0
bound_geometry	receptor_grouped_5fold	1	Gq/11	numeric__bound__icl2_generic_ca_count	0.0	0.0
bound_geometry	receptor_grouped_5fold	1	Gq/11	numeric__bound__icl2_end_to_end_distance	0.0	0.0
bound_geometry	receptor_grouped_5fold	1	Gq/11	numeric__bound__icl2_centroid_to_r350	0.0	0.0
bound_geometry	receptor_grouped_5fold	1	Gq/11	numeric__bound__icl2_centroid_to_tm5_561	0.12719569186940458	0.12719569186940458
bound_geometry	receptor_grouped_5fold	1	Gq/11	numeric__bound__icl2_centroid_to_tm6_634	0.0	0.0
bound_geometry	receptor_grouped_5fold	1	Gq/11	numeric__bound__icl2_centroid_to_tm7_753	0.0	0.0
bound_geometry	receptor_grouped_5fold	1	Gq/11	numeric__bound__icl2_axis_tm3_angle	0.0	0.0
bound_geometry	receptor_grouped_5fold	1	Gq/11	numeric__bound__icl2_axis_tm5_angle	0.0	0.0
bound_geometry	receptor_grouped_5fold	1	Gq/11	numeric__bound__icl2_active_reference_displacement	0.0	0.0
bound_geometry	receptor_grouped_5fold	1	Gq/11	numeric__bound__tm5_cytoplasmic_extension	0.0	0.0
bound_geometry	receptor_grouped_5fold	1	Gq/11	numeric__bound__tm5_cytoplasmic_kink	-0.11321721452567354	0.11321721452567354
bound_geometry	receptor_grouped_5fold	1	Gq/11	numeric__bound__tm5_r350_561_distance	0.0	0.0
bound_geometry	receptor_grouped_5fold	1	Gq/11	numeric__bound__tm5_r350_564_distance	0.21335383544252495	0.21335383544252495
bound_geometry	receptor_grouped_5fold	1	Gq/11	numeric__bound__tm5_tm6_cavity_distance	0.0	0.0
bound_geometry	receptor_grouped_5fold	1	Gq/11	numeric__bound__tm5_axis_tm3_angle	0.0	0.0
bound_geometry	receptor_grouped_5fold	1	Gq/11	numeric__bound__tm6_lower_upper_kink	-0.05129765025746395	0.05129765025746395
bound_geometry	receptor_grouped_5fold	1	Gq/11	numeric__bound__tm6_axis_tm3_angle	0.0	0.0
bound_geometry	receptor_grouped_5fold	1	Gq/11	numeric__bound__tm6_tm7_cavity_distance	0.0	0.0
bound_geometry	receptor_grouped_5fold	1	Gq/11	numeric__bound__tm7_h8_angle	0.0	0.0
bound_geometry	receptor_grouped_5fold	1	Gq/11	numeric__bound__h8_end_to_end_distance	0.0	0.0
bound_geometry	receptor_grouped_5fold	1	Gq/11	numeric__bound__h8_r350_distance	0.0	0.0
bound_geometry	receptor_grouped_5fold	1	Gq/11	numeric__bound__h8_tm6_distance	0.0	0.0
bound_geometry	receptor_grouped_5fold	1	Gq/11	numeric__bound__icl2_helix_fraction	0.0	0.0
bound_geometry	receptor_grouped_5fold	1	Gq/11	numeric__bound__icl2_longest_helix	0.0	0.0
bound_geometry	receptor_grouped_5fold	1	Gq/11	numeric__bound__icl2_mean_phi	-0.48436942157635077	0.48436942157635077
bound_geometry	receptor_grouped_5fold	1	Gq/11	numeric__bound__icl2_mean_psi	0.0	0.0
bound_geometry	receptor_grouped_5fold	1	Gq/11	numeric__bound__intracellular_cavity_core_volume	0.0	0.0
bound_geometry	receptor_grouped_5fold	1	Gq/11	numeric__bound__intracellular_cavity_core_mouth_area	0.0	0.0
bound_geometry	receptor_grouped_5fold	1	Gq/11	numeric__bound__intracellular_cavity_core_depth	0.0	0.0
bound_geometry	receptor_grouped_5fold	1	Gq/11	numeric__bound__intracellular_cavity_core_maximum_width	0.0	0.0
bound_geometry	receptor_grouped_5fold	1	Gq/11	numeric__bound__intracellular_cavity_core_average_cross_section	0.0	0.0
bound_geometry	receptor_grouped_5fold	1	Gq/11	numeric__bound__intracellular_cavity_core_bottleneck_area	0.0	0.0
bound_geometry	receptor_grouped_5fold	1	Gq/11	numeric__bound__intracellular_cavity_core_bottleneck_radius	0.0	0.0
bound_geometry	receptor_grouped_5fold	1	Gq/11	numeric__bound__intracellular_cavity_core_max_inscribed_radius	0.0	0.0
bound_geometry	receptor_grouped_5fold	1	Gq/11	numeric__bound__intracellular_cavity_core_surface_area	0.0	0.0
bound_geometry	receptor_grouped_5fold	1	Gq/11	numeric__bound__intracellular_cavity_core_centroid_x	0.0	0.0
bound_geometry	receptor_grouped_5fold	1	Gq/11	numeric__bound__intracellular_cavity_core_centroid_y	0.0	0.0
bound_geometry	receptor_grouped_5fold	1	Gq/11	numeric__bound__intracellular_cavity_core_centroid_z	0.0	0.0
bound_geometry	receptor_grouped_5fold	1	Gq/11	numeric__bound__intracellular_cavity_core_principal_length_1	0.0	0.0
bound_geometry	receptor_grouped_5fold	1	Gq/11	numeric__bound__intracellular_cavity_core_principal_length_2	0.0	0.0
bound_geometry	receptor_grouped_5fold	1	Gq/11	numeric__bound__intracellular_cavity_core_principal_length_3	0.0	0.0
bound_geometry	receptor_grouped_5fold	1	Gq/11	numeric__bound__intracellular_cavity_core_principal_axis_1_z_alignment	0.0	0.0
bound_geometry	receptor_grouped_5fold	1	Gq/11	numeric__bound__intracellular_cavity_core_eccentricity	0.0	0.0
bound_geometry	receptor_grouped_5fold	1	Gq/11	numeric__bound__intracellular_cavity_core_sphericity	0.0	0.0
bound_geometry	receptor_grouped_5fold	1	Gq/11	numeric__bound__intracellular_cavity_core_asymmetry	-0.036104546422718264	0.036104546422718264
bound_geometry	receptor_grouped_5fold	1	Gq/11	numeric__bound__intracellular_cavity_core_tm3_side_fraction	0.0	0.0
bound_geometry	receptor_grouped_5fold	1	Gq/11	numeric__bound__intracellular_cavity_core_tm6_side_fraction	0.0	0.0
bound_geometry	receptor_grouped_5fold	1	Gq/11	numeric__bound__intracellular_cavity_core_tm5_side_fraction	0.0	0.0
bound_geometry	receptor_grouped_5fold	1	Gq/11	numeric__bound__intracellular_cavity_core_tm7_side_fraction	0.0	0.0
bound_geometry	receptor_grouped_5fold	1	Gq/11	numeric__bound__intracellular_cavity_core_wall_fraction_h8	0.0	0.0
bound_geometry	receptor_grouped_5fold	1	Gq/11	numeric__bound__intracellular_cavity_core_wall_fraction_icl2	0.14041097916018477	0.14041097916018477
bound_geometry	receptor_grouped_5fold	1	Gq/11	numeric__bound__intracellular_cavity_core_wall_fraction_tm3	0.0	0.0
bound_geometry	receptor_grouped_5fold	1	Gq/11	numeric__bound__intracellular_cavity_core_wall_fraction_tm7	0.0	0.0
bound_geometry	receptor_grouped_5fold	1	Gs	numeric__bound__activation_consensus_score	0.10581819269924465	0.10581819269924465
bound_geometry	receptor_grouped_5fold	1	Gs	numeric__bound__tm6_r350_634_distance	0.034106149774110125	0.034106149774110125
bound_geometry	receptor_grouped_5fold	1	Gs	numeric__bound__tm6_aligned_displacement	0.08201254204886037	0.08201254204886037
bound_geometry	receptor_grouped_5fold	1	Gs	numeric__bound__tm7_displacement	0.0	0.0
bound_geometry	receptor_grouped_5fold	1	Gs	numeric__bound__tm3_tm7_distance	0.0	0.0
bound_geometry	receptor_grouped_5fold	1	Gs	numeric__bound__tm6_r350_630_distance	0.18356207485613277	0.18356207485613277
bound_geometry	receptor_grouped_5fold	1	Gs	numeric__bound__dry_r350_630_min_distance	0.1663216178925502	0.1663216178925502
bound_geometry	receptor_grouped_5fold	1	Gs	numeric__bound__dry_r350_630_ca_distance	0.18356207485613277	0.18356207485613277
bound_geometry	receptor_grouped_5fold	1	Gs	numeric__bound__dry_d349_r350_min_distance	0.0	0.0
bound_geometry	receptor_grouped_5fold	1	Gs	numeric__bound__r350_chi1	0.0	0.0
bound_geometry	receptor_grouped_5fold	1	Gs	numeric__bound__r350_chi2	0.0	0.0
bound_geometry	receptor_grouped_5fold	1	Gs	numeric__bound__pif_550_340_distance	0.0	0.0
bound_geometry	receptor_grouped_5fold	1	Gs	numeric__bound__pif_340_644_distance	0.0	0.0
bound_geometry	receptor_grouped_5fold	1	Gs	numeric__bound__pif_550_644_distance	0.0	0.0
bound_geometry	receptor_grouped_5fold	1	Gs	numeric__bound__pif_550_340_min_distance	0.0	0.0
bound_geometry	receptor_grouped_5fold	1	Gs	numeric__bound__pif_340_644_min_distance	0.0	0.0
bound_geometry	receptor_grouped_5fold	1	Gs	numeric__bound__pif_550_644_min_distance	0.0	0.0
bound_geometry	receptor_grouped_5fold	1	Gs	numeric__bound__pif_triangle_perimeter	0.0	0.0
bound_geometry	receptor_grouped_5fold	1	Gs	numeric__bound__position_644_chi1	0.0	0.0
bound_geometry	receptor_grouped_5fold	1	Gs	numeric__bound__position_644_chi2	0.0	0.0
bound_geometry	receptor_grouped_5fold	1	Gs	numeric__bound__w648_chi1	-0.1133842028864976	0.1133842028864976
bound_geometry	receptor_grouped_5fold	1	Gs	numeric__bound__w648_chi2	0.0	0.0
bound_geometry	receptor_grouped_5fold	1	Gs	numeric__bound__w648_displacement	0.0	0.0
bound_geometry	receptor_grouped_5fold	1	Gs	numeric__bound__w648_to_644_distance	0.0	0.0
bound_geometry	receptor_grouped_5fold	1	Gs	numeric__bound__cwxp_647_650_distance	0.0	0.0
bound_geometry	receptor_grouped_5fold	1	Gs	numeric__bound__y753_chi1	0.0	0.0
bound_geometry	receptor_grouped_5fold	1	Gs	numeric__bound__y753_chi2	0.0	0.0
bound_geometry	receptor_grouped_5fold	1	Gs	numeric__bound__y753_y558_distance	0.0	0.0
bound_geometry	receptor_grouped_5fold	1	Gs	numeric__bound__y753_y558_min_distance	0.0	0.0
bound_geometry	receptor_grouped_5fold	1	Gs	numeric__bound__n749_y753_distance	0.0	0.0
bound_geometry	receptor_grouped_5fold	1	Gs	numeric__bound__npxxy_local_spread	0.0	0.0
bound_geometry	receptor_grouped_5fold	1	Gs	numeric__bound__y753_displacement	0.0	0.0
bound_geometry	receptor_grouped_5fold	1	Gs	numeric__bound__sodium_d250_s339_distance	0.0	0.0
bound_geometry	receptor_grouped_5fold	1	Gs	numeric__bound__sodium_d250_n745_distance	-0.00833316377020968	0.00833316377020968
bound_geometry	receptor_grouped_5fold	1	Gs	numeric__bound__sodium_d250_s746_distance	0.0	0.0
bound_geometry	receptor_grouped_5fold	1	Gs	numeric__bound__sodium_d250_n749_distance	0.0	0.0
bound_geometry	receptor_grouped_5fold	1	Gs	numeric__bound__sodium_pocket_volume	-0.010693618592267638	0.010693618592267638
bound_geometry	receptor_grouped_5fold	1	Gs	numeric__bound__sodium_pocket_spread	-0.06915688927630731	0.06915688927630731
bound_geometry	receptor_grouped_5fold	1	Gs	numeric__bound__tm7_rotation	0.0	0.0
bound_geometry	receptor_grouped_5fold	1	Gs	numeric__bound__icl2_generic_ca_count	0.0	0.0
bound_geometry	receptor_grouped_5fold	1	Gs	numeric__bound__icl2_end_to_end_distance	0.0	0.0
bound_geometry	receptor_grouped_5fold	1	Gs	numeric__bound__icl2_centroid_to_r350	0.0	0.0
bound_geometry	receptor_grouped_5fold	1	Gs	numeric__bound__icl2_centroid_to_tm5_561	0.0	0.0
bound_geometry	receptor_grouped_5fold	1	Gs	numeric__bound__icl2_centroid_to_tm6_634	0.02566283426621159	0.02566283426621159
bound_geometry	receptor_grouped_5fold	1	Gs	numeric__bound__icl2_centroid_to_tm7_753	0.0	0.0
bound_geometry	receptor_grouped_5fold	1	Gs	numeric__bound__icl2_axis_tm3_angle	0.0	0.0
bound_geometry	receptor_grouped_5fold	1	Gs	numeric__bound__icl2_axis_tm5_angle	0.0	0.0
bound_geometry	receptor_grouped_5fold	1	Gs	numeric__bound__icl2_active_reference_displacement	-0.04622392258240554	0.04622392258240554
bound_geometry	receptor_grouped_5fold	1	Gs	numeric__bound__tm5_cytoplasmic_extension	0.0	0.0
bound_geometry	receptor_grouped_5fold	1	Gs	numeric__bound__tm5_cytoplasmic_kink	0.18927256279455337	0.18927256279455337
bound_geometry	receptor_grouped_5fold	1	Gs	numeric__bound__tm5_r350_561_distance	0.0	0.0
bound_geometry	receptor_grouped_5fold	1	Gs	numeric__bound__tm5_r350_564_distance	0.0	0.0
bound_geometry	receptor_grouped_5fold	1	Gs	numeric__bound__tm5_tm6_cavity_distance	0.0	0.0
bound_geometry	receptor_grouped_5fold	1	Gs	numeric__bound__tm5_axis_tm3_angle	0.07524586410462306	0.07524586410462306
bound_geometry	receptor_grouped_5fold	1	Gs	numeric__bound__tm6_lower_upper_kink	0.2097944141610139	0.2097944141610139
bound_geometry	receptor_grouped_5fold	1	Gs	numeric__bound__tm6_axis_tm3_angle	0.07426821179174951	0.07426821179174951
bound_geometry	receptor_grouped_5fold	1	Gs	numeric__bound__tm6_tm7_cavity_distance	0.06021286902259243	0.06021286902259243
bound_geometry	receptor_grouped_5fold	1	Gs	numeric__bound__tm7_h8_angle	0.0	0.0
bound_geometry	receptor_grouped_5fold	1	Gs	numeric__bound__h8_end_to_end_distance	0.0	0.0
bound_geometry	receptor_grouped_5fold	1	Gs	numeric__bound__h8_r350_distance	0.0	0.0
bound_geometry	receptor_grouped_5fold	1	Gs	numeric__bound__h8_tm6_distance	0.03625391729183653	0.03625391729183653
bound_geometry	receptor_grouped_5fold	1	Gs	numeric__bound__icl2_helix_fraction	0.0	0.0
bound_geometry	receptor_grouped_5fold	1	Gs	numeric__bound__icl2_longest_helix	0.0	0.0
bound_geometry	receptor_grouped_5fold	1	Gs	numeric__bound__icl2_mean_phi	0.0	0.0
bound_geometry	receptor_grouped_5fold	1	Gs	numeric__bound__icl2_mean_psi	0.0	0.0
bound_geometry	receptor_grouped_5fold	1	Gs	numeric__bound__intracellular_cavity_core_volume	0.0	0.0
bound_geometry	receptor_grouped_5fold	1	Gs	numeric__bound__intracellular_cavity_core_mouth_area	0.0	0.0
bound_geometry	receptor_grouped_5fold	1	Gs	numeric__bound__intracellular_cavity_core_depth	0.0	0.0
bound_geometry	receptor_grouped_5fold	1	Gs	numeric__bound__intracellular_cavity_core_maximum_width	0.0	0.0
bound_geometry	receptor_grouped_5fold	1	Gs	numeric__bound__intracellular_cavity_core_average_cross_section	0.0	0.0
bound_geometry	receptor_grouped_5fold	1	Gs	numeric__bound__intracellular_cavity_core_bottleneck_area	0.0	0.0
bound_geometry	receptor_grouped_5fold	1	Gs	numeric__bound__intracellular_cavity_core_bottleneck_radius	0.0	0.0
bound_geometry	receptor_grouped_5fold	1	Gs	numeric__bound__intracellular_cavity_core_max_inscribed_radius	0.0	0.0
bound_geometry	receptor_grouped_5fold	1	Gs	numeric__bound__intracellular_cavity_core_surface_area	0.0	0.0
bound_geometry	receptor_grouped_5fold	1	Gs	numeric__bound__intracellular_cavity_core_centroid_x	0.0	0.0
bound_geometry	receptor_grouped_5fold	1	Gs	numeric__bound__intracellular_cavity_core_centroid_y	0.0	0.0
bound_geometry	receptor_grouped_5fold	1	Gs	numeric__bound__intracellular_cavity_core_centroid_z	0.0	0.0
bound_geometry	receptor_grouped_5fold	1	Gs	numeric__bound__intracellular_cavity_core_principal_length_1	0.0	0.0
bound_geometry	receptor_grouped_5fold	1	Gs	numeric__bound__intracellular_cavity_core_principal_length_2	0.0	0.0
bound_geometry	receptor_grouped_5fold	1	Gs	numeric__bound__intracellular_cavity_core_principal_length_3	0.1263525971151467	0.1263525971151467
bound_geometry	receptor_grouped_5fold	1	Gs	numeric__bound__intracellular_cavity_core_principal_axis_1_z_alignment	0.0	0.0
bound_geometry	receptor_grouped_5fold	1	Gs	numeric__bound__intracellular_cavity_core_eccentricity	-0.25585500223008173	0.25585500223008173
bound_geometry	receptor_grouped_5fold	1	Gs	numeric__bound__intracellular_cavity_core_sphericity	0.0	0.0
bound_geometry	receptor_grouped_5fold	1	Gs	numeric__bound__intracellular_cavity_core_asymmetry	0.0	0.0
bound_geometry	receptor_grouped_5fold	1	Gs	numeric__bound__intracellular_cavity_core_tm3_side_fraction	0.0	0.0
bound_geometry	receptor_grouped_5fold	1	Gs	numeric__bound__intracellular_cavity_core_tm6_side_fraction	0.0	0.0
bound_geometry	receptor_grouped_5fold	1	Gs	numeric__bound__intracellular_cavity_core_tm5_side_fraction	0.0	0.0
bound_geometry	receptor_grouped_5fold	1	Gs	numeric__bound__intracellular_cavity_core_tm7_side_fraction	0.0	0.0
bound_geometry	receptor_grouped_5fold	1	Gs	numeric__bound__intracellular_cavity_core_wall_fraction_h8	0.0	0.0
bound_geometry	receptor_grouped_5fold	1	Gs	numeric__bound__intracellular_cavity_core_wall_fraction_icl2	-0.09231038169825924	0.09231038169825924
bound_geometry	receptor_grouped_5fold	1	Gs	numeric__bound__intracellular_cavity_core_wall_fraction_tm3	0.0	0.0
bound_geometry	receptor_grouped_5fold	1	Gs	numeric__bound__intracellular_cavity_core_wall_fraction_tm7	0.0	0.0
bound_geometry	receptor_grouped_5fold	2	Gi/o	numeric__bound__activation_consensus_score	-0.045595306898031186	0.045595306898031186
bound_geometry	receptor_grouped_5fold	2	Gi/o	numeric__bound__tm6_r350_634_distance	-0.10182762557364354	0.10182762557364354
bound_geometry	receptor_grouped_5fold	2	Gi/o	numeric__bound__tm6_aligned_displacement	0.0	0.0
bound_geometry	receptor_grouped_5fold	2	Gi/o	numeric__bound__tm7_displacement	0.0	0.0
bound_geometry	receptor_grouped_5fold	2	Gi/o	numeric__bound__tm3_tm7_distance	0.0	0.0
bound_geometry	receptor_grouped_5fold	2	Gi/o	numeric__bound__tm6_r350_630_distance	-0.08666646391305027	0.08666646391305027
bound_geometry	receptor_grouped_5fold	2	Gi/o	numeric__bound__dry_r350_630_min_distance	0.0	0.0
bound_geometry	receptor_grouped_5fold	2	Gi/o	numeric__bound__dry_r350_630_ca_distance	-0.08666646391305027	0.08666646391305027
bound_geometry	receptor_grouped_5fold	2	Gi/o	numeric__bound__dry_d349_r350_min_distance	0.0	0.0
bound_geometry	receptor_grouped_5fold	2	Gi/o	numeric__bound__r350_chi1	0.0	0.0
bound_geometry	receptor_grouped_5fold	2	Gi/o	numeric__bound__r350_chi2	0.0	0.0
bound_geometry	receptor_grouped_5fold	2	Gi/o	numeric__bound__pif_550_340_distance	0.0	0.0
bound_geometry	receptor_grouped_5fold	2	Gi/o	numeric__bound__pif_340_644_distance	0.0	0.0
bound_geometry	receptor_grouped_5fold	2	Gi/o	numeric__bound__pif_550_644_distance	0.0	0.0
bound_geometry	receptor_grouped_5fold	2	Gi/o	numeric__bound__pif_550_340_min_distance	0.0	0.0
bound_geometry	receptor_grouped_5fold	2	Gi/o	numeric__bound__pif_340_644_min_distance	0.0	0.0
bound_geometry	receptor_grouped_5fold	2	Gi/o	numeric__bound__pif_550_644_min_distance	0.0	0.0
bound_geometry	receptor_grouped_5fold	2	Gi/o	numeric__bound__pif_triangle_perimeter	0.0	0.0
bound_geometry	receptor_grouped_5fold	2	Gi/o	numeric__bound__position_644_chi1	0.0	0.0
bound_geometry	receptor_grouped_5fold	2	Gi/o	numeric__bound__position_644_chi2	-0.303375434118795	0.303375434118795
bound_geometry	receptor_grouped_5fold	2	Gi/o	numeric__bound__w648_chi1	0.0	0.0
bound_geometry	receptor_grouped_5fold	2	Gi/o	numeric__bound__w648_chi2	0.0	0.0
bound_geometry	receptor_grouped_5fold	2	Gi/o	numeric__bound__w648_displacement	0.0	0.0
bound_geometry	receptor_grouped_5fold	2	Gi/o	numeric__bound__w648_to_644_distance	0.0	0.0
bound_geometry	receptor_grouped_5fold	2	Gi/o	numeric__bound__cwxp_647_650_distance	0.0	0.0
bound_geometry	receptor_grouped_5fold	2	Gi/o	numeric__bound__y753_chi1	0.0	0.0
bound_geometry	receptor_grouped_5fold	2	Gi/o	numeric__bound__y753_chi2	0.0	0.0
bound_geometry	receptor_grouped_5fold	2	Gi/o	numeric__bound__y753_y558_distance	0.0	0.0
bound_geometry	receptor_grouped_5fold	2	Gi/o	numeric__bound__y753_y558_min_distance	0.0	0.0
bound_geometry	receptor_grouped_5fold	2	Gi/o	numeric__bound__n749_y753_distance	0.0	0.0
bound_geometry	receptor_grouped_5fold	2	Gi/o	numeric__bound__npxxy_local_spread	0.0	0.0
bound_geometry	receptor_grouped_5fold	2	Gi/o	numeric__bound__y753_displacement	0.0	0.0
bound_geometry	receptor_grouped_5fold	2	Gi/o	numeric__bound__sodium_d250_s339_distance	0.0	0.0
bound_geometry	receptor_grouped_5fold	2	Gi/o	numeric__bound__sodium_d250_n745_distance	0.0	0.0
bound_geometry	receptor_grouped_5fold	2	Gi/o	numeric__bound__sodium_d250_s746_distance	0.0	0.0
bound_geometry	receptor_grouped_5fold	2	Gi/o	numeric__bound__sodium_d250_n749_distance	0.0	0.0
bound_geometry	receptor_grouped_5fold	2	Gi/o	numeric__bound__sodium_pocket_volume	0.0	0.0
bound_geometry	receptor_grouped_5fold	2	Gi/o	numeric__bound__sodium_pocket_spread	0.0	0.0
bound_geometry	receptor_grouped_5fold	2	Gi/o	numeric__bound__tm7_rotation	0.0	0.0
bound_geometry	receptor_grouped_5fold	2	Gi/o	numeric__bound__icl2_generic_ca_count	0.0	0.0
bound_geometry	receptor_grouped_5fold	2	Gi/o	numeric__bound__icl2_end_to_end_distance	0.0	0.0
bound_geometry	receptor_grouped_5fold	2	Gi/o	numeric__bound__icl2_centroid_to_r350	0.0	0.0
bound_geometry	receptor_grouped_5fold	2	Gi/o	numeric__bound__icl2_centroid_to_tm5_561	0.0	0.0
bound_geometry	receptor_grouped_5fold	2	Gi/o	numeric__bound__icl2_centroid_to_tm6_634	-0.08998546520534628	0.08998546520534628
bound_geometry	receptor_grouped_5fold	2	Gi/o	numeric__bound__icl2_centroid_to_tm7_753	0.0	0.0
bound_geometry	receptor_grouped_5fold	2	Gi/o	numeric__bound__icl2_axis_tm3_angle	0.0	0.0
bound_geometry	receptor_grouped_5fold	2	Gi/o	numeric__bound__icl2_axis_tm5_angle	0.0	0.0
bound_geometry	receptor_grouped_5fold	2	Gi/o	numeric__bound__icl2_active_reference_displacement	0.0	0.0
bound_geometry	receptor_grouped_5fold	2	Gi/o	numeric__bound__tm5_cytoplasmic_extension	-0.06433754701059625	0.06433754701059625
bound_geometry	receptor_grouped_5fold	2	Gi/o	numeric__bound__tm5_cytoplasmic_kink	0.0	0.0
bound_geometry	receptor_grouped_5fold	2	Gi/o	numeric__bound__tm5_r350_561_distance	0.0	0.0
bound_geometry	receptor_grouped_5fold	2	Gi/o	numeric__bound__tm5_r350_564_distance	0.0	0.0
bound_geometry	receptor_grouped_5fold	2	Gi/o	numeric__bound__tm5_tm6_cavity_distance	-0.22370649874959694	0.22370649874959694
bound_geometry	receptor_grouped_5fold	2	Gi/o	numeric__bound__tm5_axis_tm3_angle	0.0	0.0
bound_geometry	receptor_grouped_5fold	2	Gi/o	numeric__bound__tm6_lower_upper_kink	0.0	0.0
bound_geometry	receptor_grouped_5fold	2	Gi/o	numeric__bound__tm6_axis_tm3_angle	-0.22260930868991224	0.22260930868991224
bound_geometry	receptor_grouped_5fold	2	Gi/o	numeric__bound__tm6_tm7_cavity_distance	0.0	0.0
bound_geometry	receptor_grouped_5fold	2	Gi/o	numeric__bound__tm7_h8_angle	0.0	0.0
bound_geometry	receptor_grouped_5fold	2	Gi/o	numeric__bound__h8_end_to_end_distance	0.0	0.0
bound_geometry	receptor_grouped_5fold	2	Gi/o	numeric__bound__h8_r350_distance	0.0	0.0
bound_geometry	receptor_grouped_5fold	2	Gi/o	numeric__bound__h8_tm6_distance	0.0	0.0
bound_geometry	receptor_grouped_5fold	2	Gi/o	numeric__bound__icl2_helix_fraction	0.0	0.0
bound_geometry	receptor_grouped_5fold	2	Gi/o	numeric__bound__icl2_longest_helix	0.0	0.0
bound_geometry	receptor_grouped_5fold	2	Gi/o	numeric__bound__icl2_mean_phi	0.14890591264107814	0.14890591264107814
bound_geometry	receptor_grouped_5fold	2	Gi/o	numeric__bound__icl2_mean_psi	0.0	0.0
bound_geometry	receptor_grouped_5fold	2	Gi/o	numeric__bound__intracellular_cavity_core_volume	0.0	0.0
bound_geometry	receptor_grouped_5fold	2	Gi/o	numeric__bound__intracellular_cavity_core_mouth_area	0.0	0.0
bound_geometry	receptor_grouped_5fold	2	Gi/o	numeric__bound__intracellular_cavity_core_depth	0.0	0.0
bound_geometry	receptor_grouped_5fold	2	Gi/o	numeric__bound__intracellular_cavity_core_maximum_width	0.0	0.0
bound_geometry	receptor_grouped_5fold	2	Gi/o	numeric__bound__intracellular_cavity_core_average_cross_section	0.0	0.0
bound_geometry	receptor_grouped_5fold	2	Gi/o	numeric__bound__intracellular_cavity_core_bottleneck_area	0.0	0.0
bound_geometry	receptor_grouped_5fold	2	Gi/o	numeric__bound__intracellular_cavity_core_bottleneck_radius	0.0	0.0
bound_geometry	receptor_grouped_5fold	2	Gi/o	numeric__bound__intracellular_cavity_core_max_inscribed_radius	0.0	0.0
bound_geometry	receptor_grouped_5fold	2	Gi/o	numeric__bound__intracellular_cavity_core_surface_area	0.0	0.0
bound_geometry	receptor_grouped_5fold	2	Gi/o	numeric__bound__intracellular_cavity_core_centroid_x	0.0	0.0
bound_geometry	receptor_grouped_5fold	2	Gi/o	numeric__bound__intracellular_cavity_core_centroid_y	0.0	0.0
bound_geometry	receptor_grouped_5fold	2	Gi/o	numeric__bound__intracellular_cavity_core_centroid_z	0.0	0.0
bound_geometry	receptor_grouped_5fold	2	Gi/o	numeric__bound__intracellular_cavity_core_principal_length_1	0.0	0.0
bound_geometry	receptor_grouped_5fold	2	Gi/o	numeric__bound__intracellular_cavity_core_principal_length_2	0.0	0.0
bound_geometry	receptor_grouped_5fold	2	Gi/o	numeric__bound__intracellular_cavity_core_principal_length_3	-0.019646070374946534	0.019646070374946534
bound_geometry	receptor_grouped_5fold	2	Gi/o	numeric__bound__intracellular_cavity_core_principal_axis_1_z_alignment	0.0	0.0
bound_geometry	receptor_grouped_5fold	2	Gi/o	numeric__bound__intracellular_cavity_core_eccentricity	0.057694215445325575	0.057694215445325575
bound_geometry	receptor_grouped_5fold	2	Gi/o	numeric__bound__intracellular_cavity_core_sphericity	0.0	0.0
bound_geometry	receptor_grouped_5fold	2	Gi/o	numeric__bound__intracellular_cavity_core_asymmetry	0.0	0.0
bound_geometry	receptor_grouped_5fold	2	Gi/o	numeric__bound__intracellular_cavity_core_tm3_side_fraction	0.0	0.0
bound_geometry	receptor_grouped_5fold	2	Gi/o	numeric__bound__intracellular_cavity_core_tm6_side_fraction	0.0	0.0
bound_geometry	receptor_grouped_5fold	2	Gi/o	numeric__bound__intracellular_cavity_core_tm5_side_fraction	0.0	0.0
bound_geometry	receptor_grouped_5fold	2	Gi/o	numeric__bound__intracellular_cavity_core_tm7_side_fraction	0.0	0.0
bound_geometry	receptor_grouped_5fold	2	Gi/o	numeric__bound__intracellular_cavity_core_wall_fraction_h8	0.0	0.0
bound_geometry	receptor_grouped_5fold	2	Gi/o	numeric__bound__intracellular_cavity_core_wall_fraction_icl2	0.0	0.0
bound_geometry	receptor_grouped_5fold	2	Gi/o	numeric__bound__intracellular_cavity_core_wall_fraction_tm3	0.0	0.0
bound_geometry	receptor_grouped_5fold	2	Gi/o	numeric__bound__intracellular_cavity_core_wall_fraction_tm7	0.0	0.0
bound_geometry	receptor_grouped_5fold	2	Gq/11	numeric__bound__activation_consensus_score	0.0	0.0
bound_geometry	receptor_grouped_5fold	2	Gq/11	numeric__bound__tm6_r350_634_distance	0.0	0.0
bound_geometry	receptor_grouped_5fold	2	Gq/11	numeric__bound__tm6_aligned_displacement	0.0	0.0
bound_geometry	receptor_grouped_5fold	2	Gq/11	numeric__bound__tm7_displacement	0.0	0.0
bound_geometry	receptor_grouped_5fold	2	Gq/11	numeric__bound__tm3_tm7_distance	0.0	0.0
bound_geometry	receptor_grouped_5fold	2	Gq/11	numeric__bound__tm6_r350_630_distance	0.0	0.0
bound_geometry	receptor_grouped_5fold	2	Gq/11	numeric__bound__dry_r350_630_min_distance	0.0	0.0
bound_geometry	receptor_grouped_5fold	2	Gq/11	numeric__bound__dry_r350_630_ca_distance	0.0	0.0
bound_geometry	receptor_grouped_5fold	2	Gq/11	numeric__bound__dry_d349_r350_min_distance	0.0	0.0
bound_geometry	receptor_grouped_5fold	2	Gq/11	numeric__bound__r350_chi1	0.0	0.0
bound_geometry	receptor_grouped_5fold	2	Gq/11	numeric__bound__r350_chi2	0.0	0.0
bound_geometry	receptor_grouped_5fold	2	Gq/11	numeric__bound__pif_550_340_distance	0.0	0.0
bound_geometry	receptor_grouped_5fold	2	Gq/11	numeric__bound__pif_340_644_distance	-0.12443922322511597	0.12443922322511597
bound_geometry	receptor_grouped_5fold	2	Gq/11	numeric__bound__pif_550_644_distance	0.0	0.0
bound_geometry	receptor_grouped_5fold	2	Gq/11	numeric__bound__pif_550_340_min_distance	0.0	0.0
bound_geometry	receptor_grouped_5fold	2	Gq/11	numeric__bound__pif_340_644_min_distance	0.0	0.0
bound_geometry	receptor_grouped_5fold	2	Gq/11	numeric__bound__pif_550_644_min_distance	0.0	0.0
bound_geometry	receptor_grouped_5fold	2	Gq/11	numeric__bound__pif_triangle_perimeter	0.0	0.0
bound_geometry	receptor_grouped_5fold	2	Gq/11	numeric__bound__position_644_chi1	0.0	0.0
bound_geometry	receptor_grouped_5fold	2	Gq/11	numeric__bound__position_644_chi2	0.1398908701064868	0.1398908701064868
bound_geometry	receptor_grouped_5fold	2	Gq/11	numeric__bound__w648_chi1	0.0	0.0
bound_geometry	receptor_grouped_5fold	2	Gq/11	numeric__bound__w648_chi2	0.0	0.0
bound_geometry	receptor_grouped_5fold	2	Gq/11	numeric__bound__w648_displacement	0.0	0.0
bound_geometry	receptor_grouped_5fold	2	Gq/11	numeric__bound__w648_to_644_distance	0.0	0.0
bound_geometry	receptor_grouped_5fold	2	Gq/11	numeric__bound__cwxp_647_650_distance	0.0	0.0
bound_geometry	receptor_grouped_5fold	2	Gq/11	numeric__bound__y753_chi1	0.0	0.0
bound_geometry	receptor_grouped_5fold	2	Gq/11	numeric__bound__y753_chi2	0.0	0.0
bound_geometry	receptor_grouped_5fold	2	Gq/11	numeric__bound__y753_y558_distance	0.0	0.0
bound_geometry	receptor_grouped_5fold	2	Gq/11	numeric__bound__y753_y558_min_distance	0.0	0.0
bound_geometry	receptor_grouped_5fold	2	Gq/11	numeric__bound__n749_y753_distance	0.0	0.0
bound_geometry	receptor_grouped_5fold	2	Gq/11	numeric__bound__npxxy_local_spread	0.10618253285530767	0.10618253285530767
bound_geometry	receptor_grouped_5fold	2	Gq/11	numeric__bound__y753_displacement	0.0	0.0
bound_geometry	receptor_grouped_5fold	2	Gq/11	numeric__bound__sodium_d250_s339_distance	0.0	0.0
bound_geometry	receptor_grouped_5fold	2	Gq/11	numeric__bound__sodium_d250_n745_distance	0.0	0.0
bound_geometry	receptor_grouped_5fold	2	Gq/11	numeric__bound__sodium_d250_s746_distance	-0.2631426027464386	0.2631426027464386
bound_geometry	receptor_grouped_5fold	2	Gq/11	numeric__bound__sodium_d250_n749_distance	0.0	0.0
bound_geometry	receptor_grouped_5fold	2	Gq/11	numeric__bound__sodium_pocket_volume	0.0	0.0
bound_geometry	receptor_grouped_5fold	2	Gq/11	numeric__bound__sodium_pocket_spread	0.0	0.0
bound_geometry	receptor_grouped_5fold	2	Gq/11	numeric__bound__tm7_rotation	0.0	0.0
bound_geometry	receptor_grouped_5fold	2	Gq/11	numeric__bound__icl2_generic_ca_count	0.0	0.0
bound_geometry	receptor_grouped_5fold	2	Gq/11	numeric__bound__icl2_end_to_end_distance	0.0	0.0
bound_geometry	receptor_grouped_5fold	2	Gq/11	numeric__bound__icl2_centroid_to_r350	0.0	0.0
bound_geometry	receptor_grouped_5fold	2	Gq/11	numeric__bound__icl2_centroid_to_tm5_561	0.0	0.0
bound_geometry	receptor_grouped_5fold	2	Gq/11	numeric__bound__icl2_centroid_to_tm6_634	0.0	0.0
bound_geometry	receptor_grouped_5fold	2	Gq/11	numeric__bound__icl2_centroid_to_tm7_753	0.0	0.0
bound_geometry	receptor_grouped_5fold	2	Gq/11	numeric__bound__icl2_axis_tm3_angle	0.009524878023907586	0.009524878023907586
bound_geometry	receptor_grouped_5fold	2	Gq/11	numeric__bound__icl2_axis_tm5_angle	0.0	0.0
bound_geometry	receptor_grouped_5fold	2	Gq/11	numeric__bound__icl2_active_reference_displacement	0.0	0.0
bound_geometry	receptor_grouped_5fold	2	Gq/11	numeric__bound__tm5_cytoplasmic_extension	0.01081876751319626	0.01081876751319626
bound_geometry	receptor_grouped_5fold	2	Gq/11	numeric__bound__tm5_cytoplasmic_kink	0.0	0.0
bound_geometry	receptor_grouped_5fold	2	Gq/11	numeric__bound__tm5_r350_561_distance	0.0	0.0
bound_geometry	receptor_grouped_5fold	2	Gq/11	numeric__bound__tm5_r350_564_distance	0.0	0.0
bound_geometry	receptor_grouped_5fold	2	Gq/11	numeric__bound__tm5_tm6_cavity_distance	0.0	0.0
bound_geometry	receptor_grouped_5fold	2	Gq/11	numeric__bound__tm5_axis_tm3_angle	0.0	0.0
bound_geometry	receptor_grouped_5fold	2	Gq/11	numeric__bound__tm6_lower_upper_kink	0.0	0.0
bound_geometry	receptor_grouped_5fold	2	Gq/11	numeric__bound__tm6_axis_tm3_angle	0.0	0.0
bound_geometry	receptor_grouped_5fold	2	Gq/11	numeric__bound__tm6_tm7_cavity_distance	0.0	0.0
bound_geometry	receptor_grouped_5fold	2	Gq/11	numeric__bound__tm7_h8_angle	0.0	0.0
bound_geometry	receptor_grouped_5fold	2	Gq/11	numeric__bound__h8_end_to_end_distance	0.0	0.0
bound_geometry	receptor_grouped_5fold	2	Gq/11	numeric__bound__h8_r350_distance	0.0	0.0
bound_geometry	receptor_grouped_5fold	2	Gq/11	numeric__bound__h8_tm6_distance	0.0	0.0
bound_geometry	receptor_grouped_5fold	2	Gq/11	numeric__bound__icl2_helix_fraction	0.0	0.0
bound_geometry	receptor_grouped_5fold	2	Gq/11	numeric__bound__icl2_longest_helix	0.0	0.0
bound_geometry	receptor_grouped_5fold	2	Gq/11	numeric__bound__icl2_mean_phi	-0.23089196900449502	0.23089196900449502
bound_geometry	receptor_grouped_5fold	2	Gq/11	numeric__bound__icl2_mean_psi	0.0	0.0
bound_geometry	receptor_grouped_5fold	2	Gq/11	numeric__bound__intracellular_cavity_core_volume	0.0	0.0
bound_geometry	receptor_grouped_5fold	2	Gq/11	numeric__bound__intracellular_cavity_core_mouth_area	0.0	0.0
bound_geometry	receptor_grouped_5fold	2	Gq/11	numeric__bound__intracellular_cavity_core_depth	0.0	0.0
bound_geometry	receptor_grouped_5fold	2	Gq/11	numeric__bound__intracellular_cavity_core_maximum_width	0.0	0.0
bound_geometry	receptor_grouped_5fold	2	Gq/11	numeric__bound__intracellular_cavity_core_average_cross_section	0.0	0.0
bound_geometry	receptor_grouped_5fold	2	Gq/11	numeric__bound__intracellular_cavity_core_bottleneck_area	0.0	0.0
bound_geometry	receptor_grouped_5fold	2	Gq/11	numeric__bound__intracellular_cavity_core_bottleneck_radius	0.0	0.0
bound_geometry	receptor_grouped_5fold	2	Gq/11	numeric__bound__intracellular_cavity_core_max_inscribed_radius	0.0	0.0
bound_geometry	receptor_grouped_5fold	2	Gq/11	numeric__bound__intracellular_cavity_core_surface_area	0.0	0.0
bound_geometry	receptor_grouped_5fold	2	Gq/11	numeric__bound__intracellular_cavity_core_centroid_x	0.0	0.0
bound_geometry	receptor_grouped_5fold	2	Gq/11	numeric__bound__intracellular_cavity_core_centroid_y	0.0	0.0
bound_geometry	receptor_grouped_5fold	2	Gq/11	numeric__bound__intracellular_cavity_core_centroid_z	0.0	0.0
bound_geometry	receptor_grouped_5fold	2	Gq/11	numeric__bound__intracellular_cavity_core_principal_length_1	0.0	0.0
bound_geometry	receptor_grouped_5fold	2	Gq/11	numeric__bound__intracellular_cavity_core_principal_length_2	0.0	0.0
bound_geometry	receptor_grouped_5fold	2	Gq/11	numeric__bound__intracellular_cavity_core_principal_length_3	0.0	0.0
bound_geometry	receptor_grouped_5fold	2	Gq/11	numeric__bound__intracellular_cavity_core_principal_axis_1_z_alignment	0.0	0.0
bound_geometry	receptor_grouped_5fold	2	Gq/11	numeric__bound__intracellular_cavity_core_eccentricity	0.0	0.0
bound_geometry	receptor_grouped_5fold	2	Gq/11	numeric__bound__intracellular_cavity_core_sphericity	0.0	0.0
bound_geometry	receptor_grouped_5fold	2	Gq/11	numeric__bound__intracellular_cavity_core_asymmetry	0.0	0.0
bound_geometry	receptor_grouped_5fold	2	Gq/11	numeric__bound__intracellular_cavity_core_tm3_side_fraction	0.0	0.0
bound_geometry	receptor_grouped_5fold	2	Gq/11	numeric__bound__intracellular_cavity_core_tm6_side_fraction	0.0	0.0
bound_geometry	receptor_grouped_5fold	2	Gq/11	numeric__bound__intracellular_cavity_core_tm5_side_fraction	0.0	0.0
bound_geometry	receptor_grouped_5fold	2	Gq/11	numeric__bound__intracellular_cavity_core_tm7_side_fraction	0.0	0.0
bound_geometry	receptor_grouped_5fold	2	Gq/11	numeric__bound__intracellular_cavity_core_wall_fraction_h8	0.0	0.0
bound_geometry	receptor_grouped_5fold	2	Gq/11	numeric__bound__intracellular_cavity_core_wall_fraction_icl2	0.20786463507257422	0.20786463507257422
bound_geometry	receptor_grouped_5fold	2	Gq/11	numeric__bound__intracellular_cavity_core_wall_fraction_tm3	0.0	0.0
bound_geometry	receptor_grouped_5fold	2	Gq/11	numeric__bound__intracellular_cavity_core_wall_fraction_tm7	0.0	0.0
bound_geometry	receptor_grouped_5fold	2	Gs	numeric__bound__activation_consensus_score	0.0	0.0
bound_geometry	receptor_grouped_5fold	2	Gs	numeric__bound__tm6_r350_634_distance	0.0	0.0
bound_geometry	receptor_grouped_5fold	2	Gs	numeric__bound__tm6_aligned_displacement	0.05222900475100866	0.05222900475100866
bound_geometry	receptor_grouped_5fold	2	Gs	numeric__bound__tm7_displacement	0.0	0.0
bound_geometry	receptor_grouped_5fold	2	Gs	numeric__bound__tm3_tm7_distance	0.0	0.0
bound_geometry	receptor_grouped_5fold	2	Gs	numeric__bound__tm6_r350_630_distance	0.08788240707810303	0.08788240707810303
bound_geometry	receptor_grouped_5fold	2	Gs	numeric__bound__dry_r350_630_min_distance	0.0	0.0
bound_geometry	receptor_grouped_5fold	2	Gs	numeric__bound__dry_r350_630_ca_distance	0.08788240707810303	0.08788240707810303
bound_geometry	receptor_grouped_5fold	2	Gs	numeric__bound__dry_d349_r350_min_distance	0.0	0.0
bound_geometry	receptor_grouped_5fold	2	Gs	numeric__bound__r350_chi1	0.0	0.0
bound_geometry	receptor_grouped_5fold	2	Gs	numeric__bound__r350_chi2	0.0	0.0
bound_geometry	receptor_grouped_5fold	2	Gs	numeric__bound__pif_550_340_distance	0.0	0.0
bound_geometry	receptor_grouped_5fold	2	Gs	numeric__bound__pif_340_644_distance	0.0	0.0
bound_geometry	receptor_grouped_5fold	2	Gs	numeric__bound__pif_550_644_distance	0.0	0.0
bound_geometry	receptor_grouped_5fold	2	Gs	numeric__bound__pif_550_340_min_distance	0.0	0.0
bound_geometry	receptor_grouped_5fold	2	Gs	numeric__bound__pif_340_644_min_distance	0.0	0.0
bound_geometry	receptor_grouped_5fold	2	Gs	numeric__bound__pif_550_644_min_distance	0.0	0.0
bound_geometry	receptor_grouped_5fold	2	Gs	numeric__bound__pif_triangle_perimeter	0.0	0.0
bound_geometry	receptor_grouped_5fold	2	Gs	numeric__bound__position_644_chi1	0.24013892713140797	0.24013892713140797
bound_geometry	receptor_grouped_5fold	2	Gs	numeric__bound__position_644_chi2	0.0	0.0
bound_geometry	receptor_grouped_5fold	2	Gs	numeric__bound__w648_chi1	-0.3039869631316658	0.3039869631316658
bound_geometry	receptor_grouped_5fold	2	Gs	numeric__bound__w648_chi2	0.0	0.0
bound_geometry	receptor_grouped_5fold	2	Gs	numeric__bound__w648_displacement	0.0	0.0
bound_geometry	receptor_grouped_5fold	2	Gs	numeric__bound__w648_to_644_distance	0.0	0.0
bound_geometry	receptor_grouped_5fold	2	Gs	numeric__bound__cwxp_647_650_distance	0.0	0.0
bound_geometry	receptor_grouped_5fold	2	Gs	numeric__bound__y753_chi1	0.0	0.0
bound_geometry	receptor_grouped_5fold	2	Gs	numeric__bound__y753_chi2	-0.11220826386615834	0.11220826386615834
bound_geometry	receptor_grouped_5fold	2	Gs	numeric__bound__y753_y558_distance	0.0	0.0
bound_geometry	receptor_grouped_5fold	2	Gs	numeric__bound__y753_y558_min_distance	0.0	0.0
bound_geometry	receptor_grouped_5fold	2	Gs	numeric__bound__n749_y753_distance	0.0	0.0
bound_geometry	receptor_grouped_5fold	2	Gs	numeric__bound__npxxy_local_spread	0.0	0.0
bound_geometry	receptor_grouped_5fold	2	Gs	numeric__bound__y753_displacement	0.0	0.0
bound_geometry	receptor_grouped_5fold	2	Gs	numeric__bound__sodium_d250_s339_distance	0.0	0.0
bound_geometry	receptor_grouped_5fold	2	Gs	numeric__bound__sodium_d250_n745_distance	0.0	0.0
bound_geometry	receptor_grouped_5fold	2	Gs	numeric__bound__sodium_d250_s746_distance	0.0	0.0
bound_geometry	receptor_grouped_5fold	2	Gs	numeric__bound__sodium_d250_n749_distance	0.0	0.0
bound_geometry	receptor_grouped_5fold	2	Gs	numeric__bound__sodium_pocket_volume	0.0	0.0
bound_geometry	receptor_grouped_5fold	2	Gs	numeric__bound__sodium_pocket_spread	0.0	0.0
bound_geometry	receptor_grouped_5fold	2	Gs	numeric__bound__tm7_rotation	0.0	0.0
bound_geometry	receptor_grouped_5fold	2	Gs	numeric__bound__icl2_generic_ca_count	0.0	0.0
bound_geometry	receptor_grouped_5fold	2	Gs	numeric__bound__icl2_end_to_end_distance	0.0	0.0
bound_geometry	receptor_grouped_5fold	2	Gs	numeric__bound__icl2_centroid_to_r350	0.0	0.0
bound_geometry	receptor_grouped_5fold	2	Gs	numeric__bound__icl2_centroid_to_tm5_561	0.0	0.0
bound_geometry	receptor_grouped_5fold	2	Gs	numeric__bound__icl2_centroid_to_tm6_634	0.0	0.0
bound_geometry	receptor_grouped_5fold	2	Gs	numeric__bound__icl2_centroid_to_tm7_753	0.0	0.0
bound_geometry	receptor_grouped_5fold	2	Gs	numeric__bound__icl2_axis_tm3_angle	-0.33647894594802424	0.33647894594802424
bound_geometry	receptor_grouped_5fold	2	Gs	numeric__bound__icl2_axis_tm5_angle	-0.027300194653726885	0.027300194653726885
bound_geometry	receptor_grouped_5fold	2	Gs	numeric__bound__icl2_active_reference_displacement	0.0	0.0
bound_geometry	receptor_grouped_5fold	2	Gs	numeric__bound__tm5_cytoplasmic_extension	0.0	0.0
bound_geometry	receptor_grouped_5fold	2	Gs	numeric__bound__tm5_cytoplasmic_kink	0.02440101576619504	0.02440101576619504
bound_geometry	receptor_grouped_5fold	2	Gs	numeric__bound__tm5_r350_561_distance	0.0	0.0
bound_geometry	receptor_grouped_5fold	2	Gs	numeric__bound__tm5_r350_564_distance	0.0	0.0
bound_geometry	receptor_grouped_5fold	2	Gs	numeric__bound__tm5_tm6_cavity_distance	0.0	0.0
bound_geometry	receptor_grouped_5fold	2	Gs	numeric__bound__tm5_axis_tm3_angle	0.035616955191936285	0.035616955191936285
bound_geometry	receptor_grouped_5fold	2	Gs	numeric__bound__tm6_lower_upper_kink	0.08511724393653416	0.08511724393653416
bound_geometry	receptor_grouped_5fold	2	Gs	numeric__bound__tm6_axis_tm3_angle	0.058916464328593154	0.058916464328593154
bound_geometry	receptor_grouped_5fold	2	Gs	numeric__bound__tm6_tm7_cavity_distance	0.08333452120359792	0.08333452120359792
bound_geometry	receptor_grouped_5fold	2	Gs	numeric__bound__tm7_h8_angle	0.0	0.0
bound_geometry	receptor_grouped_5fold	2	Gs	numeric__bound__h8_end_to_end_distance	0.0	0.0
bound_geometry	receptor_grouped_5fold	2	Gs	numeric__bound__h8_r350_distance	0.0	0.0
bound_geometry	receptor_grouped_5fold	2	Gs	numeric__bound__h8_tm6_distance	0.0	0.0
bound_geometry	receptor_grouped_5fold	2	Gs	numeric__bound__icl2_helix_fraction	0.0	0.0
bound_geometry	receptor_grouped_5fold	2	Gs	numeric__bound__icl2_longest_helix	0.0	0.0
bound_geometry	receptor_grouped_5fold	2	Gs	numeric__bound__icl2_mean_phi	0.0	0.0
bound_geometry	receptor_grouped_5fold	2	Gs	numeric__bound__icl2_mean_psi	0.0	0.0
bound_geometry	receptor_grouped_5fold	2	Gs	numeric__bound__intracellular_cavity_core_volume	0.0	0.0
bound_geometry	receptor_grouped_5fold	2	Gs	numeric__bound__intracellular_cavity_core_mouth_area	0.0	0.0
bound_geometry	receptor_grouped_5fold	2	Gs	numeric__bound__intracellular_cavity_core_depth	0.0	0.0
bound_geometry	receptor_grouped_5fold	2	Gs	numeric__bound__intracellular_cavity_core_maximum_width	0.0	0.0
bound_geometry	receptor_grouped_5fold	2	Gs	numeric__bound__intracellular_cavity_core_average_cross_section	0.0	0.0
bound_geometry	receptor_grouped_5fold	2	Gs	numeric__bound__intracellular_cavity_core_bottleneck_area	0.0	0.0
bound_geometry	receptor_grouped_5fold	2	Gs	numeric__bound__intracellular_cavity_core_bottleneck_radius	0.0	0.0
bound_geometry	receptor_grouped_5fold	2	Gs	numeric__bound__intracellular_cavity_core_max_inscribed_radius	0.0	0.0
bound_geometry	receptor_grouped_5fold	2	Gs	numeric__bound__intracellular_cavity_core_surface_area	0.0	0.0
bound_geometry	receptor_grouped_5fold	2	Gs	numeric__bound__intracellular_cavity_core_centroid_x	0.0	0.0
bound_geometry	receptor_grouped_5fold	2	Gs	numeric__bound__intracellular_cavity_core_centroid_y	0.0	0.0
bound_geometry	receptor_grouped_5fold	2	Gs	numeric__bound__intracellular_cavity_core_centroid_z	0.0	0.0
bound_geometry	receptor_grouped_5fold	2	Gs	numeric__bound__intracellular_cavity_core_principal_length_1	0.0	0.0
bound_geometry	receptor_grouped_5fold	2	Gs	numeric__bound__intracellular_cavity_core_principal_length_2	0.0	0.0
bound_geometry	receptor_grouped_5fold	2	Gs	numeric__bound__intracellular_cavity_core_principal_length_3	0.0	0.0
bound_geometry	receptor_grouped_5fold	2	Gs	numeric__bound__intracellular_cavity_core_principal_axis_1_z_alignment	0.0	0.0
bound_geometry	receptor_grouped_5fold	2	Gs	numeric__bound__intracellular_cavity_core_eccentricity	0.0	0.0
bound_geometry	receptor_grouped_5fold	2	Gs	numeric__bound__intracellular_cavity_core_sphericity	0.0	0.0
bound_geometry	receptor_grouped_5fold	2	Gs	numeric__bound__intracellular_cavity_core_asymmetry	0.0	0.0
bound_geometry	receptor_grouped_5fold	2	Gs	numeric__bound__intracellular_cavity_core_tm3_side_fraction	0.0	0.0
bound_geometry	receptor_grouped_5fold	2	Gs	numeric__bound__intracellular_cavity_core_tm6_side_fraction	0.0	0.0
bound_geometry	receptor_grouped_5fold	2	Gs	numeric__bound__intracellular_cavity_core_tm5_side_fraction	0.0	0.0
bound_geometry	receptor_grouped_5fold	2	Gs	numeric__bound__intracellular_cavity_core_tm7_side_fraction	0.0	0.0
bound_geometry	receptor_grouped_5fold	2	Gs	numeric__bound__intracellular_cavity_core_wall_fraction_h8	0.0	0.0
bound_geometry	receptor_grouped_5fold	2	Gs	numeric__bound__intracellular_cavity_core_wall_fraction_icl2	-0.0007343848398936456	0.0007343848398936456
bound_geometry	receptor_grouped_5fold	2	Gs	numeric__bound__intracellular_cavity_core_wall_fraction_tm3	0.0	0.0
bound_geometry	receptor_grouped_5fold	2	Gs	numeric__bound__intracellular_cavity_core_wall_fraction_tm7	0.0	0.0
bound_geometry	receptor_grouped_5fold	3	Gi/o	numeric__bound__activation_consensus_score	-0.1727408512898117	0.1727408512898117
bound_geometry	receptor_grouped_5fold	3	Gi/o	numeric__bound__tm6_r350_634_distance	-0.282695774344266	0.282695774344266
bound_geometry	receptor_grouped_5fold	3	Gi/o	numeric__bound__tm6_aligned_displacement	-0.1479507289102344	0.1479507289102344
bound_geometry	receptor_grouped_5fold	3	Gi/o	numeric__bound__tm7_displacement	0.0	0.0
bound_geometry	receptor_grouped_5fold	3	Gi/o	numeric__bound__tm3_tm7_distance	0.13624406396879737	0.13624406396879737
bound_geometry	receptor_grouped_5fold	3	Gi/o	numeric__bound__tm6_r350_630_distance	-0.08822665065486852	0.08822665065486852
bound_geometry	receptor_grouped_5fold	3	Gi/o	numeric__bound__dry_r350_630_min_distance	-0.05062614753903939	0.05062614753903939
bound_geometry	receptor_grouped_5fold	3	Gi/o	numeric__bound__dry_r350_630_ca_distance	-0.08822665065486852	0.08822665065486852
bound_geometry	receptor_grouped_5fold	3	Gi/o	numeric__bound__dry_d349_r350_min_distance	0.0	0.0
bound_geometry	receptor_grouped_5fold	3	Gi/o	numeric__bound__r350_chi1	0.0	0.0
bound_geometry	receptor_grouped_5fold	3	Gi/o	numeric__bound__r350_chi2	0.0	0.0
bound_geometry	receptor_grouped_5fold	3	Gi/o	numeric__bound__pif_550_340_distance	0.0	0.0
bound_geometry	receptor_grouped_5fold	3	Gi/o	numeric__bound__pif_340_644_distance	0.0	0.0
bound_geometry	receptor_grouped_5fold	3	Gi/o	numeric__bound__pif_550_644_distance	0.0	0.0
bound_geometry	receptor_grouped_5fold	3	Gi/o	numeric__bound__pif_550_340_min_distance	0.0	0.0
bound_geometry	receptor_grouped_5fold	3	Gi/o	numeric__bound__pif_340_644_min_distance	0.0	0.0
bound_geometry	receptor_grouped_5fold	3	Gi/o	numeric__bound__pif_550_644_min_distance	0.0	0.0
bound_geometry	receptor_grouped_5fold	3	Gi/o	numeric__bound__pif_triangle_perimeter	0.0	0.0
bound_geometry	receptor_grouped_5fold	3	Gi/o	numeric__bound__position_644_chi1	-0.11114148326953632	0.11114148326953632
bound_geometry	receptor_grouped_5fold	3	Gi/o	numeric__bound__position_644_chi2	-0.3425489560143589	0.3425489560143589
bound_geometry	receptor_grouped_5fold	3	Gi/o	numeric__bound__w648_chi1	0.0	0.0
bound_geometry	receptor_grouped_5fold	3	Gi/o	numeric__bound__w648_chi2	0.0	0.0
bound_geometry	receptor_grouped_5fold	3	Gi/o	numeric__bound__w648_displacement	0.0	0.0
bound_geometry	receptor_grouped_5fold	3	Gi/o	numeric__bound__w648_to_644_distance	0.0	0.0
bound_geometry	receptor_grouped_5fold	3	Gi/o	numeric__bound__cwxp_647_650_distance	0.0	0.0
bound_geometry	receptor_grouped_5fold	3	Gi/o	numeric__bound__y753_chi1	0.0	0.0
bound_geometry	receptor_grouped_5fold	3	Gi/o	numeric__bound__y753_chi2	0.0	0.0
bound_geometry	receptor_grouped_5fold	3	Gi/o	numeric__bound__y753_y558_distance	0.0	0.0
bound_geometry	receptor_grouped_5fold	3	Gi/o	numeric__bound__y753_y558_min_distance	0.0	0.0
bound_geometry	receptor_grouped_5fold	3	Gi/o	numeric__bound__n749_y753_distance	0.0	0.0
bound_geometry	receptor_grouped_5fold	3	Gi/o	numeric__bound__npxxy_local_spread	-0.03236036605366592	0.03236036605366592
bound_geometry	receptor_grouped_5fold	3	Gi/o	numeric__bound__y753_displacement	0.0	0.0
bound_geometry	receptor_grouped_5fold	3	Gi/o	numeric__bound__sodium_d250_s339_distance	0.0	0.0
bound_geometry	receptor_grouped_5fold	3	Gi/o	numeric__bound__sodium_d250_n745_distance	0.0	0.0
bound_geometry	receptor_grouped_5fold	3	Gi/o	numeric__bound__sodium_d250_s746_distance	0.05747226250099239	0.05747226250099239
bound_geometry	receptor_grouped_5fold	3	Gi/o	numeric__bound__sodium_d250_n749_distance	0.015467313868834478	0.015467313868834478
bound_geometry	receptor_grouped_5fold	3	Gi/o	numeric__bound__sodium_pocket_volume	0.0	0.0
bound_geometry	receptor_grouped_5fold	3	Gi/o	numeric__bound__sodium_pocket_spread	0.0	0.0
bound_geometry	receptor_grouped_5fold	3	Gi/o	numeric__bound__tm7_rotation	0.0	0.0
bound_geometry	receptor_grouped_5fold	3	Gi/o	numeric__bound__icl2_generic_ca_count	0.0	0.0
bound_geometry	receptor_grouped_5fold	3	Gi/o	numeric__bound__icl2_end_to_end_distance	0.0	0.0
bound_geometry	receptor_grouped_5fold	3	Gi/o	numeric__bound__icl2_centroid_to_r350	0.0	0.0
bound_geometry	receptor_grouped_5fold	3	Gi/o	numeric__bound__icl2_centroid_to_tm5_561	-0.3709234488204053	0.3709234488204053
bound_geometry	receptor_grouped_5fold	3	Gi/o	numeric__bound__icl2_centroid_to_tm6_634	-0.2797443276884919	0.2797443276884919
bound_geometry	receptor_grouped_5fold	3	Gi/o	numeric__bound__icl2_centroid_to_tm7_753	0.04135483904804845	0.04135483904804845
bound_geometry	receptor_grouped_5fold	3	Gi/o	numeric__bound__icl2_axis_tm3_angle	0.0	0.0
bound_geometry	receptor_grouped_5fold	3	Gi/o	numeric__bound__icl2_axis_tm5_angle	0.09472159036131358	0.09472159036131358
bound_geometry	receptor_grouped_5fold	3	Gi/o	numeric__bound__icl2_active_reference_displacement	0.0	0.0
bound_geometry	receptor_grouped_5fold	3	Gi/o	numeric__bound__tm5_cytoplasmic_extension	-0.19597951889081755	0.19597951889081755
bound_geometry	receptor_grouped_5fold	3	Gi/o	numeric__bound__tm5_cytoplasmic_kink	0.0	0.0
bound_geometry	receptor_grouped_5fold	3	Gi/o	numeric__bound__tm5_r350_561_distance	-0.12859013202422057	0.12859013202422057
bound_geometry	receptor_grouped_5fold	3	Gi/o	numeric__bound__tm5_r350_564_distance	-0.1639099314605184	0.1639099314605184
bound_geometry	receptor_grouped_5fold	3	Gi/o	numeric__bound__tm5_tm6_cavity_distance	-0.09106716171250419	0.09106716171250419
bound_geometry	receptor_grouped_5fold	3	Gi/o	numeric__bound__tm5_axis_tm3_angle	0.0	0.0
bound_geometry	receptor_grouped_5fold	3	Gi/o	numeric__bound__tm6_lower_upper_kink	0.0	0.0
bound_geometry	receptor_grouped_5fold	3	Gi/o	numeric__bound__tm6_axis_tm3_angle	-0.12602270767352444	0.12602270767352444
bound_geometry	receptor_grouped_5fold	3	Gi/o	numeric__bound__tm6_tm7_cavity_distance	0.0	0.0
bound_geometry	receptor_grouped_5fold	3	Gi/o	numeric__bound__tm7_h8_angle	0.0	0.0
bound_geometry	receptor_grouped_5fold	3	Gi/o	numeric__bound__h8_end_to_end_distance	0.0	0.0
bound_geometry	receptor_grouped_5fold	3	Gi/o	numeric__bound__h8_r350_distance	0.0	0.0
bound_geometry	receptor_grouped_5fold	3	Gi/o	numeric__bound__h8_tm6_distance	0.0	0.0
bound_geometry	receptor_grouped_5fold	3	Gi/o	numeric__bound__icl2_helix_fraction	0.0	0.0
bound_geometry	receptor_grouped_5fold	3	Gi/o	numeric__bound__icl2_longest_helix	0.0	0.0
bound_geometry	receptor_grouped_5fold	3	Gi/o	numeric__bound__icl2_mean_phi	0.19960168953763444	0.19960168953763444
bound_geometry	receptor_grouped_5fold	3	Gi/o	numeric__bound__icl2_mean_psi	0.0	0.0
bound_geometry	receptor_grouped_5fold	3	Gi/o	numeric__bound__intracellular_cavity_core_volume	0.0	0.0
bound_geometry	receptor_grouped_5fold	3	Gi/o	numeric__bound__intracellular_cavity_core_mouth_area	0.0	0.0
bound_geometry	receptor_grouped_5fold	3	Gi/o	numeric__bound__intracellular_cavity_core_depth	0.0	0.0
bound_geometry	receptor_grouped_5fold	3	Gi/o	numeric__bound__intracellular_cavity_core_maximum_width	0.0	0.0
bound_geometry	receptor_grouped_5fold	3	Gi/o	numeric__bound__intracellular_cavity_core_average_cross_section	0.0	0.0
bound_geometry	receptor_grouped_5fold	3	Gi/o	numeric__bound__intracellular_cavity_core_bottleneck_area	0.0	0.0
bound_geometry	receptor_grouped_5fold	3	Gi/o	numeric__bound__intracellular_cavity_core_bottleneck_radius	0.0	0.0
bound_geometry	receptor_grouped_5fold	3	Gi/o	numeric__bound__intracellular_cavity_core_max_inscribed_radius	0.0	0.0
bound_geometry	receptor_grouped_5fold	3	Gi/o	numeric__bound__intracellular_cavity_core_surface_area	0.0	0.0
bound_geometry	receptor_grouped_5fold	3	Gi/o	numeric__bound__intracellular_cavity_core_centroid_x	0.0	0.0
bound_geometry	receptor_grouped_5fold	3	Gi/o	numeric__bound__intracellular_cavity_core_centroid_y	0.08179724205253983	0.08179724205253983
bound_geometry	receptor_grouped_5fold	3	Gi/o	numeric__bound__intracellular_cavity_core_centroid_z	0.0	0.0
bound_geometry	receptor_grouped_5fold	3	Gi/o	numeric__bound__intracellular_cavity_core_principal_length_1	0.0	0.0
bound_geometry	receptor_grouped_5fold	3	Gi/o	numeric__bound__intracellular_cavity_core_principal_length_2	0.0	0.0
bound_geometry	receptor_grouped_5fold	3	Gi/o	numeric__bound__intracellular_cavity_core_principal_length_3	-0.1201745834112075	0.1201745834112075
bound_geometry	receptor_grouped_5fold	3	Gi/o	numeric__bound__intracellular_cavity_core_principal_axis_1_z_alignment	0.0	0.0
bound_geometry	receptor_grouped_5fold	3	Gi/o	numeric__bound__intracellular_cavity_core_eccentricity	0.19559228579636626	0.19559228579636626
bound_geometry	receptor_grouped_5fold	3	Gi/o	numeric__bound__intracellular_cavity_core_sphericity	-0.005171796655882878	0.005171796655882878
bound_geometry	receptor_grouped_5fold	3	Gi/o	numeric__bound__intracellular_cavity_core_asymmetry	0.0	0.0
bound_geometry	receptor_grouped_5fold	3	Gi/o	numeric__bound__intracellular_cavity_core_tm3_side_fraction	0.0	0.0
bound_geometry	receptor_grouped_5fold	3	Gi/o	numeric__bound__intracellular_cavity_core_tm6_side_fraction	0.0	0.0
bound_geometry	receptor_grouped_5fold	3	Gi/o	numeric__bound__intracellular_cavity_core_tm5_side_fraction	0.12417954999749621	0.12417954999749621
bound_geometry	receptor_grouped_5fold	3	Gi/o	numeric__bound__intracellular_cavity_core_tm7_side_fraction	-0.12417954999749634	0.12417954999749634
bound_geometry	receptor_grouped_5fold	3	Gi/o	numeric__bound__intracellular_cavity_core_wall_fraction_h8	0.0	0.0
bound_geometry	receptor_grouped_5fold	3	Gi/o	numeric__bound__intracellular_cavity_core_wall_fraction_icl2	0.0	0.0
bound_geometry	receptor_grouped_5fold	3	Gi/o	numeric__bound__intracellular_cavity_core_wall_fraction_tm3	0.09357106151014104	0.09357106151014104
bound_geometry	receptor_grouped_5fold	3	Gi/o	numeric__bound__intracellular_cavity_core_wall_fraction_tm7	0.0	0.0
bound_geometry	receptor_grouped_5fold	3	Gq/11	numeric__bound__activation_consensus_score	0.0	0.0
bound_geometry	receptor_grouped_5fold	3	Gq/11	numeric__bound__tm6_r350_634_distance	0.0	0.0
bound_geometry	receptor_grouped_5fold	3	Gq/11	numeric__bound__tm6_aligned_displacement	0.0	0.0
bound_geometry	receptor_grouped_5fold	3	Gq/11	numeric__bound__tm7_displacement	0.0	0.0
bound_geometry	receptor_grouped_5fold	3	Gq/11	numeric__bound__tm3_tm7_distance	-0.08791238149180287	0.08791238149180287
bound_geometry	receptor_grouped_5fold	3	Gq/11	numeric__bound__tm6_r350_630_distance	0.0	0.0
bound_geometry	receptor_grouped_5fold	3	Gq/11	numeric__bound__dry_r350_630_min_distance	0.0	0.0
bound_geometry	receptor_grouped_5fold	3	Gq/11	numeric__bound__dry_r350_630_ca_distance	0.0	0.0
bound_geometry	receptor_grouped_5fold	3	Gq/11	numeric__bound__dry_d349_r350_min_distance	0.0	0.0
bound_geometry	receptor_grouped_5fold	3	Gq/11	numeric__bound__r350_chi1	0.0	0.0
bound_geometry	receptor_grouped_5fold	3	Gq/11	numeric__bound__r350_chi2	0.0	0.0
bound_geometry	receptor_grouped_5fold	3	Gq/11	numeric__bound__pif_550_340_distance	0.0	0.0
bound_geometry	receptor_grouped_5fold	3	Gq/11	numeric__bound__pif_340_644_distance	0.0	0.0
bound_geometry	receptor_grouped_5fold	3	Gq/11	numeric__bound__pif_550_644_distance	0.002327254515717095	0.002327254515717095
bound_geometry	receptor_grouped_5fold	3	Gq/11	numeric__bound__pif_550_340_min_distance	0.0	0.0
bound_geometry	receptor_grouped_5fold	3	Gq/11	numeric__bound__pif_340_644_min_distance	0.0	0.0
bound_geometry	receptor_grouped_5fold	3	Gq/11	numeric__bound__pif_550_644_min_distance	0.24124861537582837	0.24124861537582837
bound_geometry	receptor_grouped_5fold	3	Gq/11	numeric__bound__pif_triangle_perimeter	0.0	0.0
bound_geometry	receptor_grouped_5fold	3	Gq/11	numeric__bound__position_644_chi1	0.0	0.0
bound_geometry	receptor_grouped_5fold	3	Gq/11	numeric__bound__position_644_chi2	0.36312844013527645	0.36312844013527645
bound_geometry	receptor_grouped_5fold	3	Gq/11	numeric__bound__w648_chi1	0.2929544426192872	0.2929544426192872
bound_geometry	receptor_grouped_5fold	3	Gq/11	numeric__bound__w648_chi2	0.0	0.0
bound_geometry	receptor_grouped_5fold	3	Gq/11	numeric__bound__w648_displacement	0.0	0.0
bound_geometry	receptor_grouped_5fold	3	Gq/11	numeric__bound__w648_to_644_distance	-0.045447620184152736	0.045447620184152736
bound_geometry	receptor_grouped_5fold	3	Gq/11	numeric__bound__cwxp_647_650_distance	0.0	0.0
bound_geometry	receptor_grouped_5fold	3	Gq/11	numeric__bound__y753_chi1	0.0	0.0
bound_geometry	receptor_grouped_5fold	3	Gq/11	numeric__bound__y753_chi2	0.2754656106749868	0.2754656106749868
bound_geometry	receptor_grouped_5fold	3	Gq/11	numeric__bound__y753_y558_distance	0.0	0.0
bound_geometry	receptor_grouped_5fold	3	Gq/11	numeric__bound__y753_y558_min_distance	0.0	0.0
bound_geometry	receptor_grouped_5fold	3	Gq/11	numeric__bound__n749_y753_distance	0.0	0.0
bound_geometry	receptor_grouped_5fold	3	Gq/11	numeric__bound__npxxy_local_spread	0.0	0.0
bound_geometry	receptor_grouped_5fold	3	Gq/11	numeric__bound__y753_displacement	0.0	0.0
bound_geometry	receptor_grouped_5fold	3	Gq/11	numeric__bound__sodium_d250_s339_distance	0.25715478619880106	0.25715478619880106
bound_geometry	receptor_grouped_5fold	3	Gq/11	numeric__bound__sodium_d250_n745_distance	0.0	0.0
bound_geometry	receptor_grouped_5fold	3	Gq/11	numeric__bound__sodium_d250_s746_distance	-0.17313328515498547	0.17313328515498547
bound_geometry	receptor_grouped_5fold	3	Gq/11	numeric__bound__sodium_d250_n749_distance	0.0	0.0
bound_geometry	receptor_grouped_5fold	3	Gq/11	numeric__bound__sodium_pocket_volume	0.0	0.0
bound_geometry	receptor_grouped_5fold	3	Gq/11	numeric__bound__sodium_pocket_spread	0.0	0.0
bound_geometry	receptor_grouped_5fold	3	Gq/11	numeric__bound__tm7_rotation	0.16665809477314397	0.16665809477314397
bound_geometry	receptor_grouped_5fold	3	Gq/11	numeric__bound__icl2_generic_ca_count	0.0	0.0
bound_geometry	receptor_grouped_5fold	3	Gq/11	numeric__bound__icl2_end_to_end_distance	0.0	0.0
bound_geometry	receptor_grouped_5fold	3	Gq/11	numeric__bound__icl2_centroid_to_r350	0.018605077735768697	0.018605077735768697
bound_geometry	receptor_grouped_5fold	3	Gq/11	numeric__bound__icl2_centroid_to_tm5_561	0.5077096649679144	0.5077096649679144
bound_geometry	receptor_grouped_5fold	3	Gq/11	numeric__bound__icl2_centroid_to_tm6_634	0.01697140196736722	0.01697140196736722
bound_geometry	receptor_grouped_5fold	3	Gq/11	numeric__bound__icl2_centroid_to_tm7_753	0.0	0.0
bound_geometry	receptor_grouped_5fold	3	Gq/11	numeric__bound__icl2_axis_tm3_angle	0.10923408414070689	0.10923408414070689
bound_geometry	receptor_grouped_5fold	3	Gq/11	numeric__bound__icl2_axis_tm5_angle	0.0	0.0
bound_geometry	receptor_grouped_5fold	3	Gq/11	numeric__bound__icl2_active_reference_displacement	0.077694000197569	0.077694000197569
bound_geometry	receptor_grouped_5fold	3	Gq/11	numeric__bound__tm5_cytoplasmic_extension	0.1037580278326571	0.1037580278326571
bound_geometry	receptor_grouped_5fold	3	Gq/11	numeric__bound__tm5_cytoplasmic_kink	0.0	0.0
bound_geometry	receptor_grouped_5fold	3	Gq/11	numeric__bound__tm5_r350_561_distance	0.05207602422789792	0.05207602422789792
bound_geometry	receptor_grouped_5fold	3	Gq/11	numeric__bound__tm5_r350_564_distance	0.419322849037317	0.419322849037317
bound_geometry	receptor_grouped_5fold	3	Gq/11	numeric__bound__tm5_tm6_cavity_distance	0.0	0.0
bound_geometry	receptor_grouped_5fold	3	Gq/11	numeric__bound__tm5_axis_tm3_angle	-0.16469647538477766	0.16469647538477766
bound_geometry	receptor_grouped_5fold	3	Gq/11	numeric__bound__tm6_lower_upper_kink	-0.03285602261450094	0.03285602261450094
bound_geometry	receptor_grouped_5fold	3	Gq/11	numeric__bound__tm6_axis_tm3_angle	0.0	0.0
bound_geometry	receptor_grouped_5fold	3	Gq/11	numeric__bound__tm6_tm7_cavity_distance	0.0	0.0
bound_geometry	receptor_grouped_5fold	3	Gq/11	numeric__bound__tm7_h8_angle	-0.18904358251107856	0.18904358251107856
bound_geometry	receptor_grouped_5fold	3	Gq/11	numeric__bound__h8_end_to_end_distance	-0.014044669701490245	0.014044669701490245
bound_geometry	receptor_grouped_5fold	3	Gq/11	numeric__bound__h8_r350_distance	0.0	0.0
bound_geometry	receptor_grouped_5fold	3	Gq/11	numeric__bound__h8_tm6_distance	0.0	0.0
bound_geometry	receptor_grouped_5fold	3	Gq/11	numeric__bound__icl2_helix_fraction	0.0	0.0
bound_geometry	receptor_grouped_5fold	3	Gq/11	numeric__bound__icl2_longest_helix	0.004307124696911234	0.004307124696911234
bound_geometry	receptor_grouped_5fold	3	Gq/11	numeric__bound__icl2_mean_phi	-0.25282233224312617	0.25282233224312617
bound_geometry	receptor_grouped_5fold	3	Gq/11	numeric__bound__icl2_mean_psi	0.0	0.0
bound_geometry	receptor_grouped_5fold	3	Gq/11	numeric__bound__intracellular_cavity_core_volume	0.0	0.0
bound_geometry	receptor_grouped_5fold	3	Gq/11	numeric__bound__intracellular_cavity_core_mouth_area	0.0	0.0
bound_geometry	receptor_grouped_5fold	3	Gq/11	numeric__bound__intracellular_cavity_core_depth	0.0	0.0
bound_geometry	receptor_grouped_5fold	3	Gq/11	numeric__bound__intracellular_cavity_core_maximum_width	0.0	0.0
bound_geometry	receptor_grouped_5fold	3	Gq/11	numeric__bound__intracellular_cavity_core_average_cross_section	0.0	0.0
bound_geometry	receptor_grouped_5fold	3	Gq/11	numeric__bound__intracellular_cavity_core_bottleneck_area	0.0	0.0
bound_geometry	receptor_grouped_5fold	3	Gq/11	numeric__bound__intracellular_cavity_core_bottleneck_radius	0.0	0.0
bound_geometry	receptor_grouped_5fold	3	Gq/11	numeric__bound__intracellular_cavity_core_max_inscribed_radius	0.0	0.0
bound_geometry	receptor_grouped_5fold	3	Gq/11	numeric__bound__intracellular_cavity_core_surface_area	0.0	0.0
bound_geometry	receptor_grouped_5fold	3	Gq/11	numeric__bound__intracellular_cavity_core_centroid_x	0.2627137000156832	0.2627137000156832
bound_geometry	receptor_grouped_5fold	3	Gq/11	numeric__bound__intracellular_cavity_core_centroid_y	0.0	0.0
bound_geometry	receptor_grouped_5fold	3	Gq/11	numeric__bound__intracellular_cavity_core_centroid_z	-0.08571683568241771	0.08571683568241771
bound_geometry	receptor_grouped_5fold	3	Gq/11	numeric__bound__intracellular_cavity_core_principal_length_1	0.0	0.0
bound_geometry	receptor_grouped_5fold	3	Gq/11	numeric__bound__intracellular_cavity_core_principal_length_2	0.0	0.0
bound_geometry	receptor_grouped_5fold	3	Gq/11	numeric__bound__intracellular_cavity_core_principal_length_3	0.07822665166208151	0.07822665166208151
bound_geometry	receptor_grouped_5fold	3	Gq/11	numeric__bound__intracellular_cavity_core_principal_axis_1_z_alignment	0.004582507134506581	0.004582507134506581
bound_geometry	receptor_grouped_5fold	3	Gq/11	numeric__bound__intracellular_cavity_core_eccentricity	-0.018322547550129614	0.018322547550129614
bound_geometry	receptor_grouped_5fold	3	Gq/11	numeric__bound__intracellular_cavity_core_sphericity	0.0	0.0
bound_geometry	receptor_grouped_5fold	3	Gq/11	numeric__bound__intracellular_cavity_core_asymmetry	0.0	0.0
bound_geometry	receptor_grouped_5fold	3	Gq/11	numeric__bound__intracellular_cavity_core_tm3_side_fraction	-0.050655040210527	0.050655040210527
bound_geometry	receptor_grouped_5fold	3	Gq/11	numeric__bound__intracellular_cavity_core_tm6_side_fraction	0.05065504021052917	0.05065504021052917
bound_geometry	receptor_grouped_5fold	3	Gq/11	numeric__bound__intracellular_cavity_core_tm5_side_fraction	0.0	0.0
bound_geometry	receptor_grouped_5fold	3	Gq/11	numeric__bound__intracellular_cavity_core_tm7_side_fraction	0.0	0.0
bound_geometry	receptor_grouped_5fold	3	Gq/11	numeric__bound__intracellular_cavity_core_wall_fraction_h8	-0.22645154222474426	0.22645154222474426
bound_geometry	receptor_grouped_5fold	3	Gq/11	numeric__bound__intracellular_cavity_core_wall_fraction_icl2	0.28441374377484147	0.28441374377484147
bound_geometry	receptor_grouped_5fold	3	Gq/11	numeric__bound__intracellular_cavity_core_wall_fraction_tm3	0.0	0.0
bound_geometry	receptor_grouped_5fold	3	Gq/11	numeric__bound__intracellular_cavity_core_wall_fraction_tm7	0.0	0.0
bound_geometry	receptor_grouped_5fold	3	Gs	numeric__bound__activation_consensus_score	0.25887697446595415	0.25887697446595415
bound_geometry	receptor_grouped_5fold	3	Gs	numeric__bound__tm6_r350_634_distance	0.026740986013767582	0.026740986013767582
bound_geometry	receptor_grouped_5fold	3	Gs	numeric__bound__tm6_aligned_displacement	0.1382803607844791	0.1382803607844791
bound_geometry	receptor_grouped_5fold	3	Gs	numeric__bound__tm7_displacement	0.0	0.0
bound_geometry	receptor_grouped_5fold	3	Gs	numeric__bound__tm3_tm7_distance	0.0	0.0
bound_geometry	receptor_grouped_5fold	3	Gs	numeric__bound__tm6_r350_630_distance	0.28290287961647703	0.28290287961647703
bound_geometry	receptor_grouped_5fold	3	Gs	numeric__bound__dry_r350_630_min_distance	0.2044832753533197	0.2044832753533197
bound_geometry	receptor_grouped_5fold	3	Gs	numeric__bound__dry_r350_630_ca_distance	0.28290287961647703	0.28290287961647703
bound_geometry	receptor_grouped_5fold	3	Gs	numeric__bound__dry_d349_r350_min_distance	0.0	0.0
bound_geometry	receptor_grouped_5fold	3	Gs	numeric__bound__r350_chi1	0.0	0.0
bound_geometry	receptor_grouped_5fold	3	Gs	numeric__bound__r350_chi2	0.0	0.0
bound_geometry	receptor_grouped_5fold	3	Gs	numeric__bound__pif_550_340_distance	0.0	0.0
bound_geometry	receptor_grouped_5fold	3	Gs	numeric__bound__pif_340_644_distance	0.0	0.0
bound_geometry	receptor_grouped_5fold	3	Gs	numeric__bound__pif_550_644_distance	0.0	0.0
bound_geometry	receptor_grouped_5fold	3	Gs	numeric__bound__pif_550_340_min_distance	0.01098581191617213	0.01098581191617213
bound_geometry	receptor_grouped_5fold	3	Gs	numeric__bound__pif_340_644_min_distance	0.0	0.0
bound_geometry	receptor_grouped_5fold	3	Gs	numeric__bound__pif_550_644_min_distance	-0.015709455260023774	0.015709455260023774
bound_geometry	receptor_grouped_5fold	3	Gs	numeric__bound__pif_triangle_perimeter	0.0	0.0
bound_geometry	receptor_grouped_5fold	3	Gs	numeric__bound__position_644_chi1	0.0	0.0
bound_geometry	receptor_grouped_5fold	3	Gs	numeric__bound__position_644_chi2	0.0	0.0
bound_geometry	receptor_grouped_5fold	3	Gs	numeric__bound__w648_chi1	-0.42064788932850555	0.42064788932850555
bound_geometry	receptor_grouped_5fold	3	Gs	numeric__bound__w648_chi2	0.0	0.0
bound_geometry	receptor_grouped_5fold	3	Gs	numeric__bound__w648_displacement	0.0	0.0
bound_geometry	receptor_grouped_5fold	3	Gs	numeric__bound__w648_to_644_distance	0.12357716061042902	0.12357716061042902
bound_geometry	receptor_grouped_5fold	3	Gs	numeric__bound__cwxp_647_650_distance	0.0	0.0
bound_geometry	receptor_grouped_5fold	3	Gs	numeric__bound__y753_chi1	0.0	0.0
bound_geometry	receptor_grouped_5fold	3	Gs	numeric__bound__y753_chi2	-0.1377187423687939	0.1377187423687939
bound_geometry	receptor_grouped_5fold	3	Gs	numeric__bound__y753_y558_distance	0.0	0.0
bound_geometry	receptor_grouped_5fold	3	Gs	numeric__bound__y753_y558_min_distance	0.0	0.0
bound_geometry	receptor_grouped_5fold	3	Gs	numeric__bound__n749_y753_distance	0.0	0.0
bound_geometry	receptor_grouped_5fold	3	Gs	numeric__bound__npxxy_local_spread	0.0	0.0
bound_geometry	receptor_grouped_5fold	3	Gs	numeric__bound__y753_displacement	0.0	0.0
bound_geometry	receptor_grouped_5fold	3	Gs	numeric__bound__sodium_d250_s339_distance	0.0	0.0
bound_geometry	receptor_grouped_5fold	3	Gs	numeric__bound__sodium_d250_n745_distance	0.0	0.0
bound_geometry	receptor_grouped_5fold	3	Gs	numeric__bound__sodium_d250_s746_distance	0.0	0.0
bound_geometry	receptor_grouped_5fold	3	Gs	numeric__bound__sodium_d250_n749_distance	-0.017941732847104947	0.017941732847104947
bound_geometry	receptor_grouped_5fold	3	Gs	numeric__bound__sodium_pocket_volume	0.0	0.0
bound_geometry	receptor_grouped_5fold	3	Gs	numeric__bound__sodium_pocket_spread	0.0	0.0
bound_geometry	receptor_grouped_5fold	3	Gs	numeric__bound__tm7_rotation	-0.1273948215734187	0.1273948215734187
bound_geometry	receptor_grouped_5fold	3	Gs	numeric__bound__icl2_generic_ca_count	0.0	0.0
bound_geometry	receptor_grouped_5fold	3	Gs	numeric__bound__icl2_end_to_end_distance	0.0	0.0
bound_geometry	receptor_grouped_5fold	3	Gs	numeric__bound__icl2_centroid_to_r350	0.0	0.0
bound_geometry	receptor_grouped_5fold	3	Gs	numeric__bound__icl2_centroid_to_tm5_561	0.0	0.0
bound_geometry	receptor_grouped_5fold	3	Gs	numeric__bound__icl2_centroid_to_tm6_634	0.0	0.0
bound_geometry	receptor_grouped_5fold	3	Gs	numeric__bound__icl2_centroid_to_tm7_753	0.0	0.0
bound_geometry	receptor_grouped_5fold	3	Gs	numeric__bound__icl2_axis_tm3_angle	-0.16330002446147118	0.16330002446147118
bound_geometry	receptor_grouped_5fold	3	Gs	numeric__bound__icl2_axis_tm5_angle	-0.09517731979070249	0.09517731979070249
bound_geometry	receptor_grouped_5fold	3	Gs	numeric__bound__icl2_active_reference_displacement	-0.11751597600102674	0.11751597600102674
bound_geometry	receptor_grouped_5fold	3	Gs	numeric__bound__tm5_cytoplasmic_extension	0.0	0.0
bound_geometry	receptor_grouped_5fold	3	Gs	numeric__bound__tm5_cytoplasmic_kink	0.0827094519869262	0.0827094519869262
bound_geometry	receptor_grouped_5fold	3	Gs	numeric__bound__tm5_r350_561_distance	0.0	0.0
bound_geometry	receptor_grouped_5fold	3	Gs	numeric__bound__tm5_r350_564_distance	0.0	0.0
bound_geometry	receptor_grouped_5fold	3	Gs	numeric__bound__tm5_tm6_cavity_distance	0.0	0.0
bound_geometry	receptor_grouped_5fold	3	Gs	numeric__bound__tm5_axis_tm3_angle	0.21445220701005738	0.21445220701005738
bound_geometry	receptor_grouped_5fold	3	Gs	numeric__bound__tm6_lower_upper_kink	0.23390172146699795	0.23390172146699795
bound_geometry	receptor_grouped_5fold	3	Gs	numeric__bound__tm6_axis_tm3_angle	0.25795741114375637	0.25795741114375637
bound_geometry	receptor_grouped_5fold	3	Gs	numeric__bound__tm6_tm7_cavity_distance	0.2037082565930314	0.2037082565930314
bound_geometry	receptor_grouped_5fold	3	Gs	numeric__bound__tm7_h8_angle	0.3325930127820405	0.3325930127820405
bound_geometry	receptor_grouped_5fold	3	Gs	numeric__bound__h8_end_to_end_distance	0.0	0.0
bound_geometry	receptor_grouped_5fold	3	Gs	numeric__bound__h8_r350_distance	0.0	0.0
bound_geometry	receptor_grouped_5fold	3	Gs	numeric__bound__h8_tm6_distance	0.1010923278552534	0.1010923278552534
bound_geometry	receptor_grouped_5fold	3	Gs	numeric__bound__icl2_helix_fraction	0.0	0.0
bound_geometry	receptor_grouped_5fold	3	Gs	numeric__bound__icl2_longest_helix	0.0	0.0
bound_geometry	receptor_grouped_5fold	3	Gs	numeric__bound__icl2_mean_phi	0.0	0.0
bound_geometry	receptor_grouped_5fold	3	Gs	numeric__bound__icl2_mean_psi	0.0	0.0
bound_geometry	receptor_grouped_5fold	3	Gs	numeric__bound__intracellular_cavity_core_volume	0.0	0.0
bound_geometry	receptor_grouped_5fold	3	Gs	numeric__bound__intracellular_cavity_core_mouth_area	0.0	0.0
bound_geometry	receptor_grouped_5fold	3	Gs	numeric__bound__intracellular_cavity_core_depth	0.0	0.0
bound_geometry	receptor_grouped_5fold	3	Gs	numeric__bound__intracellular_cavity_core_maximum_width	0.0	0.0
bound_geometry	receptor_grouped_5fold	3	Gs	numeric__bound__intracellular_cavity_core_average_cross_section	0.0	0.0
bound_geometry	receptor_grouped_5fold	3	Gs	numeric__bound__intracellular_cavity_core_bottleneck_area	0.0	0.0
bound_geometry	receptor_grouped_5fold	3	Gs	numeric__bound__intracellular_cavity_core_bottleneck_radius	-0.05067455551074178	0.05067455551074178
bound_geometry	receptor_grouped_5fold	3	Gs	numeric__bound__intracellular_cavity_core_max_inscribed_radius	0.0	0.0
bound_geometry	receptor_grouped_5fold	3	Gs	numeric__bound__intracellular_cavity_core_surface_area	0.0	0.0
bound_geometry	receptor_grouped_5fold	3	Gs	numeric__bound__intracellular_cavity_core_centroid_x	-0.052317620082047454	0.052317620082047454
bound_geometry	receptor_grouped_5fold	3	Gs	numeric__bound__intracellular_cavity_core_centroid_y	0.0	0.0
bound_geometry	receptor_grouped_5fold	3	Gs	numeric__bound__intracellular_cavity_core_centroid_z	0.16832051198948725	0.16832051198948725
bound_geometry	receptor_grouped_5fold	3	Gs	numeric__bound__intracellular_cavity_core_principal_length_1	-0.07740089394968513	0.07740089394968513
bound_geometry	receptor_grouped_5fold	3	Gs	numeric__bound__intracellular_cavity_core_principal_length_2	0.0	0.0
bound_geometry	receptor_grouped_5fold	3	Gs	numeric__bound__intracellular_cavity_core_principal_length_3	0.0	0.0
bound_geometry	receptor_grouped_5fold	3	Gs	numeric__bound__intracellular_cavity_core_principal_axis_1_z_alignment	0.0	0.0
bound_geometry	receptor_grouped_5fold	3	Gs	numeric__bound__intracellular_cavity_core_eccentricity	0.0	0.0
bound_geometry	receptor_grouped_5fold	3	Gs	numeric__bound__intracellular_cavity_core_sphericity	0.0	0.0
bound_geometry	receptor_grouped_5fold	3	Gs	numeric__bound__intracellular_cavity_core_asymmetry	-0.09210772754727144	0.09210772754727144
bound_geometry	receptor_grouped_5fold	3	Gs	numeric__bound__intracellular_cavity_core_tm3_side_fraction	0.0	0.0
bound_geometry	receptor_grouped_5fold	3	Gs	numeric__bound__intracellular_cavity_core_tm6_side_fraction	0.0	0.0
bound_geometry	receptor_grouped_5fold	3	Gs	numeric__bound__intracellular_cavity_core_tm5_side_fraction	0.0	0.0
bound_geometry	receptor_grouped_5fold	3	Gs	numeric__bound__intracellular_cavity_core_tm7_side_fraction	0.0	0.0
bound_geometry	receptor_grouped_5fold	3	Gs	numeric__bound__intracellular_cavity_core_wall_fraction_h8	0.166671800788251	0.166671800788251
bound_geometry	receptor_grouped_5fold	3	Gs	numeric__bound__intracellular_cavity_core_wall_fraction_icl2	-0.0635930122001482	0.0635930122001482
bound_geometry	receptor_grouped_5fold	3	Gs	numeric__bound__intracellular_cavity_core_wall_fraction_tm3	0.0	0.0
bound_geometry	receptor_grouped_5fold	3	Gs	numeric__bound__intracellular_cavity_core_wall_fraction_tm7	0.0	0.0
bound_geometry	receptor_grouped_5fold	4	Gi/o	numeric__bound__activation_consensus_score	-0.047086544246045886	0.047086544246045886
bound_geometry	receptor_grouped_5fold	4	Gi/o	numeric__bound__tm6_r350_634_distance	-0.18268025228150042	0.18268025228150042
bound_geometry	receptor_grouped_5fold	4	Gi/o	numeric__bound__tm6_aligned_displacement	-0.11855513266497475	0.11855513266497475
bound_geometry	receptor_grouped_5fold	4	Gi/o	numeric__bound__tm7_displacement	0.0	0.0
bound_geometry	receptor_grouped_5fold	4	Gi/o	numeric__bound__tm3_tm7_distance	0.0	0.0
bound_geometry	receptor_grouped_5fold	4	Gi/o	numeric__bound__tm6_r350_630_distance	-0.041196545416953015	0.041196545416953015
bound_geometry	receptor_grouped_5fold	4	Gi/o	numeric__bound__dry_r350_630_min_distance	-0.006265900797611898	0.006265900797611898
bound_geometry	receptor_grouped_5fold	4	Gi/o	numeric__bound__dry_r350_630_ca_distance	-0.041196545416953015	0.041196545416953015
bound_geometry	receptor_grouped_5fold	4	Gi/o	numeric__bound__dry_d349_r350_min_distance	0.008191191589955344	0.008191191589955344
bound_geometry	receptor_grouped_5fold	4	Gi/o	numeric__bound__r350_chi1	0.0	0.0
bound_geometry	receptor_grouped_5fold	4	Gi/o	numeric__bound__r350_chi2	0.0	0.0
bound_geometry	receptor_grouped_5fold	4	Gi/o	numeric__bound__pif_550_340_distance	0.0	0.0
bound_geometry	receptor_grouped_5fold	4	Gi/o	numeric__bound__pif_340_644_distance	0.0	0.0
bound_geometry	receptor_grouped_5fold	4	Gi/o	numeric__bound__pif_550_644_distance	0.0	0.0
bound_geometry	receptor_grouped_5fold	4	Gi/o	numeric__bound__pif_550_340_min_distance	0.0	0.0
bound_geometry	receptor_grouped_5fold	4	Gi/o	numeric__bound__pif_340_644_min_distance	0.09680722845120919	0.09680722845120919
bound_geometry	receptor_grouped_5fold	4	Gi/o	numeric__bound__pif_550_644_min_distance	-0.12885536565653252	0.12885536565653252
bound_geometry	receptor_grouped_5fold	4	Gi/o	numeric__bound__pif_triangle_perimeter	0.0	0.0
bound_geometry	receptor_grouped_5fold	4	Gi/o	numeric__bound__position_644_chi1	0.0	0.0
bound_geometry	receptor_grouped_5fold	4	Gi/o	numeric__bound__position_644_chi2	-0.3330139843371854	0.3330139843371854
bound_geometry	receptor_grouped_5fold	4	Gi/o	numeric__bound__w648_chi1	0.0	0.0
bound_geometry	receptor_grouped_5fold	4	Gi/o	numeric__bound__w648_chi2	0.0	0.0
bound_geometry	receptor_grouped_5fold	4	Gi/o	numeric__bound__w648_displacement	0.0	0.0
bound_geometry	receptor_grouped_5fold	4	Gi/o	numeric__bound__w648_to_644_distance	0.0	0.0
bound_geometry	receptor_grouped_5fold	4	Gi/o	numeric__bound__cwxp_647_650_distance	0.0	0.0
bound_geometry	receptor_grouped_5fold	4	Gi/o	numeric__bound__y753_chi1	0.0	0.0
bound_geometry	receptor_grouped_5fold	4	Gi/o	numeric__bound__y753_chi2	0.0	0.0
bound_geometry	receptor_grouped_5fold	4	Gi/o	numeric__bound__y753_y558_distance	0.0	0.0
bound_geometry	receptor_grouped_5fold	4	Gi/o	numeric__bound__y753_y558_min_distance	0.007479209187365782	0.007479209187365782
bound_geometry	receptor_grouped_5fold	4	Gi/o	numeric__bound__n749_y753_distance	0.0	0.0
bound_geometry	receptor_grouped_5fold	4	Gi/o	numeric__bound__npxxy_local_spread	0.0	0.0
bound_geometry	receptor_grouped_5fold	4	Gi/o	numeric__bound__y753_displacement	0.0	0.0
bound_geometry	receptor_grouped_5fold	4	Gi/o	numeric__bound__sodium_d250_s339_distance	0.0	0.0
bound_geometry	receptor_grouped_5fold	4	Gi/o	numeric__bound__sodium_d250_n745_distance	0.0	0.0
bound_geometry	receptor_grouped_5fold	4	Gi/o	numeric__bound__sodium_d250_s746_distance	0.08767684719003162	0.08767684719003162
bound_geometry	receptor_grouped_5fold	4	Gi/o	numeric__bound__sodium_d250_n749_distance	0.0	0.0
bound_geometry	receptor_grouped_5fold	4	Gi/o	numeric__bound__sodium_pocket_volume	0.0	0.0
bound_geometry	receptor_grouped_5fold	4	Gi/o	numeric__bound__sodium_pocket_spread	0.0	0.0
bound_geometry	receptor_grouped_5fold	4	Gi/o	numeric__bound__tm7_rotation	0.0	0.0
bound_geometry	receptor_grouped_5fold	4	Gi/o	numeric__bound__icl2_generic_ca_count	0.0	0.0
bound_geometry	receptor_grouped_5fold	4	Gi/o	numeric__bound__icl2_end_to_end_distance	0.0	0.0
bound_geometry	receptor_grouped_5fold	4	Gi/o	numeric__bound__icl2_centroid_to_r350	0.0	0.0
bound_geometry	receptor_grouped_5fold	4	Gi/o	numeric__bound__icl2_centroid_to_tm5_561	0.0	0.0
bound_geometry	receptor_grouped_5fold	4	Gi/o	numeric__bound__icl2_centroid_to_tm6_634	-0.1147770993761387	0.1147770993761387
bound_geometry	receptor_grouped_5fold	4	Gi/o	numeric__bound__icl2_centroid_to_tm7_753	0.05093407063257484	0.05093407063257484
bound_geometry	receptor_grouped_5fold	4	Gi/o	numeric__bound__icl2_axis_tm3_angle	0.0	0.0
bound_geometry	receptor_grouped_5fold	4	Gi/o	numeric__bound__icl2_axis_tm5_angle	0.06176847968295294	0.06176847968295294
bound_geometry	receptor_grouped_5fold	4	Gi/o	numeric__bound__icl2_active_reference_displacement	0.0	0.0
bound_geometry	receptor_grouped_5fold	4	Gi/o	numeric__bound__tm5_cytoplasmic_extension	-0.04302804597465518	0.04302804597465518
bound_geometry	receptor_grouped_5fold	4	Gi/o	numeric__bound__tm5_cytoplasmic_kink	0.0	0.0
bound_geometry	receptor_grouped_5fold	4	Gi/o	numeric__bound__tm5_r350_561_distance	0.0	0.0
bound_geometry	receptor_grouped_5fold	4	Gi/o	numeric__bound__tm5_r350_564_distance	0.0	0.0
bound_geometry	receptor_grouped_5fold	4	Gi/o	numeric__bound__tm5_tm6_cavity_distance	-0.001256830886214399	0.001256830886214399
bound_geometry	receptor_grouped_5fold	4	Gi/o	numeric__bound__tm5_axis_tm3_angle	0.0	0.0
bound_geometry	receptor_grouped_5fold	4	Gi/o	numeric__bound__tm6_lower_upper_kink	0.0	0.0
bound_geometry	receptor_grouped_5fold	4	Gi/o	numeric__bound__tm6_axis_tm3_angle	-0.14862816671087506	0.14862816671087506
bound_geometry	receptor_grouped_5fold	4	Gi/o	numeric__bound__tm6_tm7_cavity_distance	0.0	0.0
bound_geometry	receptor_grouped_5fold	4	Gi/o	numeric__bound__tm7_h8_angle	0.0	0.0
bound_geometry	receptor_grouped_5fold	4	Gi/o	numeric__bound__h8_end_to_end_distance	0.0	0.0
bound_geometry	receptor_grouped_5fold	4	Gi/o	numeric__bound__h8_r350_distance	0.0	0.0
bound_geometry	receptor_grouped_5fold	4	Gi/o	numeric__bound__h8_tm6_distance	0.0	0.0
bound_geometry	receptor_grouped_5fold	4	Gi/o	numeric__bound__icl2_helix_fraction	0.0	0.0
bound_geometry	receptor_grouped_5fold	4	Gi/o	numeric__bound__icl2_longest_helix	0.0	0.0
bound_geometry	receptor_grouped_5fold	4	Gi/o	numeric__bound__icl2_mean_phi	0.2688954854078224	0.2688954854078224
bound_geometry	receptor_grouped_5fold	4	Gi/o	numeric__bound__icl2_mean_psi	0.0	0.0
bound_geometry	receptor_grouped_5fold	4	Gi/o	numeric__bound__intracellular_cavity_core_volume	0.0	0.0
bound_geometry	receptor_grouped_5fold	4	Gi/o	numeric__bound__intracellular_cavity_core_mouth_area	0.0	0.0
bound_geometry	receptor_grouped_5fold	4	Gi/o	numeric__bound__intracellular_cavity_core_depth	0.0	0.0
bound_geometry	receptor_grouped_5fold	4	Gi/o	numeric__bound__intracellular_cavity_core_maximum_width	0.0	0.0
bound_geometry	receptor_grouped_5fold	4	Gi/o	numeric__bound__intracellular_cavity_core_average_cross_section	0.0	0.0
bound_geometry	receptor_grouped_5fold	4	Gi/o	numeric__bound__intracellular_cavity_core_bottleneck_area	0.0	0.0
bound_geometry	receptor_grouped_5fold	4	Gi/o	numeric__bound__intracellular_cavity_core_bottleneck_radius	0.0	0.0
bound_geometry	receptor_grouped_5fold	4	Gi/o	numeric__bound__intracellular_cavity_core_max_inscribed_radius	0.0	0.0
bound_geometry	receptor_grouped_5fold	4	Gi/o	numeric__bound__intracellular_cavity_core_surface_area	0.0	0.0
bound_geometry	receptor_grouped_5fold	4	Gi/o	numeric__bound__intracellular_cavity_core_centroid_x	0.0	0.0
bound_geometry	receptor_grouped_5fold	4	Gi/o	numeric__bound__intracellular_cavity_core_centroid_y	0.04902658598200493	0.04902658598200493
bound_geometry	receptor_grouped_5fold	4	Gi/o	numeric__bound__intracellular_cavity_core_centroid_z	0.0	0.0
bound_geometry	receptor_grouped_5fold	4	Gi/o	numeric__bound__intracellular_cavity_core_principal_length_1	0.0	0.0
bound_geometry	receptor_grouped_5fold	4	Gi/o	numeric__bound__intracellular_cavity_core_principal_length_2	0.0	0.0
bound_geometry	receptor_grouped_5fold	4	Gi/o	numeric__bound__intracellular_cavity_core_principal_length_3	-0.047974125832014665	0.047974125832014665
bound_geometry	receptor_grouped_5fold	4	Gi/o	numeric__bound__intracellular_cavity_core_principal_axis_1_z_alignment	0.0	0.0
bound_geometry	receptor_grouped_5fold	4	Gi/o	numeric__bound__intracellular_cavity_core_eccentricity	0.12570422205394416	0.12570422205394416
bound_geometry	receptor_grouped_5fold	4	Gi/o	numeric__bound__intracellular_cavity_core_sphericity	0.0	0.0
bound_geometry	receptor_grouped_5fold	4	Gi/o	numeric__bound__intracellular_cavity_core_asymmetry	0.0	0.0
bound_geometry	receptor_grouped_5fold	4	Gi/o	numeric__bound__intracellular_cavity_core_tm3_side_fraction	0.0	0.0
bound_geometry	receptor_grouped_5fold	4	Gi/o	numeric__bound__intracellular_cavity_core_tm6_side_fraction	0.0	0.0
bound_geometry	receptor_grouped_5fold	4	Gi/o	numeric__bound__intracellular_cavity_core_tm5_side_fraction	0.0	0.0
bound_geometry	receptor_grouped_5fold	4	Gi/o	numeric__bound__intracellular_cavity_core_tm7_side_fraction	0.0	0.0
bound_geometry	receptor_grouped_5fold	4	Gi/o	numeric__bound__intracellular_cavity_core_wall_fraction_h8	0.0	0.0
bound_geometry	receptor_grouped_5fold	4	Gi/o	numeric__bound__intracellular_cavity_core_wall_fraction_icl2	0.0	0.0
bound_geometry	receptor_grouped_5fold	4	Gi/o	numeric__bound__intracellular_cavity_core_wall_fraction_tm3	0.0	0.0
bound_geometry	receptor_grouped_5fold	4	Gi/o	numeric__bound__intracellular_cavity_core_wall_fraction_tm7	0.0	0.0
bound_geometry	receptor_grouped_5fold	4	Gq/11	numeric__bound__activation_consensus_score	0.0	0.0
bound_geometry	receptor_grouped_5fold	4	Gq/11	numeric__bound__tm6_r350_634_distance	0.0	0.0
bound_geometry	receptor_grouped_5fold	4	Gq/11	numeric__bound__tm6_aligned_displacement	0.0	0.0
bound_geometry	receptor_grouped_5fold	4	Gq/11	numeric__bound__tm7_displacement	0.02963797368563611	0.02963797368563611
bound_geometry	receptor_grouped_5fold	4	Gq/11	numeric__bound__tm3_tm7_distance	-0.051926812116941404	0.051926812116941404
bound_geometry	receptor_grouped_5fold	4	Gq/11	numeric__bound__tm6_r350_630_distance	0.0	0.0
bound_geometry	receptor_grouped_5fold	4	Gq/11	numeric__bound__dry_r350_630_min_distance	0.0	0.0
bound_geometry	receptor_grouped_5fold	4	Gq/11	numeric__bound__dry_r350_630_ca_distance	0.0	0.0
bound_geometry	receptor_grouped_5fold	4	Gq/11	numeric__bound__dry_d349_r350_min_distance	0.0	0.0
bound_geometry	receptor_grouped_5fold	4	Gq/11	numeric__bound__r350_chi1	0.0	0.0
bound_geometry	receptor_grouped_5fold	4	Gq/11	numeric__bound__r350_chi2	0.0	0.0
bound_geometry	receptor_grouped_5fold	4	Gq/11	numeric__bound__pif_550_340_distance	0.0	0.0
bound_geometry	receptor_grouped_5fold	4	Gq/11	numeric__bound__pif_340_644_distance	0.0	0.0
bound_geometry	receptor_grouped_5fold	4	Gq/11	numeric__bound__pif_550_644_distance	0.0	0.0
bound_geometry	receptor_grouped_5fold	4	Gq/11	numeric__bound__pif_550_340_min_distance	0.0	0.0
bound_geometry	receptor_grouped_5fold	4	Gq/11	numeric__bound__pif_340_644_min_distance	0.0	0.0
bound_geometry	receptor_grouped_5fold	4	Gq/11	numeric__bound__pif_550_644_min_distance	0.09060793345203297	0.09060793345203297
bound_geometry	receptor_grouped_5fold	4	Gq/11	numeric__bound__pif_triangle_perimeter	0.0	0.0
bound_geometry	receptor_grouped_5fold	4	Gq/11	numeric__bound__position_644_chi1	0.0	0.0
bound_geometry	receptor_grouped_5fold	4	Gq/11	numeric__bound__position_644_chi2	0.23702608995374283	0.23702608995374283
bound_geometry	receptor_grouped_5fold	4	Gq/11	numeric__bound__w648_chi1	0.1895260696670828	0.1895260696670828
bound_geometry	receptor_grouped_5fold	4	Gq/11	numeric__bound__w648_chi2	0.0	0.0
bound_geometry	receptor_grouped_5fold	4	Gq/11	numeric__bound__w648_displacement	0.0	0.0
bound_geometry	receptor_grouped_5fold	4	Gq/11	numeric__bound__w648_to_644_distance	-0.07750267747742856	0.07750267747742856
bound_geometry	receptor_grouped_5fold	4	Gq/11	numeric__bound__cwxp_647_650_distance	0.0	0.0
bound_geometry	receptor_grouped_5fold	4	Gq/11	numeric__bound__y753_chi1	0.0	0.0
bound_geometry	receptor_grouped_5fold	4	Gq/11	numeric__bound__y753_chi2	0.0	0.0
bound_geometry	receptor_grouped_5fold	4	Gq/11	numeric__bound__y753_y558_distance	0.0	0.0
bound_geometry	receptor_grouped_5fold	4	Gq/11	numeric__bound__y753_y558_min_distance	0.0	0.0
bound_geometry	receptor_grouped_5fold	4	Gq/11	numeric__bound__n749_y753_distance	0.0	0.0
bound_geometry	receptor_grouped_5fold	4	Gq/11	numeric__bound__npxxy_local_spread	0.0	0.0
bound_geometry	receptor_grouped_5fold	4	Gq/11	numeric__bound__y753_displacement	0.040696483682335235	0.040696483682335235
bound_geometry	receptor_grouped_5fold	4	Gq/11	numeric__bound__sodium_d250_s339_distance	0.09643087132250738	0.09643087132250738
bound_geometry	receptor_grouped_5fold	4	Gq/11	numeric__bound__sodium_d250_n745_distance	0.0	0.0
bound_geometry	receptor_grouped_5fold	4	Gq/11	numeric__bound__sodium_d250_s746_distance	-0.16668018702632126	0.16668018702632126
bound_geometry	receptor_grouped_5fold	4	Gq/11	numeric__bound__sodium_d250_n749_distance	0.0	0.0
bound_geometry	receptor_grouped_5fold	4	Gq/11	numeric__bound__sodium_pocket_volume	0.0	0.0
bound_geometry	receptor_grouped_5fold	4	Gq/11	numeric__bound__sodium_pocket_spread	0.0	0.0
bound_geometry	receptor_grouped_5fold	4	Gq/11	numeric__bound__tm7_rotation	0.0	0.0
bound_geometry	receptor_grouped_5fold	4	Gq/11	numeric__bound__icl2_generic_ca_count	0.0	0.0
bound_geometry	receptor_grouped_5fold	4	Gq/11	numeric__bound__icl2_end_to_end_distance	0.0	0.0
bound_geometry	receptor_grouped_5fold	4	Gq/11	numeric__bound__icl2_centroid_to_r350	0.0	0.0
bound_geometry	receptor_grouped_5fold	4	Gq/11	numeric__bound__icl2_centroid_to_tm5_561	0.0	0.0
bound_geometry	receptor_grouped_5fold	4	Gq/11	numeric__bound__icl2_centroid_to_tm6_634	0.0	0.0
bound_geometry	receptor_grouped_5fold	4	Gq/11	numeric__bound__icl2_centroid_to_tm7_753	-0.1175016440922047	0.1175016440922047
bound_geometry	receptor_grouped_5fold	4	Gq/11	numeric__bound__icl2_axis_tm3_angle	0.013374968752687044	0.013374968752687044
bound_geometry	receptor_grouped_5fold	4	Gq/11	numeric__bound__icl2_axis_tm5_angle	0.0	0.0
bound_geometry	receptor_grouped_5fold	4	Gq/11	numeric__bound__icl2_active_reference_displacement	0.0	0.0
bound_geometry	receptor_grouped_5fold	4	Gq/11	numeric__bound__tm5_cytoplasmic_extension	0.0	0.0
bound_geometry	receptor_grouped_5fold	4	Gq/11	numeric__bound__tm5_cytoplasmic_kink	0.0	0.0
bound_geometry	receptor_grouped_5fold	4	Gq/11	numeric__bound__tm5_r350_561_distance	0.007598954109219712	0.007598954109219712
bound_geometry	receptor_grouped_5fold	4	Gq/11	numeric__bound__tm5_r350_564_distance	0.07384867961233708	0.07384867961233708
bound_geometry	receptor_grouped_5fold	4	Gq/11	numeric__bound__tm5_tm6_cavity_distance	0.0	0.0
bound_geometry	receptor_grouped_5fold	4	Gq/11	numeric__bound__tm5_axis_tm3_angle	0.0	0.0
bound_geometry	receptor_grouped_5fold	4	Gq/11	numeric__bound__tm6_lower_upper_kink	0.0	0.0
bound_geometry	receptor_grouped_5fold	4	Gq/11	numeric__bound__tm6_axis_tm3_angle	0.0	0.0
bound_geometry	receptor_grouped_5fold	4	Gq/11	numeric__bound__tm6_tm7_cavity_distance	0.0	0.0
bound_geometry	receptor_grouped_5fold	4	Gq/11	numeric__bound__tm7_h8_angle	0.0	0.0
bound_geometry	receptor_grouped_5fold	4	Gq/11	numeric__bound__h8_end_to_end_distance	0.0	0.0
bound_geometry	receptor_grouped_5fold	4	Gq/11	numeric__bound__h8_r350_distance	0.0	0.0
bound_geometry	receptor_grouped_5fold	4	Gq/11	numeric__bound__h8_tm6_distance	0.0	0.0
bound_geometry	receptor_grouped_5fold	4	Gq/11	numeric__bound__icl2_helix_fraction	0.0	0.0
bound_geometry	receptor_grouped_5fold	4	Gq/11	numeric__bound__icl2_longest_helix	0.0	0.0
bound_geometry	receptor_grouped_5fold	4	Gq/11	numeric__bound__icl2_mean_phi	-0.26295255076078156	0.26295255076078156
bound_geometry	receptor_grouped_5fold	4	Gq/11	numeric__bound__icl2_mean_psi	0.0	0.0
bound_geometry	receptor_grouped_5fold	4	Gq/11	numeric__bound__intracellular_cavity_core_volume	0.0	0.0
bound_geometry	receptor_grouped_5fold	4	Gq/11	numeric__bound__intracellular_cavity_core_mouth_area	0.0	0.0
bound_geometry	receptor_grouped_5fold	4	Gq/11	numeric__bound__intracellular_cavity_core_depth	0.0	0.0
bound_geometry	receptor_grouped_5fold	4	Gq/11	numeric__bound__intracellular_cavity_core_maximum_width	0.0	0.0
bound_geometry	receptor_grouped_5fold	4	Gq/11	numeric__bound__intracellular_cavity_core_average_cross_section	0.0	0.0
bound_geometry	receptor_grouped_5fold	4	Gq/11	numeric__bound__intracellular_cavity_core_bottleneck_area	0.0	0.0
bound_geometry	receptor_grouped_5fold	4	Gq/11	numeric__bound__intracellular_cavity_core_bottleneck_radius	0.0	0.0
bound_geometry	receptor_grouped_5fold	4	Gq/11	numeric__bound__intracellular_cavity_core_max_inscribed_radius	0.0	0.0
bound_geometry	receptor_grouped_5fold	4	Gq/11	numeric__bound__intracellular_cavity_core_surface_area	0.0	0.0
bound_geometry	receptor_grouped_5fold	4	Gq/11	numeric__bound__intracellular_cavity_core_centroid_x	0.03463656507227388	0.03463656507227388
bound_geometry	receptor_grouped_5fold	4	Gq/11	numeric__bound__intracellular_cavity_core_centroid_y	0.0	0.0
bound_geometry	receptor_grouped_5fold	4	Gq/11	numeric__bound__intracellular_cavity_core_centroid_z	0.0	0.0
bound_geometry	receptor_grouped_5fold	4	Gq/11	numeric__bound__intracellular_cavity_core_principal_length_1	0.0	0.0
bound_geometry	receptor_grouped_5fold	4	Gq/11	numeric__bound__intracellular_cavity_core_principal_length_2	0.0	0.0
bound_geometry	receptor_grouped_5fold	4	Gq/11	numeric__bound__intracellular_cavity_core_principal_length_3	0.0	0.0
bound_geometry	receptor_grouped_5fold	4	Gq/11	numeric__bound__intracellular_cavity_core_principal_axis_1_z_alignment	0.0	0.0
bound_geometry	receptor_grouped_5fold	4	Gq/11	numeric__bound__intracellular_cavity_core_eccentricity	0.0	0.0
bound_geometry	receptor_grouped_5fold	4	Gq/11	numeric__bound__intracellular_cavity_core_sphericity	0.0	0.0
bound_geometry	receptor_grouped_5fold	4	Gq/11	numeric__bound__intracellular_cavity_core_asymmetry	0.0	0.0
bound_geometry	receptor_grouped_5fold	4	Gq/11	numeric__bound__intracellular_cavity_core_tm3_side_fraction	0.0	0.0
bound_geometry	receptor_grouped_5fold	4	Gq/11	numeric__bound__intracellular_cavity_core_tm6_side_fraction	0.0	0.0
bound_geometry	receptor_grouped_5fold	4	Gq/11	numeric__bound__intracellular_cavity_core_tm5_side_fraction	0.0	0.0
bound_geometry	receptor_grouped_5fold	4	Gq/11	numeric__bound__intracellular_cavity_core_tm7_side_fraction	0.0	0.0
bound_geometry	receptor_grouped_5fold	4	Gq/11	numeric__bound__intracellular_cavity_core_wall_fraction_h8	-0.02042201339172344	0.02042201339172344
bound_geometry	receptor_grouped_5fold	4	Gq/11	numeric__bound__intracellular_cavity_core_wall_fraction_icl2	0.3637823155517897	0.3637823155517897
bound_geometry	receptor_grouped_5fold	4	Gq/11	numeric__bound__intracellular_cavity_core_wall_fraction_tm3	0.0	0.0
bound_geometry	receptor_grouped_5fold	4	Gq/11	numeric__bound__intracellular_cavity_core_wall_fraction_tm7	0.01080924247805799	0.01080924247805799
bound_geometry	receptor_grouped_5fold	4	Gs	numeric__bound__activation_consensus_score	0.18949414262559436	0.18949414262559436
bound_geometry	receptor_grouped_5fold	4	Gs	numeric__bound__tm6_r350_634_distance	0.0	0.0
bound_geometry	receptor_grouped_5fold	4	Gs	numeric__bound__tm6_aligned_displacement	0.0055256414883825804	0.0055256414883825804
bound_geometry	receptor_grouped_5fold	4	Gs	numeric__bound__tm7_displacement	0.0	0.0
bound_geometry	receptor_grouped_5fold	4	Gs	numeric__bound__tm3_tm7_distance	0.0	0.0
bound_geometry	receptor_grouped_5fold	4	Gs	numeric__bound__tm6_r350_630_distance	0.17497178741428412	0.17497178741428412
bound_geometry	receptor_grouped_5fold	4	Gs	numeric__bound__dry_r350_630_min_distance	0.18806508092569563	0.18806508092569563
bound_geometry	receptor_grouped_5fold	4	Gs	numeric__bound__dry_r350_630_ca_distance	0.17497178741428412	0.17497178741428412
bound_geometry	receptor_grouped_5fold	4	Gs	numeric__bound__dry_d349_r350_min_distance	-0.012997263632480292	0.012997263632480292
bound_geometry	receptor_grouped_5fold	4	Gs	numeric__bound__r350_chi1	0.0	0.0
bound_geometry	receptor_grouped_5fold	4	Gs	numeric__bound__r350_chi2	0.0	0.0
bound_geometry	receptor_grouped_5fold	4	Gs	numeric__bound__pif_550_340_distance	0.0	0.0
bound_geometry	receptor_grouped_5fold	4	Gs	numeric__bound__pif_340_644_distance	0.0	0.0
bound_geometry	receptor_grouped_5fold	4	Gs	numeric__bound__pif_550_644_distance	0.0	0.0
bound_geometry	receptor_grouped_5fold	4	Gs	numeric__bound__pif_550_340_min_distance	0.014336865691201572	0.014336865691201572
bound_geometry	receptor_grouped_5fold	4	Gs	numeric__bound__pif_340_644_min_distance	0.0	0.0
bound_geometry	receptor_grouped_5fold	4	Gs	numeric__bound__pif_550_644_min_distance	0.0	0.0
bound_geometry	receptor_grouped_5fold	4	Gs	numeric__bound__pif_triangle_perimeter	0.021130369658697	0.021130369658697
bound_geometry	receptor_grouped_5fold	4	Gs	numeric__bound__position_644_chi1	0.08399311970717886	0.08399311970717886
bound_geometry	receptor_grouped_5fold	4	Gs	numeric__bound__position_644_chi2	0.0	0.0
bound_geometry	receptor_grouped_5fold	4	Gs	numeric__bound__w648_chi1	-0.20831283341029824	0.20831283341029824
bound_geometry	receptor_grouped_5fold	4	Gs	numeric__bound__w648_chi2	0.0	0.0
bound_geometry	receptor_grouped_5fold	4	Gs	numeric__bound__w648_displacement	0.0	0.0
bound_geometry	receptor_grouped_5fold	4	Gs	numeric__bound__w648_to_644_distance	0.2757104982845243	0.2757104982845243
bound_geometry	receptor_grouped_5fold	4	Gs	numeric__bound__cwxp_647_650_distance	0.0	0.0
bound_geometry	receptor_grouped_5fold	4	Gs	numeric__bound__y753_chi1	0.0	0.0
bound_geometry	receptor_grouped_5fold	4	Gs	numeric__bound__y753_chi2	0.0	0.0
bound_geometry	receptor_grouped_5fold	4	Gs	numeric__bound__y753_y558_distance	0.0	0.0
bound_geometry	receptor_grouped_5fold	4	Gs	numeric__bound__y753_y558_min_distance	0.0	0.0
bound_geometry	receptor_grouped_5fold	4	Gs	numeric__bound__n749_y753_distance	0.0	0.0
bound_geometry	receptor_grouped_5fold	4	Gs	numeric__bound__npxxy_local_spread	0.0	0.0
bound_geometry	receptor_grouped_5fold	4	Gs	numeric__bound__y753_displacement	0.0	0.0
bound_geometry	receptor_grouped_5fold	4	Gs	numeric__bound__sodium_d250_s339_distance	0.0	0.0
bound_geometry	receptor_grouped_5fold	4	Gs	numeric__bound__sodium_d250_n745_distance	0.0	0.0
bound_geometry	receptor_grouped_5fold	4	Gs	numeric__bound__sodium_d250_s746_distance	0.0	0.0
bound_geometry	receptor_grouped_5fold	4	Gs	numeric__bound__sodium_d250_n749_distance	0.0	0.0
bound_geometry	receptor_grouped_5fold	4	Gs	numeric__bound__sodium_pocket_volume	0.0	0.0
bound_geometry	receptor_grouped_5fold	4	Gs	numeric__bound__sodium_pocket_spread	0.0	0.0
bound_geometry	receptor_grouped_5fold	4	Gs	numeric__bound__tm7_rotation	0.0	0.0
bound_geometry	receptor_grouped_5fold	4	Gs	numeric__bound__icl2_generic_ca_count	0.0	0.0
bound_geometry	receptor_grouped_5fold	4	Gs	numeric__bound__icl2_end_to_end_distance	0.0	0.0
bound_geometry	receptor_grouped_5fold	4	Gs	numeric__bound__icl2_centroid_to_r350	0.0	0.0
bound_geometry	receptor_grouped_5fold	4	Gs	numeric__bound__icl2_centroid_to_tm5_561	0.0	0.0
bound_geometry	receptor_grouped_5fold	4	Gs	numeric__bound__icl2_centroid_to_tm6_634	0.0	0.0
bound_geometry	receptor_grouped_5fold	4	Gs	numeric__bound__icl2_centroid_to_tm7_753	0.0	0.0
bound_geometry	receptor_grouped_5fold	4	Gs	numeric__bound__icl2_axis_tm3_angle	-0.05497816670630227	0.05497816670630227
bound_geometry	receptor_grouped_5fold	4	Gs	numeric__bound__icl2_axis_tm5_angle	-0.0891128827992107	0.0891128827992107
bound_geometry	receptor_grouped_5fold	4	Gs	numeric__bound__icl2_active_reference_displacement	0.0	0.0
bound_geometry	receptor_grouped_5fold	4	Gs	numeric__bound__tm5_cytoplasmic_extension	0.0	0.0
bound_geometry	receptor_grouped_5fold	4	Gs	numeric__bound__tm5_cytoplasmic_kink	0.0	0.0
bound_geometry	receptor_grouped_5fold	4	Gs	numeric__bound__tm5_r350_561_distance	0.0	0.0
bound_geometry	receptor_grouped_5fold	4	Gs	numeric__bound__tm5_r350_564_distance	0.0	0.0
bound_geometry	receptor_grouped_5fold	4	Gs	numeric__bound__tm5_tm6_cavity_distance	0.0	0.0
bound_geometry	receptor_grouped_5fold	4	Gs	numeric__bound__tm5_axis_tm3_angle	0.21581349932618207	0.21581349932618207
bound_geometry	receptor_grouped_5fold	4	Gs	numeric__bound__tm6_lower_upper_kink	0.06657253972091988	0.06657253972091988
bound_geometry	receptor_grouped_5fold	4	Gs	numeric__bound__tm6_axis_tm3_angle	0.1410763502239404	0.1410763502239404
bound_geometry	receptor_grouped_5fold	4	Gs	numeric__bound__tm6_tm7_cavity_distance	0.10889627625531129	0.10889627625531129
bound_geometry	receptor_grouped_5fold	4	Gs	numeric__bound__tm7_h8_angle	0.0	0.0
bound_geometry	receptor_grouped_5fold	4	Gs	numeric__bound__h8_end_to_end_distance	0.0	0.0
bound_geometry	receptor_grouped_5fold	4	Gs	numeric__bound__h8_r350_distance	0.0	0.0
bound_geometry	receptor_grouped_5fold	4	Gs	numeric__bound__h8_tm6_distance	0.0	0.0
bound_geometry	receptor_grouped_5fold	4	Gs	numeric__bound__icl2_helix_fraction	0.0	0.0
bound_geometry	receptor_grouped_5fold	4	Gs	numeric__bound__icl2_longest_helix	0.0	0.0
bound_geometry	receptor_grouped_5fold	4	Gs	numeric__bound__icl2_mean_phi	0.0	0.0
bound_geometry	receptor_grouped_5fold	4	Gs	numeric__bound__icl2_mean_psi	0.0	0.0
bound_geometry	receptor_grouped_5fold	4	Gs	numeric__bound__intracellular_cavity_core_volume	0.0	0.0
bound_geometry	receptor_grouped_5fold	4	Gs	numeric__bound__intracellular_cavity_core_mouth_area	0.0	0.0
bound_geometry	receptor_grouped_5fold	4	Gs	numeric__bound__intracellular_cavity_core_depth	0.0	0.0
bound_geometry	receptor_grouped_5fold	4	Gs	numeric__bound__intracellular_cavity_core_maximum_width	0.0	0.0
bound_geometry	receptor_grouped_5fold	4	Gs	numeric__bound__intracellular_cavity_core_average_cross_section	0.0	0.0
bound_geometry	receptor_grouped_5fold	4	Gs	numeric__bound__intracellular_cavity_core_bottleneck_area	0.0	0.0
bound_geometry	receptor_grouped_5fold	4	Gs	numeric__bound__intracellular_cavity_core_bottleneck_radius	0.0	0.0
bound_geometry	receptor_grouped_5fold	4	Gs	numeric__bound__intracellular_cavity_core_max_inscribed_radius	0.0	0.0
bound_geometry	receptor_grouped_5fold	4	Gs	numeric__bound__intracellular_cavity_core_surface_area	0.0	0.0
bound_geometry	receptor_grouped_5fold	4	Gs	numeric__bound__intracellular_cavity_core_centroid_x	0.0	0.0
bound_geometry	receptor_grouped_5fold	4	Gs	numeric__bound__intracellular_cavity_core_centroid_y	0.0	0.0
bound_geometry	receptor_grouped_5fold	4	Gs	numeric__bound__intracellular_cavity_core_centroid_z	0.045131630739905594	0.045131630739905594
bound_geometry	receptor_grouped_5fold	4	Gs	numeric__bound__intracellular_cavity_core_principal_length_1	-0.026813408216727223	0.026813408216727223
bound_geometry	receptor_grouped_5fold	4	Gs	numeric__bound__intracellular_cavity_core_principal_length_2	0.0	0.0
bound_geometry	receptor_grouped_5fold	4	Gs	numeric__bound__intracellular_cavity_core_principal_length_3	0.0	0.0
bound_geometry	receptor_grouped_5fold	4	Gs	numeric__bound__intracellular_cavity_core_principal_axis_1_z_alignment	0.0	0.0
bound_geometry	receptor_grouped_5fold	4	Gs	numeric__bound__intracellular_cavity_core_eccentricity	-0.01801127844156162	0.01801127844156162
bound_geometry	receptor_grouped_5fold	4	Gs	numeric__bound__intracellular_cavity_core_sphericity	0.0	0.0
bound_geometry	receptor_grouped_5fold	4	Gs	numeric__bound__intracellular_cavity_core_asymmetry	0.0	0.0
bound_geometry	receptor_grouped_5fold	4	Gs	numeric__bound__intracellular_cavity_core_tm3_side_fraction	0.0	0.0
bound_geometry	receptor_grouped_5fold	4	Gs	numeric__bound__intracellular_cavity_core_tm6_side_fraction	0.0	0.0
bound_geometry	receptor_grouped_5fold	4	Gs	numeric__bound__intracellular_cavity_core_tm5_side_fraction	0.0	0.0
bound_geometry	receptor_grouped_5fold	4	Gs	numeric__bound__intracellular_cavity_core_tm7_side_fraction	0.0	0.0
bound_geometry	receptor_grouped_5fold	4	Gs	numeric__bound__intracellular_cavity_core_wall_fraction_h8	0.04670293427626667	0.04670293427626667
bound_geometry	receptor_grouped_5fold	4	Gs	numeric__bound__intracellular_cavity_core_wall_fraction_icl2	-0.13615379467539762	0.13615379467539762
bound_geometry	receptor_grouped_5fold	4	Gs	numeric__bound__intracellular_cavity_core_wall_fraction_tm3	0.0	0.0
bound_geometry	receptor_grouped_5fold	4	Gs	numeric__bound__intracellular_cavity_core_wall_fraction_tm7	-0.03355602990844487	0.03355602990844487
receptor_only_geometry	receptor_grouped_5fold	0	Gi/o	numeric__receptor_only__activation_consensus_score	-0.15178533242530845	0.15178533242530845
receptor_only_geometry	receptor_grouped_5fold	0	Gi/o	numeric__receptor_only__tm6_r350_634_distance	0.0	0.0
receptor_only_geometry	receptor_grouped_5fold	0	Gi/o	numeric__receptor_only__tm6_aligned_displacement	-0.1369212050962349	0.1369212050962349
receptor_only_geometry	receptor_grouped_5fold	0	Gi/o	numeric__receptor_only__tm7_displacement	0.0	0.0
receptor_only_geometry	receptor_grouped_5fold	0	Gi/o	numeric__receptor_only__tm3_tm7_distance	0.3855985028947466	0.3855985028947466
receptor_only_geometry	receptor_grouped_5fold	0	Gi/o	numeric__receptor_only__tm6_r350_630_distance	0.0	0.0
receptor_only_geometry	receptor_grouped_5fold	0	Gi/o	numeric__receptor_only__dry_r350_630_min_distance	0.0	0.0
receptor_only_geometry	receptor_grouped_5fold	0	Gi/o	numeric__receptor_only__dry_r350_630_ca_distance	0.0	0.0
receptor_only_geometry	receptor_grouped_5fold	0	Gi/o	numeric__receptor_only__dry_d349_r350_min_distance	0.0	0.0
receptor_only_geometry	receptor_grouped_5fold	0	Gi/o	numeric__receptor_only__r350_chi1	0.0	0.0
receptor_only_geometry	receptor_grouped_5fold	0	Gi/o	numeric__receptor_only__r350_chi2	0.0	0.0
receptor_only_geometry	receptor_grouped_5fold	0	Gi/o	numeric__receptor_only__pif_550_340_distance	0.0	0.0
receptor_only_geometry	receptor_grouped_5fold	0	Gi/o	numeric__receptor_only__pif_340_644_distance	0.0	0.0
receptor_only_geometry	receptor_grouped_5fold	0	Gi/o	numeric__receptor_only__pif_550_644_distance	0.0	0.0
receptor_only_geometry	receptor_grouped_5fold	0	Gi/o	numeric__receptor_only__pif_550_340_min_distance	0.0	0.0
receptor_only_geometry	receptor_grouped_5fold	0	Gi/o	numeric__receptor_only__pif_340_644_min_distance	0.0	0.0
receptor_only_geometry	receptor_grouped_5fold	0	Gi/o	numeric__receptor_only__pif_550_644_min_distance	0.0	0.0
receptor_only_geometry	receptor_grouped_5fold	0	Gi/o	numeric__receptor_only__pif_triangle_perimeter	0.0	0.0
receptor_only_geometry	receptor_grouped_5fold	0	Gi/o	numeric__receptor_only__position_644_chi1	0.0	0.0
receptor_only_geometry	receptor_grouped_5fold	0	Gi/o	numeric__receptor_only__position_644_chi2	0.0	0.0
receptor_only_geometry	receptor_grouped_5fold	0	Gi/o	numeric__receptor_only__w648_chi1	0.0	0.0
receptor_only_geometry	receptor_grouped_5fold	0	Gi/o	numeric__receptor_only__w648_chi2	0.0	0.0
receptor_only_geometry	receptor_grouped_5fold	0	Gi/o	numeric__receptor_only__w648_displacement	0.0	0.0
receptor_only_geometry	receptor_grouped_5fold	0	Gi/o	numeric__receptor_only__w648_to_644_distance	0.0	0.0
receptor_only_geometry	receptor_grouped_5fold	0	Gi/o	numeric__receptor_only__cwxp_647_650_distance	0.0	0.0
receptor_only_geometry	receptor_grouped_5fold	0	Gi/o	numeric__receptor_only__y753_chi1	0.0	0.0
receptor_only_geometry	receptor_grouped_5fold	0	Gi/o	numeric__receptor_only__y753_chi2	0.0	0.0
receptor_only_geometry	receptor_grouped_5fold	0	Gi/o	numeric__receptor_only__y753_y558_distance	0.0	0.0
receptor_only_geometry	receptor_grouped_5fold	0	Gi/o	numeric__receptor_only__y753_y558_min_distance	0.0	0.0
receptor_only_geometry	receptor_grouped_5fold	0	Gi/o	numeric__receptor_only__n749_y753_distance	0.0	0.0
receptor_only_geometry	receptor_grouped_5fold	0	Gi/o	numeric__receptor_only__npxxy_local_spread	-0.01918385247312784	0.01918385247312784
receptor_only_geometry	receptor_grouped_5fold	0	Gi/o	numeric__receptor_only__y753_displacement	0.0	0.0
receptor_only_geometry	receptor_grouped_5fold	0	Gi/o	numeric__receptor_only__sodium_d250_s339_distance	0.0	0.0
receptor_only_geometry	receptor_grouped_5fold	0	Gi/o	numeric__receptor_only__sodium_d250_n745_distance	0.0	0.0
receptor_only_geometry	receptor_grouped_5fold	0	Gi/o	numeric__receptor_only__sodium_d250_s746_distance	0.0	0.0
receptor_only_geometry	receptor_grouped_5fold	0	Gi/o	numeric__receptor_only__sodium_d250_n749_distance	0.0	0.0
receptor_only_geometry	receptor_grouped_5fold	0	Gi/o	numeric__receptor_only__sodium_pocket_volume	0.0	0.0
receptor_only_geometry	receptor_grouped_5fold	0	Gi/o	numeric__receptor_only__sodium_pocket_spread	0.0	0.0
receptor_only_geometry	receptor_grouped_5fold	0	Gi/o	numeric__receptor_only__tm7_rotation	0.0	0.0
receptor_only_geometry	receptor_grouped_5fold	0	Gi/o	numeric__receptor_only__icl2_generic_ca_count	0.0	0.0
receptor_only_geometry	receptor_grouped_5fold	0	Gi/o	numeric__receptor_only__icl2_end_to_end_distance	0.0	0.0
receptor_only_geometry	receptor_grouped_5fold	0	Gi/o	numeric__receptor_only__icl2_centroid_to_r350	0.0	0.0
receptor_only_geometry	receptor_grouped_5fold	0	Gi/o	numeric__receptor_only__icl2_centroid_to_tm5_561	-0.3873122772939862	0.3873122772939862
receptor_only_geometry	receptor_grouped_5fold	0	Gi/o	numeric__receptor_only__icl2_centroid_to_tm6_634	0.0	0.0
receptor_only_geometry	receptor_grouped_5fold	0	Gi/o	numeric__receptor_only__icl2_centroid_to_tm7_753	0.0	0.0
receptor_only_geometry	receptor_grouped_5fold	0	Gi/o	numeric__receptor_only__icl2_axis_tm3_angle	0.0	0.0
receptor_only_geometry	receptor_grouped_5fold	0	Gi/o	numeric__receptor_only__icl2_axis_tm5_angle	0.0	0.0
receptor_only_geometry	receptor_grouped_5fold	0	Gi/o	numeric__receptor_only__icl2_active_reference_displacement	0.0	0.0
receptor_only_geometry	receptor_grouped_5fold	0	Gi/o	numeric__receptor_only__tm5_cytoplasmic_extension	-0.25971668603363085	0.25971668603363085
receptor_only_geometry	receptor_grouped_5fold	0	Gi/o	numeric__receptor_only__tm5_cytoplasmic_kink	0.0	0.0
receptor_only_geometry	receptor_grouped_5fold	0	Gi/o	numeric__receptor_only__tm5_r350_561_distance	0.0	0.0
receptor_only_geometry	receptor_grouped_5fold	0	Gi/o	numeric__receptor_only__tm5_r350_564_distance	0.0	0.0
receptor_only_geometry	receptor_grouped_5fold	0	Gi/o	numeric__receptor_only__tm5_tm6_cavity_distance	0.0	0.0
receptor_only_geometry	receptor_grouped_5fold	0	Gi/o	numeric__receptor_only__tm5_axis_tm3_angle	0.0	0.0
receptor_only_geometry	receptor_grouped_5fold	0	Gi/o	numeric__receptor_only__tm6_lower_upper_kink	0.0	0.0
receptor_only_geometry	receptor_grouped_5fold	0	Gi/o	numeric__receptor_only__tm6_axis_tm3_angle	0.0	0.0
receptor_only_geometry	receptor_grouped_5fold	0	Gi/o	numeric__receptor_only__tm6_tm7_cavity_distance	0.0	0.0
receptor_only_geometry	receptor_grouped_5fold	0	Gi/o	numeric__receptor_only__tm7_h8_angle	0.0	0.0
receptor_only_geometry	receptor_grouped_5fold	0	Gi/o	numeric__receptor_only__h8_end_to_end_distance	0.0	0.0
receptor_only_geometry	receptor_grouped_5fold	0	Gi/o	numeric__receptor_only__h8_r350_distance	0.0	0.0
receptor_only_geometry	receptor_grouped_5fold	0	Gi/o	numeric__receptor_only__h8_tm6_distance	0.0	0.0
receptor_only_geometry	receptor_grouped_5fold	0	Gi/o	numeric__receptor_only__icl2_helix_fraction	0.0	0.0
receptor_only_geometry	receptor_grouped_5fold	0	Gi/o	numeric__receptor_only__icl2_longest_helix	0.0	0.0
receptor_only_geometry	receptor_grouped_5fold	0	Gi/o	numeric__receptor_only__icl2_mean_phi	0.0	0.0
receptor_only_geometry	receptor_grouped_5fold	0	Gi/o	numeric__receptor_only__icl2_mean_psi	0.0	0.0
receptor_only_geometry	receptor_grouped_5fold	0	Gi/o	numeric__receptor_only__intracellular_cavity_core_volume	0.0	0.0
receptor_only_geometry	receptor_grouped_5fold	0	Gi/o	numeric__receptor_only__intracellular_cavity_core_mouth_area	0.0	0.0
receptor_only_geometry	receptor_grouped_5fold	0	Gi/o	numeric__receptor_only__intracellular_cavity_core_depth	0.0	0.0
receptor_only_geometry	receptor_grouped_5fold	0	Gi/o	numeric__receptor_only__intracellular_cavity_core_maximum_width	0.0	0.0
receptor_only_geometry	receptor_grouped_5fold	0	Gi/o	numeric__receptor_only__intracellular_cavity_core_average_cross_section	0.0	0.0
receptor_only_geometry	receptor_grouped_5fold	0	Gi/o	numeric__receptor_only__intracellular_cavity_core_bottleneck_area	0.0	0.0
receptor_only_geometry	receptor_grouped_5fold	0	Gi/o	numeric__receptor_only__intracellular_cavity_core_bottleneck_radius	0.0	0.0
receptor_only_geometry	receptor_grouped_5fold	0	Gi/o	numeric__receptor_only__intracellular_cavity_core_max_inscribed_radius	0.0	0.0
receptor_only_geometry	receptor_grouped_5fold	0	Gi/o	numeric__receptor_only__intracellular_cavity_core_surface_area	0.0	0.0
receptor_only_geometry	receptor_grouped_5fold	0	Gi/o	numeric__receptor_only__intracellular_cavity_core_centroid_x	0.0	0.0
receptor_only_geometry	receptor_grouped_5fold	0	Gi/o	numeric__receptor_only__intracellular_cavity_core_centroid_y	0.0	0.0
receptor_only_geometry	receptor_grouped_5fold	0	Gi/o	numeric__receptor_only__intracellular_cavity_core_centroid_z	0.0	0.0
receptor_only_geometry	receptor_grouped_5fold	0	Gi/o	numeric__receptor_only__intracellular_cavity_core_principal_length_1	0.0	0.0
receptor_only_geometry	receptor_grouped_5fold	0	Gi/o	numeric__receptor_only__intracellular_cavity_core_principal_length_2	0.0	0.0
receptor_only_geometry	receptor_grouped_5fold	0	Gi/o	numeric__receptor_only__intracellular_cavity_core_principal_length_3	0.0	0.0
receptor_only_geometry	receptor_grouped_5fold	0	Gi/o	numeric__receptor_only__intracellular_cavity_core_principal_axis_1_z_alignment	0.0	0.0
receptor_only_geometry	receptor_grouped_5fold	0	Gi/o	numeric__receptor_only__intracellular_cavity_core_eccentricity	0.0	0.0
receptor_only_geometry	receptor_grouped_5fold	0	Gi/o	numeric__receptor_only__intracellular_cavity_core_sphericity	0.0	0.0
receptor_only_geometry	receptor_grouped_5fold	0	Gi/o	numeric__receptor_only__intracellular_cavity_core_asymmetry	0.0	0.0
receptor_only_geometry	receptor_grouped_5fold	0	Gi/o	numeric__receptor_only__intracellular_cavity_core_tm3_side_fraction	0.0	0.0
receptor_only_geometry	receptor_grouped_5fold	0	Gi/o	numeric__receptor_only__intracellular_cavity_core_tm6_side_fraction	0.0	0.0
receptor_only_geometry	receptor_grouped_5fold	0	Gi/o	numeric__receptor_only__intracellular_cavity_core_tm5_side_fraction	0.0	0.0
receptor_only_geometry	receptor_grouped_5fold	0	Gi/o	numeric__receptor_only__intracellular_cavity_core_tm7_side_fraction	0.0	0.0
receptor_only_geometry	receptor_grouped_5fold	0	Gi/o	numeric__receptor_only__intracellular_cavity_core_wall_fraction_h8	0.0	0.0
receptor_only_geometry	receptor_grouped_5fold	0	Gi/o	numeric__receptor_only__intracellular_cavity_core_wall_fraction_icl2	0.0	0.0
receptor_only_geometry	receptor_grouped_5fold	0	Gi/o	numeric__receptor_only__intracellular_cavity_core_wall_fraction_tm3	0.0	0.0
receptor_only_geometry	receptor_grouped_5fold	0	Gi/o	numeric__receptor_only__intracellular_cavity_core_wall_fraction_tm7	0.0	0.0
receptor_only_geometry	receptor_grouped_5fold	0	Gq/11	numeric__receptor_only__activation_consensus_score	0.0	0.0
receptor_only_geometry	receptor_grouped_5fold	0	Gq/11	numeric__receptor_only__tm6_r350_634_distance	0.0	0.0
receptor_only_geometry	receptor_grouped_5fold	0	Gq/11	numeric__receptor_only__tm6_aligned_displacement	0.0	0.0
receptor_only_geometry	receptor_grouped_5fold	0	Gq/11	numeric__receptor_only__tm7_displacement	0.0	0.0
receptor_only_geometry	receptor_grouped_5fold	0	Gq/11	numeric__receptor_only__tm3_tm7_distance	0.0	0.0
receptor_only_geometry	receptor_grouped_5fold	0	Gq/11	numeric__receptor_only__tm6_r350_630_distance	0.0	0.0
receptor_only_geometry	receptor_grouped_5fold	0	Gq/11	numeric__receptor_only__dry_r350_630_min_distance	0.0	0.0
receptor_only_geometry	receptor_grouped_5fold	0	Gq/11	numeric__receptor_only__dry_r350_630_ca_distance	0.0	0.0
receptor_only_geometry	receptor_grouped_5fold	0	Gq/11	numeric__receptor_only__dry_d349_r350_min_distance	0.0	0.0
receptor_only_geometry	receptor_grouped_5fold	0	Gq/11	numeric__receptor_only__r350_chi1	0.0	0.0
receptor_only_geometry	receptor_grouped_5fold	0	Gq/11	numeric__receptor_only__r350_chi2	0.0	0.0
receptor_only_geometry	receptor_grouped_5fold	0	Gq/11	numeric__receptor_only__pif_550_340_distance	0.0	0.0
receptor_only_geometry	receptor_grouped_5fold	0	Gq/11	numeric__receptor_only__pif_340_644_distance	-0.22466094466897887	0.22466094466897887
receptor_only_geometry	receptor_grouped_5fold	0	Gq/11	numeric__receptor_only__pif_550_644_distance	0.0	0.0
receptor_only_geometry	receptor_grouped_5fold	0	Gq/11	numeric__receptor_only__pif_550_340_min_distance	0.0	0.0
receptor_only_geometry	receptor_grouped_5fold	0	Gq/11	numeric__receptor_only__pif_340_644_min_distance	0.0	0.0
receptor_only_geometry	receptor_grouped_5fold	0	Gq/11	numeric__receptor_only__pif_550_644_min_distance	0.32154575056416396	0.32154575056416396
receptor_only_geometry	receptor_grouped_5fold	0	Gq/11	numeric__receptor_only__pif_triangle_perimeter	0.0	0.0
receptor_only_geometry	receptor_grouped_5fold	0	Gq/11	numeric__receptor_only__position_644_chi1	0.0	0.0
receptor_only_geometry	receptor_grouped_5fold	0	Gq/11	numeric__receptor_only__position_644_chi2	-0.10594783568977043	0.10594783568977043
receptor_only_geometry	receptor_grouped_5fold	0	Gq/11	numeric__receptor_only__w648_chi1	0.0	0.0
receptor_only_geometry	receptor_grouped_5fold	0	Gq/11	numeric__receptor_only__w648_chi2	0.0	0.0
receptor_only_geometry	receptor_grouped_5fold	0	Gq/11	numeric__receptor_only__w648_displacement	0.0	0.0
receptor_only_geometry	receptor_grouped_5fold	0	Gq/11	numeric__receptor_only__w648_to_644_distance	0.0	0.0
receptor_only_geometry	receptor_grouped_5fold	0	Gq/11	numeric__receptor_only__cwxp_647_650_distance	0.0	0.0
receptor_only_geometry	receptor_grouped_5fold	0	Gq/11	numeric__receptor_only__y753_chi1	0.0	0.0
receptor_only_geometry	receptor_grouped_5fold	0	Gq/11	numeric__receptor_only__y753_chi2	0.0	0.0
receptor_only_geometry	receptor_grouped_5fold	0	Gq/11	numeric__receptor_only__y753_y558_distance	0.0	0.0
receptor_only_geometry	receptor_grouped_5fold	0	Gq/11	numeric__receptor_only__y753_y558_min_distance	0.0	0.0
receptor_only_geometry	receptor_grouped_5fold	0	Gq/11	numeric__receptor_only__n749_y753_distance	0.0	0.0
receptor_only_geometry	receptor_grouped_5fold	0	Gq/11	numeric__receptor_only__npxxy_local_spread	0.0	0.0
receptor_only_geometry	receptor_grouped_5fold	0	Gq/11	numeric__receptor_only__y753_displacement	0.0	0.0
receptor_only_geometry	receptor_grouped_5fold	0	Gq/11	numeric__receptor_only__sodium_d250_s339_distance	0.0	0.0
receptor_only_geometry	receptor_grouped_5fold	0	Gq/11	numeric__receptor_only__sodium_d250_n745_distance	0.0	0.0
receptor_only_geometry	receptor_grouped_5fold	0	Gq/11	numeric__receptor_only__sodium_d250_s746_distance	0.0	0.0
receptor_only_geometry	receptor_grouped_5fold	0	Gq/11	numeric__receptor_only__sodium_d250_n749_distance	0.0	0.0
receptor_only_geometry	receptor_grouped_5fold	0	Gq/11	numeric__receptor_only__sodium_pocket_volume	0.0	0.0
receptor_only_geometry	receptor_grouped_5fold	0	Gq/11	numeric__receptor_only__sodium_pocket_spread	0.0	0.0
receptor_only_geometry	receptor_grouped_5fold	0	Gq/11	numeric__receptor_only__tm7_rotation	0.0	0.0
receptor_only_geometry	receptor_grouped_5fold	0	Gq/11	numeric__receptor_only__icl2_generic_ca_count	0.0	0.0
receptor_only_geometry	receptor_grouped_5fold	0	Gq/11	numeric__receptor_only__icl2_end_to_end_distance	0.0	0.0
receptor_only_geometry	receptor_grouped_5fold	0	Gq/11	numeric__receptor_only__icl2_centroid_to_r350	0.0	0.0
receptor_only_geometry	receptor_grouped_5fold	0	Gq/11	numeric__receptor_only__icl2_centroid_to_tm5_561	0.0	0.0
receptor_only_geometry	receptor_grouped_5fold	0	Gq/11	numeric__receptor_only__icl2_centroid_to_tm6_634	0.0	0.0
receptor_only_geometry	receptor_grouped_5fold	0	Gq/11	numeric__receptor_only__icl2_centroid_to_tm7_753	0.0	0.0
receptor_only_geometry	receptor_grouped_5fold	0	Gq/11	numeric__receptor_only__icl2_axis_tm3_angle	0.0	0.0
receptor_only_geometry	receptor_grouped_5fold	0	Gq/11	numeric__receptor_only__icl2_axis_tm5_angle	0.0	0.0
receptor_only_geometry	receptor_grouped_5fold	0	Gq/11	numeric__receptor_only__icl2_active_reference_displacement	0.0	0.0
receptor_only_geometry	receptor_grouped_5fold	0	Gq/11	numeric__receptor_only__tm5_cytoplasmic_extension	0.0	0.0
receptor_only_geometry	receptor_grouped_5fold	0	Gq/11	numeric__receptor_only__tm5_cytoplasmic_kink	0.0	0.0
receptor_only_geometry	receptor_grouped_5fold	0	Gq/11	numeric__receptor_only__tm5_r350_561_distance	0.0	0.0
receptor_only_geometry	receptor_grouped_5fold	0	Gq/11	numeric__receptor_only__tm5_r350_564_distance	0.0	0.0
receptor_only_geometry	receptor_grouped_5fold	0	Gq/11	numeric__receptor_only__tm5_tm6_cavity_distance	0.0	0.0
receptor_only_geometry	receptor_grouped_5fold	0	Gq/11	numeric__receptor_only__tm5_axis_tm3_angle	0.0	0.0
receptor_only_geometry	receptor_grouped_5fold	0	Gq/11	numeric__receptor_only__tm6_lower_upper_kink	0.0	0.0
receptor_only_geometry	receptor_grouped_5fold	0	Gq/11	numeric__receptor_only__tm6_axis_tm3_angle	0.0	0.0
receptor_only_geometry	receptor_grouped_5fold	0	Gq/11	numeric__receptor_only__tm6_tm7_cavity_distance	0.0	0.0
receptor_only_geometry	receptor_grouped_5fold	0	Gq/11	numeric__receptor_only__tm7_h8_angle	0.0	0.0
receptor_only_geometry	receptor_grouped_5fold	0	Gq/11	numeric__receptor_only__h8_end_to_end_distance	0.0	0.0
receptor_only_geometry	receptor_grouped_5fold	0	Gq/11	numeric__receptor_only__h8_r350_distance	0.0	0.0
receptor_only_geometry	receptor_grouped_5fold	0	Gq/11	numeric__receptor_only__h8_tm6_distance	0.0	0.0
receptor_only_geometry	receptor_grouped_5fold	0	Gq/11	numeric__receptor_only__icl2_helix_fraction	0.0	0.0
receptor_only_geometry	receptor_grouped_5fold	0	Gq/11	numeric__receptor_only__icl2_longest_helix	0.0	0.0
receptor_only_geometry	receptor_grouped_5fold	0	Gq/11	numeric__receptor_only__icl2_mean_phi	0.0	0.0
receptor_only_geometry	receptor_grouped_5fold	0	Gq/11	numeric__receptor_only__icl2_mean_psi	0.0	0.0
receptor_only_geometry	receptor_grouped_5fold	0	Gq/11	numeric__receptor_only__intracellular_cavity_core_volume	0.0	0.0
receptor_only_geometry	receptor_grouped_5fold	0	Gq/11	numeric__receptor_only__intracellular_cavity_core_mouth_area	0.0	0.0
receptor_only_geometry	receptor_grouped_5fold	0	Gq/11	numeric__receptor_only__intracellular_cavity_core_depth	0.0	0.0
receptor_only_geometry	receptor_grouped_5fold	0	Gq/11	numeric__receptor_only__intracellular_cavity_core_maximum_width	0.0	0.0
receptor_only_geometry	receptor_grouped_5fold	0	Gq/11	numeric__receptor_only__intracellular_cavity_core_average_cross_section	0.0	0.0
receptor_only_geometry	receptor_grouped_5fold	0	Gq/11	numeric__receptor_only__intracellular_cavity_core_bottleneck_area	0.0	0.0
receptor_only_geometry	receptor_grouped_5fold	0	Gq/11	numeric__receptor_only__intracellular_cavity_core_bottleneck_radius	0.0	0.0
receptor_only_geometry	receptor_grouped_5fold	0	Gq/11	numeric__receptor_only__intracellular_cavity_core_max_inscribed_radius	0.0	0.0
receptor_only_geometry	receptor_grouped_5fold	0	Gq/11	numeric__receptor_only__intracellular_cavity_core_surface_area	0.0	0.0
receptor_only_geometry	receptor_grouped_5fold	0	Gq/11	numeric__receptor_only__intracellular_cavity_core_centroid_x	0.0	0.0
receptor_only_geometry	receptor_grouped_5fold	0	Gq/11	numeric__receptor_only__intracellular_cavity_core_centroid_y	0.0	0.0
receptor_only_geometry	receptor_grouped_5fold	0	Gq/11	numeric__receptor_only__intracellular_cavity_core_centroid_z	0.0	0.0
receptor_only_geometry	receptor_grouped_5fold	0	Gq/11	numeric__receptor_only__intracellular_cavity_core_principal_length_1	0.0	0.0
receptor_only_geometry	receptor_grouped_5fold	0	Gq/11	numeric__receptor_only__intracellular_cavity_core_principal_length_2	0.0	0.0
receptor_only_geometry	receptor_grouped_5fold	0	Gq/11	numeric__receptor_only__intracellular_cavity_core_principal_length_3	0.0	0.0
receptor_only_geometry	receptor_grouped_5fold	0	Gq/11	numeric__receptor_only__intracellular_cavity_core_principal_axis_1_z_alignment	0.0	0.0
receptor_only_geometry	receptor_grouped_5fold	0	Gq/11	numeric__receptor_only__intracellular_cavity_core_eccentricity	0.0	0.0
receptor_only_geometry	receptor_grouped_5fold	0	Gq/11	numeric__receptor_only__intracellular_cavity_core_sphericity	0.0	0.0
receptor_only_geometry	receptor_grouped_5fold	0	Gq/11	numeric__receptor_only__intracellular_cavity_core_asymmetry	0.0	0.0
receptor_only_geometry	receptor_grouped_5fold	0	Gq/11	numeric__receptor_only__intracellular_cavity_core_tm3_side_fraction	0.0	0.0
receptor_only_geometry	receptor_grouped_5fold	0	Gq/11	numeric__receptor_only__intracellular_cavity_core_tm6_side_fraction	0.0	0.0
receptor_only_geometry	receptor_grouped_5fold	0	Gq/11	numeric__receptor_only__intracellular_cavity_core_tm5_side_fraction	0.0	0.0
receptor_only_geometry	receptor_grouped_5fold	0	Gq/11	numeric__receptor_only__intracellular_cavity_core_tm7_side_fraction	0.0	0.0
receptor_only_geometry	receptor_grouped_5fold	0	Gq/11	numeric__receptor_only__intracellular_cavity_core_wall_fraction_h8	0.0	0.0
receptor_only_geometry	receptor_grouped_5fold	0	Gq/11	numeric__receptor_only__intracellular_cavity_core_wall_fraction_icl2	0.0	0.0
receptor_only_geometry	receptor_grouped_5fold	0	Gq/11	numeric__receptor_only__intracellular_cavity_core_wall_fraction_tm3	0.0	0.0
receptor_only_geometry	receptor_grouped_5fold	0	Gq/11	numeric__receptor_only__intracellular_cavity_core_wall_fraction_tm7	0.0	0.0
receptor_only_geometry	receptor_grouped_5fold	0	Gs	numeric__receptor_only__activation_consensus_score	0.0	0.0
receptor_only_geometry	receptor_grouped_5fold	0	Gs	numeric__receptor_only__tm6_r350_634_distance	0.0	0.0
receptor_only_geometry	receptor_grouped_5fold	0	Gs	numeric__receptor_only__tm6_aligned_displacement	0.0	0.0
receptor_only_geometry	receptor_grouped_5fold	0	Gs	numeric__receptor_only__tm7_displacement	0.0	0.0
receptor_only_geometry	receptor_grouped_5fold	0	Gs	numeric__receptor_only__tm3_tm7_distance	0.0	0.0
receptor_only_geometry	receptor_grouped_5fold	0	Gs	numeric__receptor_only__tm6_r350_630_distance	0.0	0.0
receptor_only_geometry	receptor_grouped_5fold	0	Gs	numeric__receptor_only__dry_r350_630_min_distance	0.0	0.0
receptor_only_geometry	receptor_grouped_5fold	0	Gs	numeric__receptor_only__dry_r350_630_ca_distance	0.0	0.0
receptor_only_geometry	receptor_grouped_5fold	0	Gs	numeric__receptor_only__dry_d349_r350_min_distance	0.0	0.0
receptor_only_geometry	receptor_grouped_5fold	0	Gs	numeric__receptor_only__r350_chi1	-0.018843525577921065	0.018843525577921065
receptor_only_geometry	receptor_grouped_5fold	0	Gs	numeric__receptor_only__r350_chi2	0.0	0.0
receptor_only_geometry	receptor_grouped_5fold	0	Gs	numeric__receptor_only__pif_550_340_distance	0.0	0.0
receptor_only_geometry	receptor_grouped_5fold	0	Gs	numeric__receptor_only__pif_340_644_distance	0.0	0.0
receptor_only_geometry	receptor_grouped_5fold	0	Gs	numeric__receptor_only__pif_550_644_distance	0.0	0.0
receptor_only_geometry	receptor_grouped_5fold	0	Gs	numeric__receptor_only__pif_550_340_min_distance	0.0	0.0
receptor_only_geometry	receptor_grouped_5fold	0	Gs	numeric__receptor_only__pif_340_644_min_distance	0.0	0.0
receptor_only_geometry	receptor_grouped_5fold	0	Gs	numeric__receptor_only__pif_550_644_min_distance	0.0	0.0
receptor_only_geometry	receptor_grouped_5fold	0	Gs	numeric__receptor_only__pif_triangle_perimeter	0.0	0.0
receptor_only_geometry	receptor_grouped_5fold	0	Gs	numeric__receptor_only__position_644_chi1	0.0	0.0
receptor_only_geometry	receptor_grouped_5fold	0	Gs	numeric__receptor_only__position_644_chi2	0.0	0.0
receptor_only_geometry	receptor_grouped_5fold	0	Gs	numeric__receptor_only__w648_chi1	0.0	0.0
receptor_only_geometry	receptor_grouped_5fold	0	Gs	numeric__receptor_only__w648_chi2	0.0	0.0
receptor_only_geometry	receptor_grouped_5fold	0	Gs	numeric__receptor_only__w648_displacement	0.0	0.0
receptor_only_geometry	receptor_grouped_5fold	0	Gs	numeric__receptor_only__w648_to_644_distance	0.0	0.0
receptor_only_geometry	receptor_grouped_5fold	0	Gs	numeric__receptor_only__cwxp_647_650_distance	0.0	0.0
receptor_only_geometry	receptor_grouped_5fold	0	Gs	numeric__receptor_only__y753_chi1	0.0	0.0
receptor_only_geometry	receptor_grouped_5fold	0	Gs	numeric__receptor_only__y753_chi2	0.0	0.0
receptor_only_geometry	receptor_grouped_5fold	0	Gs	numeric__receptor_only__y753_y558_distance	0.0	0.0
receptor_only_geometry	receptor_grouped_5fold	0	Gs	numeric__receptor_only__y753_y558_min_distance	0.0	0.0
receptor_only_geometry	receptor_grouped_5fold	0	Gs	numeric__receptor_only__n749_y753_distance	0.0	0.0
receptor_only_geometry	receptor_grouped_5fold	0	Gs	numeric__receptor_only__npxxy_local_spread	0.0	0.0
receptor_only_geometry	receptor_grouped_5fold	0	Gs	numeric__receptor_only__y753_displacement	0.0	0.0
receptor_only_geometry	receptor_grouped_5fold	0	Gs	numeric__receptor_only__sodium_d250_s339_distance	0.1374932952489411	0.1374932952489411
receptor_only_geometry	receptor_grouped_5fold	0	Gs	numeric__receptor_only__sodium_d250_n745_distance	0.0	0.0
receptor_only_geometry	receptor_grouped_5fold	0	Gs	numeric__receptor_only__sodium_d250_s746_distance	0.0	0.0
receptor_only_geometry	receptor_grouped_5fold	0	Gs	numeric__receptor_only__sodium_d250_n749_distance	0.0	0.0
receptor_only_geometry	receptor_grouped_5fold	0	Gs	numeric__receptor_only__sodium_pocket_volume	0.0	0.0
receptor_only_geometry	receptor_grouped_5fold	0	Gs	numeric__receptor_only__sodium_pocket_spread	0.0	0.0
receptor_only_geometry	receptor_grouped_5fold	0	Gs	numeric__receptor_only__tm7_rotation	0.0	0.0
receptor_only_geometry	receptor_grouped_5fold	0	Gs	numeric__receptor_only__icl2_generic_ca_count	0.0	0.0
receptor_only_geometry	receptor_grouped_5fold	0	Gs	numeric__receptor_only__icl2_end_to_end_distance	0.0	0.0
receptor_only_geometry	receptor_grouped_5fold	0	Gs	numeric__receptor_only__icl2_centroid_to_r350	0.0	0.0
receptor_only_geometry	receptor_grouped_5fold	0	Gs	numeric__receptor_only__icl2_centroid_to_tm5_561	0.0	0.0
receptor_only_geometry	receptor_grouped_5fold	0	Gs	numeric__receptor_only__icl2_centroid_to_tm6_634	0.0	0.0
receptor_only_geometry	receptor_grouped_5fold	0	Gs	numeric__receptor_only__icl2_centroid_to_tm7_753	0.0	0.0
receptor_only_geometry	receptor_grouped_5fold	0	Gs	numeric__receptor_only__icl2_axis_tm3_angle	0.0	0.0
receptor_only_geometry	receptor_grouped_5fold	0	Gs	numeric__receptor_only__icl2_axis_tm5_angle	0.0	0.0
receptor_only_geometry	receptor_grouped_5fold	0	Gs	numeric__receptor_only__icl2_active_reference_displacement	0.0	0.0
receptor_only_geometry	receptor_grouped_5fold	0	Gs	numeric__receptor_only__tm5_cytoplasmic_extension	0.04406362730168478	0.04406362730168478
receptor_only_geometry	receptor_grouped_5fold	0	Gs	numeric__receptor_only__tm5_cytoplasmic_kink	0.0	0.0
receptor_only_geometry	receptor_grouped_5fold	0	Gs	numeric__receptor_only__tm5_r350_561_distance	0.13044286636478958	0.13044286636478958
receptor_only_geometry	receptor_grouped_5fold	0	Gs	numeric__receptor_only__tm5_r350_564_distance	0.06087363387442948	0.06087363387442948
receptor_only_geometry	receptor_grouped_5fold	0	Gs	numeric__receptor_only__tm5_tm6_cavity_distance	0.0	0.0
receptor_only_geometry	receptor_grouped_5fold	0	Gs	numeric__receptor_only__tm5_axis_tm3_angle	0.0	0.0
receptor_only_geometry	receptor_grouped_5fold	0	Gs	numeric__receptor_only__tm6_lower_upper_kink	0.0	0.0
receptor_only_geometry	receptor_grouped_5fold	0	Gs	numeric__receptor_only__tm6_axis_tm3_angle	0.0	0.0
receptor_only_geometry	receptor_grouped_5fold	0	Gs	numeric__receptor_only__tm6_tm7_cavity_distance	0.0	0.0
receptor_only_geometry	receptor_grouped_5fold	0	Gs	numeric__receptor_only__tm7_h8_angle	0.0	0.0
receptor_only_geometry	receptor_grouped_5fold	0	Gs	numeric__receptor_only__h8_end_to_end_distance	0.0	0.0
receptor_only_geometry	receptor_grouped_5fold	0	Gs	numeric__receptor_only__h8_r350_distance	0.0	0.0
receptor_only_geometry	receptor_grouped_5fold	0	Gs	numeric__receptor_only__h8_tm6_distance	0.0	0.0
receptor_only_geometry	receptor_grouped_5fold	0	Gs	numeric__receptor_only__icl2_helix_fraction	0.0	0.0
receptor_only_geometry	receptor_grouped_5fold	0	Gs	numeric__receptor_only__icl2_longest_helix	0.0	0.0
receptor_only_geometry	receptor_grouped_5fold	0	Gs	numeric__receptor_only__icl2_mean_phi	0.0	0.0
receptor_only_geometry	receptor_grouped_5fold	0	Gs	numeric__receptor_only__icl2_mean_psi	0.0	0.0
receptor_only_geometry	receptor_grouped_5fold	0	Gs	numeric__receptor_only__intracellular_cavity_core_volume	0.0	0.0
receptor_only_geometry	receptor_grouped_5fold	0	Gs	numeric__receptor_only__intracellular_cavity_core_mouth_area	0.0	0.0
receptor_only_geometry	receptor_grouped_5fold	0	Gs	numeric__receptor_only__intracellular_cavity_core_depth	0.0	0.0
receptor_only_geometry	receptor_grouped_5fold	0	Gs	numeric__receptor_only__intracellular_cavity_core_maximum_width	0.0	0.0
receptor_only_geometry	receptor_grouped_5fold	0	Gs	numeric__receptor_only__intracellular_cavity_core_average_cross_section	0.0	0.0
receptor_only_geometry	receptor_grouped_5fold	0	Gs	numeric__receptor_only__intracellular_cavity_core_bottleneck_area	0.0	0.0
receptor_only_geometry	receptor_grouped_5fold	0	Gs	numeric__receptor_only__intracellular_cavity_core_bottleneck_radius	0.0	0.0
receptor_only_geometry	receptor_grouped_5fold	0	Gs	numeric__receptor_only__intracellular_cavity_core_max_inscribed_radius	0.0	0.0
receptor_only_geometry	receptor_grouped_5fold	0	Gs	numeric__receptor_only__intracellular_cavity_core_surface_area	0.0	0.0
receptor_only_geometry	receptor_grouped_5fold	0	Gs	numeric__receptor_only__intracellular_cavity_core_centroid_x	-0.006030820863156552	0.006030820863156552
receptor_only_geometry	receptor_grouped_5fold	0	Gs	numeric__receptor_only__intracellular_cavity_core_centroid_y	0.0	0.0
receptor_only_geometry	receptor_grouped_5fold	0	Gs	numeric__receptor_only__intracellular_cavity_core_centroid_z	0.0	0.0
receptor_only_geometry	receptor_grouped_5fold	0	Gs	numeric__receptor_only__intracellular_cavity_core_principal_length_1	0.0	0.0
receptor_only_geometry	receptor_grouped_5fold	0	Gs	numeric__receptor_only__intracellular_cavity_core_principal_length_2	0.0	0.0
receptor_only_geometry	receptor_grouped_5fold	0	Gs	numeric__receptor_only__intracellular_cavity_core_principal_length_3	0.0	0.0
receptor_only_geometry	receptor_grouped_5fold	0	Gs	numeric__receptor_only__intracellular_cavity_core_principal_axis_1_z_alignment	-0.5980117110428638	0.5980117110428638
receptor_only_geometry	receptor_grouped_5fold	0	Gs	numeric__receptor_only__intracellular_cavity_core_eccentricity	0.0	0.0
receptor_only_geometry	receptor_grouped_5fold	0	Gs	numeric__receptor_only__intracellular_cavity_core_sphericity	0.0	0.0
receptor_only_geometry	receptor_grouped_5fold	0	Gs	numeric__receptor_only__intracellular_cavity_core_asymmetry	0.0	0.0
receptor_only_geometry	receptor_grouped_5fold	0	Gs	numeric__receptor_only__intracellular_cavity_core_tm3_side_fraction	0.0	0.0
receptor_only_geometry	receptor_grouped_5fold	0	Gs	numeric__receptor_only__intracellular_cavity_core_tm6_side_fraction	0.0	0.0
receptor_only_geometry	receptor_grouped_5fold	0	Gs	numeric__receptor_only__intracellular_cavity_core_tm5_side_fraction	0.0	0.0
receptor_only_geometry	receptor_grouped_5fold	0	Gs	numeric__receptor_only__intracellular_cavity_core_tm7_side_fraction	0.0	0.0
receptor_only_geometry	receptor_grouped_5fold	0	Gs	numeric__receptor_only__intracellular_cavity_core_wall_fraction_h8	0.0	0.0
receptor_only_geometry	receptor_grouped_5fold	0	Gs	numeric__receptor_only__intracellular_cavity_core_wall_fraction_icl2	0.0	0.0
receptor_only_geometry	receptor_grouped_5fold	0	Gs	numeric__receptor_only__intracellular_cavity_core_wall_fraction_tm3	0.0	0.0
receptor_only_geometry	receptor_grouped_5fold	0	Gs	numeric__receptor_only__intracellular_cavity_core_wall_fraction_tm7	0.0	0.0
receptor_only_geometry	receptor_grouped_5fold	1	Gi/o	numeric__receptor_only__activation_consensus_score	-0.17773519075990593	0.17773519075990593
receptor_only_geometry	receptor_grouped_5fold	1	Gi/o	numeric__receptor_only__tm6_r350_634_distance	-0.11796578911169243	0.11796578911169243
receptor_only_geometry	receptor_grouped_5fold	1	Gi/o	numeric__receptor_only__tm6_aligned_displacement	-0.15258920062448997	0.15258920062448997
receptor_only_geometry	receptor_grouped_5fold	1	Gi/o	numeric__receptor_only__tm7_displacement	0.0	0.0
receptor_only_geometry	receptor_grouped_5fold	1	Gi/o	numeric__receptor_only__tm3_tm7_distance	0.29907053135599493	0.29907053135599493
receptor_only_geometry	receptor_grouped_5fold	1	Gi/o	numeric__receptor_only__tm6_r350_630_distance	0.0	0.0
receptor_only_geometry	receptor_grouped_5fold	1	Gi/o	numeric__receptor_only__dry_r350_630_min_distance	0.0	0.0
receptor_only_geometry	receptor_grouped_5fold	1	Gi/o	numeric__receptor_only__dry_r350_630_ca_distance	0.0	0.0
receptor_only_geometry	receptor_grouped_5fold	1	Gi/o	numeric__receptor_only__dry_d349_r350_min_distance	0.00011238763216163953	0.00011238763216163953
receptor_only_geometry	receptor_grouped_5fold	1	Gi/o	numeric__receptor_only__r350_chi1	0.05584145218911468	0.05584145218911468
receptor_only_geometry	receptor_grouped_5fold	1	Gi/o	numeric__receptor_only__r350_chi2	0.0	0.0
receptor_only_geometry	receptor_grouped_5fold	1	Gi/o	numeric__receptor_only__pif_550_340_distance	0.0	0.0
receptor_only_geometry	receptor_grouped_5fold	1	Gi/o	numeric__receptor_only__pif_340_644_distance	0.0	0.0
receptor_only_geometry	receptor_grouped_5fold	1	Gi/o	numeric__receptor_only__pif_550_644_distance	0.0	0.0
receptor_only_geometry	receptor_grouped_5fold	1	Gi/o	numeric__receptor_only__pif_550_340_min_distance	0.0	0.0
receptor_only_geometry	receptor_grouped_5fold	1	Gi/o	numeric__receptor_only__pif_340_644_min_distance	0.0	0.0
receptor_only_geometry	receptor_grouped_5fold	1	Gi/o	numeric__receptor_only__pif_550_644_min_distance	0.0	0.0
receptor_only_geometry	receptor_grouped_5fold	1	Gi/o	numeric__receptor_only__pif_triangle_perimeter	0.0	0.0
receptor_only_geometry	receptor_grouped_5fold	1	Gi/o	numeric__receptor_only__position_644_chi1	0.0	0.0
receptor_only_geometry	receptor_grouped_5fold	1	Gi/o	numeric__receptor_only__position_644_chi2	0.0	0.0
receptor_only_geometry	receptor_grouped_5fold	1	Gi/o	numeric__receptor_only__w648_chi1	0.0	0.0
receptor_only_geometry	receptor_grouped_5fold	1	Gi/o	numeric__receptor_only__w648_chi2	0.0	0.0
receptor_only_geometry	receptor_grouped_5fold	1	Gi/o	numeric__receptor_only__w648_displacement	0.02444948512387773	0.02444948512387773
receptor_only_geometry	receptor_grouped_5fold	1	Gi/o	numeric__receptor_only__w648_to_644_distance	-0.045046493639907315	0.045046493639907315
receptor_only_geometry	receptor_grouped_5fold	1	Gi/o	numeric__receptor_only__cwxp_647_650_distance	0.0	0.0
receptor_only_geometry	receptor_grouped_5fold	1	Gi/o	numeric__receptor_only__y753_chi1	-0.0604581053886711	0.0604581053886711
receptor_only_geometry	receptor_grouped_5fold	1	Gi/o	numeric__receptor_only__y753_chi2	0.0	0.0
receptor_only_geometry	receptor_grouped_5fold	1	Gi/o	numeric__receptor_only__y753_y558_distance	0.0	0.0
receptor_only_geometry	receptor_grouped_5fold	1	Gi/o	numeric__receptor_only__y753_y558_min_distance	0.0	0.0
receptor_only_geometry	receptor_grouped_5fold	1	Gi/o	numeric__receptor_only__n749_y753_distance	0.0	0.0
receptor_only_geometry	receptor_grouped_5fold	1	Gi/o	numeric__receptor_only__npxxy_local_spread	-0.2215154890873367	0.2215154890873367
receptor_only_geometry	receptor_grouped_5fold	1	Gi/o	numeric__receptor_only__y753_displacement	0.0	0.0
receptor_only_geometry	receptor_grouped_5fold	1	Gi/o	numeric__receptor_only__sodium_d250_s339_distance	-0.07406194771858772	0.07406194771858772
receptor_only_geometry	receptor_grouped_5fold	1	Gi/o	numeric__receptor_only__sodium_d250_n745_distance	0.0	0.0
receptor_only_geometry	receptor_grouped_5fold	1	Gi/o	numeric__receptor_only__sodium_d250_s746_distance	0.08719921630601365	0.08719921630601365
receptor_only_geometry	receptor_grouped_5fold	1	Gi/o	numeric__receptor_only__sodium_d250_n749_distance	0.0	0.0
receptor_only_geometry	receptor_grouped_5fold	1	Gi/o	numeric__receptor_only__sodium_pocket_volume	0.0	0.0
receptor_only_geometry	receptor_grouped_5fold	1	Gi/o	numeric__receptor_only__sodium_pocket_spread	0.0	0.0
receptor_only_geometry	receptor_grouped_5fold	1	Gi/o	numeric__receptor_only__tm7_rotation	0.0	0.0
receptor_only_geometry	receptor_grouped_5fold	1	Gi/o	numeric__receptor_only__icl2_generic_ca_count	0.0	0.0
receptor_only_geometry	receptor_grouped_5fold	1	Gi/o	numeric__receptor_only__icl2_end_to_end_distance	0.0	0.0
receptor_only_geometry	receptor_grouped_5fold	1	Gi/o	numeric__receptor_only__icl2_centroid_to_r350	0.0	0.0
receptor_only_geometry	receptor_grouped_5fold	1	Gi/o	numeric__receptor_only__icl2_centroid_to_tm5_561	-0.3557486920331957	0.3557486920331957
receptor_only_geometry	receptor_grouped_5fold	1	Gi/o	numeric__receptor_only__icl2_centroid_to_tm6_634	-0.12544426128821207	0.12544426128821207
receptor_only_geometry	receptor_grouped_5fold	1	Gi/o	numeric__receptor_only__icl2_centroid_to_tm7_753	0.010262061026128953	0.010262061026128953
receptor_only_geometry	receptor_grouped_5fold	1	Gi/o	numeric__receptor_only__icl2_axis_tm3_angle	0.0	0.0
receptor_only_geometry	receptor_grouped_5fold	1	Gi/o	numeric__receptor_only__icl2_axis_tm5_angle	0.15443851125346567	0.15443851125346567
receptor_only_geometry	receptor_grouped_5fold	1	Gi/o	numeric__receptor_only__icl2_active_reference_displacement	0.1294758469473831	0.1294758469473831
receptor_only_geometry	receptor_grouped_5fold	1	Gi/o	numeric__receptor_only__tm5_cytoplasmic_extension	-0.16654131146403284	0.16654131146403284
receptor_only_geometry	receptor_grouped_5fold	1	Gi/o	numeric__receptor_only__tm5_cytoplasmic_kink	0.0	0.0
receptor_only_geometry	receptor_grouped_5fold	1	Gi/o	numeric__receptor_only__tm5_r350_561_distance	0.0	0.0
receptor_only_geometry	receptor_grouped_5fold	1	Gi/o	numeric__receptor_only__tm5_r350_564_distance	0.0	0.0
receptor_only_geometry	receptor_grouped_5fold	1	Gi/o	numeric__receptor_only__tm5_tm6_cavity_distance	0.0	0.0
receptor_only_geometry	receptor_grouped_5fold	1	Gi/o	numeric__receptor_only__tm5_axis_tm3_angle	0.0	0.0
receptor_only_geometry	receptor_grouped_5fold	1	Gi/o	numeric__receptor_only__tm6_lower_upper_kink	0.0	0.0
receptor_only_geometry	receptor_grouped_5fold	1	Gi/o	numeric__receptor_only__tm6_axis_tm3_angle	0.0	0.0
receptor_only_geometry	receptor_grouped_5fold	1	Gi/o	numeric__receptor_only__tm6_tm7_cavity_distance	0.0	0.0
receptor_only_geometry	receptor_grouped_5fold	1	Gi/o	numeric__receptor_only__tm7_h8_angle	0.0	0.0
receptor_only_geometry	receptor_grouped_5fold	1	Gi/o	numeric__receptor_only__h8_end_to_end_distance	0.0	0.0
receptor_only_geometry	receptor_grouped_5fold	1	Gi/o	numeric__receptor_only__h8_r350_distance	0.0	0.0
receptor_only_geometry	receptor_grouped_5fold	1	Gi/o	numeric__receptor_only__h8_tm6_distance	-0.08007519054269902	0.08007519054269902
receptor_only_geometry	receptor_grouped_5fold	1	Gi/o	numeric__receptor_only__icl2_helix_fraction	-0.12319311496651252	0.12319311496651252
receptor_only_geometry	receptor_grouped_5fold	1	Gi/o	numeric__receptor_only__icl2_longest_helix	-0.07163063947179887	0.07163063947179887
receptor_only_geometry	receptor_grouped_5fold	1	Gi/o	numeric__receptor_only__icl2_mean_phi	0.0	0.0
receptor_only_geometry	receptor_grouped_5fold	1	Gi/o	numeric__receptor_only__icl2_mean_psi	0.012730407138090791	0.012730407138090791
receptor_only_geometry	receptor_grouped_5fold	1	Gi/o	numeric__receptor_only__intracellular_cavity_core_volume	0.0	0.0
receptor_only_geometry	receptor_grouped_5fold	1	Gi/o	numeric__receptor_only__intracellular_cavity_core_mouth_area	0.0	0.0
receptor_only_geometry	receptor_grouped_5fold	1	Gi/o	numeric__receptor_only__intracellular_cavity_core_depth	0.0	0.0
receptor_only_geometry	receptor_grouped_5fold	1	Gi/o	numeric__receptor_only__intracellular_cavity_core_maximum_width	0.0	0.0
receptor_only_geometry	receptor_grouped_5fold	1	Gi/o	numeric__receptor_only__intracellular_cavity_core_average_cross_section	0.0	0.0
receptor_only_geometry	receptor_grouped_5fold	1	Gi/o	numeric__receptor_only__intracellular_cavity_core_bottleneck_area	0.0	0.0
receptor_only_geometry	receptor_grouped_5fold	1	Gi/o	numeric__receptor_only__intracellular_cavity_core_bottleneck_radius	0.0	0.0
receptor_only_geometry	receptor_grouped_5fold	1	Gi/o	numeric__receptor_only__intracellular_cavity_core_max_inscribed_radius	0.0	0.0
receptor_only_geometry	receptor_grouped_5fold	1	Gi/o	numeric__receptor_only__intracellular_cavity_core_surface_area	0.0	0.0
receptor_only_geometry	receptor_grouped_5fold	1	Gi/o	numeric__receptor_only__intracellular_cavity_core_centroid_x	0.0	0.0
receptor_only_geometry	receptor_grouped_5fold	1	Gi/o	numeric__receptor_only__intracellular_cavity_core_centroid_y	0.0	0.0
receptor_only_geometry	receptor_grouped_5fold	1	Gi/o	numeric__receptor_only__intracellular_cavity_core_centroid_z	0.0	0.0
receptor_only_geometry	receptor_grouped_5fold	1	Gi/o	numeric__receptor_only__intracellular_cavity_core_principal_length_1	0.05725744747618981	0.05725744747618981
receptor_only_geometry	receptor_grouped_5fold	1	Gi/o	numeric__receptor_only__intracellular_cavity_core_principal_length_2	0.0	0.0
receptor_only_geometry	receptor_grouped_5fold	1	Gi/o	numeric__receptor_only__intracellular_cavity_core_principal_length_3	0.0	0.0
receptor_only_geometry	receptor_grouped_5fold	1	Gi/o	numeric__receptor_only__intracellular_cavity_core_principal_axis_1_z_alignment	0.0	0.0
receptor_only_geometry	receptor_grouped_5fold	1	Gi/o	numeric__receptor_only__intracellular_cavity_core_eccentricity	0.0	0.0
receptor_only_geometry	receptor_grouped_5fold	1	Gi/o	numeric__receptor_only__intracellular_cavity_core_sphericity	0.0	0.0
receptor_only_geometry	receptor_grouped_5fold	1	Gi/o	numeric__receptor_only__intracellular_cavity_core_asymmetry	0.0	0.0
receptor_only_geometry	receptor_grouped_5fold	1	Gi/o	numeric__receptor_only__intracellular_cavity_core_tm3_side_fraction	0.0	0.0
receptor_only_geometry	receptor_grouped_5fold	1	Gi/o	numeric__receptor_only__intracellular_cavity_core_tm6_side_fraction	0.0	0.0
receptor_only_geometry	receptor_grouped_5fold	1	Gi/o	numeric__receptor_only__intracellular_cavity_core_tm5_side_fraction	0.0	0.0
receptor_only_geometry	receptor_grouped_5fold	1	Gi/o	numeric__receptor_only__intracellular_cavity_core_tm7_side_fraction	0.0	0.0
receptor_only_geometry	receptor_grouped_5fold	1	Gi/o	numeric__receptor_only__intracellular_cavity_core_wall_fraction_h8	0.0	0.0
receptor_only_geometry	receptor_grouped_5fold	1	Gi/o	numeric__receptor_only__intracellular_cavity_core_wall_fraction_icl2	0.0	0.0
receptor_only_geometry	receptor_grouped_5fold	1	Gi/o	numeric__receptor_only__intracellular_cavity_core_wall_fraction_tm3	0.0	0.0
receptor_only_geometry	receptor_grouped_5fold	1	Gi/o	numeric__receptor_only__intracellular_cavity_core_wall_fraction_tm7	0.0	0.0
receptor_only_geometry	receptor_grouped_5fold	1	Gq/11	numeric__receptor_only__activation_consensus_score	0.04858194131769084	0.04858194131769084
receptor_only_geometry	receptor_grouped_5fold	1	Gq/11	numeric__receptor_only__tm6_r350_634_distance	0.0	0.0
receptor_only_geometry	receptor_grouped_5fold	1	Gq/11	numeric__receptor_only__tm6_aligned_displacement	0.0	0.0
receptor_only_geometry	receptor_grouped_5fold	1	Gq/11	numeric__receptor_only__tm7_displacement	0.0	0.0
receptor_only_geometry	receptor_grouped_5fold	1	Gq/11	numeric__receptor_only__tm3_tm7_distance	0.0	0.0
receptor_only_geometry	receptor_grouped_5fold	1	Gq/11	numeric__receptor_only__tm6_r350_630_distance	0.0	0.0
receptor_only_geometry	receptor_grouped_5fold	1	Gq/11	numeric__receptor_only__dry_r350_630_min_distance	0.0	0.0
receptor_only_geometry	receptor_grouped_5fold	1	Gq/11	numeric__receptor_only__dry_r350_630_ca_distance	0.0	0.0
receptor_only_geometry	receptor_grouped_5fold	1	Gq/11	numeric__receptor_only__dry_d349_r350_min_distance	-0.07678603139100225	0.07678603139100225
receptor_only_geometry	receptor_grouped_5fold	1	Gq/11	numeric__receptor_only__r350_chi1	0.0	0.0
receptor_only_geometry	receptor_grouped_5fold	1	Gq/11	numeric__receptor_only__r350_chi2	0.0	0.0
receptor_only_geometry	receptor_grouped_5fold	1	Gq/11	numeric__receptor_only__pif_550_340_distance	0.0	0.0
receptor_only_geometry	receptor_grouped_5fold	1	Gq/11	numeric__receptor_only__pif_340_644_distance	-0.00013124069166965205	0.00013124069166965205
receptor_only_geometry	receptor_grouped_5fold	1	Gq/11	numeric__receptor_only__pif_550_644_distance	0.12328148454469234	0.12328148454469234
receptor_only_geometry	receptor_grouped_5fold	1	Gq/11	numeric__receptor_only__pif_550_340_min_distance	0.0	0.0
receptor_only_geometry	receptor_grouped_5fold	1	Gq/11	numeric__receptor_only__pif_340_644_min_distance	0.0	0.0
receptor_only_geometry	receptor_grouped_5fold	1	Gq/11	numeric__receptor_only__pif_550_644_min_distance	0.038000068033955496	0.038000068033955496
receptor_only_geometry	receptor_grouped_5fold	1	Gq/11	numeric__receptor_only__pif_triangle_perimeter	0.0	0.0
receptor_only_geometry	receptor_grouped_5fold	1	Gq/11	numeric__receptor_only__position_644_chi1	0.0	0.0
receptor_only_geometry	receptor_grouped_5fold	1	Gq/11	numeric__receptor_only__position_644_chi2	-0.21819006562810114	0.21819006562810114
receptor_only_geometry	receptor_grouped_5fold	1	Gq/11	numeric__receptor_only__w648_chi1	0.0	0.0
receptor_only_geometry	receptor_grouped_5fold	1	Gq/11	numeric__receptor_only__w648_chi2	0.17007012839053637	0.17007012839053637
receptor_only_geometry	receptor_grouped_5fold	1	Gq/11	numeric__receptor_only__w648_displacement	0.0	0.0
receptor_only_geometry	receptor_grouped_5fold	1	Gq/11	numeric__receptor_only__w648_to_644_distance	0.0	0.0
receptor_only_geometry	receptor_grouped_5fold	1	Gq/11	numeric__receptor_only__cwxp_647_650_distance	-0.2155623198430365	0.2155623198430365
receptor_only_geometry	receptor_grouped_5fold	1	Gq/11	numeric__receptor_only__y753_chi1	0.0	0.0
receptor_only_geometry	receptor_grouped_5fold	1	Gq/11	numeric__receptor_only__y753_chi2	0.0	0.0
receptor_only_geometry	receptor_grouped_5fold	1	Gq/11	numeric__receptor_only__y753_y558_distance	0.0	0.0
receptor_only_geometry	receptor_grouped_5fold	1	Gq/11	numeric__receptor_only__y753_y558_min_distance	0.0	0.0
receptor_only_geometry	receptor_grouped_5fold	1	Gq/11	numeric__receptor_only__n749_y753_distance	-0.13221117358022738	0.13221117358022738
receptor_only_geometry	receptor_grouped_5fold	1	Gq/11	numeric__receptor_only__npxxy_local_spread	0.001181574431999044	0.001181574431999044
receptor_only_geometry	receptor_grouped_5fold	1	Gq/11	numeric__receptor_only__y753_displacement	0.0	0.0
receptor_only_geometry	receptor_grouped_5fold	1	Gq/11	numeric__receptor_only__sodium_d250_s339_distance	0.0	0.0
receptor_only_geometry	receptor_grouped_5fold	1	Gq/11	numeric__receptor_only__sodium_d250_n745_distance	0.0	0.0
receptor_only_geometry	receptor_grouped_5fold	1	Gq/11	numeric__receptor_only__sodium_d250_s746_distance	0.0	0.0
receptor_only_geometry	receptor_grouped_5fold	1	Gq/11	numeric__receptor_only__sodium_d250_n749_distance	0.0	0.0
receptor_only_geometry	receptor_grouped_5fold	1	Gq/11	numeric__receptor_only__sodium_pocket_volume	0.0	0.0
receptor_only_geometry	receptor_grouped_5fold	1	Gq/11	numeric__receptor_only__sodium_pocket_spread	-0.02130320301105733	0.02130320301105733
receptor_only_geometry	receptor_grouped_5fold	1	Gq/11	numeric__receptor_only__tm7_rotation	0.0	0.0
receptor_only_geometry	receptor_grouped_5fold	1	Gq/11	numeric__receptor_only__icl2_generic_ca_count	0.0	0.0
receptor_only_geometry	receptor_grouped_5fold	1	Gq/11	numeric__receptor_only__icl2_end_to_end_distance	-0.0543655098824631	0.0543655098824631
receptor_only_geometry	receptor_grouped_5fold	1	Gq/11	numeric__receptor_only__icl2_centroid_to_r350	0.0	0.0
receptor_only_geometry	receptor_grouped_5fold	1	Gq/11	numeric__receptor_only__icl2_centroid_to_tm5_561	0.039756579602283605	0.039756579602283605
receptor_only_geometry	receptor_grouped_5fold	1	Gq/11	numeric__receptor_only__icl2_centroid_to_tm6_634	0.0	0.0
receptor_only_geometry	receptor_grouped_5fold	1	Gq/11	numeric__receptor_only__icl2_centroid_to_tm7_753	0.0	0.0
receptor_only_geometry	receptor_grouped_5fold	1	Gq/11	numeric__receptor_only__icl2_axis_tm3_angle	0.0	0.0
receptor_only_geometry	receptor_grouped_5fold	1	Gq/11	numeric__receptor_only__icl2_axis_tm5_angle	0.0	0.0
receptor_only_geometry	receptor_grouped_5fold	1	Gq/11	numeric__receptor_only__icl2_active_reference_displacement	0.0	0.0
receptor_only_geometry	receptor_grouped_5fold	1	Gq/11	numeric__receptor_only__tm5_cytoplasmic_extension	0.0	0.0
receptor_only_geometry	receptor_grouped_5fold	1	Gq/11	numeric__receptor_only__tm5_cytoplasmic_kink	0.0	0.0
receptor_only_geometry	receptor_grouped_5fold	1	Gq/11	numeric__receptor_only__tm5_r350_561_distance	0.0	0.0
receptor_only_geometry	receptor_grouped_5fold	1	Gq/11	numeric__receptor_only__tm5_r350_564_distance	0.0	0.0
receptor_only_geometry	receptor_grouped_5fold	1	Gq/11	numeric__receptor_only__tm5_tm6_cavity_distance	0.08332280560539009	0.08332280560539009
receptor_only_geometry	receptor_grouped_5fold	1	Gq/11	numeric__receptor_only__tm5_axis_tm3_angle	0.0	0.0
receptor_only_geometry	receptor_grouped_5fold	1	Gq/11	numeric__receptor_only__tm6_lower_upper_kink	-0.0564266626105439	0.0564266626105439
receptor_only_geometry	receptor_grouped_5fold	1	Gq/11	numeric__receptor_only__tm6_axis_tm3_angle	0.0	0.0
receptor_only_geometry	receptor_grouped_5fold	1	Gq/11	numeric__receptor_only__tm6_tm7_cavity_distance	0.0	0.0
receptor_only_geometry	receptor_grouped_5fold	1	Gq/11	numeric__receptor_only__tm7_h8_angle	0.0	0.0
receptor_only_geometry	receptor_grouped_5fold	1	Gq/11	numeric__receptor_only__h8_end_to_end_distance	0.0	0.0
receptor_only_geometry	receptor_grouped_5fold	1	Gq/11	numeric__receptor_only__h8_r350_distance	0.0	0.0
receptor_only_geometry	receptor_grouped_5fold	1	Gq/11	numeric__receptor_only__h8_tm6_distance	0.0	0.0
receptor_only_geometry	receptor_grouped_5fold	1	Gq/11	numeric__receptor_only__icl2_helix_fraction	0.0	0.0
receptor_only_geometry	receptor_grouped_5fold	1	Gq/11	numeric__receptor_only__icl2_longest_helix	0.0	0.0
receptor_only_geometry	receptor_grouped_5fold	1	Gq/11	numeric__receptor_only__icl2_mean_phi	0.1286088029835965	0.1286088029835965
receptor_only_geometry	receptor_grouped_5fold	1	Gq/11	numeric__receptor_only__icl2_mean_psi	0.0	0.0
receptor_only_geometry	receptor_grouped_5fold	1	Gq/11	numeric__receptor_only__intracellular_cavity_core_volume	0.0	0.0
receptor_only_geometry	receptor_grouped_5fold	1	Gq/11	numeric__receptor_only__intracellular_cavity_core_mouth_area	0.0	0.0
receptor_only_geometry	receptor_grouped_5fold	1	Gq/11	numeric__receptor_only__intracellular_cavity_core_depth	0.0	0.0
receptor_only_geometry	receptor_grouped_5fold	1	Gq/11	numeric__receptor_only__intracellular_cavity_core_maximum_width	0.0	0.0
receptor_only_geometry	receptor_grouped_5fold	1	Gq/11	numeric__receptor_only__intracellular_cavity_core_average_cross_section	0.0	0.0
receptor_only_geometry	receptor_grouped_5fold	1	Gq/11	numeric__receptor_only__intracellular_cavity_core_bottleneck_area	0.0	0.0
receptor_only_geometry	receptor_grouped_5fold	1	Gq/11	numeric__receptor_only__intracellular_cavity_core_bottleneck_radius	0.0	0.0
receptor_only_geometry	receptor_grouped_5fold	1	Gq/11	numeric__receptor_only__intracellular_cavity_core_max_inscribed_radius	0.0	0.0
receptor_only_geometry	receptor_grouped_5fold	1	Gq/11	numeric__receptor_only__intracellular_cavity_core_surface_area	0.0	0.0
receptor_only_geometry	receptor_grouped_5fold	1	Gq/11	numeric__receptor_only__intracellular_cavity_core_centroid_x	0.0221795171680058	0.0221795171680058
receptor_only_geometry	receptor_grouped_5fold	1	Gq/11	numeric__receptor_only__intracellular_cavity_core_centroid_y	0.0	0.0
receptor_only_geometry	receptor_grouped_5fold	1	Gq/11	numeric__receptor_only__intracellular_cavity_core_centroid_z	0.0	0.0
receptor_only_geometry	receptor_grouped_5fold	1	Gq/11	numeric__receptor_only__intracellular_cavity_core_principal_length_1	0.0	0.0
receptor_only_geometry	receptor_grouped_5fold	1	Gq/11	numeric__receptor_only__intracellular_cavity_core_principal_length_2	0.0	0.0
receptor_only_geometry	receptor_grouped_5fold	1	Gq/11	numeric__receptor_only__intracellular_cavity_core_principal_length_3	0.0	0.0
receptor_only_geometry	receptor_grouped_5fold	1	Gq/11	numeric__receptor_only__intracellular_cavity_core_principal_axis_1_z_alignment	0.0	0.0
receptor_only_geometry	receptor_grouped_5fold	1	Gq/11	numeric__receptor_only__intracellular_cavity_core_eccentricity	0.0	0.0
receptor_only_geometry	receptor_grouped_5fold	1	Gq/11	numeric__receptor_only__intracellular_cavity_core_sphericity	0.0	0.0
receptor_only_geometry	receptor_grouped_5fold	1	Gq/11	numeric__receptor_only__intracellular_cavity_core_asymmetry	0.0	0.0
receptor_only_geometry	receptor_grouped_5fold	1	Gq/11	numeric__receptor_only__intracellular_cavity_core_tm3_side_fraction	0.0	0.0
receptor_only_geometry	receptor_grouped_5fold	1	Gq/11	numeric__receptor_only__intracellular_cavity_core_tm6_side_fraction	0.0	0.0
receptor_only_geometry	receptor_grouped_5fold	1	Gq/11	numeric__receptor_only__intracellular_cavity_core_tm5_side_fraction	0.0	0.0
receptor_only_geometry	receptor_grouped_5fold	1	Gq/11	numeric__receptor_only__intracellular_cavity_core_tm7_side_fraction	0.0	0.0
receptor_only_geometry	receptor_grouped_5fold	1	Gq/11	numeric__receptor_only__intracellular_cavity_core_wall_fraction_h8	0.0	0.0
receptor_only_geometry	receptor_grouped_5fold	1	Gq/11	numeric__receptor_only__intracellular_cavity_core_wall_fraction_icl2	0.0	0.0
receptor_only_geometry	receptor_grouped_5fold	1	Gq/11	numeric__receptor_only__intracellular_cavity_core_wall_fraction_tm3	0.0	0.0
receptor_only_geometry	receptor_grouped_5fold	1	Gq/11	numeric__receptor_only__intracellular_cavity_core_wall_fraction_tm7	0.0	0.0
receptor_only_geometry	receptor_grouped_5fold	1	Gs	numeric__receptor_only__activation_consensus_score	0.0	0.0
receptor_only_geometry	receptor_grouped_5fold	1	Gs	numeric__receptor_only__tm6_r350_634_distance	0.0	0.0
receptor_only_geometry	receptor_grouped_5fold	1	Gs	numeric__receptor_only__tm6_aligned_displacement	0.0	0.0
receptor_only_geometry	receptor_grouped_5fold	1	Gs	numeric__receptor_only__tm7_displacement	0.0	0.0
receptor_only_geometry	receptor_grouped_5fold	1	Gs	numeric__receptor_only__tm3_tm7_distance	-0.004546836225555809	0.004546836225555809
receptor_only_geometry	receptor_grouped_5fold	1	Gs	numeric__receptor_only__tm6_r350_630_distance	0.0	0.0
receptor_only_geometry	receptor_grouped_5fold	1	Gs	numeric__receptor_only__dry_r350_630_min_distance	0.0	0.0
receptor_only_geometry	receptor_grouped_5fold	1	Gs	numeric__receptor_only__dry_r350_630_ca_distance	0.0	0.0
receptor_only_geometry	receptor_grouped_5fold	1	Gs	numeric__receptor_only__dry_d349_r350_min_distance	0.0	0.0
receptor_only_geometry	receptor_grouped_5fold	1	Gs	numeric__receptor_only__r350_chi1	0.0	0.0
receptor_only_geometry	receptor_grouped_5fold	1	Gs	numeric__receptor_only__r350_chi2	0.0	0.0
receptor_only_geometry	receptor_grouped_5fold	1	Gs	numeric__receptor_only__pif_550_340_distance	0.0	0.0
receptor_only_geometry	receptor_grouped_5fold	1	Gs	numeric__receptor_only__pif_340_644_distance	0.0	0.0
receptor_only_geometry	receptor_grouped_5fold	1	Gs	numeric__receptor_only__pif_550_644_distance	0.0	0.0
receptor_only_geometry	receptor_grouped_5fold	1	Gs	numeric__receptor_only__pif_550_340_min_distance	0.0	0.0
receptor_only_geometry	receptor_grouped_5fold	1	Gs	numeric__receptor_only__pif_340_644_min_distance	0.0	0.0
receptor_only_geometry	receptor_grouped_5fold	1	Gs	numeric__receptor_only__pif_550_644_min_distance	0.0	0.0
receptor_only_geometry	receptor_grouped_5fold	1	Gs	numeric__receptor_only__pif_triangle_perimeter	0.0	0.0
receptor_only_geometry	receptor_grouped_5fold	1	Gs	numeric__receptor_only__position_644_chi1	0.0	0.0
receptor_only_geometry	receptor_grouped_5fold	1	Gs	numeric__receptor_only__position_644_chi2	0.1407689044639637	0.1407689044639637
receptor_only_geometry	receptor_grouped_5fold	1	Gs	numeric__receptor_only__w648_chi1	0.0	0.0
receptor_only_geometry	receptor_grouped_5fold	1	Gs	numeric__receptor_only__w648_chi2	0.0	0.0
receptor_only_geometry	receptor_grouped_5fold	1	Gs	numeric__receptor_only__w648_displacement	0.0	0.0
receptor_only_geometry	receptor_grouped_5fold	1	Gs	numeric__receptor_only__w648_to_644_distance	0.0	0.0
receptor_only_geometry	receptor_grouped_5fold	1	Gs	numeric__receptor_only__cwxp_647_650_distance	0.34964814797820587	0.34964814797820587
receptor_only_geometry	receptor_grouped_5fold	1	Gs	numeric__receptor_only__y753_chi1	0.16542264438051252	0.16542264438051252
receptor_only_geometry	receptor_grouped_5fold	1	Gs	numeric__receptor_only__y753_chi2	-0.06870745612890633	0.06870745612890633
receptor_only_geometry	receptor_grouped_5fold	1	Gs	numeric__receptor_only__y753_y558_distance	0.0	0.0
receptor_only_geometry	receptor_grouped_5fold	1	Gs	numeric__receptor_only__y753_y558_min_distance	0.0	0.0
receptor_only_geometry	receptor_grouped_5fold	1	Gs	numeric__receptor_only__n749_y753_distance	0.0	0.0
receptor_only_geometry	receptor_grouped_5fold	1	Gs	numeric__receptor_only__npxxy_local_spread	0.0	0.0
receptor_only_geometry	receptor_grouped_5fold	1	Gs	numeric__receptor_only__y753_displacement	0.020520727050872704	0.020520727050872704
receptor_only_geometry	receptor_grouped_5fold	1	Gs	numeric__receptor_only__sodium_d250_s339_distance	0.13641696260139327	0.13641696260139327
receptor_only_geometry	receptor_grouped_5fold	1	Gs	numeric__receptor_only__sodium_d250_n745_distance	0.0	0.0
receptor_only_geometry	receptor_grouped_5fold	1	Gs	numeric__receptor_only__sodium_d250_s746_distance	0.0	0.0
receptor_only_geometry	receptor_grouped_5fold	1	Gs	numeric__receptor_only__sodium_d250_n749_distance	0.0	0.0
receptor_only_geometry	receptor_grouped_5fold	1	Gs	numeric__receptor_only__sodium_pocket_volume	0.06994696749219755	0.06994696749219755
receptor_only_geometry	receptor_grouped_5fold	1	Gs	numeric__receptor_only__sodium_pocket_spread	0.0839516639944901	0.0839516639944901
receptor_only_geometry	receptor_grouped_5fold	1	Gs	numeric__receptor_only__tm7_rotation	0.0	0.0
receptor_only_geometry	receptor_grouped_5fold	1	Gs	numeric__receptor_only__icl2_generic_ca_count	0.07147264153203764	0.07147264153203764
receptor_only_geometry	receptor_grouped_5fold	1	Gs	numeric__receptor_only__icl2_end_to_end_distance	0.0	0.0
receptor_only_geometry	receptor_grouped_5fold	1	Gs	numeric__receptor_only__icl2_centroid_to_r350	0.0	0.0
receptor_only_geometry	receptor_grouped_5fold	1	Gs	numeric__receptor_only__icl2_centroid_to_tm5_561	0.0	0.0
receptor_only_geometry	receptor_grouped_5fold	1	Gs	numeric__receptor_only__icl2_centroid_to_tm6_634	0.0	0.0
receptor_only_geometry	receptor_grouped_5fold	1	Gs	numeric__receptor_only__icl2_centroid_to_tm7_753	0.0	0.0
receptor_only_geometry	receptor_grouped_5fold	1	Gs	numeric__receptor_only__icl2_axis_tm3_angle	0.0	0.0
receptor_only_geometry	receptor_grouped_5fold	1	Gs	numeric__receptor_only__icl2_axis_tm5_angle	0.0	0.0
receptor_only_geometry	receptor_grouped_5fold	1	Gs	numeric__receptor_only__icl2_active_reference_displacement	0.0	0.0
receptor_only_geometry	receptor_grouped_5fold	1	Gs	numeric__receptor_only__tm5_cytoplasmic_extension	0.23435915679229802	0.23435915679229802
receptor_only_geometry	receptor_grouped_5fold	1	Gs	numeric__receptor_only__tm5_cytoplasmic_kink	0.18261515735728182	0.18261515735728182
receptor_only_geometry	receptor_grouped_5fold	1	Gs	numeric__receptor_only__tm5_r350_561_distance	0.0952536201837577	0.0952536201837577
receptor_only_geometry	receptor_grouped_5fold	1	Gs	numeric__receptor_only__tm5_r350_564_distance	0.15822633281082032	0.15822633281082032
receptor_only_geometry	receptor_grouped_5fold	1	Gs	numeric__receptor_only__tm5_tm6_cavity_distance	0.0	0.0
receptor_only_geometry	receptor_grouped_5fold	1	Gs	numeric__receptor_only__tm5_axis_tm3_angle	0.0	0.0
receptor_only_geometry	receptor_grouped_5fold	1	Gs	numeric__receptor_only__tm6_lower_upper_kink	0.2587837257561288	0.2587837257561288
receptor_only_geometry	receptor_grouped_5fold	1	Gs	numeric__receptor_only__tm6_axis_tm3_angle	0.0	0.0
receptor_only_geometry	receptor_grouped_5fold	1	Gs	numeric__receptor_only__tm6_tm7_cavity_distance	0.0	0.0
receptor_only_geometry	receptor_grouped_5fold	1	Gs	numeric__receptor_only__tm7_h8_angle	0.0	0.0
receptor_only_geometry	receptor_grouped_5fold	1	Gs	numeric__receptor_only__h8_end_to_end_distance	0.0	0.0
receptor_only_geometry	receptor_grouped_5fold	1	Gs	numeric__receptor_only__h8_r350_distance	0.0	0.0
receptor_only_geometry	receptor_grouped_5fold	1	Gs	numeric__receptor_only__h8_tm6_distance	0.0	0.0
receptor_only_geometry	receptor_grouped_5fold	1	Gs	numeric__receptor_only__icl2_helix_fraction	0.0	0.0
receptor_only_geometry	receptor_grouped_5fold	1	Gs	numeric__receptor_only__icl2_longest_helix	0.01784264005680098	0.01784264005680098
receptor_only_geometry	receptor_grouped_5fold	1	Gs	numeric__receptor_only__icl2_mean_phi	0.0	0.0
receptor_only_geometry	receptor_grouped_5fold	1	Gs	numeric__receptor_only__icl2_mean_psi	0.0	0.0
receptor_only_geometry	receptor_grouped_5fold	1	Gs	numeric__receptor_only__intracellular_cavity_core_volume	0.0	0.0
receptor_only_geometry	receptor_grouped_5fold	1	Gs	numeric__receptor_only__intracellular_cavity_core_mouth_area	0.0	0.0
receptor_only_geometry	receptor_grouped_5fold	1	Gs	numeric__receptor_only__intracellular_cavity_core_depth	-0.030277755268584325	0.030277755268584325
receptor_only_geometry	receptor_grouped_5fold	1	Gs	numeric__receptor_only__intracellular_cavity_core_maximum_width	0.0	0.0
receptor_only_geometry	receptor_grouped_5fold	1	Gs	numeric__receptor_only__intracellular_cavity_core_average_cross_section	0.0	0.0
receptor_only_geometry	receptor_grouped_5fold	1	Gs	numeric__receptor_only__intracellular_cavity_core_bottleneck_area	0.0	0.0
receptor_only_geometry	receptor_grouped_5fold	1	Gs	numeric__receptor_only__intracellular_cavity_core_bottleneck_radius	0.0	0.0
receptor_only_geometry	receptor_grouped_5fold	1	Gs	numeric__receptor_only__intracellular_cavity_core_max_inscribed_radius	0.0	0.0
receptor_only_geometry	receptor_grouped_5fold	1	Gs	numeric__receptor_only__intracellular_cavity_core_surface_area	0.0	0.0
receptor_only_geometry	receptor_grouped_5fold	1	Gs	numeric__receptor_only__intracellular_cavity_core_centroid_x	0.0	0.0
receptor_only_geometry	receptor_grouped_5fold	1	Gs	numeric__receptor_only__intracellular_cavity_core_centroid_y	-0.18310236282156175	0.18310236282156175
receptor_only_geometry	receptor_grouped_5fold	1	Gs	numeric__receptor_only__intracellular_cavity_core_centroid_z	0.0	0.0
receptor_only_geometry	receptor_grouped_5fold	1	Gs	numeric__receptor_only__intracellular_cavity_core_principal_length_1	0.0	0.0
receptor_only_geometry	receptor_grouped_5fold	1	Gs	numeric__receptor_only__intracellular_cavity_core_principal_length_2	-0.06921470894502674	0.06921470894502674
receptor_only_geometry	receptor_grouped_5fold	1	Gs	numeric__receptor_only__intracellular_cavity_core_principal_length_3	0.0	0.0
receptor_only_geometry	receptor_grouped_5fold	1	Gs	numeric__receptor_only__intracellular_cavity_core_principal_axis_1_z_alignment	0.0	0.0
receptor_only_geometry	receptor_grouped_5fold	1	Gs	numeric__receptor_only__intracellular_cavity_core_eccentricity	0.0	0.0
receptor_only_geometry	receptor_grouped_5fold	1	Gs	numeric__receptor_only__intracellular_cavity_core_sphericity	0.0	0.0
receptor_only_geometry	receptor_grouped_5fold	1	Gs	numeric__receptor_only__intracellular_cavity_core_asymmetry	0.0	0.0
receptor_only_geometry	receptor_grouped_5fold	1	Gs	numeric__receptor_only__intracellular_cavity_core_tm3_side_fraction	0.0	0.0
receptor_only_geometry	receptor_grouped_5fold	1	Gs	numeric__receptor_only__intracellular_cavity_core_tm6_side_fraction	0.0	0.0
receptor_only_geometry	receptor_grouped_5fold	1	Gs	numeric__receptor_only__intracellular_cavity_core_tm5_side_fraction	-0.1891359027650394	0.1891359027650394
receptor_only_geometry	receptor_grouped_5fold	1	Gs	numeric__receptor_only__intracellular_cavity_core_tm7_side_fraction	0.18913590276504014	0.18913590276504014
receptor_only_geometry	receptor_grouped_5fold	1	Gs	numeric__receptor_only__intracellular_cavity_core_wall_fraction_h8	0.0	0.0
receptor_only_geometry	receptor_grouped_5fold	1	Gs	numeric__receptor_only__intracellular_cavity_core_wall_fraction_icl2	0.0	0.0
receptor_only_geometry	receptor_grouped_5fold	1	Gs	numeric__receptor_only__intracellular_cavity_core_wall_fraction_tm3	-0.038442735715786415	0.038442735715786415
receptor_only_geometry	receptor_grouped_5fold	1	Gs	numeric__receptor_only__intracellular_cavity_core_wall_fraction_tm7	0.0	0.0
receptor_only_geometry	receptor_grouped_5fold	2	Gi/o	numeric__receptor_only__activation_consensus_score	-0.061920075717964845	0.061920075717964845
receptor_only_geometry	receptor_grouped_5fold	2	Gi/o	numeric__receptor_only__tm6_r350_634_distance	-0.1533105177017563	0.1533105177017563
receptor_only_geometry	receptor_grouped_5fold	2	Gi/o	numeric__receptor_only__tm6_aligned_displacement	-0.10930808351672403	0.10930808351672403
receptor_only_geometry	receptor_grouped_5fold	2	Gi/o	numeric__receptor_only__tm7_displacement	0.0	0.0
receptor_only_geometry	receptor_grouped_5fold	2	Gi/o	numeric__receptor_only__tm3_tm7_distance	0.07639447760960222	0.07639447760960222
receptor_only_geometry	receptor_grouped_5fold	2	Gi/o	numeric__receptor_only__tm6_r350_630_distance	-0.0837430163815386	0.0837430163815386
receptor_only_geometry	receptor_grouped_5fold	2	Gi/o	numeric__receptor_only__dry_r350_630_min_distance	-0.10255932399067885	0.10255932399067885
receptor_only_geometry	receptor_grouped_5fold	2	Gi/o	numeric__receptor_only__dry_r350_630_ca_distance	-0.0837430163815386	0.0837430163815386
receptor_only_geometry	receptor_grouped_5fold	2	Gi/o	numeric__receptor_only__dry_d349_r350_min_distance	0.0	0.0
receptor_only_geometry	receptor_grouped_5fold	2	Gi/o	numeric__receptor_only__r350_chi1	0.0	0.0
receptor_only_geometry	receptor_grouped_5fold	2	Gi/o	numeric__receptor_only__r350_chi2	0.0957902926742571	0.0957902926742571
receptor_only_geometry	receptor_grouped_5fold	2	Gi/o	numeric__receptor_only__pif_550_340_distance	0.0	0.0
receptor_only_geometry	receptor_grouped_5fold	2	Gi/o	numeric__receptor_only__pif_340_644_distance	0.0	0.0
receptor_only_geometry	receptor_grouped_5fold	2	Gi/o	numeric__receptor_only__pif_550_644_distance	0.0	0.0
receptor_only_geometry	receptor_grouped_5fold	2	Gi/o	numeric__receptor_only__pif_550_340_min_distance	0.0	0.0
receptor_only_geometry	receptor_grouped_5fold	2	Gi/o	numeric__receptor_only__pif_340_644_min_distance	0.0	0.0
receptor_only_geometry	receptor_grouped_5fold	2	Gi/o	numeric__receptor_only__pif_550_644_min_distance	0.0	0.0
receptor_only_geometry	receptor_grouped_5fold	2	Gi/o	numeric__receptor_only__pif_triangle_perimeter	0.0	0.0
receptor_only_geometry	receptor_grouped_5fold	2	Gi/o	numeric__receptor_only__position_644_chi1	0.0	0.0
receptor_only_geometry	receptor_grouped_5fold	2	Gi/o	numeric__receptor_only__position_644_chi2	0.0	0.0
receptor_only_geometry	receptor_grouped_5fold	2	Gi/o	numeric__receptor_only__w648_chi1	0.0	0.0
receptor_only_geometry	receptor_grouped_5fold	2	Gi/o	numeric__receptor_only__w648_chi2	0.0	0.0
receptor_only_geometry	receptor_grouped_5fold	2	Gi/o	numeric__receptor_only__w648_displacement	0.0	0.0
receptor_only_geometry	receptor_grouped_5fold	2	Gi/o	numeric__receptor_only__w648_to_644_distance	0.0	0.0
receptor_only_geometry	receptor_grouped_5fold	2	Gi/o	numeric__receptor_only__cwxp_647_650_distance	0.0	0.0
receptor_only_geometry	receptor_grouped_5fold	2	Gi/o	numeric__receptor_only__y753_chi1	-0.021965550642936375	0.021965550642936375
receptor_only_geometry	receptor_grouped_5fold	2	Gi/o	numeric__receptor_only__y753_chi2	0.0	0.0
receptor_only_geometry	receptor_grouped_5fold	2	Gi/o	numeric__receptor_only__y753_y558_distance	0.0	0.0
receptor_only_geometry	receptor_grouped_5fold	2	Gi/o	numeric__receptor_only__y753_y558_min_distance	0.0	0.0
receptor_only_geometry	receptor_grouped_5fold	2	Gi/o	numeric__receptor_only__n749_y753_distance	0.0	0.0
receptor_only_geometry	receptor_grouped_5fold	2	Gi/o	numeric__receptor_only__npxxy_local_spread	-0.10790852322100514	0.10790852322100514
receptor_only_geometry	receptor_grouped_5fold	2	Gi/o	numeric__receptor_only__y753_displacement	0.0	0.0
receptor_only_geometry	receptor_grouped_5fold	2	Gi/o	numeric__receptor_only__sodium_d250_s339_distance	0.0	0.0
receptor_only_geometry	receptor_grouped_5fold	2	Gi/o	numeric__receptor_only__sodium_d250_n745_distance	0.0	0.0
receptor_only_geometry	receptor_grouped_5fold	2	Gi/o	numeric__receptor_only__sodium_d250_s746_distance	0.0	0.0
receptor_only_geometry	receptor_grouped_5fold	2	Gi/o	numeric__receptor_only__sodium_d250_n749_distance	0.0	0.0
receptor_only_geometry	receptor_grouped_5fold	2	Gi/o	numeric__receptor_only__sodium_pocket_volume	0.0	0.0
receptor_only_geometry	receptor_grouped_5fold	2	Gi/o	numeric__receptor_only__sodium_pocket_spread	0.0	0.0
receptor_only_geometry	receptor_grouped_5fold	2	Gi/o	numeric__receptor_only__tm7_rotation	0.0	0.0
receptor_only_geometry	receptor_grouped_5fold	2	Gi/o	numeric__receptor_only__icl2_generic_ca_count	0.0	0.0
receptor_only_geometry	receptor_grouped_5fold	2	Gi/o	numeric__receptor_only__icl2_end_to_end_distance	0.0	0.0
receptor_only_geometry	receptor_grouped_5fold	2	Gi/o	numeric__receptor_only__icl2_centroid_to_r350	0.0	0.0
receptor_only_geometry	receptor_grouped_5fold	2	Gi/o	numeric__receptor_only__icl2_centroid_to_tm5_561	-0.18545431685857017	0.18545431685857017
receptor_only_geometry	receptor_grouped_5fold	2	Gi/o	numeric__receptor_only__icl2_centroid_to_tm6_634	-0.16323962249943494	0.16323962249943494
receptor_only_geometry	receptor_grouped_5fold	2	Gi/o	numeric__receptor_only__icl2_centroid_to_tm7_753	0.0	0.0
receptor_only_geometry	receptor_grouped_5fold	2	Gi/o	numeric__receptor_only__icl2_axis_tm3_angle	0.0	0.0
receptor_only_geometry	receptor_grouped_5fold	2	Gi/o	numeric__receptor_only__icl2_axis_tm5_angle	0.06543027695848966	0.06543027695848966
receptor_only_geometry	receptor_grouped_5fold	2	Gi/o	numeric__receptor_only__icl2_active_reference_displacement	0.005477832396200087	0.005477832396200087
receptor_only_geometry	receptor_grouped_5fold	2	Gi/o	numeric__receptor_only__tm5_cytoplasmic_extension	0.0	0.0
receptor_only_geometry	receptor_grouped_5fold	2	Gi/o	numeric__receptor_only__tm5_cytoplasmic_kink	0.0	0.0
receptor_only_geometry	receptor_grouped_5fold	2	Gi/o	numeric__receptor_only__tm5_r350_561_distance	-0.0034325449363819664	0.0034325449363819664
receptor_only_geometry	receptor_grouped_5fold	2	Gi/o	numeric__receptor_only__tm5_r350_564_distance	0.0	0.0
receptor_only_geometry	receptor_grouped_5fold	2	Gi/o	numeric__receptor_only__tm5_tm6_cavity_distance	-0.09408887560808936	0.09408887560808936
receptor_only_geometry	receptor_grouped_5fold	2	Gi/o	numeric__receptor_only__tm5_axis_tm3_angle	0.0	0.0
receptor_only_geometry	receptor_grouped_5fold	2	Gi/o	numeric__receptor_only__tm6_lower_upper_kink	0.0	0.0
receptor_only_geometry	receptor_grouped_5fold	2	Gi/o	numeric__receptor_only__tm6_axis_tm3_angle	0.0	0.0
receptor_only_geometry	receptor_grouped_5fold	2	Gi/o	numeric__receptor_only__tm6_tm7_cavity_distance	0.0	0.0
receptor_only_geometry	receptor_grouped_5fold	2	Gi/o	numeric__receptor_only__tm7_h8_angle	0.0	0.0
receptor_only_geometry	receptor_grouped_5fold	2	Gi/o	numeric__receptor_only__h8_end_to_end_distance	0.0	0.0
receptor_only_geometry	receptor_grouped_5fold	2	Gi/o	numeric__receptor_only__h8_r350_distance	0.0	0.0
receptor_only_geometry	receptor_grouped_5fold	2	Gi/o	numeric__receptor_only__h8_tm6_distance	-0.0797844256984105	0.0797844256984105
receptor_only_geometry	receptor_grouped_5fold	2	Gi/o	numeric__receptor_only__icl2_helix_fraction	-0.02311343994550847	0.02311343994550847
receptor_only_geometry	receptor_grouped_5fold	2	Gi/o	numeric__receptor_only__icl2_longest_helix	0.0	0.0
receptor_only_geometry	receptor_grouped_5fold	2	Gi/o	numeric__receptor_only__icl2_mean_phi	0.0	0.0
receptor_only_geometry	receptor_grouped_5fold	2	Gi/o	numeric__receptor_only__icl2_mean_psi	0.09345080283834152	0.09345080283834152
receptor_only_geometry	receptor_grouped_5fold	2	Gi/o	numeric__receptor_only__intracellular_cavity_core_volume	0.0	0.0
receptor_only_geometry	receptor_grouped_5fold	2	Gi/o	numeric__receptor_only__intracellular_cavity_core_mouth_area	0.0	0.0
receptor_only_geometry	receptor_grouped_5fold	2	Gi/o	numeric__receptor_only__intracellular_cavity_core_depth	0.0	0.0
receptor_only_geometry	receptor_grouped_5fold	2	Gi/o	numeric__receptor_only__intracellular_cavity_core_maximum_width	0.0	0.0
receptor_only_geometry	receptor_grouped_5fold	2	Gi/o	numeric__receptor_only__intracellular_cavity_core_average_cross_section	0.0	0.0
receptor_only_geometry	receptor_grouped_5fold	2	Gi/o	numeric__receptor_only__intracellular_cavity_core_bottleneck_area	0.0	0.0
receptor_only_geometry	receptor_grouped_5fold	2	Gi/o	numeric__receptor_only__intracellular_cavity_core_bottleneck_radius	0.0	0.0
receptor_only_geometry	receptor_grouped_5fold	2	Gi/o	numeric__receptor_only__intracellular_cavity_core_max_inscribed_radius	0.0	0.0
receptor_only_geometry	receptor_grouped_5fold	2	Gi/o	numeric__receptor_only__intracellular_cavity_core_surface_area	0.0	0.0
receptor_only_geometry	receptor_grouped_5fold	2	Gi/o	numeric__receptor_only__intracellular_cavity_core_centroid_x	0.0	0.0
receptor_only_geometry	receptor_grouped_5fold	2	Gi/o	numeric__receptor_only__intracellular_cavity_core_centroid_y	0.0	0.0
receptor_only_geometry	receptor_grouped_5fold	2	Gi/o	numeric__receptor_only__intracellular_cavity_core_centroid_z	0.0	0.0
receptor_only_geometry	receptor_grouped_5fold	2	Gi/o	numeric__receptor_only__intracellular_cavity_core_principal_length_1	0.0	0.0
receptor_only_geometry	receptor_grouped_5fold	2	Gi/o	numeric__receptor_only__intracellular_cavity_core_principal_length_2	0.0	0.0
receptor_only_geometry	receptor_grouped_5fold	2	Gi/o	numeric__receptor_only__intracellular_cavity_core_principal_length_3	-0.09655932742047671	0.09655932742047671
receptor_only_geometry	receptor_grouped_5fold	2	Gi/o	numeric__receptor_only__intracellular_cavity_core_principal_axis_1_z_alignment	0.0	0.0
receptor_only_geometry	receptor_grouped_5fold	2	Gi/o	numeric__receptor_only__intracellular_cavity_core_eccentricity	0.12059367187958045	0.12059367187958045
receptor_only_geometry	receptor_grouped_5fold	2	Gi/o	numeric__receptor_only__intracellular_cavity_core_sphericity	0.0	0.0
receptor_only_geometry	receptor_grouped_5fold	2	Gi/o	numeric__receptor_only__intracellular_cavity_core_asymmetry	0.0	0.0
receptor_only_geometry	receptor_grouped_5fold	2	Gi/o	numeric__receptor_only__intracellular_cavity_core_tm3_side_fraction	0.0	0.0
receptor_only_geometry	receptor_grouped_5fold	2	Gi/o	numeric__receptor_only__intracellular_cavity_core_tm6_side_fraction	0.0	0.0
receptor_only_geometry	receptor_grouped_5fold	2	Gi/o	numeric__receptor_only__intracellular_cavity_core_tm5_side_fraction	0.02431938695241086	0.02431938695241086
receptor_only_geometry	receptor_grouped_5fold	2	Gi/o	numeric__receptor_only__intracellular_cavity_core_tm7_side_fraction	-0.02431938695241045	0.02431938695241045
receptor_only_geometry	receptor_grouped_5fold	2	Gi/o	numeric__receptor_only__intracellular_cavity_core_wall_fraction_h8	0.018231706639466144	0.018231706639466144
receptor_only_geometry	receptor_grouped_5fold	2	Gi/o	numeric__receptor_only__intracellular_cavity_core_wall_fraction_icl2	0.0	0.0
receptor_only_geometry	receptor_grouped_5fold	2	Gi/o	numeric__receptor_only__intracellular_cavity_core_wall_fraction_tm3	0.0	0.0
receptor_only_geometry	receptor_grouped_5fold	2	Gi/o	numeric__receptor_only__intracellular_cavity_core_wall_fraction_tm7	0.0	0.0
receptor_only_geometry	receptor_grouped_5fold	2	Gq/11	numeric__receptor_only__activation_consensus_score	0.0	0.0
receptor_only_geometry	receptor_grouped_5fold	2	Gq/11	numeric__receptor_only__tm6_r350_634_distance	0.0	0.0
receptor_only_geometry	receptor_grouped_5fold	2	Gq/11	numeric__receptor_only__tm6_aligned_displacement	0.0	0.0
receptor_only_geometry	receptor_grouped_5fold	2	Gq/11	numeric__receptor_only__tm7_displacement	0.0	0.0
receptor_only_geometry	receptor_grouped_5fold	2	Gq/11	numeric__receptor_only__tm3_tm7_distance	-0.033504730048676976	0.033504730048676976
receptor_only_geometry	receptor_grouped_5fold	2	Gq/11	numeric__receptor_only__tm6_r350_630_distance	0.0	0.0
receptor_only_geometry	receptor_grouped_5fold	2	Gq/11	numeric__receptor_only__dry_r350_630_min_distance	0.0	0.0
receptor_only_geometry	receptor_grouped_5fold	2	Gq/11	numeric__receptor_only__dry_r350_630_ca_distance	0.0	0.0
receptor_only_geometry	receptor_grouped_5fold	2	Gq/11	numeric__receptor_only__dry_d349_r350_min_distance	0.0	0.0
receptor_only_geometry	receptor_grouped_5fold	2	Gq/11	numeric__receptor_only__r350_chi1	0.0	0.0
receptor_only_geometry	receptor_grouped_5fold	2	Gq/11	numeric__receptor_only__r350_chi2	0.0	0.0
receptor_only_geometry	receptor_grouped_5fold	2	Gq/11	numeric__receptor_only__pif_550_340_distance	0.0	0.0
receptor_only_geometry	receptor_grouped_5fold	2	Gq/11	numeric__receptor_only__pif_340_644_distance	-0.285557386041772	0.285557386041772
receptor_only_geometry	receptor_grouped_5fold	2	Gq/11	numeric__receptor_only__pif_550_644_distance	0.0	0.0
receptor_only_geometry	receptor_grouped_5fold	2	Gq/11	numeric__receptor_only__pif_550_340_min_distance	0.0	0.0
receptor_only_geometry	receptor_grouped_5fold	2	Gq/11	numeric__receptor_only__pif_340_644_min_distance	-0.02158078259490828	0.02158078259490828
receptor_only_geometry	receptor_grouped_5fold	2	Gq/11	numeric__receptor_only__pif_550_644_min_distance	0.030794290335504387	0.030794290335504387
receptor_only_geometry	receptor_grouped_5fold	2	Gq/11	numeric__receptor_only__pif_triangle_perimeter	0.0	0.0
receptor_only_geometry	receptor_grouped_5fold	2	Gq/11	numeric__receptor_only__position_644_chi1	-0.1353418793652075	0.1353418793652075
receptor_only_geometry	receptor_grouped_5fold	2	Gq/11	numeric__receptor_only__position_644_chi2	-0.13831617857102474	0.13831617857102474
receptor_only_geometry	receptor_grouped_5fold	2	Gq/11	numeric__receptor_only__w648_chi1	0.0	0.0
receptor_only_geometry	receptor_grouped_5fold	2	Gq/11	numeric__receptor_only__w648_chi2	0.0	0.0
receptor_only_geometry	receptor_grouped_5fold	2	Gq/11	numeric__receptor_only__w648_displacement	0.0	0.0
receptor_only_geometry	receptor_grouped_5fold	2	Gq/11	numeric__receptor_only__w648_to_644_distance	0.0	0.0
receptor_only_geometry	receptor_grouped_5fold	2	Gq/11	numeric__receptor_only__cwxp_647_650_distance	0.0	0.0
receptor_only_geometry	receptor_grouped_5fold	2	Gq/11	numeric__receptor_only__y753_chi1	0.0	0.0
receptor_only_geometry	receptor_grouped_5fold	2	Gq/11	numeric__receptor_only__y753_chi2	0.0	0.0
receptor_only_geometry	receptor_grouped_5fold	2	Gq/11	numeric__receptor_only__y753_y558_distance	0.0	0.0
receptor_only_geometry	receptor_grouped_5fold	2	Gq/11	numeric__receptor_only__y753_y558_min_distance	0.0	0.0
receptor_only_geometry	receptor_grouped_5fold	2	Gq/11	numeric__receptor_only__n749_y753_distance	0.0	0.0
receptor_only_geometry	receptor_grouped_5fold	2	Gq/11	numeric__receptor_only__npxxy_local_spread	0.15695517214508772	0.15695517214508772
receptor_only_geometry	receptor_grouped_5fold	2	Gq/11	numeric__receptor_only__y753_displacement	0.0	0.0
receptor_only_geometry	receptor_grouped_5fold	2	Gq/11	numeric__receptor_only__sodium_d250_s339_distance	-0.04687737594546685	0.04687737594546685
receptor_only_geometry	receptor_grouped_5fold	2	Gq/11	numeric__receptor_only__sodium_d250_n745_distance	0.0	0.0
receptor_only_geometry	receptor_grouped_5fold	2	Gq/11	numeric__receptor_only__sodium_d250_s746_distance	0.0	0.0
receptor_only_geometry	receptor_grouped_5fold	2	Gq/11	numeric__receptor_only__sodium_d250_n749_distance	-0.25951546865751357	0.25951546865751357
receptor_only_geometry	receptor_grouped_5fold	2	Gq/11	numeric__receptor_only__sodium_pocket_volume	0.0	0.0
receptor_only_geometry	receptor_grouped_5fold	2	Gq/11	numeric__receptor_only__sodium_pocket_spread	-0.028173718979166158	0.028173718979166158
receptor_only_geometry	receptor_grouped_5fold	2	Gq/11	numeric__receptor_only__tm7_rotation	0.0	0.0
receptor_only_geometry	receptor_grouped_5fold	2	Gq/11	numeric__receptor_only__icl2_generic_ca_count	0.0	0.0
receptor_only_geometry	receptor_grouped_5fold	2	Gq/11	numeric__receptor_only__icl2_end_to_end_distance	-0.003006081567994826	0.003006081567994826
receptor_only_geometry	receptor_grouped_5fold	2	Gq/11	numeric__receptor_only__icl2_centroid_to_r350	0.0	0.0
receptor_only_geometry	receptor_grouped_5fold	2	Gq/11	numeric__receptor_only__icl2_centroid_to_tm5_561	0.0	0.0
receptor_only_geometry	receptor_grouped_5fold	2	Gq/11	numeric__receptor_only__icl2_centroid_to_tm6_634	0.0	0.0
receptor_only_geometry	receptor_grouped_5fold	2	Gq/11	numeric__receptor_only__icl2_centroid_to_tm7_753	0.0	0.0
receptor_only_geometry	receptor_grouped_5fold	2	Gq/11	numeric__receptor_only__icl2_axis_tm3_angle	0.016404764179591105	0.016404764179591105
receptor_only_geometry	receptor_grouped_5fold	2	Gq/11	numeric__receptor_only__icl2_axis_tm5_angle	0.0	0.0
receptor_only_geometry	receptor_grouped_5fold	2	Gq/11	numeric__receptor_only__icl2_active_reference_displacement	0.0	0.0
receptor_only_geometry	receptor_grouped_5fold	2	Gq/11	numeric__receptor_only__tm5_cytoplasmic_extension	0.0	0.0
receptor_only_geometry	receptor_grouped_5fold	2	Gq/11	numeric__receptor_only__tm5_cytoplasmic_kink	0.0	0.0
receptor_only_geometry	receptor_grouped_5fold	2	Gq/11	numeric__receptor_only__tm5_r350_561_distance	0.0	0.0
receptor_only_geometry	receptor_grouped_5fold	2	Gq/11	numeric__receptor_only__tm5_r350_564_distance	0.0	0.0
receptor_only_geometry	receptor_grouped_5fold	2	Gq/11	numeric__receptor_only__tm5_tm6_cavity_distance	0.0	0.0
receptor_only_geometry	receptor_grouped_5fold	2	Gq/11	numeric__receptor_only__tm5_axis_tm3_angle	0.0	0.0
receptor_only_geometry	receptor_grouped_5fold	2	Gq/11	numeric__receptor_only__tm6_lower_upper_kink	0.0	0.0
receptor_only_geometry	receptor_grouped_5fold	2	Gq/11	numeric__receptor_only__tm6_axis_tm3_angle	0.0	0.0
receptor_only_geometry	receptor_grouped_5fold	2	Gq/11	numeric__receptor_only__tm6_tm7_cavity_distance	0.0	0.0
receptor_only_geometry	receptor_grouped_5fold	2	Gq/11	numeric__receptor_only__tm7_h8_angle	0.0	0.0
receptor_only_geometry	receptor_grouped_5fold	2	Gq/11	numeric__receptor_only__h8_end_to_end_distance	0.0	0.0
receptor_only_geometry	receptor_grouped_5fold	2	Gq/11	numeric__receptor_only__h8_r350_distance	0.0	0.0
receptor_only_geometry	receptor_grouped_5fold	2	Gq/11	numeric__receptor_only__h8_tm6_distance	0.0	0.0
receptor_only_geometry	receptor_grouped_5fold	2	Gq/11	numeric__receptor_only__icl2_helix_fraction	0.0	0.0
receptor_only_geometry	receptor_grouped_5fold	2	Gq/11	numeric__receptor_only__icl2_longest_helix	0.0	0.0
receptor_only_geometry	receptor_grouped_5fold	2	Gq/11	numeric__receptor_only__icl2_mean_phi	0.0941298856995731	0.0941298856995731
receptor_only_geometry	receptor_grouped_5fold	2	Gq/11	numeric__receptor_only__icl2_mean_psi	0.0	0.0
receptor_only_geometry	receptor_grouped_5fold	2	Gq/11	numeric__receptor_only__intracellular_cavity_core_volume	0.0	0.0
receptor_only_geometry	receptor_grouped_5fold	2	Gq/11	numeric__receptor_only__intracellular_cavity_core_mouth_area	0.0	0.0
receptor_only_geometry	receptor_grouped_5fold	2	Gq/11	numeric__receptor_only__intracellular_cavity_core_depth	0.0	0.0
receptor_only_geometry	receptor_grouped_5fold	2	Gq/11	numeric__receptor_only__intracellular_cavity_core_maximum_width	0.0	0.0
receptor_only_geometry	receptor_grouped_5fold	2	Gq/11	numeric__receptor_only__intracellular_cavity_core_average_cross_section	0.0	0.0
receptor_only_geometry	receptor_grouped_5fold	2	Gq/11	numeric__receptor_only__intracellular_cavity_core_bottleneck_area	0.0	0.0
receptor_only_geometry	receptor_grouped_5fold	2	Gq/11	numeric__receptor_only__intracellular_cavity_core_bottleneck_radius	0.0	0.0
receptor_only_geometry	receptor_grouped_5fold	2	Gq/11	numeric__receptor_only__intracellular_cavity_core_max_inscribed_radius	0.0	0.0
receptor_only_geometry	receptor_grouped_5fold	2	Gq/11	numeric__receptor_only__intracellular_cavity_core_surface_area	0.0	0.0
receptor_only_geometry	receptor_grouped_5fold	2	Gq/11	numeric__receptor_only__intracellular_cavity_core_centroid_x	0.04188939379027446	0.04188939379027446
receptor_only_geometry	receptor_grouped_5fold	2	Gq/11	numeric__receptor_only__intracellular_cavity_core_centroid_y	0.0	0.0
receptor_only_geometry	receptor_grouped_5fold	2	Gq/11	numeric__receptor_only__intracellular_cavity_core_centroid_z	0.0	0.0
receptor_only_geometry	receptor_grouped_5fold	2	Gq/11	numeric__receptor_only__intracellular_cavity_core_principal_length_1	0.0	0.0
receptor_only_geometry	receptor_grouped_5fold	2	Gq/11	numeric__receptor_only__intracellular_cavity_core_principal_length_2	0.0	0.0
receptor_only_geometry	receptor_grouped_5fold	2	Gq/11	numeric__receptor_only__intracellular_cavity_core_principal_length_3	0.0	0.0
receptor_only_geometry	receptor_grouped_5fold	2	Gq/11	numeric__receptor_only__intracellular_cavity_core_principal_axis_1_z_alignment	0.0	0.0
receptor_only_geometry	receptor_grouped_5fold	2	Gq/11	numeric__receptor_only__intracellular_cavity_core_eccentricity	0.0	0.0
receptor_only_geometry	receptor_grouped_5fold	2	Gq/11	numeric__receptor_only__intracellular_cavity_core_sphericity	0.0	0.0
receptor_only_geometry	receptor_grouped_5fold	2	Gq/11	numeric__receptor_only__intracellular_cavity_core_asymmetry	0.0	0.0
receptor_only_geometry	receptor_grouped_5fold	2	Gq/11	numeric__receptor_only__intracellular_cavity_core_tm3_side_fraction	0.0	0.0
receptor_only_geometry	receptor_grouped_5fold	2	Gq/11	numeric__receptor_only__intracellular_cavity_core_tm6_side_fraction	0.0	0.0
receptor_only_geometry	receptor_grouped_5fold	2	Gq/11	numeric__receptor_only__intracellular_cavity_core_tm5_side_fraction	0.0	0.0
receptor_only_geometry	receptor_grouped_5fold	2	Gq/11	numeric__receptor_only__intracellular_cavity_core_tm7_side_fraction	0.0	0.0
receptor_only_geometry	receptor_grouped_5fold	2	Gq/11	numeric__receptor_only__intracellular_cavity_core_wall_fraction_h8	-0.1650582935513408	0.1650582935513408
receptor_only_geometry	receptor_grouped_5fold	2	Gq/11	numeric__receptor_only__intracellular_cavity_core_wall_fraction_icl2	0.027512332370912024	0.027512332370912024
receptor_only_geometry	receptor_grouped_5fold	2	Gq/11	numeric__receptor_only__intracellular_cavity_core_wall_fraction_tm3	0.0	0.0
receptor_only_geometry	receptor_grouped_5fold	2	Gq/11	numeric__receptor_only__intracellular_cavity_core_wall_fraction_tm7	0.0	0.0
receptor_only_geometry	receptor_grouped_5fold	2	Gs	numeric__receptor_only__activation_consensus_score	0.0	0.0
receptor_only_geometry	receptor_grouped_5fold	2	Gs	numeric__receptor_only__tm6_r350_634_distance	0.01224666117834783	0.01224666117834783
receptor_only_geometry	receptor_grouped_5fold	2	Gs	numeric__receptor_only__tm6_aligned_displacement	0.09574288464537156	0.09574288464537156
receptor_only_geometry	receptor_grouped_5fold	2	Gs	numeric__receptor_only__tm7_displacement	0.0	0.0
receptor_only_geometry	receptor_grouped_5fold	2	Gs	numeric__receptor_only__tm3_tm7_distance	0.0	0.0
receptor_only_geometry	receptor_grouped_5fold	2	Gs	numeric__receptor_only__tm6_r350_630_distance	0.06684402206272345	0.06684402206272345
receptor_only_geometry	receptor_grouped_5fold	2	Gs	numeric__receptor_only__dry_r350_630_min_distance	0.0	0.0
receptor_only_geometry	receptor_grouped_5fold	2	Gs	numeric__receptor_only__dry_r350_630_ca_distance	0.06684402206272345	0.06684402206272345
receptor_only_geometry	receptor_grouped_5fold	2	Gs	numeric__receptor_only__dry_d349_r350_min_distance	0.0	0.0
receptor_only_geometry	receptor_grouped_5fold	2	Gs	numeric__receptor_only__r350_chi1	-0.26032894354869285	0.26032894354869285
receptor_only_geometry	receptor_grouped_5fold	2	Gs	numeric__receptor_only__r350_chi2	-0.020175252471693272	0.020175252471693272
receptor_only_geometry	receptor_grouped_5fold	2	Gs	numeric__receptor_only__pif_550_340_distance	0.0	0.0
receptor_only_geometry	receptor_grouped_5fold	2	Gs	numeric__receptor_only__pif_340_644_distance	0.03988327698953615	0.03988327698953615
receptor_only_geometry	receptor_grouped_5fold	2	Gs	numeric__receptor_only__pif_550_644_distance	0.0	0.0
receptor_only_geometry	receptor_grouped_5fold	2	Gs	numeric__receptor_only__pif_550_340_min_distance	0.0	0.0
receptor_only_geometry	receptor_grouped_5fold	2	Gs	numeric__receptor_only__pif_340_644_min_distance	0.0	0.0
receptor_only_geometry	receptor_grouped_5fold	2	Gs	numeric__receptor_only__pif_550_644_min_distance	0.0	0.0
receptor_only_geometry	receptor_grouped_5fold	2	Gs	numeric__receptor_only__pif_triangle_perimeter	0.0	0.0
receptor_only_geometry	receptor_grouped_5fold	2	Gs	numeric__receptor_only__position_644_chi1	0.1701921230251116	0.1701921230251116
receptor_only_geometry	receptor_grouped_5fold	2	Gs	numeric__receptor_only__position_644_chi2	0.10567130278488762	0.10567130278488762
receptor_only_geometry	receptor_grouped_5fold	2	Gs	numeric__receptor_only__w648_chi1	0.0	0.0
receptor_only_geometry	receptor_grouped_5fold	2	Gs	numeric__receptor_only__w648_chi2	0.0	0.0
receptor_only_geometry	receptor_grouped_5fold	2	Gs	numeric__receptor_only__w648_displacement	0.0	0.0
receptor_only_geometry	receptor_grouped_5fold	2	Gs	numeric__receptor_only__w648_to_644_distance	0.0	0.0
receptor_only_geometry	receptor_grouped_5fold	2	Gs	numeric__receptor_only__cwxp_647_650_distance	0.0	0.0
receptor_only_geometry	receptor_grouped_5fold	2	Gs	numeric__receptor_only__y753_chi1	0.0	0.0
receptor_only_geometry	receptor_grouped_5fold	2	Gs	numeric__receptor_only__y753_chi2	0.0	0.0
receptor_only_geometry	receptor_grouped_5fold	2	Gs	numeric__receptor_only__y753_y558_distance	0.0	0.0
receptor_only_geometry	receptor_grouped_5fold	2	Gs	numeric__receptor_only__y753_y558_min_distance	0.0	0.0
receptor_only_geometry	receptor_grouped_5fold	2	Gs	numeric__receptor_only__n749_y753_distance	0.0	0.0
receptor_only_geometry	receptor_grouped_5fold	2	Gs	numeric__receptor_only__npxxy_local_spread	0.0	0.0
receptor_only_geometry	receptor_grouped_5fold	2	Gs	numeric__receptor_only__y753_displacement	0.0	0.0
receptor_only_geometry	receptor_grouped_5fold	2	Gs	numeric__receptor_only__sodium_d250_s339_distance	0.23235543815120538	0.23235543815120538
receptor_only_geometry	receptor_grouped_5fold	2	Gs	numeric__receptor_only__sodium_d250_n745_distance	0.09352266413891167	0.09352266413891167
receptor_only_geometry	receptor_grouped_5fold	2	Gs	numeric__receptor_only__sodium_d250_s746_distance	0.0	0.0
receptor_only_geometry	receptor_grouped_5fold	2	Gs	numeric__receptor_only__sodium_d250_n749_distance	0.2913301702150279	0.2913301702150279
receptor_only_geometry	receptor_grouped_5fold	2	Gs	numeric__receptor_only__sodium_pocket_volume	0.04018923066173369	0.04018923066173369
receptor_only_geometry	receptor_grouped_5fold	2	Gs	numeric__receptor_only__sodium_pocket_spread	0.1658535680773309	0.1658535680773309
receptor_only_geometry	receptor_grouped_5fold	2	Gs	numeric__receptor_only__tm7_rotation	0.0	0.0
receptor_only_geometry	receptor_grouped_5fold	2	Gs	numeric__receptor_only__icl2_generic_ca_count	0.0	0.0
receptor_only_geometry	receptor_grouped_5fold	2	Gs	numeric__receptor_only__icl2_end_to_end_distance	0.0	0.0
receptor_only_geometry	receptor_grouped_5fold	2	Gs	numeric__receptor_only__icl2_centroid_to_r350	0.0	0.0
receptor_only_geometry	receptor_grouped_5fold	2	Gs	numeric__receptor_only__icl2_centroid_to_tm5_561	0.0	0.0
receptor_only_geometry	receptor_grouped_5fold	2	Gs	numeric__receptor_only__icl2_centroid_to_tm6_634	0.01715063192564456	0.01715063192564456
receptor_only_geometry	receptor_grouped_5fold	2	Gs	numeric__receptor_only__icl2_centroid_to_tm7_753	0.0	0.0
receptor_only_geometry	receptor_grouped_5fold	2	Gs	numeric__receptor_only__icl2_axis_tm3_angle	-0.22369590953300827	0.22369590953300827
receptor_only_geometry	receptor_grouped_5fold	2	Gs	numeric__receptor_only__icl2_axis_tm5_angle	-0.06671643561396008	0.06671643561396008
receptor_only_geometry	receptor_grouped_5fold	2	Gs	numeric__receptor_only__icl2_active_reference_displacement	0.0	0.0
receptor_only_geometry	receptor_grouped_5fold	2	Gs	numeric__receptor_only__tm5_cytoplasmic_extension	0.05718247090693141	0.05718247090693141
receptor_only_geometry	receptor_grouped_5fold	2	Gs	numeric__receptor_only__tm5_cytoplasmic_kink	0.0	0.0
receptor_only_geometry	receptor_grouped_5fold	2	Gs	numeric__receptor_only__tm5_r350_561_distance	0.12438190054781437	0.12438190054781437
receptor_only_geometry	receptor_grouped_5fold	2	Gs	numeric__receptor_only__tm5_r350_564_distance	0.1776632757629323	0.1776632757629323
receptor_only_geometry	receptor_grouped_5fold	2	Gs	numeric__receptor_only__tm5_tm6_cavity_distance	0.0	0.0
receptor_only_geometry	receptor_grouped_5fold	2	Gs	numeric__receptor_only__tm5_axis_tm3_angle	0.1284033140031886	0.1284033140031886
receptor_only_geometry	receptor_grouped_5fold	2	Gs	numeric__receptor_only__tm6_lower_upper_kink	0.14515356438976965	0.14515356438976965
receptor_only_geometry	receptor_grouped_5fold	2	Gs	numeric__receptor_only__tm6_axis_tm3_angle	0.06909117048608866	0.06909117048608866
receptor_only_geometry	receptor_grouped_5fold	2	Gs	numeric__receptor_only__tm6_tm7_cavity_distance	0.025850995232189068	0.025850995232189068
receptor_only_geometry	receptor_grouped_5fold	2	Gs	numeric__receptor_only__tm7_h8_angle	0.0	0.0
receptor_only_geometry	receptor_grouped_5fold	2	Gs	numeric__receptor_only__h8_end_to_end_distance	0.04477331598608845	0.04477331598608845
receptor_only_geometry	receptor_grouped_5fold	2	Gs	numeric__receptor_only__h8_r350_distance	0.0	0.0
receptor_only_geometry	receptor_grouped_5fold	2	Gs	numeric__receptor_only__h8_tm6_distance	0.0	0.0
receptor_only_geometry	receptor_grouped_5fold	2	Gs	numeric__receptor_only__icl2_helix_fraction	0.0	0.0
receptor_only_geometry	receptor_grouped_5fold	2	Gs	numeric__receptor_only__icl2_longest_helix	0.0	0.0
receptor_only_geometry	receptor_grouped_5fold	2	Gs	numeric__receptor_only__icl2_mean_phi	0.0	0.0
receptor_only_geometry	receptor_grouped_5fold	2	Gs	numeric__receptor_only__icl2_mean_psi	0.0	0.0
receptor_only_geometry	receptor_grouped_5fold	2	Gs	numeric__receptor_only__intracellular_cavity_core_volume	0.0	0.0
receptor_only_geometry	receptor_grouped_5fold	2	Gs	numeric__receptor_only__intracellular_cavity_core_mouth_area	0.0	0.0
receptor_only_geometry	receptor_grouped_5fold	2	Gs	numeric__receptor_only__intracellular_cavity_core_depth	0.0	0.0
receptor_only_geometry	receptor_grouped_5fold	2	Gs	numeric__receptor_only__intracellular_cavity_core_maximum_width	0.0	0.0
receptor_only_geometry	receptor_grouped_5fold	2	Gs	numeric__receptor_only__intracellular_cavity_core_average_cross_section	0.0	0.0
receptor_only_geometry	receptor_grouped_5fold	2	Gs	numeric__receptor_only__intracellular_cavity_core_bottleneck_area	0.0	0.0
receptor_only_geometry	receptor_grouped_5fold	2	Gs	numeric__receptor_only__intracellular_cavity_core_bottleneck_radius	0.0	0.0
receptor_only_geometry	receptor_grouped_5fold	2	Gs	numeric__receptor_only__intracellular_cavity_core_max_inscribed_radius	0.0	0.0
receptor_only_geometry	receptor_grouped_5fold	2	Gs	numeric__receptor_only__intracellular_cavity_core_surface_area	0.0	0.0
receptor_only_geometry	receptor_grouped_5fold	2	Gs	numeric__receptor_only__intracellular_cavity_core_centroid_x	0.0	0.0
receptor_only_geometry	receptor_grouped_5fold	2	Gs	numeric__receptor_only__intracellular_cavity_core_centroid_y	0.0	0.0
receptor_only_geometry	receptor_grouped_5fold	2	Gs	numeric__receptor_only__intracellular_cavity_core_centroid_z	0.0	0.0
receptor_only_geometry	receptor_grouped_5fold	2	Gs	numeric__receptor_only__intracellular_cavity_core_principal_length_1	0.0	0.0
receptor_only_geometry	receptor_grouped_5fold	2	Gs	numeric__receptor_only__intracellular_cavity_core_principal_length_2	0.0	0.0
receptor_only_geometry	receptor_grouped_5fold	2	Gs	numeric__receptor_only__intracellular_cavity_core_principal_length_3	0.0	0.0
receptor_only_geometry	receptor_grouped_5fold	2	Gs	numeric__receptor_only__intracellular_cavity_core_principal_axis_1_z_alignment	0.0	0.0
receptor_only_geometry	receptor_grouped_5fold	2	Gs	numeric__receptor_only__intracellular_cavity_core_eccentricity	-0.04441486570543339	0.04441486570543339
receptor_only_geometry	receptor_grouped_5fold	2	Gs	numeric__receptor_only__intracellular_cavity_core_sphericity	0.0	0.0
receptor_only_geometry	receptor_grouped_5fold	2	Gs	numeric__receptor_only__intracellular_cavity_core_asymmetry	0.023417451782026345	0.023417451782026345
receptor_only_geometry	receptor_grouped_5fold	2	Gs	numeric__receptor_only__intracellular_cavity_core_tm3_side_fraction	0.0	0.0
receptor_only_geometry	receptor_grouped_5fold	2	Gs	numeric__receptor_only__intracellular_cavity_core_tm6_side_fraction	0.0	0.0
receptor_only_geometry	receptor_grouped_5fold	2	Gs	numeric__receptor_only__intracellular_cavity_core_tm5_side_fraction	0.0	0.0
receptor_only_geometry	receptor_grouped_5fold	2	Gs	numeric__receptor_only__intracellular_cavity_core_tm7_side_fraction	0.0	0.0
receptor_only_geometry	receptor_grouped_5fold	2	Gs	numeric__receptor_only__intracellular_cavity_core_wall_fraction_h8	0.0	0.0
receptor_only_geometry	receptor_grouped_5fold	2	Gs	numeric__receptor_only__intracellular_cavity_core_wall_fraction_icl2	0.0	0.0
receptor_only_geometry	receptor_grouped_5fold	2	Gs	numeric__receptor_only__intracellular_cavity_core_wall_fraction_tm3	0.0	0.0
receptor_only_geometry	receptor_grouped_5fold	2	Gs	numeric__receptor_only__intracellular_cavity_core_wall_fraction_tm7	0.0	0.0
receptor_only_geometry	receptor_grouped_5fold	3	Gi/o	numeric__receptor_only__activation_consensus_score	-0.15336168264455988	0.15336168264455988
receptor_only_geometry	receptor_grouped_5fold	3	Gi/o	numeric__receptor_only__tm6_r350_634_distance	-0.19583167061402404	0.19583167061402404
receptor_only_geometry	receptor_grouped_5fold	3	Gi/o	numeric__receptor_only__tm6_aligned_displacement	-0.2273277822341245	0.2273277822341245
receptor_only_geometry	receptor_grouped_5fold	3	Gi/o	numeric__receptor_only__tm7_displacement	0.0	0.0
receptor_only_geometry	receptor_grouped_5fold	3	Gi/o	numeric__receptor_only__tm3_tm7_distance	0.26038174895856914	0.26038174895856914
receptor_only_geometry	receptor_grouped_5fold	3	Gi/o	numeric__receptor_only__tm6_r350_630_distance	0.0	0.0
receptor_only_geometry	receptor_grouped_5fold	3	Gi/o	numeric__receptor_only__dry_r350_630_min_distance	-0.02232925947819726	0.02232925947819726
receptor_only_geometry	receptor_grouped_5fold	3	Gi/o	numeric__receptor_only__dry_r350_630_ca_distance	0.0	0.0
receptor_only_geometry	receptor_grouped_5fold	3	Gi/o	numeric__receptor_only__dry_d349_r350_min_distance	0.04738557971403324	0.04738557971403324
receptor_only_geometry	receptor_grouped_5fold	3	Gi/o	numeric__receptor_only__r350_chi1	0.09502733565925814	0.09502733565925814
receptor_only_geometry	receptor_grouped_5fold	3	Gi/o	numeric__receptor_only__r350_chi2	0.0	0.0
receptor_only_geometry	receptor_grouped_5fold	3	Gi/o	numeric__receptor_only__pif_550_340_distance	0.0	0.0
receptor_only_geometry	receptor_grouped_5fold	3	Gi/o	numeric__receptor_only__pif_340_644_distance	0.0	0.0
receptor_only_geometry	receptor_grouped_5fold	3	Gi/o	numeric__receptor_only__pif_550_644_distance	0.0	0.0
receptor_only_geometry	receptor_grouped_5fold	3	Gi/o	numeric__receptor_only__pif_550_340_min_distance	0.0	0.0
receptor_only_geometry	receptor_grouped_5fold	3	Gi/o	numeric__receptor_only__pif_340_644_min_distance	0.0	0.0
receptor_only_geometry	receptor_grouped_5fold	3	Gi/o	numeric__receptor_only__pif_550_644_min_distance	0.0	0.0
receptor_only_geometry	receptor_grouped_5fold	3	Gi/o	numeric__receptor_only__pif_triangle_perimeter	0.0	0.0
receptor_only_geometry	receptor_grouped_5fold	3	Gi/o	numeric__receptor_only__position_644_chi1	0.0	0.0
receptor_only_geometry	receptor_grouped_5fold	3	Gi/o	numeric__receptor_only__position_644_chi2	0.0	0.0
receptor_only_geometry	receptor_grouped_5fold	3	Gi/o	numeric__receptor_only__w648_chi1	0.0	0.0
receptor_only_geometry	receptor_grouped_5fold	3	Gi/o	numeric__receptor_only__w648_chi2	0.0	0.0
receptor_only_geometry	receptor_grouped_5fold	3	Gi/o	numeric__receptor_only__w648_displacement	0.05977925137258293	0.05977925137258293
receptor_only_geometry	receptor_grouped_5fold	3	Gi/o	numeric__receptor_only__w648_to_644_distance	0.0	0.0
receptor_only_geometry	receptor_grouped_5fold	3	Gi/o	numeric__receptor_only__cwxp_647_650_distance	0.0	0.0
receptor_only_geometry	receptor_grouped_5fold	3	Gi/o	numeric__receptor_only__y753_chi1	-0.03224736946724514	0.03224736946724514
receptor_only_geometry	receptor_grouped_5fold	3	Gi/o	numeric__receptor_only__y753_chi2	0.0	0.0
receptor_only_geometry	receptor_grouped_5fold	3	Gi/o	numeric__receptor_only__y753_y558_distance	0.028812925078349937	0.028812925078349937
receptor_only_geometry	receptor_grouped_5fold	3	Gi/o	numeric__receptor_only__y753_y558_min_distance	0.038470034397896105	0.038470034397896105
receptor_only_geometry	receptor_grouped_5fold	3	Gi/o	numeric__receptor_only__n749_y753_distance	0.0	0.0
receptor_only_geometry	receptor_grouped_5fold	3	Gi/o	numeric__receptor_only__npxxy_local_spread	-0.2504023626616274	0.2504023626616274
receptor_only_geometry	receptor_grouped_5fold	3	Gi/o	numeric__receptor_only__y753_displacement	0.0	0.0
receptor_only_geometry	receptor_grouped_5fold	3	Gi/o	numeric__receptor_only__sodium_d250_s339_distance	-0.029339500770062543	0.029339500770062543
receptor_only_geometry	receptor_grouped_5fold	3	Gi/o	numeric__receptor_only__sodium_d250_n745_distance	0.0	0.0
receptor_only_geometry	receptor_grouped_5fold	3	Gi/o	numeric__receptor_only__sodium_d250_s746_distance	0.0	0.0
receptor_only_geometry	receptor_grouped_5fold	3	Gi/o	numeric__receptor_only__sodium_d250_n749_distance	0.0	0.0
receptor_only_geometry	receptor_grouped_5fold	3	Gi/o	numeric__receptor_only__sodium_pocket_volume	0.0	0.0
receptor_only_geometry	receptor_grouped_5fold	3	Gi/o	numeric__receptor_only__sodium_pocket_spread	0.0	0.0
receptor_only_geometry	receptor_grouped_5fold	3	Gi/o	numeric__receptor_only__tm7_rotation	0.0	0.0
receptor_only_geometry	receptor_grouped_5fold	3	Gi/o	numeric__receptor_only__icl2_generic_ca_count	-0.011344082026573696	0.011344082026573696
receptor_only_geometry	receptor_grouped_5fold	3	Gi/o	numeric__receptor_only__icl2_end_to_end_distance	0.0	0.0
receptor_only_geometry	receptor_grouped_5fold	3	Gi/o	numeric__receptor_only__icl2_centroid_to_r350	0.0	0.0
receptor_only_geometry	receptor_grouped_5fold	3	Gi/o	numeric__receptor_only__icl2_centroid_to_tm5_561	-0.3806750595456895	0.3806750595456895
receptor_only_geometry	receptor_grouped_5fold	3	Gi/o	numeric__receptor_only__icl2_centroid_to_tm6_634	-0.15516058211302636	0.15516058211302636
receptor_only_geometry	receptor_grouped_5fold	3	Gi/o	numeric__receptor_only__icl2_centroid_to_tm7_753	0.08272427280158275	0.08272427280158275
receptor_only_geometry	receptor_grouped_5fold	3	Gi/o	numeric__receptor_only__icl2_axis_tm3_angle	0.0	0.0
receptor_only_geometry	receptor_grouped_5fold	3	Gi/o	numeric__receptor_only__icl2_axis_tm5_angle	0.22130275455967108	0.22130275455967108
receptor_only_geometry	receptor_grouped_5fold	3	Gi/o	numeric__receptor_only__icl2_active_reference_displacement	0.1359169719318886	0.1359169719318886
receptor_only_geometry	receptor_grouped_5fold	3	Gi/o	numeric__receptor_only__tm5_cytoplasmic_extension	-0.21247964501096514	0.21247964501096514
receptor_only_geometry	receptor_grouped_5fold	3	Gi/o	numeric__receptor_only__tm5_cytoplasmic_kink	0.0	0.0
receptor_only_geometry	receptor_grouped_5fold	3	Gi/o	numeric__receptor_only__tm5_r350_561_distance	-0.019257463917546108	0.019257463917546108
receptor_only_geometry	receptor_grouped_5fold	3	Gi/o	numeric__receptor_only__tm5_r350_564_distance	0.0	0.0
receptor_only_geometry	receptor_grouped_5fold	3	Gi/o	numeric__receptor_only__tm5_tm6_cavity_distance	-0.04147653841722865	0.04147653841722865
receptor_only_geometry	receptor_grouped_5fold	3	Gi/o	numeric__receptor_only__tm5_axis_tm3_angle	-0.04851394306580866	0.04851394306580866
receptor_only_geometry	receptor_grouped_5fold	3	Gi/o	numeric__receptor_only__tm6_lower_upper_kink	-0.01458363749678815	0.01458363749678815
receptor_only_geometry	receptor_grouped_5fold	3	Gi/o	numeric__receptor_only__tm6_axis_tm3_angle	-0.0417132312042184	0.0417132312042184
receptor_only_geometry	receptor_grouped_5fold	3	Gi/o	numeric__receptor_only__tm6_tm7_cavity_distance	0.0	0.0
receptor_only_geometry	receptor_grouped_5fold	3	Gi/o	numeric__receptor_only__tm7_h8_angle	0.0	0.0
receptor_only_geometry	receptor_grouped_5fold	3	Gi/o	numeric__receptor_only__h8_end_to_end_distance	0.0	0.0
receptor_only_geometry	receptor_grouped_5fold	3	Gi/o	numeric__receptor_only__h8_r350_distance	0.0	0.0
receptor_only_geometry	receptor_grouped_5fold	3	Gi/o	numeric__receptor_only__h8_tm6_distance	-0.12911000567710343	0.12911000567710343
receptor_only_geometry	receptor_grouped_5fold	3	Gi/o	numeric__receptor_only__icl2_helix_fraction	-0.14574154836009853	0.14574154836009853
receptor_only_geometry	receptor_grouped_5fold	3	Gi/o	numeric__receptor_only__icl2_longest_helix	-0.10694791262396008	0.10694791262396008
receptor_only_geometry	receptor_grouped_5fold	3	Gi/o	numeric__receptor_only__icl2_mean_phi	0.0	0.0
receptor_only_geometry	receptor_grouped_5fold	3	Gi/o	numeric__receptor_only__icl2_mean_psi	0.05464628333593705	0.05464628333593705
receptor_only_geometry	receptor_grouped_5fold	3	Gi/o	numeric__receptor_only__intracellular_cavity_core_volume	0.0	0.0
receptor_only_geometry	receptor_grouped_5fold	3	Gi/o	numeric__receptor_only__intracellular_cavity_core_mouth_area	0.0	0.0
receptor_only_geometry	receptor_grouped_5fold	3	Gi/o	numeric__receptor_only__intracellular_cavity_core_depth	0.0	0.0
receptor_only_geometry	receptor_grouped_5fold	3	Gi/o	numeric__receptor_only__intracellular_cavity_core_maximum_width	0.0	0.0
receptor_only_geometry	receptor_grouped_5fold	3	Gi/o	numeric__receptor_only__intracellular_cavity_core_average_cross_section	0.0	0.0
receptor_only_geometry	receptor_grouped_5fold	3	Gi/o	numeric__receptor_only__intracellular_cavity_core_bottleneck_area	0.0	0.0
receptor_only_geometry	receptor_grouped_5fold	3	Gi/o	numeric__receptor_only__intracellular_cavity_core_bottleneck_radius	0.0	0.0
receptor_only_geometry	receptor_grouped_5fold	3	Gi/o	numeric__receptor_only__intracellular_cavity_core_max_inscribed_radius	0.0	0.0
receptor_only_geometry	receptor_grouped_5fold	3	Gi/o	numeric__receptor_only__intracellular_cavity_core_surface_area	0.0	0.0
receptor_only_geometry	receptor_grouped_5fold	3	Gi/o	numeric__receptor_only__intracellular_cavity_core_centroid_x	0.0	0.0
receptor_only_geometry	receptor_grouped_5fold	3	Gi/o	numeric__receptor_only__intracellular_cavity_core_centroid_y	0.1183093087523932	0.1183093087523932
receptor_only_geometry	receptor_grouped_5fold	3	Gi/o	numeric__receptor_only__intracellular_cavity_core_centroid_z	0.0	0.0
receptor_only_geometry	receptor_grouped_5fold	3	Gi/o	numeric__receptor_only__intracellular_cavity_core_principal_length_1	0.09169300171666434	0.09169300171666434
receptor_only_geometry	receptor_grouped_5fold	3	Gi/o	numeric__receptor_only__intracellular_cavity_core_principal_length_2	0.11812107100571859	0.11812107100571859
receptor_only_geometry	receptor_grouped_5fold	3	Gi/o	numeric__receptor_only__intracellular_cavity_core_principal_length_3	0.0	0.0
receptor_only_geometry	receptor_grouped_5fold	3	Gi/o	numeric__receptor_only__intracellular_cavity_core_principal_axis_1_z_alignment	0.0	0.0
receptor_only_geometry	receptor_grouped_5fold	3	Gi/o	numeric__receptor_only__intracellular_cavity_core_eccentricity	0.0	0.0
receptor_only_geometry	receptor_grouped_5fold	3	Gi/o	numeric__receptor_only__intracellular_cavity_core_sphericity	0.0	0.0
receptor_only_geometry	receptor_grouped_5fold	3	Gi/o	numeric__receptor_only__intracellular_cavity_core_asymmetry	0.0	0.0
receptor_only_geometry	receptor_grouped_5fold	3	Gi/o	numeric__receptor_only__intracellular_cavity_core_tm3_side_fraction	0.0	0.0
receptor_only_geometry	receptor_grouped_5fold	3	Gi/o	numeric__receptor_only__intracellular_cavity_core_tm6_side_fraction	0.0	0.0
receptor_only_geometry	receptor_grouped_5fold	3	Gi/o	numeric__receptor_only__intracellular_cavity_core_tm5_side_fraction	0.1358988951275556	0.1358988951275556
receptor_only_geometry	receptor_grouped_5fold	3	Gi/o	numeric__receptor_only__intracellular_cavity_core_tm7_side_fraction	-0.1358988951275532	0.1358988951275532
receptor_only_geometry	receptor_grouped_5fold	3	Gi/o	numeric__receptor_only__intracellular_cavity_core_wall_fraction_h8	0.0	0.0
receptor_only_geometry	receptor_grouped_5fold	3	Gi/o	numeric__receptor_only__intracellular_cavity_core_wall_fraction_icl2	0.0	0.0
receptor_only_geometry	receptor_grouped_5fold	3	Gi/o	numeric__receptor_only__intracellular_cavity_core_wall_fraction_tm3	0.10554925922242388	0.10554925922242388
receptor_only_geometry	receptor_grouped_5fold	3	Gi/o	numeric__receptor_only__intracellular_cavity_core_wall_fraction_tm7	0.0	0.0
receptor_only_geometry	receptor_grouped_5fold	3	Gq/11	numeric__receptor_only__activation_consensus_score	0.07420232055638748	0.07420232055638748
receptor_only_geometry	receptor_grouped_5fold	3	Gq/11	numeric__receptor_only__tm6_r350_634_distance	0.009844879967857075	0.009844879967857075
receptor_only_geometry	receptor_grouped_5fold	3	Gq/11	numeric__receptor_only__tm6_aligned_displacement	0.0	0.0
receptor_only_geometry	receptor_grouped_5fold	3	Gq/11	numeric__receptor_only__tm7_displacement	0.0	0.0
receptor_only_geometry	receptor_grouped_5fold	3	Gq/11	numeric__receptor_only__tm3_tm7_distance	-0.14924359846940616	0.14924359846940616
receptor_only_geometry	receptor_grouped_5fold	3	Gq/11	numeric__receptor_only__tm6_r350_630_distance	0.0	0.0
receptor_only_geometry	receptor_grouped_5fold	3	Gq/11	numeric__receptor_only__dry_r350_630_min_distance	0.0	0.0
receptor_only_geometry	receptor_grouped_5fold	3	Gq/11	numeric__receptor_only__dry_r350_630_ca_distance	0.0	0.0
receptor_only_geometry	receptor_grouped_5fold	3	Gq/11	numeric__receptor_only__dry_d349_r350_min_distance	0.0	0.0
receptor_only_geometry	receptor_grouped_5fold	3	Gq/11	numeric__receptor_only__r350_chi1	0.0	0.0
receptor_only_geometry	receptor_grouped_5fold	3	Gq/11	numeric__receptor_only__r350_chi2	0.0	0.0
receptor_only_geometry	receptor_grouped_5fold	3	Gq/11	numeric__receptor_only__pif_550_340_distance	0.0	0.0
receptor_only_geometry	receptor_grouped_5fold	3	Gq/11	numeric__receptor_only__pif_340_644_distance	-0.2364398184139859	0.2364398184139859
receptor_only_geometry	receptor_grouped_5fold	3	Gq/11	numeric__receptor_only__pif_550_644_distance	0.13737556378054613	0.13737556378054613
receptor_only_geometry	receptor_grouped_5fold	3	Gq/11	numeric__receptor_only__pif_550_340_min_distance	0.0	0.0
receptor_only_geometry	receptor_grouped_5fold	3	Gq/11	numeric__receptor_only__pif_340_644_min_distance	-0.2686062348369129	0.2686062348369129
receptor_only_geometry	receptor_grouped_5fold	3	Gq/11	numeric__receptor_only__pif_550_644_min_distance	0.12694460706145258	0.12694460706145258
receptor_only_geometry	receptor_grouped_5fold	3	Gq/11	numeric__receptor_only__pif_triangle_perimeter	0.0	0.0
receptor_only_geometry	receptor_grouped_5fold	3	Gq/11	numeric__receptor_only__position_644_chi1	0.0	0.0
receptor_only_geometry	receptor_grouped_5fold	3	Gq/11	numeric__receptor_only__position_644_chi2	-0.11305124094470194	0.11305124094470194
receptor_only_geometry	receptor_grouped_5fold	3	Gq/11	numeric__receptor_only__w648_chi1	0.045560896679867104	0.045560896679867104
receptor_only_geometry	receptor_grouped_5fold	3	Gq/11	numeric__receptor_only__w648_chi2	0.11916249027476893	0.11916249027476893
receptor_only_geometry	receptor_grouped_5fold	3	Gq/11	numeric__receptor_only__w648_displacement	0.0	0.0
receptor_only_geometry	receptor_grouped_5fold	3	Gq/11	numeric__receptor_only__w648_to_644_distance	0.08746198207728928	0.08746198207728928
receptor_only_geometry	receptor_grouped_5fold	3	Gq/11	numeric__receptor_only__cwxp_647_650_distance	-0.004798527873485703	0.004798527873485703
receptor_only_geometry	receptor_grouped_5fold	3	Gq/11	numeric__receptor_only__y753_chi1	0.0	0.0
receptor_only_geometry	receptor_grouped_5fold	3	Gq/11	numeric__receptor_only__y753_chi2	0.0	0.0
receptor_only_geometry	receptor_grouped_5fold	3	Gq/11	numeric__receptor_only__y753_y558_distance	0.0	0.0
receptor_only_geometry	receptor_grouped_5fold	3	Gq/11	numeric__receptor_only__y753_y558_min_distance	0.0	0.0
receptor_only_geometry	receptor_grouped_5fold	3	Gq/11	numeric__receptor_only__n749_y753_distance	-0.06660482999894085	0.06660482999894085
receptor_only_geometry	receptor_grouped_5fold	3	Gq/11	numeric__receptor_only__npxxy_local_spread	0.3714256752794931	0.3714256752794931
receptor_only_geometry	receptor_grouped_5fold	3	Gq/11	numeric__receptor_only__y753_displacement	0.0	0.0
receptor_only_geometry	receptor_grouped_5fold	3	Gq/11	numeric__receptor_only__sodium_d250_s339_distance	0.0	0.0
receptor_only_geometry	receptor_grouped_5fold	3	Gq/11	numeric__receptor_only__sodium_d250_n745_distance	0.0	0.0
receptor_only_geometry	receptor_grouped_5fold	3	Gq/11	numeric__receptor_only__sodium_d250_s746_distance	-0.06832391534824692	0.06832391534824692
receptor_only_geometry	receptor_grouped_5fold	3	Gq/11	numeric__receptor_only__sodium_d250_n749_distance	-0.0942537639736966	0.0942537639736966
receptor_only_geometry	receptor_grouped_5fold	3	Gq/11	numeric__receptor_only__sodium_pocket_volume	-0.1545868888808453	0.1545868888808453
receptor_only_geometry	receptor_grouped_5fold	3	Gq/11	numeric__receptor_only__sodium_pocket_spread	-0.23136523762875227	0.23136523762875227
receptor_only_geometry	receptor_grouped_5fold	3	Gq/11	numeric__receptor_only__tm7_rotation	0.0	0.0
receptor_only_geometry	receptor_grouped_5fold	3	Gq/11	numeric__receptor_only__icl2_generic_ca_count	0.0	0.0
receptor_only_geometry	receptor_grouped_5fold	3	Gq/11	numeric__receptor_only__icl2_end_to_end_distance	0.0	0.0
receptor_only_geometry	receptor_grouped_5fold	3	Gq/11	numeric__receptor_only__icl2_centroid_to_r350	0.0	0.0
receptor_only_geometry	receptor_grouped_5fold	3	Gq/11	numeric__receptor_only__icl2_centroid_to_tm5_561	0.0	0.0
receptor_only_geometry	receptor_grouped_5fold	3	Gq/11	numeric__receptor_only__icl2_centroid_to_tm6_634	0.0	0.0
receptor_only_geometry	receptor_grouped_5fold	3	Gq/11	numeric__receptor_only__icl2_centroid_to_tm7_753	-0.0986295210121642	0.0986295210121642
receptor_only_geometry	receptor_grouped_5fold	3	Gq/11	numeric__receptor_only__icl2_axis_tm3_angle	0.05643027224771067	0.05643027224771067
receptor_only_geometry	receptor_grouped_5fold	3	Gq/11	numeric__receptor_only__icl2_axis_tm5_angle	0.0	0.0
receptor_only_geometry	receptor_grouped_5fold	3	Gq/11	numeric__receptor_only__icl2_active_reference_displacement	0.0	0.0
receptor_only_geometry	receptor_grouped_5fold	3	Gq/11	numeric__receptor_only__tm5_cytoplasmic_extension	0.0	0.0
receptor_only_geometry	receptor_grouped_5fold	3	Gq/11	numeric__receptor_only__tm5_cytoplasmic_kink	0.0	0.0
receptor_only_geometry	receptor_grouped_5fold	3	Gq/11	numeric__receptor_only__tm5_r350_561_distance	0.0	0.0
receptor_only_geometry	receptor_grouped_5fold	3	Gq/11	numeric__receptor_only__tm5_r350_564_distance	0.0	0.0
receptor_only_geometry	receptor_grouped_5fold	3	Gq/11	numeric__receptor_only__tm5_tm6_cavity_distance	0.09770105457433874	0.09770105457433874
receptor_only_geometry	receptor_grouped_5fold	3	Gq/11	numeric__receptor_only__tm5_axis_tm3_angle	0.0	0.0
receptor_only_geometry	receptor_grouped_5fold	3	Gq/11	numeric__receptor_only__tm6_lower_upper_kink	-0.08876347581742065	0.08876347581742065
receptor_only_geometry	receptor_grouped_5fold	3	Gq/11	numeric__receptor_only__tm6_axis_tm3_angle	0.0	0.0
receptor_only_geometry	receptor_grouped_5fold	3	Gq/11	numeric__receptor_only__tm6_tm7_cavity_distance	0.0	0.0
receptor_only_geometry	receptor_grouped_5fold	3	Gq/11	numeric__receptor_only__tm7_h8_angle	0.0	0.0
receptor_only_geometry	receptor_grouped_5fold	3	Gq/11	numeric__receptor_only__h8_end_to_end_distance	0.19719411103912168	0.19719411103912168
receptor_only_geometry	receptor_grouped_5fold	3	Gq/11	numeric__receptor_only__h8_r350_distance	0.0	0.0
receptor_only_geometry	receptor_grouped_5fold	3	Gq/11	numeric__receptor_only__h8_tm6_distance	0.0	0.0
receptor_only_geometry	receptor_grouped_5fold	3	Gq/11	numeric__receptor_only__icl2_helix_fraction	0.0	0.0
receptor_only_geometry	receptor_grouped_5fold	3	Gq/11	numeric__receptor_only__icl2_longest_helix	0.21295672314063438	0.21295672314063438
receptor_only_geometry	receptor_grouped_5fold	3	Gq/11	numeric__receptor_only__icl2_mean_phi	0.2051032653472862	0.2051032653472862
receptor_only_geometry	receptor_grouped_5fold	3	Gq/11	numeric__receptor_only__icl2_mean_psi	0.0	0.0
receptor_only_geometry	receptor_grouped_5fold	3	Gq/11	numeric__receptor_only__intracellular_cavity_core_volume	0.0	0.0
receptor_only_geometry	receptor_grouped_5fold	3	Gq/11	numeric__receptor_only__intracellular_cavity_core_mouth_area	0.0	0.0
receptor_only_geometry	receptor_grouped_5fold	3	Gq/11	numeric__receptor_only__intracellular_cavity_core_depth	0.0	0.0
receptor_only_geometry	receptor_grouped_5fold	3	Gq/11	numeric__receptor_only__intracellular_cavity_core_maximum_width	0.0	0.0
receptor_only_geometry	receptor_grouped_5fold	3	Gq/11	numeric__receptor_only__intracellular_cavity_core_average_cross_section	0.0	0.0
receptor_only_geometry	receptor_grouped_5fold	3	Gq/11	numeric__receptor_only__intracellular_cavity_core_bottleneck_area	0.0	0.0
receptor_only_geometry	receptor_grouped_5fold	3	Gq/11	numeric__receptor_only__intracellular_cavity_core_bottleneck_radius	0.0	0.0
receptor_only_geometry	receptor_grouped_5fold	3	Gq/11	numeric__receptor_only__intracellular_cavity_core_max_inscribed_radius	0.0	0.0
receptor_only_geometry	receptor_grouped_5fold	3	Gq/11	numeric__receptor_only__intracellular_cavity_core_surface_area	0.0	0.0
receptor_only_geometry	receptor_grouped_5fold	3	Gq/11	numeric__receptor_only__intracellular_cavity_core_centroid_x	0.2573250399876896	0.2573250399876896
receptor_only_geometry	receptor_grouped_5fold	3	Gq/11	numeric__receptor_only__intracellular_cavity_core_centroid_y	0.0	0.0
receptor_only_geometry	receptor_grouped_5fold	3	Gq/11	numeric__receptor_only__intracellular_cavity_core_centroid_z	-0.06555613871743916	0.06555613871743916
receptor_only_geometry	receptor_grouped_5fold	3	Gq/11	numeric__receptor_only__intracellular_cavity_core_principal_length_1	0.0	0.0
receptor_only_geometry	receptor_grouped_5fold	3	Gq/11	numeric__receptor_only__intracellular_cavity_core_principal_length_2	0.0	0.0
receptor_only_geometry	receptor_grouped_5fold	3	Gq/11	numeric__receptor_only__intracellular_cavity_core_principal_length_3	0.0	0.0
receptor_only_geometry	receptor_grouped_5fold	3	Gq/11	numeric__receptor_only__intracellular_cavity_core_principal_axis_1_z_alignment	0.0	0.0
receptor_only_geometry	receptor_grouped_5fold	3	Gq/11	numeric__receptor_only__intracellular_cavity_core_eccentricity	0.0	0.0
receptor_only_geometry	receptor_grouped_5fold	3	Gq/11	numeric__receptor_only__intracellular_cavity_core_sphericity	0.0	0.0
receptor_only_geometry	receptor_grouped_5fold	3	Gq/11	numeric__receptor_only__intracellular_cavity_core_asymmetry	-0.07346316575797127	0.07346316575797127
receptor_only_geometry	receptor_grouped_5fold	3	Gq/11	numeric__receptor_only__intracellular_cavity_core_tm3_side_fraction	-0.12402109976269775	0.12402109976269775
receptor_only_geometry	receptor_grouped_5fold	3	Gq/11	numeric__receptor_only__intracellular_cavity_core_tm6_side_fraction	0.12402109976270127	0.12402109976270127
receptor_only_geometry	receptor_grouped_5fold	3	Gq/11	numeric__receptor_only__intracellular_cavity_core_tm5_side_fraction	0.0	0.0
receptor_only_geometry	receptor_grouped_5fold	3	Gq/11	numeric__receptor_only__intracellular_cavity_core_tm7_side_fraction	0.0	0.0
receptor_only_geometry	receptor_grouped_5fold	3	Gq/11	numeric__receptor_only__intracellular_cavity_core_wall_fraction_h8	-0.12105108692399588	0.12105108692399588
receptor_only_geometry	receptor_grouped_5fold	3	Gq/11	numeric__receptor_only__intracellular_cavity_core_wall_fraction_icl2	0.24179444418071974	0.24179444418071974
receptor_only_geometry	receptor_grouped_5fold	3	Gq/11	numeric__receptor_only__intracellular_cavity_core_wall_fraction_tm3	0.0	0.0
receptor_only_geometry	receptor_grouped_5fold	3	Gq/11	numeric__receptor_only__intracellular_cavity_core_wall_fraction_tm7	0.0	0.0
receptor_only_geometry	receptor_grouped_5fold	3	Gs	numeric__receptor_only__activation_consensus_score	0.0	0.0
receptor_only_geometry	receptor_grouped_5fold	3	Gs	numeric__receptor_only__tm6_r350_634_distance	0.0	0.0
receptor_only_geometry	receptor_grouped_5fold	3	Gs	numeric__receptor_only__tm6_aligned_displacement	0.15470779348302316	0.15470779348302316
receptor_only_geometry	receptor_grouped_5fold	3	Gs	numeric__receptor_only__tm7_displacement	0.0	0.0
receptor_only_geometry	receptor_grouped_5fold	3	Gs	numeric__receptor_only__tm3_tm7_distance	0.0	0.0
receptor_only_geometry	receptor_grouped_5fold	3	Gs	numeric__receptor_only__tm6_r350_630_distance	0.0	0.0
receptor_only_geometry	receptor_grouped_5fold	3	Gs	numeric__receptor_only__dry_r350_630_min_distance	0.0	0.0
receptor_only_geometry	receptor_grouped_5fold	3	Gs	numeric__receptor_only__dry_r350_630_ca_distance	0.0	0.0
receptor_only_geometry	receptor_grouped_5fold	3	Gs	numeric__receptor_only__dry_d349_r350_min_distance	0.0	0.0
receptor_only_geometry	receptor_grouped_5fold	3	Gs	numeric__receptor_only__r350_chi1	-0.06665661651912261	0.06665661651912261
receptor_only_geometry	receptor_grouped_5fold	3	Gs	numeric__receptor_only__r350_chi2	0.0	0.0
receptor_only_geometry	receptor_grouped_5fold	3	Gs	numeric__receptor_only__pif_550_340_distance	-0.0060334111028174965	0.0060334111028174965
receptor_only_geometry	receptor_grouped_5fold	3	Gs	numeric__receptor_only__pif_340_644_distance	0.05369804907464303	0.05369804907464303
receptor_only_geometry	receptor_grouped_5fold	3	Gs	numeric__receptor_only__pif_550_644_distance	0.0	0.0
receptor_only_geometry	receptor_grouped_5fold	3	Gs	numeric__receptor_only__pif_550_340_min_distance	0.0	0.0
receptor_only_geometry	receptor_grouped_5fold	3	Gs	numeric__receptor_only__pif_340_644_min_distance	0.015217091597500204	0.015217091597500204
receptor_only_geometry	receptor_grouped_5fold	3	Gs	numeric__receptor_only__pif_550_644_min_distance	0.0	0.0
receptor_only_geometry	receptor_grouped_5fold	3	Gs	numeric__receptor_only__pif_triangle_perimeter	0.0	0.0
receptor_only_geometry	receptor_grouped_5fold	3	Gs	numeric__receptor_only__position_644_chi1	0.05576590682216708	0.05576590682216708
receptor_only_geometry	receptor_grouped_5fold	3	Gs	numeric__receptor_only__position_644_chi2	0.047605995992728994	0.047605995992728994
receptor_only_geometry	receptor_grouped_5fold	3	Gs	numeric__receptor_only__w648_chi1	0.0	0.0
receptor_only_geometry	receptor_grouped_5fold	3	Gs	numeric__receptor_only__w648_chi2	-0.004081248877256198	0.004081248877256198
receptor_only_geometry	receptor_grouped_5fold	3	Gs	numeric__receptor_only__w648_displacement	0.0	0.0
receptor_only_geometry	receptor_grouped_5fold	3	Gs	numeric__receptor_only__w648_to_644_distance	0.0	0.0
receptor_only_geometry	receptor_grouped_5fold	3	Gs	numeric__receptor_only__cwxp_647_650_distance	0.10932809583205161	0.10932809583205161
receptor_only_geometry	receptor_grouped_5fold	3	Gs	numeric__receptor_only__y753_chi1	0.18289852552962393	0.18289852552962393
receptor_only_geometry	receptor_grouped_5fold	3	Gs	numeric__receptor_only__y753_chi2	0.0	0.0
receptor_only_geometry	receptor_grouped_5fold	3	Gs	numeric__receptor_only__y753_y558_distance	0.0	0.0
receptor_only_geometry	receptor_grouped_5fold	3	Gs	numeric__receptor_only__y753_y558_min_distance	0.0	0.0
receptor_only_geometry	receptor_grouped_5fold	3	Gs	numeric__receptor_only__n749_y753_distance	0.0	0.0
receptor_only_geometry	receptor_grouped_5fold	3	Gs	numeric__receptor_only__npxxy_local_spread	0.0	0.0
receptor_only_geometry	receptor_grouped_5fold	3	Gs	numeric__receptor_only__y753_displacement	0.0	0.0
receptor_only_geometry	receptor_grouped_5fold	3	Gs	numeric__receptor_only__sodium_d250_s339_distance	0.2969078074436128	0.2969078074436128
receptor_only_geometry	receptor_grouped_5fold	3	Gs	numeric__receptor_only__sodium_d250_n745_distance	0.0	0.0
receptor_only_geometry	receptor_grouped_5fold	3	Gs	numeric__receptor_only__sodium_d250_s746_distance	0.0	0.0
receptor_only_geometry	receptor_grouped_5fold	3	Gs	numeric__receptor_only__sodium_d250_n749_distance	0.0	0.0
receptor_only_geometry	receptor_grouped_5fold	3	Gs	numeric__receptor_only__sodium_pocket_volume	0.22243787110872196	0.22243787110872196
receptor_only_geometry	receptor_grouped_5fold	3	Gs	numeric__receptor_only__sodium_pocket_spread	0.17767960381929707	0.17767960381929707
receptor_only_geometry	receptor_grouped_5fold	3	Gs	numeric__receptor_only__tm7_rotation	-0.01053769180453039	0.01053769180453039
receptor_only_geometry	receptor_grouped_5fold	3	Gs	numeric__receptor_only__icl2_generic_ca_count	0.0	0.0
receptor_only_geometry	receptor_grouped_5fold	3	Gs	numeric__receptor_only__icl2_end_to_end_distance	0.0	0.0
receptor_only_geometry	receptor_grouped_5fold	3	Gs	numeric__receptor_only__icl2_centroid_to_r350	0.0	0.0
receptor_only_geometry	receptor_grouped_5fold	3	Gs	numeric__receptor_only__icl2_centroid_to_tm5_561	0.09681214367442455	0.09681214367442455
receptor_only_geometry	receptor_grouped_5fold	3	Gs	numeric__receptor_only__icl2_centroid_to_tm6_634	0.0	0.0
receptor_only_geometry	receptor_grouped_5fold	3	Gs	numeric__receptor_only__icl2_centroid_to_tm7_753	0.0	0.0
receptor_only_geometry	receptor_grouped_5fold	3	Gs	numeric__receptor_only__icl2_axis_tm3_angle	-0.23815539047719644	0.23815539047719644
receptor_only_geometry	receptor_grouped_5fold	3	Gs	numeric__receptor_only__icl2_axis_tm5_angle	-0.22806849934102963	0.22806849934102963
receptor_only_geometry	receptor_grouped_5fold	3	Gs	numeric__receptor_only__icl2_active_reference_displacement	-0.03161899463000737	0.03161899463000737
receptor_only_geometry	receptor_grouped_5fold	3	Gs	numeric__receptor_only__tm5_cytoplasmic_extension	0.21014984598469477	0.21014984598469477
receptor_only_geometry	receptor_grouped_5fold	3	Gs	numeric__receptor_only__tm5_cytoplasmic_kink	0.1478242260613626	0.1478242260613626
receptor_only_geometry	receptor_grouped_5fold	3	Gs	numeric__receptor_only__tm5_r350_561_distance	0.1815565560470557	0.1815565560470557
receptor_only_geometry	receptor_grouped_5fold	3	Gs	numeric__receptor_only__tm5_r350_564_distance	0.2034236777955713	0.2034236777955713
receptor_only_geometry	receptor_grouped_5fold	3	Gs	numeric__receptor_only__tm5_tm6_cavity_distance	0.0	0.0
receptor_only_geometry	receptor_grouped_5fold	3	Gs	numeric__receptor_only__tm5_axis_tm3_angle	0.0980327948464564	0.0980327948464564
receptor_only_geometry	receptor_grouped_5fold	3	Gs	numeric__receptor_only__tm6_lower_upper_kink	0.39472253117643014	0.39472253117643014
receptor_only_geometry	receptor_grouped_5fold	3	Gs	numeric__receptor_only__tm6_axis_tm3_angle	0.0	0.0
receptor_only_geometry	receptor_grouped_5fold	3	Gs	numeric__receptor_only__tm6_tm7_cavity_distance	0.0	0.0
receptor_only_geometry	receptor_grouped_5fold	3	Gs	numeric__receptor_only__tm7_h8_angle	0.03616895570874183	0.03616895570874183
receptor_only_geometry	receptor_grouped_5fold	3	Gs	numeric__receptor_only__h8_end_to_end_distance	-0.06240954553709583	0.06240954553709583
receptor_only_geometry	receptor_grouped_5fold	3	Gs	numeric__receptor_only__h8_r350_distance	0.0	0.0
receptor_only_geometry	receptor_grouped_5fold	3	Gs	numeric__receptor_only__h8_tm6_distance	0.0	0.0
receptor_only_geometry	receptor_grouped_5fold	3	Gs	numeric__receptor_only__icl2_helix_fraction	0.0	0.0
receptor_only_geometry	receptor_grouped_5fold	3	Gs	numeric__receptor_only__icl2_longest_helix	0.0	0.0
receptor_only_geometry	receptor_grouped_5fold	3	Gs	numeric__receptor_only__icl2_mean_phi	0.0	0.0
receptor_only_geometry	receptor_grouped_5fold	3	Gs	numeric__receptor_only__icl2_mean_psi	0.0	0.0
receptor_only_geometry	receptor_grouped_5fold	3	Gs	numeric__receptor_only__intracellular_cavity_core_volume	0.0	0.0
receptor_only_geometry	receptor_grouped_5fold	3	Gs	numeric__receptor_only__intracellular_cavity_core_mouth_area	0.0	0.0
receptor_only_geometry	receptor_grouped_5fold	3	Gs	numeric__receptor_only__intracellular_cavity_core_depth	-0.09658661755643336	0.09658661755643336
receptor_only_geometry	receptor_grouped_5fold	3	Gs	numeric__receptor_only__intracellular_cavity_core_maximum_width	0.0	0.0
receptor_only_geometry	receptor_grouped_5fold	3	Gs	numeric__receptor_only__intracellular_cavity_core_average_cross_section	0.0	0.0
receptor_only_geometry	receptor_grouped_5fold	3	Gs	numeric__receptor_only__intracellular_cavity_core_bottleneck_area	0.0	0.0
receptor_only_geometry	receptor_grouped_5fold	3	Gs	numeric__receptor_only__intracellular_cavity_core_bottleneck_radius	0.0	0.0
receptor_only_geometry	receptor_grouped_5fold	3	Gs	numeric__receptor_only__intracellular_cavity_core_max_inscribed_radius	0.0	0.0
receptor_only_geometry	receptor_grouped_5fold	3	Gs	numeric__receptor_only__intracellular_cavity_core_surface_area	0.0	0.0
receptor_only_geometry	receptor_grouped_5fold	3	Gs	numeric__receptor_only__intracellular_cavity_core_centroid_x	-0.13616839381089357	0.13616839381089357
receptor_only_geometry	receptor_grouped_5fold	3	Gs	numeric__receptor_only__intracellular_cavity_core_centroid_y	-0.23483157353363215	0.23483157353363215
receptor_only_geometry	receptor_grouped_5fold	3	Gs	numeric__receptor_only__intracellular_cavity_core_centroid_z	0.18877375075673614	0.18877375075673614
receptor_only_geometry	receptor_grouped_5fold	3	Gs	numeric__receptor_only__intracellular_cavity_core_principal_length_1	-0.15401853745995034	0.15401853745995034
receptor_only_geometry	receptor_grouped_5fold	3	Gs	numeric__receptor_only__intracellular_cavity_core_principal_length_2	-0.011288387055556029	0.011288387055556029
receptor_only_geometry	receptor_grouped_5fold	3	Gs	numeric__receptor_only__intracellular_cavity_core_principal_length_3	0.0	0.0
receptor_only_geometry	receptor_grouped_5fold	3	Gs	numeric__receptor_only__intracellular_cavity_core_principal_axis_1_z_alignment	-0.14343829655419002	0.14343829655419002
receptor_only_geometry	receptor_grouped_5fold	3	Gs	numeric__receptor_only__intracellular_cavity_core_eccentricity	0.0	0.0
receptor_only_geometry	receptor_grouped_5fold	3	Gs	numeric__receptor_only__intracellular_cavity_core_sphericity	0.0	0.0
receptor_only_geometry	receptor_grouped_5fold	3	Gs	numeric__receptor_only__intracellular_cavity_core_asymmetry	0.0	0.0
receptor_only_geometry	receptor_grouped_5fold	3	Gs	numeric__receptor_only__intracellular_cavity_core_tm3_side_fraction	0.05760401027996521	0.05760401027996521
receptor_only_geometry	receptor_grouped_5fold	3	Gs	numeric__receptor_only__intracellular_cavity_core_tm6_side_fraction	-0.057604010279965	0.057604010279965
receptor_only_geometry	receptor_grouped_5fold	3	Gs	numeric__receptor_only__intracellular_cavity_core_tm5_side_fraction	-0.10696329943438361	0.10696329943438361
receptor_only_geometry	receptor_grouped_5fold	3	Gs	numeric__receptor_only__intracellular_cavity_core_tm7_side_fraction	0.1069632994343843	0.1069632994343843
receptor_only_geometry	receptor_grouped_5fold	3	Gs	numeric__receptor_only__intracellular_cavity_core_wall_fraction_h8	0.009234647814205419	0.009234647814205419
receptor_only_geometry	receptor_grouped_5fold	3	Gs	numeric__receptor_only__intracellular_cavity_core_wall_fraction_icl2	-0.06642523450046942	0.06642523450046942
receptor_only_geometry	receptor_grouped_5fold	3	Gs	numeric__receptor_only__intracellular_cavity_core_wall_fraction_tm3	0.0	0.0
receptor_only_geometry	receptor_grouped_5fold	3	Gs	numeric__receptor_only__intracellular_cavity_core_wall_fraction_tm7	-0.16036399785835873	0.16036399785835873
receptor_only_geometry	receptor_grouped_5fold	4	Gi/o	numeric__receptor_only__activation_consensus_score	-0.2007084248333814	0.2007084248333814
receptor_only_geometry	receptor_grouped_5fold	4	Gi/o	numeric__receptor_only__tm6_r350_634_distance	-0.12595312412642976	0.12595312412642976
receptor_only_geometry	receptor_grouped_5fold	4	Gi/o	numeric__receptor_only__tm6_aligned_displacement	-0.20424670241891082	0.20424670241891082
receptor_only_geometry	receptor_grouped_5fold	4	Gi/o	numeric__receptor_only__tm7_displacement	0.0	0.0
receptor_only_geometry	receptor_grouped_5fold	4	Gi/o	numeric__receptor_only__tm3_tm7_distance	0.195834349153372	0.195834349153372
receptor_only_geometry	receptor_grouped_5fold	4	Gi/o	numeric__receptor_only__tm6_r350_630_distance	0.0	0.0
receptor_only_geometry	receptor_grouped_5fold	4	Gi/o	numeric__receptor_only__dry_r350_630_min_distance	0.0	0.0
receptor_only_geometry	receptor_grouped_5fold	4	Gi/o	numeric__receptor_only__dry_r350_630_ca_distance	0.0	0.0
receptor_only_geometry	receptor_grouped_5fold	4	Gi/o	numeric__receptor_only__dry_d349_r350_min_distance	0.09503647730861811	0.09503647730861811
receptor_only_geometry	receptor_grouped_5fold	4	Gi/o	numeric__receptor_only__r350_chi1	0.117299261113283	0.117299261113283
receptor_only_geometry	receptor_grouped_5fold	4	Gi/o	numeric__receptor_only__r350_chi2	0.0	0.0
receptor_only_geometry	receptor_grouped_5fold	4	Gi/o	numeric__receptor_only__pif_550_340_distance	0.0	0.0
receptor_only_geometry	receptor_grouped_5fold	4	Gi/o	numeric__receptor_only__pif_340_644_distance	0.0	0.0
receptor_only_geometry	receptor_grouped_5fold	4	Gi/o	numeric__receptor_only__pif_550_644_distance	-0.132463501182311	0.132463501182311
receptor_only_geometry	receptor_grouped_5fold	4	Gi/o	numeric__receptor_only__pif_550_340_min_distance	0.0	0.0
receptor_only_geometry	receptor_grouped_5fold	4	Gi/o	numeric__receptor_only__pif_340_644_min_distance	0.1498172422439886	0.1498172422439886
receptor_only_geometry	receptor_grouped_5fold	4	Gi/o	numeric__receptor_only__pif_550_644_min_distance	-0.019601499326830807	0.019601499326830807
receptor_only_geometry	receptor_grouped_5fold	4	Gi/o	numeric__receptor_only__pif_triangle_perimeter	0.0	0.0
receptor_only_geometry	receptor_grouped_5fold	4	Gi/o	numeric__receptor_only__position_644_chi1	0.0	0.0
receptor_only_geometry	receptor_grouped_5fold	4	Gi/o	numeric__receptor_only__position_644_chi2	0.0	0.0
receptor_only_geometry	receptor_grouped_5fold	4	Gi/o	numeric__receptor_only__w648_chi1	0.0	0.0
receptor_only_geometry	receptor_grouped_5fold	4	Gi/o	numeric__receptor_only__w648_chi2	-0.07447773010045647	0.07447773010045647
receptor_only_geometry	receptor_grouped_5fold	4	Gi/o	numeric__receptor_only__w648_displacement	0.0	0.0
receptor_only_geometry	receptor_grouped_5fold	4	Gi/o	numeric__receptor_only__w648_to_644_distance	-0.16468293545209953	0.16468293545209953
receptor_only_geometry	receptor_grouped_5fold	4	Gi/o	numeric__receptor_only__cwxp_647_650_distance	0.0	0.0
receptor_only_geometry	receptor_grouped_5fold	4	Gi/o	numeric__receptor_only__y753_chi1	-0.04840986244670465	0.04840986244670465
receptor_only_geometry	receptor_grouped_5fold	4	Gi/o	numeric__receptor_only__y753_chi2	0.0	0.0
receptor_only_geometry	receptor_grouped_5fold	4	Gi/o	numeric__receptor_only__y753_y558_distance	0.06777425235651577	0.06777425235651577
receptor_only_geometry	receptor_grouped_5fold	4	Gi/o	numeric__receptor_only__y753_y558_min_distance	0.05357631424413345	0.05357631424413345
receptor_only_geometry	receptor_grouped_5fold	4	Gi/o	numeric__receptor_only__n749_y753_distance	0.0	0.0
receptor_only_geometry	receptor_grouped_5fold	4	Gi/o	numeric__receptor_only__npxxy_local_spread	-0.08647634152331025	0.08647634152331025
receptor_only_geometry	receptor_grouped_5fold	4	Gi/o	numeric__receptor_only__y753_displacement	-0.20409926846262416	0.20409926846262416
receptor_only_geometry	receptor_grouped_5fold	4	Gi/o	numeric__receptor_only__sodium_d250_s339_distance	-0.03402609380912103	0.03402609380912103
receptor_only_geometry	receptor_grouped_5fold	4	Gi/o	numeric__receptor_only__sodium_d250_n745_distance	0.0	0.0
receptor_only_geometry	receptor_grouped_5fold	4	Gi/o	numeric__receptor_only__sodium_d250_s746_distance	0.0	0.0
receptor_only_geometry	receptor_grouped_5fold	4	Gi/o	numeric__receptor_only__sodium_d250_n749_distance	0.0	0.0
receptor_only_geometry	receptor_grouped_5fold	4	Gi/o	numeric__receptor_only__sodium_pocket_volume	0.0	0.0
receptor_only_geometry	receptor_grouped_5fold	4	Gi/o	numeric__receptor_only__sodium_pocket_spread	0.0	0.0
receptor_only_geometry	receptor_grouped_5fold	4	Gi/o	numeric__receptor_only__tm7_rotation	0.0	0.0
receptor_only_geometry	receptor_grouped_5fold	4	Gi/o	numeric__receptor_only__icl2_generic_ca_count	0.0	0.0
receptor_only_geometry	receptor_grouped_5fold	4	Gi/o	numeric__receptor_only__icl2_end_to_end_distance	0.0	0.0
receptor_only_geometry	receptor_grouped_5fold	4	Gi/o	numeric__receptor_only__icl2_centroid_to_r350	0.0	0.0
receptor_only_geometry	receptor_grouped_5fold	4	Gi/o	numeric__receptor_only__icl2_centroid_to_tm5_561	-0.3057393412727086	0.3057393412727086
receptor_only_geometry	receptor_grouped_5fold	4	Gi/o	numeric__receptor_only__icl2_centroid_to_tm6_634	-0.1484377782368778	0.1484377782368778
receptor_only_geometry	receptor_grouped_5fold	4	Gi/o	numeric__receptor_only__icl2_centroid_to_tm7_753	0.0	0.0
receptor_only_geometry	receptor_grouped_5fold	4	Gi/o	numeric__receptor_only__icl2_axis_tm3_angle	0.0	0.0
receptor_only_geometry	receptor_grouped_5fold	4	Gi/o	numeric__receptor_only__icl2_axis_tm5_angle	0.11042082543620349	0.11042082543620349
receptor_only_geometry	receptor_grouped_5fold	4	Gi/o	numeric__receptor_only__icl2_active_reference_displacement	0.08453266942999378	0.08453266942999378
receptor_only_geometry	receptor_grouped_5fold	4	Gi/o	numeric__receptor_only__tm5_cytoplasmic_extension	-0.07496198289408988	0.07496198289408988
receptor_only_geometry	receptor_grouped_5fold	4	Gi/o	numeric__receptor_only__tm5_cytoplasmic_kink	0.0	0.0
receptor_only_geometry	receptor_grouped_5fold	4	Gi/o	numeric__receptor_only__tm5_r350_561_distance	0.0	0.0
receptor_only_geometry	receptor_grouped_5fold	4	Gi/o	numeric__receptor_only__tm5_r350_564_distance	0.0	0.0
receptor_only_geometry	receptor_grouped_5fold	4	Gi/o	numeric__receptor_only__tm5_tm6_cavity_distance	0.0	0.0
receptor_only_geometry	receptor_grouped_5fold	4	Gi/o	numeric__receptor_only__tm5_axis_tm3_angle	-0.050555023694875585	0.050555023694875585
receptor_only_geometry	receptor_grouped_5fold	4	Gi/o	numeric__receptor_only__tm6_lower_upper_kink	0.0	0.0
receptor_only_geometry	receptor_grouped_5fold	4	Gi/o	numeric__receptor_only__tm6_axis_tm3_angle	0.0	0.0
receptor_only_geometry	receptor_grouped_5fold	4	Gi/o	numeric__receptor_only__tm6_tm7_cavity_distance	0.0	0.0
receptor_only_geometry	receptor_grouped_5fold	4	Gi/o	numeric__receptor_only__tm7_h8_angle	0.0	0.0
receptor_only_geometry	receptor_grouped_5fold	4	Gi/o	numeric__receptor_only__h8_end_to_end_distance	-0.04891709141205465	0.04891709141205465
receptor_only_geometry	receptor_grouped_5fold	4	Gi/o	numeric__receptor_only__h8_r350_distance	0.0	0.0
receptor_only_geometry	receptor_grouped_5fold	4	Gi/o	numeric__receptor_only__h8_tm6_distance	-0.13881257027296875	0.13881257027296875
receptor_only_geometry	receptor_grouped_5fold	4	Gi/o	numeric__receptor_only__icl2_helix_fraction	-0.10714423783330185	0.10714423783330185
receptor_only_geometry	receptor_grouped_5fold	4	Gi/o	numeric__receptor_only__icl2_longest_helix	-0.10344391112274165	0.10344391112274165
receptor_only_geometry	receptor_grouped_5fold	4	Gi/o	numeric__receptor_only__icl2_mean_phi	0.0	0.0
receptor_only_geometry	receptor_grouped_5fold	4	Gi/o	numeric__receptor_only__icl2_mean_psi	0.0	0.0
receptor_only_geometry	receptor_grouped_5fold	4	Gi/o	numeric__receptor_only__intracellular_cavity_core_volume	0.0	0.0
receptor_only_geometry	receptor_grouped_5fold	4	Gi/o	numeric__receptor_only__intracellular_cavity_core_mouth_area	0.0	0.0
receptor_only_geometry	receptor_grouped_5fold	4	Gi/o	numeric__receptor_only__intracellular_cavity_core_depth	0.0	0.0
receptor_only_geometry	receptor_grouped_5fold	4	Gi/o	numeric__receptor_only__intracellular_cavity_core_maximum_width	0.0	0.0
receptor_only_geometry	receptor_grouped_5fold	4	Gi/o	numeric__receptor_only__intracellular_cavity_core_average_cross_section	0.0	0.0
receptor_only_geometry	receptor_grouped_5fold	4	Gi/o	numeric__receptor_only__intracellular_cavity_core_bottleneck_area	0.0	0.0
receptor_only_geometry	receptor_grouped_5fold	4	Gi/o	numeric__receptor_only__intracellular_cavity_core_bottleneck_radius	0.0	0.0
receptor_only_geometry	receptor_grouped_5fold	4	Gi/o	numeric__receptor_only__intracellular_cavity_core_max_inscribed_radius	0.0	0.0
receptor_only_geometry	receptor_grouped_5fold	4	Gi/o	numeric__receptor_only__intracellular_cavity_core_surface_area	0.0	0.0
receptor_only_geometry	receptor_grouped_5fold	4	Gi/o	numeric__receptor_only__intracellular_cavity_core_centroid_x	0.0	0.0
receptor_only_geometry	receptor_grouped_5fold	4	Gi/o	numeric__receptor_only__intracellular_cavity_core_centroid_y	0.14677873097820007	0.14677873097820007
receptor_only_geometry	receptor_grouped_5fold	4	Gi/o	numeric__receptor_only__intracellular_cavity_core_centroid_z	-0.008497628137989367	0.008497628137989367
receptor_only_geometry	receptor_grouped_5fold	4	Gi/o	numeric__receptor_only__intracellular_cavity_core_principal_length_1	0.10843696603311631	0.10843696603311631
receptor_only_geometry	receptor_grouped_5fold	4	Gi/o	numeric__receptor_only__intracellular_cavity_core_principal_length_2	0.08913379682003057	0.08913379682003057
receptor_only_geometry	receptor_grouped_5fold	4	Gi/o	numeric__receptor_only__intracellular_cavity_core_principal_length_3	0.0	0.0
receptor_only_geometry	receptor_grouped_5fold	4	Gi/o	numeric__receptor_only__intracellular_cavity_core_principal_axis_1_z_alignment	0.0	0.0
receptor_only_geometry	receptor_grouped_5fold	4	Gi/o	numeric__receptor_only__intracellular_cavity_core_eccentricity	0.0	0.0
receptor_only_geometry	receptor_grouped_5fold	4	Gi/o	numeric__receptor_only__intracellular_cavity_core_sphericity	0.0	0.0
receptor_only_geometry	receptor_grouped_5fold	4	Gi/o	numeric__receptor_only__intracellular_cavity_core_asymmetry	0.0	0.0
receptor_only_geometry	receptor_grouped_5fold	4	Gi/o	numeric__receptor_only__intracellular_cavity_core_tm3_side_fraction	0.0	0.0
receptor_only_geometry	receptor_grouped_5fold	4	Gi/o	numeric__receptor_only__intracellular_cavity_core_tm6_side_fraction	0.0	0.0
receptor_only_geometry	receptor_grouped_5fold	4	Gi/o	numeric__receptor_only__intracellular_cavity_core_tm5_side_fraction	0.0970058702013843	0.0970058702013843
receptor_only_geometry	receptor_grouped_5fold	4	Gi/o	numeric__receptor_only__intracellular_cavity_core_tm7_side_fraction	-0.09700587020138722	0.09700587020138722
receptor_only_geometry	receptor_grouped_5fold	4	Gi/o	numeric__receptor_only__intracellular_cavity_core_wall_fraction_h8	0.0	0.0
receptor_only_geometry	receptor_grouped_5fold	4	Gi/o	numeric__receptor_only__intracellular_cavity_core_wall_fraction_icl2	0.0	0.0
receptor_only_geometry	receptor_grouped_5fold	4	Gi/o	numeric__receptor_only__intracellular_cavity_core_wall_fraction_tm3	0.0	0.0
receptor_only_geometry	receptor_grouped_5fold	4	Gi/o	numeric__receptor_only__intracellular_cavity_core_wall_fraction_tm7	0.0	0.0
receptor_only_geometry	receptor_grouped_5fold	4	Gq/11	numeric__receptor_only__activation_consensus_score	0.0	0.0
receptor_only_geometry	receptor_grouped_5fold	4	Gq/11	numeric__receptor_only__tm6_r350_634_distance	0.03384126254656228	0.03384126254656228
receptor_only_geometry	receptor_grouped_5fold	4	Gq/11	numeric__receptor_only__tm6_aligned_displacement	0.0037098534030465292	0.0037098534030465292
receptor_only_geometry	receptor_grouped_5fold	4	Gq/11	numeric__receptor_only__tm7_displacement	0.0	0.0
receptor_only_geometry	receptor_grouped_5fold	4	Gq/11	numeric__receptor_only__tm3_tm7_distance	-0.17966521486765205	0.17966521486765205
receptor_only_geometry	receptor_grouped_5fold	4	Gq/11	numeric__receptor_only__tm6_r350_630_distance	0.0	0.0
receptor_only_geometry	receptor_grouped_5fold	4	Gq/11	numeric__receptor_only__dry_r350_630_min_distance	0.0	0.0
receptor_only_geometry	receptor_grouped_5fold	4	Gq/11	numeric__receptor_only__dry_r350_630_ca_distance	0.0	0.0
receptor_only_geometry	receptor_grouped_5fold	4	Gq/11	numeric__receptor_only__dry_d349_r350_min_distance	0.0	0.0
receptor_only_geometry	receptor_grouped_5fold	4	Gq/11	numeric__receptor_only__r350_chi1	0.0	0.0
receptor_only_geometry	receptor_grouped_5fold	4	Gq/11	numeric__receptor_only__r350_chi2	0.12550857415500924	0.12550857415500924
receptor_only_geometry	receptor_grouped_5fold	4	Gq/11	numeric__receptor_only__pif_550_340_distance	0.0	0.0
receptor_only_geometry	receptor_grouped_5fold	4	Gq/11	numeric__receptor_only__pif_340_644_distance	-0.09572172484167961	0.09572172484167961
receptor_only_geometry	receptor_grouped_5fold	4	Gq/11	numeric__receptor_only__pif_550_644_distance	0.0	0.0
receptor_only_geometry	receptor_grouped_5fold	4	Gq/11	numeric__receptor_only__pif_550_340_min_distance	0.0	0.0
receptor_only_geometry	receptor_grouped_5fold	4	Gq/11	numeric__receptor_only__pif_340_644_min_distance	-0.07283070767450066	0.07283070767450066
receptor_only_geometry	receptor_grouped_5fold	4	Gq/11	numeric__receptor_only__pif_550_644_min_distance	0.0	0.0
receptor_only_geometry	receptor_grouped_5fold	4	Gq/11	numeric__receptor_only__pif_triangle_perimeter	0.0	0.0
receptor_only_geometry	receptor_grouped_5fold	4	Gq/11	numeric__receptor_only__position_644_chi1	-0.02814083015002362	0.02814083015002362
receptor_only_geometry	receptor_grouped_5fold	4	Gq/11	numeric__receptor_only__position_644_chi2	-0.0970433803093696	0.0970433803093696
receptor_only_geometry	receptor_grouped_5fold	4	Gq/11	numeric__receptor_only__w648_chi1	0.009202506109253215	0.009202506109253215
receptor_only_geometry	receptor_grouped_5fold	4	Gq/11	numeric__receptor_only__w648_chi2	0.0	0.0
receptor_only_geometry	receptor_grouped_5fold	4	Gq/11	numeric__receptor_only__w648_displacement	0.0	0.0
receptor_only_geometry	receptor_grouped_5fold	4	Gq/11	numeric__receptor_only__w648_to_644_distance	0.0	0.0
receptor_only_geometry	receptor_grouped_5fold	4	Gq/11	numeric__receptor_only__cwxp_647_650_distance	0.0	0.0
receptor_only_geometry	receptor_grouped_5fold	4	Gq/11	numeric__receptor_only__y753_chi1	0.0	0.0
receptor_only_geometry	receptor_grouped_5fold	4	Gq/11	numeric__receptor_only__y753_chi2	0.0	0.0
receptor_only_geometry	receptor_grouped_5fold	4	Gq/11	numeric__receptor_only__y753_y558_distance	-0.09045948350494687	0.09045948350494687
receptor_only_geometry	receptor_grouped_5fold	4	Gq/11	numeric__receptor_only__y753_y558_min_distance	-0.03128897864683417	0.03128897864683417
receptor_only_geometry	receptor_grouped_5fold	4	Gq/11	numeric__receptor_only__n749_y753_distance	0.0	0.0
receptor_only_geometry	receptor_grouped_5fold	4	Gq/11	numeric__receptor_only__npxxy_local_spread	0.0	0.0
receptor_only_geometry	receptor_grouped_5fold	4	Gq/11	numeric__receptor_only__y753_displacement	0.0	0.0
receptor_only_geometry	receptor_grouped_5fold	4	Gq/11	numeric__receptor_only__sodium_d250_s339_distance	0.0	0.0
receptor_only_geometry	receptor_grouped_5fold	4	Gq/11	numeric__receptor_only__sodium_d250_n745_distance	0.0	0.0
receptor_only_geometry	receptor_grouped_5fold	4	Gq/11	numeric__receptor_only__sodium_d250_s746_distance	0.0	0.0
receptor_only_geometry	receptor_grouped_5fold	4	Gq/11	numeric__receptor_only__sodium_d250_n749_distance	0.0	0.0
receptor_only_geometry	receptor_grouped_5fold	4	Gq/11	numeric__receptor_only__sodium_pocket_volume	-0.2978441509448795	0.2978441509448795
receptor_only_geometry	receptor_grouped_5fold	4	Gq/11	numeric__receptor_only__sodium_pocket_spread	-0.19103458848987398	0.19103458848987398
receptor_only_geometry	receptor_grouped_5fold	4	Gq/11	numeric__receptor_only__tm7_rotation	0.0	0.0
receptor_only_geometry	receptor_grouped_5fold	4	Gq/11	numeric__receptor_only__icl2_generic_ca_count	0.0	0.0
receptor_only_geometry	receptor_grouped_5fold	4	Gq/11	numeric__receptor_only__icl2_end_to_end_distance	0.0	0.0
receptor_only_geometry	receptor_grouped_5fold	4	Gq/11	numeric__receptor_only__icl2_centroid_to_r350	0.0	0.0
receptor_only_geometry	receptor_grouped_5fold	4	Gq/11	numeric__receptor_only__icl2_centroid_to_tm5_561	0.0	0.0
receptor_only_geometry	receptor_grouped_5fold	4	Gq/11	numeric__receptor_only__icl2_centroid_to_tm6_634	0.0	0.0
receptor_only_geometry	receptor_grouped_5fold	4	Gq/11	numeric__receptor_only__icl2_centroid_to_tm7_753	-0.15473172805795793	0.15473172805795793
receptor_only_geometry	receptor_grouped_5fold	4	Gq/11	numeric__receptor_only__icl2_axis_tm3_angle	0.0	0.0
receptor_only_geometry	receptor_grouped_5fold	4	Gq/11	numeric__receptor_only__icl2_axis_tm5_angle	0.0	0.0
receptor_only_geometry	receptor_grouped_5fold	4	Gq/11	numeric__receptor_only__icl2_active_reference_displacement	0.0	0.0
receptor_only_geometry	receptor_grouped_5fold	4	Gq/11	numeric__receptor_only__tm5_cytoplasmic_extension	0.0	0.0
receptor_only_geometry	receptor_grouped_5fold	4	Gq/11	numeric__receptor_only__tm5_cytoplasmic_kink	0.0	0.0
receptor_only_geometry	receptor_grouped_5fold	4	Gq/11	numeric__receptor_only__tm5_r350_561_distance	0.0	0.0
receptor_only_geometry	receptor_grouped_5fold	4	Gq/11	numeric__receptor_only__tm5_r350_564_distance	0.0	0.0
receptor_only_geometry	receptor_grouped_5fold	4	Gq/11	numeric__receptor_only__tm5_tm6_cavity_distance	0.0	0.0
receptor_only_geometry	receptor_grouped_5fold	4	Gq/11	numeric__receptor_only__tm5_axis_tm3_angle	0.0	0.0
receptor_only_geometry	receptor_grouped_5fold	4	Gq/11	numeric__receptor_only__tm6_lower_upper_kink	0.0	0.0
receptor_only_geometry	receptor_grouped_5fold	4	Gq/11	numeric__receptor_only__tm6_axis_tm3_angle	0.0	0.0
receptor_only_geometry	receptor_grouped_5fold	4	Gq/11	numeric__receptor_only__tm6_tm7_cavity_distance	0.0	0.0
receptor_only_geometry	receptor_grouped_5fold	4	Gq/11	numeric__receptor_only__tm7_h8_angle	0.0	0.0
receptor_only_geometry	receptor_grouped_5fold	4	Gq/11	numeric__receptor_only__h8_end_to_end_distance	0.0	0.0
receptor_only_geometry	receptor_grouped_5fold	4	Gq/11	numeric__receptor_only__h8_r350_distance	0.0	0.0
receptor_only_geometry	receptor_grouped_5fold	4	Gq/11	numeric__receptor_only__h8_tm6_distance	0.05358056666094168	0.05358056666094168
receptor_only_geometry	receptor_grouped_5fold	4	Gq/11	numeric__receptor_only__icl2_helix_fraction	0.16174007209937996	0.16174007209937996
receptor_only_geometry	receptor_grouped_5fold	4	Gq/11	numeric__receptor_only__icl2_longest_helix	0.0	0.0
receptor_only_geometry	receptor_grouped_5fold	4	Gq/11	numeric__receptor_only__icl2_mean_phi	0.0	0.0
receptor_only_geometry	receptor_grouped_5fold	4	Gq/11	numeric__receptor_only__icl2_mean_psi	0.0	0.0
receptor_only_geometry	receptor_grouped_5fold	4	Gq/11	numeric__receptor_only__intracellular_cavity_core_volume	0.0	0.0
receptor_only_geometry	receptor_grouped_5fold	4	Gq/11	numeric__receptor_only__intracellular_cavity_core_mouth_area	0.0	0.0
receptor_only_geometry	receptor_grouped_5fold	4	Gq/11	numeric__receptor_only__intracellular_cavity_core_depth	0.0	0.0
receptor_only_geometry	receptor_grouped_5fold	4	Gq/11	numeric__receptor_only__intracellular_cavity_core_maximum_width	0.0	0.0
receptor_only_geometry	receptor_grouped_5fold	4	Gq/11	numeric__receptor_only__intracellular_cavity_core_average_cross_section	0.0	0.0
receptor_only_geometry	receptor_grouped_5fold	4	Gq/11	numeric__receptor_only__intracellular_cavity_core_bottleneck_area	0.0	0.0
receptor_only_geometry	receptor_grouped_5fold	4	Gq/11	numeric__receptor_only__intracellular_cavity_core_bottleneck_radius	0.0	0.0
receptor_only_geometry	receptor_grouped_5fold	4	Gq/11	numeric__receptor_only__intracellular_cavity_core_max_inscribed_radius	0.0	0.0
receptor_only_geometry	receptor_grouped_5fold	4	Gq/11	numeric__receptor_only__intracellular_cavity_core_surface_area	0.0	0.0
receptor_only_geometry	receptor_grouped_5fold	4	Gq/11	numeric__receptor_only__intracellular_cavity_core_centroid_x	0.17151205694971577	0.17151205694971577
receptor_only_geometry	receptor_grouped_5fold	4	Gq/11	numeric__receptor_only__intracellular_cavity_core_centroid_y	0.0	0.0
receptor_only_geometry	receptor_grouped_5fold	4	Gq/11	numeric__receptor_only__intracellular_cavity_core_centroid_z	0.0	0.0
receptor_only_geometry	receptor_grouped_5fold	4	Gq/11	numeric__receptor_only__intracellular_cavity_core_principal_length_1	0.0	0.0
receptor_only_geometry	receptor_grouped_5fold	4	Gq/11	numeric__receptor_only__intracellular_cavity_core_principal_length_2	0.0	0.0
receptor_only_geometry	receptor_grouped_5fold	4	Gq/11	numeric__receptor_only__intracellular_cavity_core_principal_length_3	0.0	0.0
receptor_only_geometry	receptor_grouped_5fold	4	Gq/11	numeric__receptor_only__intracellular_cavity_core_principal_axis_1_z_alignment	0.0	0.0
receptor_only_geometry	receptor_grouped_5fold	4	Gq/11	numeric__receptor_only__intracellular_cavity_core_eccentricity	0.0	0.0
receptor_only_geometry	receptor_grouped_5fold	4	Gq/11	numeric__receptor_only__intracellular_cavity_core_sphericity	0.0	0.0
receptor_only_geometry	receptor_grouped_5fold	4	Gq/11	numeric__receptor_only__intracellular_cavity_core_asymmetry	-0.0757048572361034	0.0757048572361034
receptor_only_geometry	receptor_grouped_5fold	4	Gq/11	numeric__receptor_only__intracellular_cavity_core_tm3_side_fraction	-0.07504925984404302	0.07504925984404302
receptor_only_geometry	receptor_grouped_5fold	4	Gq/11	numeric__receptor_only__intracellular_cavity_core_tm6_side_fraction	0.07504925984404627	0.07504925984404627
receptor_only_geometry	receptor_grouped_5fold	4	Gq/11	numeric__receptor_only__intracellular_cavity_core_tm5_side_fraction	0.0	0.0
receptor_only_geometry	receptor_grouped_5fold	4	Gq/11	numeric__receptor_only__intracellular_cavity_core_tm7_side_fraction	0.0	0.0
receptor_only_geometry	receptor_grouped_5fold	4	Gq/11	numeric__receptor_only__intracellular_cavity_core_wall_fraction_h8	-0.13574707968481783	0.13574707968481783
receptor_only_geometry	receptor_grouped_5fold	4	Gq/11	numeric__receptor_only__intracellular_cavity_core_wall_fraction_icl2	0.1904405671595185	0.1904405671595185
receptor_only_geometry	receptor_grouped_5fold	4	Gq/11	numeric__receptor_only__intracellular_cavity_core_wall_fraction_tm3	0.0	0.0
receptor_only_geometry	receptor_grouped_5fold	4	Gq/11	numeric__receptor_only__intracellular_cavity_core_wall_fraction_tm7	0.1590354588034687	0.1590354588034687
receptor_only_geometry	receptor_grouped_5fold	4	Gs	numeric__receptor_only__activation_consensus_score	0.0	0.0
receptor_only_geometry	receptor_grouped_5fold	4	Gs	numeric__receptor_only__tm6_r350_634_distance	0.0	0.0
receptor_only_geometry	receptor_grouped_5fold	4	Gs	numeric__receptor_only__tm6_aligned_displacement	0.0	0.0
receptor_only_geometry	receptor_grouped_5fold	4	Gs	numeric__receptor_only__tm7_displacement	0.0	0.0
receptor_only_geometry	receptor_grouped_5fold	4	Gs	numeric__receptor_only__tm3_tm7_distance	0.0	0.0
receptor_only_geometry	receptor_grouped_5fold	4	Gs	numeric__receptor_only__tm6_r350_630_distance	0.0	0.0
receptor_only_geometry	receptor_grouped_5fold	4	Gs	numeric__receptor_only__dry_r350_630_min_distance	0.0	0.0
receptor_only_geometry	receptor_grouped_5fold	4	Gs	numeric__receptor_only__dry_r350_630_ca_distance	0.0	0.0
receptor_only_geometry	receptor_grouped_5fold	4	Gs	numeric__receptor_only__dry_d349_r350_min_distance	0.0	0.0
receptor_only_geometry	receptor_grouped_5fold	4	Gs	numeric__receptor_only__r350_chi1	0.0	0.0
receptor_only_geometry	receptor_grouped_5fold	4	Gs	numeric__receptor_only__r350_chi2	0.0	0.0
receptor_only_geometry	receptor_grouped_5fold	4	Gs	numeric__receptor_only__pif_550_340_distance	0.0	0.0
receptor_only_geometry	receptor_grouped_5fold	4	Gs	numeric__receptor_only__pif_340_644_distance	0.06005450652590464	0.06005450652590464
receptor_only_geometry	receptor_grouped_5fold	4	Gs	numeric__receptor_only__pif_550_644_distance	0.054197685838346395	0.054197685838346395
receptor_only_geometry	receptor_grouped_5fold	4	Gs	numeric__receptor_only__pif_550_340_min_distance	0.019454177504616855	0.019454177504616855
receptor_only_geometry	receptor_grouped_5fold	4	Gs	numeric__receptor_only__pif_340_644_min_distance	0.0	0.0
receptor_only_geometry	receptor_grouped_5fold	4	Gs	numeric__receptor_only__pif_550_644_min_distance	0.0	0.0
receptor_only_geometry	receptor_grouped_5fold	4	Gs	numeric__receptor_only__pif_triangle_perimeter	0.03821763776916967	0.03821763776916967
receptor_only_geometry	receptor_grouped_5fold	4	Gs	numeric__receptor_only__position_644_chi1	0.2701034770072649	0.2701034770072649
receptor_only_geometry	receptor_grouped_5fold	4	Gs	numeric__receptor_only__position_644_chi2	0.21584933757050373	0.21584933757050373
receptor_only_geometry	receptor_grouped_5fold	4	Gs	numeric__receptor_only__w648_chi1	-0.031694370306210314	0.031694370306210314
receptor_only_geometry	receptor_grouped_5fold	4	Gs	numeric__receptor_only__w648_chi2	0.0	0.0
receptor_only_geometry	receptor_grouped_5fold	4	Gs	numeric__receptor_only__w648_displacement	0.0	0.0
receptor_only_geometry	receptor_grouped_5fold	4	Gs	numeric__receptor_only__w648_to_644_distance	0.20023408203914134	0.20023408203914134
receptor_only_geometry	receptor_grouped_5fold	4	Gs	numeric__receptor_only__cwxp_647_650_distance	0.0	0.0
receptor_only_geometry	receptor_grouped_5fold	4	Gs	numeric__receptor_only__y753_chi1	0.12764170560881033	0.12764170560881033
receptor_only_geometry	receptor_grouped_5fold	4	Gs	numeric__receptor_only__y753_chi2	0.0	0.0
receptor_only_geometry	receptor_grouped_5fold	4	Gs	numeric__receptor_only__y753_y558_distance	0.0	0.0
receptor_only_geometry	receptor_grouped_5fold	4	Gs	numeric__receptor_only__y753_y558_min_distance	0.0	0.0
receptor_only_geometry	receptor_grouped_5fold	4	Gs	numeric__receptor_only__n749_y753_distance	0.0	0.0
receptor_only_geometry	receptor_grouped_5fold	4	Gs	numeric__receptor_only__npxxy_local_spread	0.008830575366895204	0.008830575366895204
receptor_only_geometry	receptor_grouped_5fold	4	Gs	numeric__receptor_only__y753_displacement	0.0	0.0
receptor_only_geometry	receptor_grouped_5fold	4	Gs	numeric__receptor_only__sodium_d250_s339_distance	0.16051905852693307	0.16051905852693307
receptor_only_geometry	receptor_grouped_5fold	4	Gs	numeric__receptor_only__sodium_d250_n745_distance	0.0439038883012785	0.0439038883012785
receptor_only_geometry	receptor_grouped_5fold	4	Gs	numeric__receptor_only__sodium_d250_s746_distance	0.0	0.0
receptor_only_geometry	receptor_grouped_5fold	4	Gs	numeric__receptor_only__sodium_d250_n749_distance	0.09195114349554699	0.09195114349554699
receptor_only_geometry	receptor_grouped_5fold	4	Gs	numeric__receptor_only__sodium_pocket_volume	0.27815548085294095	0.27815548085294095
receptor_only_geometry	receptor_grouped_5fold	4	Gs	numeric__receptor_only__sodium_pocket_spread	0.19528891668902285	0.19528891668902285
receptor_only_geometry	receptor_grouped_5fold	4	Gs	numeric__receptor_only__tm7_rotation	0.0	0.0
receptor_only_geometry	receptor_grouped_5fold	4	Gs	numeric__receptor_only__icl2_generic_ca_count	0.11881730074872028	0.11881730074872028
receptor_only_geometry	receptor_grouped_5fold	4	Gs	numeric__receptor_only__icl2_end_to_end_distance	0.0	0.0
receptor_only_geometry	receptor_grouped_5fold	4	Gs	numeric__receptor_only__icl2_centroid_to_r350	0.0	0.0
receptor_only_geometry	receptor_grouped_5fold	4	Gs	numeric__receptor_only__icl2_centroid_to_tm5_561	0.08129631368011248	0.08129631368011248
receptor_only_geometry	receptor_grouped_5fold	4	Gs	numeric__receptor_only__icl2_centroid_to_tm6_634	0.0	0.0
receptor_only_geometry	receptor_grouped_5fold	4	Gs	numeric__receptor_only__icl2_centroid_to_tm7_753	0.0	0.0
receptor_only_geometry	receptor_grouped_5fold	4	Gs	numeric__receptor_only__icl2_axis_tm3_angle	-0.049938789646988654	0.049938789646988654
receptor_only_geometry	receptor_grouped_5fold	4	Gs	numeric__receptor_only__icl2_axis_tm5_angle	-0.15834872684775722	0.15834872684775722
receptor_only_geometry	receptor_grouped_5fold	4	Gs	numeric__receptor_only__icl2_active_reference_displacement	-0.08994357104483497	0.08994357104483497
receptor_only_geometry	receptor_grouped_5fold	4	Gs	numeric__receptor_only__tm5_cytoplasmic_extension	0.18300512752612735	0.18300512752612735
receptor_only_geometry	receptor_grouped_5fold	4	Gs	numeric__receptor_only__tm5_cytoplasmic_kink	0.0	0.0
receptor_only_geometry	receptor_grouped_5fold	4	Gs	numeric__receptor_only__tm5_r350_561_distance	0.04026666314106665	0.04026666314106665
receptor_only_geometry	receptor_grouped_5fold	4	Gs	numeric__receptor_only__tm5_r350_564_distance	0.0	0.0
receptor_only_geometry	receptor_grouped_5fold	4	Gs	numeric__receptor_only__tm5_tm6_cavity_distance	0.0	0.0
receptor_only_geometry	receptor_grouped_5fold	4	Gs	numeric__receptor_only__tm5_axis_tm3_angle	0.07971352810479015	0.07971352810479015
receptor_only_geometry	receptor_grouped_5fold	4	Gs	numeric__receptor_only__tm6_lower_upper_kink	0.2644674299097374	0.2644674299097374
receptor_only_geometry	receptor_grouped_5fold	4	Gs	numeric__receptor_only__tm6_axis_tm3_angle	0.0	0.0
receptor_only_geometry	receptor_grouped_5fold	4	Gs	numeric__receptor_only__tm6_tm7_cavity_distance	0.0	0.0
receptor_only_geometry	receptor_grouped_5fold	4	Gs	numeric__receptor_only__tm7_h8_angle	0.0	0.0
receptor_only_geometry	receptor_grouped_5fold	4	Gs	numeric__receptor_only__h8_end_to_end_distance	0.04696466920761616	0.04696466920761616
receptor_only_geometry	receptor_grouped_5fold	4	Gs	numeric__receptor_only__h8_r350_distance	0.0	0.0
receptor_only_geometry	receptor_grouped_5fold	4	Gs	numeric__receptor_only__h8_tm6_distance	0.0	0.0
receptor_only_geometry	receptor_grouped_5fold	4	Gs	numeric__receptor_only__icl2_helix_fraction	0.0	0.0
receptor_only_geometry	receptor_grouped_5fold	4	Gs	numeric__receptor_only__icl2_longest_helix	0.016295770385234082	0.016295770385234082
receptor_only_geometry	receptor_grouped_5fold	4	Gs	numeric__receptor_only__icl2_mean_phi	0.0	0.0
receptor_only_geometry	receptor_grouped_5fold	4	Gs	numeric__receptor_only__icl2_mean_psi	0.0	0.0
receptor_only_geometry	receptor_grouped_5fold	4	Gs	numeric__receptor_only__intracellular_cavity_core_volume	0.0	0.0
receptor_only_geometry	receptor_grouped_5fold	4	Gs	numeric__receptor_only__intracellular_cavity_core_mouth_area	0.0	0.0
receptor_only_geometry	receptor_grouped_5fold	4	Gs	numeric__receptor_only__intracellular_cavity_core_depth	-0.13291064176444262	0.13291064176444262
receptor_only_geometry	receptor_grouped_5fold	4	Gs	numeric__receptor_only__intracellular_cavity_core_maximum_width	0.0	0.0
receptor_only_geometry	receptor_grouped_5fold	4	Gs	numeric__receptor_only__intracellular_cavity_core_average_cross_section	0.0	0.0
receptor_only_geometry	receptor_grouped_5fold	4	Gs	numeric__receptor_only__intracellular_cavity_core_bottleneck_area	0.0	0.0
receptor_only_geometry	receptor_grouped_5fold	4	Gs	numeric__receptor_only__intracellular_cavity_core_bottleneck_radius	0.0	0.0
receptor_only_geometry	receptor_grouped_5fold	4	Gs	numeric__receptor_only__intracellular_cavity_core_max_inscribed_radius	0.0	0.0
receptor_only_geometry	receptor_grouped_5fold	4	Gs	numeric__receptor_only__intracellular_cavity_core_surface_area	-0.010683505032624468	0.010683505032624468
receptor_only_geometry	receptor_grouped_5fold	4	Gs	numeric__receptor_only__intracellular_cavity_core_centroid_x	-0.21221636264588067	0.21221636264588067
receptor_only_geometry	receptor_grouped_5fold	4	Gs	numeric__receptor_only__intracellular_cavity_core_centroid_y	-0.21656338095417688	0.21656338095417688
receptor_only_geometry	receptor_grouped_5fold	4	Gs	numeric__receptor_only__intracellular_cavity_core_centroid_z	0.25027216472571084	0.25027216472571084
receptor_only_geometry	receptor_grouped_5fold	4	Gs	numeric__receptor_only__intracellular_cavity_core_principal_length_1	-0.09281015354688234	0.09281015354688234
receptor_only_geometry	receptor_grouped_5fold	4	Gs	numeric__receptor_only__intracellular_cavity_core_principal_length_2	-0.08104312684057804	0.08104312684057804
receptor_only_geometry	receptor_grouped_5fold	4	Gs	numeric__receptor_only__intracellular_cavity_core_principal_length_3	0.0	0.0
receptor_only_geometry	receptor_grouped_5fold	4	Gs	numeric__receptor_only__intracellular_cavity_core_principal_axis_1_z_alignment	-0.012600857562978084	0.012600857562978084
receptor_only_geometry	receptor_grouped_5fold	4	Gs	numeric__receptor_only__intracellular_cavity_core_eccentricity	0.0	0.0
receptor_only_geometry	receptor_grouped_5fold	4	Gs	numeric__receptor_only__intracellular_cavity_core_sphericity	0.0	0.0
receptor_only_geometry	receptor_grouped_5fold	4	Gs	numeric__receptor_only__intracellular_cavity_core_asymmetry	0.0	0.0
receptor_only_geometry	receptor_grouped_5fold	4	Gs	numeric__receptor_only__intracellular_cavity_core_tm3_side_fraction	0.12658882110362085	0.12658882110362085
receptor_only_geometry	receptor_grouped_5fold	4	Gs	numeric__receptor_only__intracellular_cavity_core_tm6_side_fraction	-0.12658882110361622	0.12658882110361622
receptor_only_geometry	receptor_grouped_5fold	4	Gs	numeric__receptor_only__intracellular_cavity_core_tm5_side_fraction	-0.13535101519405512	0.13535101519405512
receptor_only_geometry	receptor_grouped_5fold	4	Gs	numeric__receptor_only__intracellular_cavity_core_tm7_side_fraction	0.13535101519405573	0.13535101519405573
receptor_only_geometry	receptor_grouped_5fold	4	Gs	numeric__receptor_only__intracellular_cavity_core_wall_fraction_h8	0.0	0.0
receptor_only_geometry	receptor_grouped_5fold	4	Gs	numeric__receptor_only__intracellular_cavity_core_wall_fraction_icl2	0.0	0.0
receptor_only_geometry	receptor_grouped_5fold	4	Gs	numeric__receptor_only__intracellular_cavity_core_wall_fraction_tm3	-0.08958587224207941	0.08958587224207941
receptor_only_geometry	receptor_grouped_5fold	4	Gs	numeric__receptor_only__intracellular_cavity_core_wall_fraction_tm7	-0.23622448616114933	0.23622448616114933
