control_iteration	interface_feature	interface_position	matched_noninterface_feature	matched_noninterface_position	distance
0	gpcrdb_8x59_expected_aa	8x59	gpcrdb_5x46_expected_aa	5x46	0.16234098603602382
0	gpcrdb_5x68_expected_aa	5x68	gpcrdb_4x45_expected_aa	4x45	0.19312852995102522
0	gpcrdb_3x49_expected_aa	3x49	gpcrdb_2x47_expected_aa	2x47	0.0037191755668186666
0	gpcrdb_34x53_expected_aa	34x53	gpcrdb_4x46_expected_aa	4x46	0.07273027599128228
0	gpcrdb_34x56_expected_aa	34x56	gpcrdb_5x42_expected_aa	5x42	0.1168875914720176
0	gpcrdb_34x51_expected_aa	34x51	gpcrdb_2x39_expected_aa	2x39	0.06031012956208382
0	gpcrdb_5x61_expected_aa	5x61	gpcrdb_3x46_expected_aa	3x46	0.03731827260055631
0	gpcrdb_7x53_expected_aa	7x53	gpcrdb_2x46_expected_aa	2x46	0.022410700115643223
0	gpcrdb_6x37_expected_aa	6x37	gpcrdb_1x46_expected_aa	1x46	0.00860709291433448
0	gpcrdb_5x64_expected_aa	5x64	gpcrdb_1x60_expected_aa	1x60	0.165465673676856
0	gpcrdb_34x54_expected_aa	34x54	gpcrdb_2x53_expected_aa	2x53	0.4923641366594668
0	gpcrdb_3x50_expected_aa	3x50	gpcrdb_1x50_expected_aa	1x50	0.06419929770083684
0	gpcrdb_8x47_expected_aa	8x47	gpcrdb_4x38_expected_aa	4x38	0.1938871623841232
0	gpcrdb_6x30_expected_aa	6x30	gpcrdb_5x53_expected_aa	5x53	0.6499274450871056
0	gpcrdb_8x50_expected_aa	8x50	gpcrdb_7x46_expected_aa	7x46	0.07528566743089823
0	gpcrdb_7x56_expected_aa	7x56	gpcrdb_7x51_expected_aa	7x51	0.5614960718639556
0	gpcrdb_6x40_expected_aa	6x40	gpcrdb_3x40_expected_aa	3x40	0.0036774170650353266
0	gpcrdb_6x34_expected_aa	6x34	gpcrdb_2x43_expected_aa	2x43	0.5609101266946404
0	gpcrdb_3x53_expected_aa	3x53	gpcrdb_4x53_expected_aa	4x53	0.21377077999263738
0	gpcrdb_3x55_expected_aa	3x55	gpcrdb_1x52_expected_aa	1x52	0.8648483490956147
0	gpcrdb_5x72_expected_aa	5x72	gpcrdb_7x52_expected_aa	7x52	1.3364274854938873
0	gpcrdb_8x53_expected_aa	8x53	gpcrdb_1x53_expected_aa	1x53	1.4967658131356891
0	gpcrdb_34x52_expected_aa	34x52	gpcrdb_6x47_expected_aa	6x47	1.4731927014954143
0	gpcrdb_34x55_expected_aa	34x55	gpcrdb_7x45_expected_aa	7x45	1.590011966148838
0	gpcrdb_34x57_expected_aa	34x57	gpcrdb_3x43_expected_aa	3x43	1.200654058753152
0	gpcrdb_6x23_expected_aa	6x23	gpcrdb_5x50_expected_aa	5x50	1.6728280494812593
0	gpcrdb_34x50_expected_aa	34x50	gpcrdb_6x48_expected_aa	6x48	0.14787778096831827
0	gpcrdb_7x55_expected_aa	7x55	gpcrdb_3x39_expected_aa	3x39	0.8887061956379166
0	gpcrdb_7x54_expected_aa	7x54	gpcrdb_6x44_expected_aa	6x44	1.4995687035735483
0	gpcrdb_5x58_expected_aa	5x58	gpcrdb_7x49_expected_aa	7x49	0.147446622365198
1	gpcrdb_6x37_expected_aa	6x37	gpcrdb_1x46_expected_aa	1x46	0.00860709291433448
1	gpcrdb_6x30_expected_aa	6x30	gpcrdb_4x45_expected_aa	4x45	0.04735427520850822
1	gpcrdb_34x51_expected_aa	34x51	gpcrdb_2x39_expected_aa	2x39	0.06031012956208382
1	gpcrdb_34x52_expected_aa	34x52	gpcrdb_5x46_expected_aa	5x46	0.065143134852591
1	gpcrdb_8x53_expected_aa	8x53	gpcrdb_5x42_expected_aa	5x42	0.139137586837664
1	gpcrdb_34x50_expected_aa	34x50	gpcrdb_6x47_expected_aa	6x47	0.0717948105913337
1	gpcrdb_3x49_expected_aa	3x49	gpcrdb_2x47_expected_aa	2x47	0.0037191755668186666
1	gpcrdb_34x56_expected_aa	34x56	gpcrdb_1x60_expected_aa	1x60	0.12163506298533144
1	gpcrdb_5x68_expected_aa	5x68	gpcrdb_2x53_expected_aa	2x53	0.35191061235430904
1	gpcrdb_5x72_expected_aa	5x72	gpcrdb_4x46_expected_aa	4x46	0.7971564706982307
1	gpcrdb_3x55_expected_aa	3x55	gpcrdb_4x38_expected_aa	4x38	0.4498719162861236
1	gpcrdb_3x53_expected_aa	3x53	gpcrdb_5x53_expected_aa	5x53	0.05872969670886352
1	gpcrdb_6x23_expected_aa	6x23	gpcrdb_7x51_expected_aa	7x51	1.1000057237367056
1	gpcrdb_5x58_expected_aa	5x58	gpcrdb_6x44_expected_aa	6x44	0.09278971952820925
1	gpcrdb_5x64_expected_aa	5x64	gpcrdb_2x43_expected_aa	2x43	0.9479473675080103
1	gpcrdb_7x56_expected_aa	7x56	gpcrdb_3x40_expected_aa	3x40	0.6731277300252889
1	gpcrdb_3x50_expected_aa	3x50	gpcrdb_6x50_expected_aa	6x50	0.06419929770083684
1	gpcrdb_34x55_expected_aa	34x55	gpcrdb_4x53_expected_aa	4x53	1.0721331798127787
1	gpcrdb_5x61_expected_aa	5x61	gpcrdb_3x46_expected_aa	3x46	0.03731827260055631
1	gpcrdb_34x54_expected_aa	34x54	gpcrdb_1x52_expected_aa	1x52	1.2151331202568485
1	gpcrdb_8x47_expected_aa	8x47	gpcrdb_7x52_expected_aa	7x52	0.6572206162740107
1	gpcrdb_8x50_expected_aa	8x50	gpcrdb_7x46_expected_aa	7x46	0.07528566743089823
1	gpcrdb_6x40_expected_aa	6x40	gpcrdb_1x53_expected_aa	1x53	0.5029771669205787
1	gpcrdb_7x54_expected_aa	7x54	gpcrdb_7x45_expected_aa	7x45	1.1927121564154808
1	gpcrdb_8x59_expected_aa	8x59	gpcrdb_3x43_expected_aa	3x43	1.5432304281169489
1	gpcrdb_34x53_expected_aa	34x53	gpcrdb_5x50_expected_aa	5x50	0.9912973898371541
1	gpcrdb_7x53_expected_aa	7x53	gpcrdb_2x46_expected_aa	2x46	0.022410700115643223
1	gpcrdb_7x55_expected_aa	7x55	gpcrdb_6x48_expected_aa	6x48	0.8745893303117145
1	gpcrdb_34x57_expected_aa	34x57	gpcrdb_3x39_expected_aa	3x39	1.3170800779225573
1	gpcrdb_6x34_expected_aa	6x34	gpcrdb_7x49_expected_aa	7x49	1.495841703374599
2	gpcrdb_34x55_expected_aa	34x55	gpcrdb_5x46_expected_aa	5x46	0.13464031798103232
2	gpcrdb_8x50_expected_aa	8x50	gpcrdb_3x46_expected_aa	3x46	0.04468400118441017
2	gpcrdb_7x54_expected_aa	7x54	gpcrdb_2x53_expected_aa	2x53	0.039937367991902395
2	gpcrdb_6x34_expected_aa	6x34	gpcrdb_2x39_expected_aa	2x39	0.034759263457320944
2	gpcrdb_3x50_expected_aa	3x50	gpcrdb_6x50_expected_aa	6x50	0.06419929770083684
2	gpcrdb_34x57_expected_aa	34x57	gpcrdb_4x45_expected_aa	4x45	0.23429107180753556
2	gpcrdb_5x58_expected_aa	5x58	gpcrdb_6x44_expected_aa	6x44	0.09278971952820925
2	gpcrdb_34x50_expected_aa	34x50	gpcrdb_6x47_expected_aa	6x47	0.0717948105913337
2	gpcrdb_6x40_expected_aa	6x40	gpcrdb_3x40_expected_aa	3x40	0.0036774170650353266
2	gpcrdb_5x68_expected_aa	5x68	gpcrdb_5x42_expected_aa	5x42	0.20071613944828876
2	gpcrdb_8x53_expected_aa	8x53	gpcrdb_1x60_expected_aa	1x60	0.14965037582648977
2	gpcrdb_6x30_expected_aa	6x30	gpcrdb_4x46_expected_aa	4x46	0.3683842770297159
2	gpcrdb_8x47_expected_aa	8x47	gpcrdb_4x38_expected_aa	4x38	0.1938871623841232
2	gpcrdb_34x52_expected_aa	34x52	gpcrdb_5x53_expected_aa	5x53	0.834504401710253
2	gpcrdb_5x61_expected_aa	5x61	gpcrdb_7x52_expected_aa	7x52	0.08025108715277507
2	gpcrdb_34x51_expected_aa	34x51	gpcrdb_7x51_expected_aa	7x51	0.46601178659342224
2	gpcrdb_3x55_expected_aa	3x55	gpcrdb_2x43_expected_aa	2x43	0.7166158100660489
2	gpcrdb_7x56_expected_aa	7x56	gpcrdb_1x46_expected_aa	1x46	0.6425034565747909
2	gpcrdb_34x56_expected_aa	34x56	gpcrdb_4x53_expected_aa	4x53	1.113858864988034
2	gpcrdb_6x23_expected_aa	6x23	gpcrdb_1x52_expected_aa	1x52	1.2848454894188648
2	gpcrdb_34x53_expected_aa	34x53	gpcrdb_7x46_expected_aa	7x46	0.8231161002899812
2	gpcrdb_8x59_expected_aa	8x59	gpcrdb_1x53_expected_aa	1x53	1.5001071476046826
2	gpcrdb_7x53_expected_aa	7x53	gpcrdb_2x46_expected_aa	2x46	0.022410700115643223
2	gpcrdb_34x54_expected_aa	34x54	gpcrdb_7x45_expected_aa	7x45	1.6394771240199648
2	gpcrdb_5x64_expected_aa	5x64	gpcrdb_3x43_expected_aa	3x43	1.5231938752186873
2	gpcrdb_7x55_expected_aa	7x55	gpcrdb_5x50_expected_aa	5x50	0.7843946019046804
2	gpcrdb_5x72_expected_aa	5x72	gpcrdb_2x47_expected_aa	2x47	1.75327793356546
2	gpcrdb_6x37_expected_aa	6x37	gpcrdb_6x48_expected_aa	6x48	0.6684110184495482
2	gpcrdb_3x53_expected_aa	3x53	gpcrdb_3x39_expected_aa	3x39	0.8531779673729526
2	gpcrdb_3x49_expected_aa	3x49	gpcrdb_7x49_expected_aa	7x49	0.30877142808224
3	gpcrdb_3x53_expected_aa	3x53	gpcrdb_5x53_expected_aa	5x53	0.05872969670886352
3	gpcrdb_8x47_expected_aa	8x47	gpcrdb_2x39_expected_aa	2x39	0.07474575071366257
3	gpcrdb_3x50_expected_aa	3x50	gpcrdb_6x50_expected_aa	6x50	0.06419929770083684
3	gpcrdb_6x34_expected_aa	6x34	gpcrdb_2x53_expected_aa	2x53	0.018446535044035706
3	gpcrdb_7x53_expected_aa	7x53	gpcrdb_2x46_expected_aa	2x46	0.022410700115643223
3	gpcrdb_5x61_expected_aa	5x61	gpcrdb_3x46_expected_aa	3x46	0.03731827260055631
3	gpcrdb_5x68_expected_aa	5x68	gpcrdb_5x46_expected_aa	5x46	0.08348547483476969
3	gpcrdb_7x54_expected_aa	7x54	gpcrdb_4x45_expected_aa	4x45	0.12907154594967585
3	gpcrdb_34x56_expected_aa	34x56	gpcrdb_5x42_expected_aa	5x42	0.1168875914720176
3	gpcrdb_7x56_expected_aa	7x56	gpcrdb_4x46_expected_aa	4x46	0.2583249084734538
3	gpcrdb_34x52_expected_aa	34x52	gpcrdb_1x60_expected_aa	1x60	0.19177937009089152
3	gpcrdb_34x57_expected_aa	34x57	gpcrdb_4x38_expected_aa	4x38	0.37237228091984237
3	gpcrdb_34x50_expected_aa	34x50	gpcrdb_6x47_expected_aa	6x47	0.0717948105913337
3	gpcrdb_5x58_expected_aa	5x58	gpcrdb_6x44_expected_aa	6x44	0.09278971952820925
3	gpcrdb_5x72_expected_aa	5x72	gpcrdb_7x51_expected_aa	7x51	1.077107357564563
3	gpcrdb_34x54_expected_aa	34x54	gpcrdb_2x43_expected_aa	2x43	1.0673514638840973
3	gpcrdb_6x37_expected_aa	6x37	gpcrdb_1x46_expected_aa	1x46	0.00860709291433448
3	gpcrdb_34x55_expected_aa	34x55	gpcrdb_3x40_expected_aa	3x40	1.0512089151827073
3	gpcrdb_3x49_expected_aa	3x49	gpcrdb_2x47_expected_aa	2x47	0.0037191755668186666
3	gpcrdb_6x40_expected_aa	6x40	gpcrdb_4x53_expected_aa	4x53	0.024720009976077595
3	gpcrdb_8x50_expected_aa	8x50	gpcrdb_7x46_expected_aa	7x46	0.07528566743089823
3	gpcrdb_8x59_expected_aa	8x59	gpcrdb_1x52_expected_aa	1x52	1.1196234436838959
3	gpcrdb_6x23_expected_aa	6x23	gpcrdb_7x52_expected_aa	7x52	1.3228311928806866
3	gpcrdb_8x53_expected_aa	8x53	gpcrdb_1x53_expected_aa	1x53	1.4967658131356891
3	gpcrdb_3x55_expected_aa	3x55	gpcrdb_7x45_expected_aa	7x45	1.2900339367509512
3	gpcrdb_7x55_expected_aa	7x55	gpcrdb_3x43_expected_aa	3x43	0.7709374077528695
3	gpcrdb_34x51_expected_aa	34x51	gpcrdb_5x50_expected_aa	5x50	1.1308260097825218
3	gpcrdb_34x53_expected_aa	34x53	gpcrdb_6x48_expected_aa	6x48	1.0812797382008124
3	gpcrdb_5x64_expected_aa	5x64	gpcrdb_3x39_expected_aa	3x39	1.6409626631037346
3	gpcrdb_6x30_expected_aa	6x30	gpcrdb_7x49_expected_aa	7x49	1.685230777238902
4	gpcrdb_8x47_expected_aa	8x47	gpcrdb_2x39_expected_aa	2x39	0.07474575071366257
4	gpcrdb_34x56_expected_aa	34x56	gpcrdb_5x42_expected_aa	5x42	0.1168875914720176
4	gpcrdb_8x50_expected_aa	8x50	gpcrdb_3x46_expected_aa	3x46	0.04468400118441017
4	gpcrdb_7x56_expected_aa	7x56	gpcrdb_2x53_expected_aa	2x53	0.07285072514052286
4	gpcrdb_3x53_expected_aa	3x53	gpcrdb_5x53_expected_aa	5x53	0.05872969670886352
4	gpcrdb_34x54_expected_aa	34x54	gpcrdb_1x60_expected_aa	1x60	0.09658094275968557
4	gpcrdb_5x64_expected_aa	5x64	gpcrdb_5x46_expected_aa	5x46	0.01866048144621967
4	gpcrdb_5x58_expected_aa	5x58	gpcrdb_6x44_expected_aa	6x44	0.09278971952820925
4	gpcrdb_7x54_expected_aa	7x54	gpcrdb_4x45_expected_aa	4x45	0.12907154594967585
4	gpcrdb_34x53_expected_aa	34x53	gpcrdb_4x46_expected_aa	4x46	0.07273027599128228
4	gpcrdb_7x55_expected_aa	7x55	gpcrdb_4x38_expected_aa	4x38	0.0839008285433435
4	gpcrdb_6x30_expected_aa	6x30	gpcrdb_7x51_expected_aa	7x51	0.6719832427355966
4	gpcrdb_3x50_expected_aa	3x50	gpcrdb_6x50_expected_aa	6x50	0.06419929770083684
4	gpcrdb_5x61_expected_aa	5x61	gpcrdb_7x52_expected_aa	7x52	0.08025108715277507
4	gpcrdb_6x40_expected_aa	6x40	gpcrdb_3x40_expected_aa	3x40	0.0036774170650353266
4	gpcrdb_8x59_expected_aa	8x59	gpcrdb_2x43_expected_aa	2x43	0.9732700812460088
4	gpcrdb_6x34_expected_aa	6x34	gpcrdb_1x46_expected_aa	1x46	0.5627904456002797
4	gpcrdb_34x55_expected_aa	34x55	gpcrdb_4x53_expected_aa	4x53	1.0721331798127787
4	gpcrdb_34x50_expected_aa	34x50	gpcrdb_6x47_expected_aa	6x47	0.0717948105913337
4	gpcrdb_34x51_expected_aa	34x51	gpcrdb_1x52_expected_aa	1x52	0.6917771428788345
4	gpcrdb_34x57_expected_aa	34x57	gpcrdb_7x46_expected_aa	7x46	1.0476367410675238
4	gpcrdb_3x49_expected_aa	3x49	gpcrdb_2x47_expected_aa	2x47	0.0037191755668186666
4	gpcrdb_34x52_expected_aa	34x52	gpcrdb_1x53_expected_aa	1x53	1.4664963129119968
4	gpcrdb_5x68_expected_aa	5x68	gpcrdb_7x45_expected_aa	7x45	1.4959438924709052
4	gpcrdb_6x23_expected_aa	6x23	gpcrdb_3x43_expected_aa	3x43	1.6605867267421295
4	gpcrdb_7x53_expected_aa	7x53	gpcrdb_2x46_expected_aa	2x46	0.022410700115643223
4	gpcrdb_8x53_expected_aa	8x53	gpcrdb_5x50_expected_aa	5x50	1.5535974029608004
4	gpcrdb_3x55_expected_aa	3x55	gpcrdb_6x48_expected_aa	6x48	1.395514240335571
4	gpcrdb_5x72_expected_aa	5x72	gpcrdb_3x39_expected_aa	3x39	1.8223498100200544
4	gpcrdb_6x37_expected_aa	6x37	gpcrdb_7x49_expected_aa	7x49	0.9244441648599848
5	gpcrdb_6x34_expected_aa	6x34	gpcrdb_2x53_expected_aa	2x53	0.018446535044035706
5	gpcrdb_5x68_expected_aa	5x68	gpcrdb_5x46_expected_aa	5x46	0.08348547483476969
5	gpcrdb_8x59_expected_aa	8x59	gpcrdb_5x42_expected_aa	5x42	0.21484760660973232
5	gpcrdb_5x61_expected_aa	5x61	gpcrdb_3x46_expected_aa	3x46	0.03731827260055631
5	gpcrdb_34x53_expected_aa	34x53	gpcrdb_4x46_expected_aa	4x46	0.07273027599128228
5	gpcrdb_5x72_expected_aa	5x72	gpcrdb_1x60_expected_aa	1x60	0.361573609846979
5	gpcrdb_3x49_expected_aa	3x49	gpcrdb_2x47_expected_aa	2x47	0.0037191755668186666
5	gpcrdb_34x50_expected_aa	34x50	gpcrdb_6x47_expected_aa	6x47	0.0717948105913337
5	gpcrdb_34x54_expected_aa	34x54	gpcrdb_4x45_expected_aa	4x45	0.3275440319608869
5	gpcrdb_7x56_expected_aa	7x56	gpcrdb_2x39_expected_aa	2x39	0.11493239523212458
5	gpcrdb_3x50_expected_aa	3x50	gpcrdb_1x50_expected_aa	1x50	0.06419929770083684
5	gpcrdb_3x55_expected_aa	3x55	gpcrdb_4x38_expected_aa	4x38	0.4498719162861236
5	gpcrdb_8x53_expected_aa	8x53	gpcrdb_5x53_expected_aa	5x53	0.86360482456827
5	gpcrdb_6x23_expected_aa	6x23	gpcrdb_7x51_expected_aa	7x51	1.1000057237367056
5	gpcrdb_34x56_expected_aa	34x56	gpcrdb_2x43_expected_aa	2x43	1.0605383290305308
5	gpcrdb_6x37_expected_aa	6x37	gpcrdb_1x46_expected_aa	1x46	0.00860709291433448
5	gpcrdb_34x57_expected_aa	34x57	gpcrdb_3x40_expected_aa	3x40	0.6702505096556429
5	gpcrdb_34x55_expected_aa	34x55	gpcrdb_4x53_expected_aa	4x53	1.0721331798127787
5	gpcrdb_34x51_expected_aa	34x51	gpcrdb_1x52_expected_aa	1x52	0.6917771428788345
5	gpcrdb_34x52_expected_aa	34x52	gpcrdb_7x52_expected_aa	7x52	1.1282097254511558
5	gpcrdb_8x47_expected_aa	8x47	gpcrdb_7x46_expected_aa	7x46	0.8837206985609719
5	gpcrdb_3x53_expected_aa	3x53	gpcrdb_1x53_expected_aa	1x53	0.6920279369371385
5	gpcrdb_7x54_expected_aa	7x54	gpcrdb_7x45_expected_aa	7x45	1.1927121564154808
5	gpcrdb_7x55_expected_aa	7x55	gpcrdb_3x43_expected_aa	3x43	0.7709374077528695
5	gpcrdb_5x58_expected_aa	5x58	gpcrdb_6x44_expected_aa	6x44	0.09278971952820925
5	gpcrdb_7x53_expected_aa	7x53	gpcrdb_2x46_expected_aa	2x46	0.022410700115643223
5	gpcrdb_8x50_expected_aa	8x50	gpcrdb_5x50_expected_aa	5x50	0.24133514698896527
5	gpcrdb_6x30_expected_aa	6x30	gpcrdb_6x48_expected_aa	6x48	1.4293167519260637
5	gpcrdb_6x40_expected_aa	6x40	gpcrdb_3x39_expected_aa	3x39	0.6641271973563928
5	gpcrdb_5x64_expected_aa	5x64	gpcrdb_7x49_expected_aa	7x49	1.882878944187969
6	gpcrdb_6x37_expected_aa	6x37	gpcrdb_1x46_expected_aa	1x46	0.00860709291433448
6	gpcrdb_3x50_expected_aa	3x50	gpcrdb_1x50_expected_aa	1x50	0.06419929770083684
6	gpcrdb_34x50_expected_aa	34x50	gpcrdb_6x47_expected_aa	6x47	0.0717948105913337
6	gpcrdb_7x56_expected_aa	7x56	gpcrdb_2x53_expected_aa	2x53	0.07285072514052286
6	gpcrdb_34x51_expected_aa	34x51	gpcrdb_2x39_expected_aa	2x39	0.06031012956208382
6	gpcrdb_6x34_expected_aa	6x34	gpcrdb_4x46_expected_aa	4x46	0.17660610100363505
6	gpcrdb_3x55_expected_aa	3x55	gpcrdb_4x45_expected_aa	4x45	0.031749765614205394
6	gpcrdb_34x53_expected_aa	34x53	gpcrdb_4x38_expected_aa	4x38	0.13468236762050406
6	gpcrdb_5x64_expected_aa	5x64	gpcrdb_5x46_expected_aa	5x46	0.01866048144621967
6	gpcrdb_34x57_expected_aa	34x57	gpcrdb_5x42_expected_aa	5x42	0.5253923778161779
6	gpcrdb_5x72_expected_aa	5x72	gpcrdb_1x60_expected_aa	1x60	0.361573609846979
6	gpcrdb_6x30_expected_aa	6x30	gpcrdb_5x53_expected_aa	5x53	0.6499274450871056
6	gpcrdb_6x23_expected_aa	6x23	gpcrdb_7x51_expected_aa	7x51	1.1000057237367056
6	gpcrdb_8x53_expected_aa	8x53	gpcrdb_2x43_expected_aa	2x43	0.9650037018957874
6	gpcrdb_8x47_expected_aa	8x47	gpcrdb_3x40_expected_aa	3x40	0.49727533435923893
6	gpcrdb_34x56_expected_aa	34x56	gpcrdb_4x53_expected_aa	4x53	1.113858864988034
6	gpcrdb_34x52_expected_aa	34x52	gpcrdb_1x52_expected_aa	1x52	1.0834727765872736
6	gpcrdb_6x40_expected_aa	6x40	gpcrdb_7x52_expected_aa	7x52	0.1641739370828008
6	gpcrdb_7x53_expected_aa	7x53	gpcrdb_2x46_expected_aa	2x46	0.022410700115643223
6	gpcrdb_5x68_expected_aa	5x68	gpcrdb_3x46_expected_aa	3x46	1.233718638764202
6	gpcrdb_34x55_expected_aa	34x55	gpcrdb_7x46_expected_aa	7x46	1.4370191369991048
6	gpcrdb_7x55_expected_aa	7x55	gpcrdb_1x53_expected_aa	1x53	0.7275561652021025
6	gpcrdb_3x53_expected_aa	3x53	gpcrdb_7x45_expected_aa	7x45	0.7335807984621308
6	gpcrdb_5x58_expected_aa	5x58	gpcrdb_6x44_expected_aa	6x44	0.09278971952820925
6	gpcrdb_34x54_expected_aa	34x54	gpcrdb_3x43_expected_aa	3x43	1.641302826679558
6	gpcrdb_7x54_expected_aa	7x54	gpcrdb_5x50_expected_aa	5x50	1.2079977315930663
6	gpcrdb_5x61_expected_aa	5x61	gpcrdb_2x47_expected_aa	2x47	0.3491278505559927
6	gpcrdb_3x49_expected_aa	3x49	gpcrdb_6x48_expected_aa	6x48	0.05273828167180339
6	gpcrdb_8x59_expected_aa	8x59	gpcrdb_3x39_expected_aa	3x39	1.6603666843990164
6	gpcrdb_8x50_expected_aa	8x50	gpcrdb_7x49_expected_aa	7x49	0.5868770515827803
7	gpcrdb_6x40_expected_aa	6x40	gpcrdb_3x40_expected_aa	3x40	0.0036774170650353266
7	gpcrdb_5x64_expected_aa	5x64	gpcrdb_5x46_expected_aa	5x46	0.01866048144621967
7	gpcrdb_34x57_expected_aa	34x57	gpcrdb_2x53_expected_aa	2x53	0.19187421289837991
7	gpcrdb_6x37_expected_aa	6x37	gpcrdb_1x46_expected_aa	1x46	0.00860709291433448
7	gpcrdb_34x56_expected_aa	34x56	gpcrdb_5x42_expected_aa	5x42	0.1168875914720176
7	gpcrdb_3x49_expected_aa	3x49	gpcrdb_2x47_expected_aa	2x47	0.0037191755668186666
7	gpcrdb_7x55_expected_aa	7x55	gpcrdb_4x38_expected_aa	4x38	0.0839008285433435
7	gpcrdb_5x68_expected_aa	5x68	gpcrdb_4x45_expected_aa	4x45	0.19312852995102522
7	gpcrdb_8x53_expected_aa	8x53	gpcrdb_1x60_expected_aa	1x60	0.14965037582648977
7	gpcrdb_6x23_expected_aa	6x23	gpcrdb_2x39_expected_aa	2x39	0.7923457974704953
7	gpcrdb_7x53_expected_aa	7x53	gpcrdb_2x46_expected_aa	2x46	0.022410700115643223
7	gpcrdb_8x59_expected_aa	8x59	gpcrdb_4x46_expected_aa	4x46	0.5981634994904708
7	gpcrdb_34x51_expected_aa	34x51	gpcrdb_5x53_expected_aa	5x53	0.44417016272663473
7	gpcrdb_6x34_expected_aa	6x34	gpcrdb_7x51_expected_aa	7x51	0.48158974972633084
7	gpcrdb_7x56_expected_aa	7x56	gpcrdb_2x43_expected_aa	2x43	0.6406270604739905
7	gpcrdb_34x53_expected_aa	34x53	gpcrdb_4x53_expected_aa	4x53	0.4591787558729232
7	gpcrdb_6x30_expected_aa	6x30	gpcrdb_1x52_expected_aa	1x52	0.8991137589633887
7	gpcrdb_3x53_expected_aa	3x53	gpcrdb_7x52_expected_aa	7x52	0.3532247070993606
7	gpcrdb_34x54_expected_aa	34x54	gpcrdb_3x46_expected_aa	3x46	1.3771492596989088
7	gpcrdb_3x55_expected_aa	3x55	gpcrdb_7x46_expected_aa	7x46	1.1366161705825182
7	gpcrdb_5x61_expected_aa	5x61	gpcrdb_1x53_expected_aa	1x53	0.2585521426850028
7	gpcrdb_34x52_expected_aa	34x52	gpcrdb_6x47_expected_aa	6x47	1.4731927014954143
7	gpcrdb_34x50_expected_aa	34x50	gpcrdb_7x45_expected_aa	7x45	0.07502775409684706
7	gpcrdb_8x47_expected_aa	8x47	gpcrdb_3x43_expected_aa	3x43	1.0387772484420859
7	gpcrdb_5x72_expected_aa	5x72	gpcrdb_5x50_expected_aa	5x50	1.7203019772357186
7	gpcrdb_8x50_expected_aa	8x50	gpcrdb_6x48_expected_aa	6x48	0.33121320311501695
7	gpcrdb_5x58_expected_aa	5x58	gpcrdb_6x44_expected_aa	6x44	0.09278971952820925
7	gpcrdb_7x54_expected_aa	7x54	gpcrdb_3x39_expected_aa	3x39	1.3123093253263027
7	gpcrdb_3x50_expected_aa	3x50	gpcrdb_1x50_expected_aa	1x50	0.06419929770083684
7	gpcrdb_34x55_expected_aa	34x55	gpcrdb_7x49_expected_aa	7x49	1.9507880561875603
8	gpcrdb_7x53_expected_aa	7x53	gpcrdb_2x46_expected_aa	2x46	0.022410700115643223
8	gpcrdb_3x55_expected_aa	3x55	gpcrdb_4x45_expected_aa	4x45	0.031749765614205394
8	gpcrdb_6x30_expected_aa	6x30	gpcrdb_2x53_expected_aa	2x53	0.1767350217441056
8	gpcrdb_7x54_expected_aa	7x54	gpcrdb_2x39_expected_aa	2x39	0.09183227793650359
8	gpcrdb_6x23_expected_aa	6x23	gpcrdb_5x46_expected_aa	5x46	0.6864015761533662
8	gpcrdb_8x47_expected_aa	8x47	gpcrdb_4x46_expected_aa	4x46	0.09136662743536503
8	gpcrdb_6x40_expected_aa	6x40	gpcrdb_3x40_expected_aa	3x40	0.0036774170650353266
8	gpcrdb_5x68_expected_aa	5x68	gpcrdb_5x42_expected_aa	5x42	0.20071613944828876
8	gpcrdb_8x53_expected_aa	8x53	gpcrdb_1x60_expected_aa	1x60	0.14965037582648977
8	gpcrdb_3x50_expected_aa	3x50	gpcrdb_6x50_expected_aa	6x50	0.06419929770083684
8	gpcrdb_34x54_expected_aa	34x54	gpcrdb_4x38_expected_aa	4x38	0.7964080035869459
8	gpcrdb_5x64_expected_aa	5x64	gpcrdb_5x53_expected_aa	5x53	0.8465143924396454
8	gpcrdb_6x37_expected_aa	6x37	gpcrdb_1x46_expected_aa	1x46	0.00860709291433448
8	gpcrdb_8x50_expected_aa	8x50	gpcrdb_3x46_expected_aa	3x46	0.04468400118441017
8	gpcrdb_5x58_expected_aa	5x58	gpcrdb_6x44_expected_aa	6x44	0.09278971952820925
8	gpcrdb_8x59_expected_aa	8x59	gpcrdb_7x51_expected_aa	7x51	0.8952092854703021
8	gpcrdb_3x49_expected_aa	3x49	gpcrdb_2x47_expected_aa	2x47	0.0037191755668186666
8	gpcrdb_7x56_expected_aa	7x56	gpcrdb_2x43_expected_aa	2x43	0.6406270604739905
8	gpcrdb_34x56_expected_aa	34x56	gpcrdb_4x53_expected_aa	4x53	1.113858864988034
8	gpcrdb_34x55_expected_aa	34x55	gpcrdb_1x52_expected_aa	1x52	1.1662781358382652
8	gpcrdb_34x52_expected_aa	34x52	gpcrdb_7x52_expected_aa	7x52	1.1282097254511558
8	gpcrdb_7x55_expected_aa	7x55	gpcrdb_7x46_expected_aa	7x46	0.6156912605586617
8	gpcrdb_34x53_expected_aa	34x53	gpcrdb_1x53_expected_aa	1x53	0.934613820237046
8	gpcrdb_6x34_expected_aa	6x34	gpcrdb_6x47_expected_aa	6x47	1.0994796078854243
8	gpcrdb_34x57_expected_aa	34x57	gpcrdb_7x45_expected_aa	7x45	1.1988485922616348
8	gpcrdb_3x53_expected_aa	3x53	gpcrdb_3x43_expected_aa	3x43	0.7354091794879054
8	gpcrdb_5x61_expected_aa	5x61	gpcrdb_5x50_expected_aa	5x50	0.31539057938758064
8	gpcrdb_5x72_expected_aa	5x72	gpcrdb_6x48_expected_aa	6x48	1.8085241945712813
8	gpcrdb_34x51_expected_aa	34x51	gpcrdb_3x39_expected_aa	3x39	1.2349491334499463
8	gpcrdb_34x50_expected_aa	34x50	gpcrdb_7x49_expected_aa	7x49	0.3922289154538759
9	gpcrdb_7x55_expected_aa	7x55	gpcrdb_4x38_expected_aa	4x38	0.0839008285433435
9	gpcrdb_34x56_expected_aa	34x56	gpcrdb_5x42_expected_aa	5x42	0.1168875914720176
9	gpcrdb_34x53_expected_aa	34x53	gpcrdb_4x46_expected_aa	4x46	0.07273027599128228
9	gpcrdb_34x51_expected_aa	34x51	gpcrdb_2x39_expected_aa	2x39	0.06031012956208382
9	gpcrdb_6x37_expected_aa	6x37	gpcrdb_1x46_expected_aa	1x46	0.00860709291433448
9	gpcrdb_34x54_expected_aa	34x54	gpcrdb_1x60_expected_aa	1x60	0.09658094275968557
9	gpcrdb_6x30_expected_aa	6x30	gpcrdb_4x45_expected_aa	4x45	0.04735427520850822
9	gpcrdb_34x50_expected_aa	34x50	gpcrdb_6x47_expected_aa	6x47	0.0717948105913337
9	gpcrdb_8x47_expected_aa	8x47	gpcrdb_2x53_expected_aa	2x53	0.12612538343246124
9	gpcrdb_6x23_expected_aa	6x23	gpcrdb_5x46_expected_aa	5x46	0.6864015761533662
9	gpcrdb_7x56_expected_aa	7x56	gpcrdb_5x53_expected_aa	5x53	0.5394461863730866
9	gpcrdb_5x72_expected_aa	5x72	gpcrdb_7x51_expected_aa	7x51	1.077107357564563
9	gpcrdb_5x58_expected_aa	5x58	gpcrdb_6x44_expected_aa	6x44	0.09278971952820925
9	gpcrdb_5x64_expected_aa	5x64	gpcrdb_2x43_expected_aa	2x43	0.9479473675080103
9	gpcrdb_5x61_expected_aa	5x61	gpcrdb_3x46_expected_aa	3x46	0.03731827260055631
9	gpcrdb_8x53_expected_aa	8x53	gpcrdb_3x40_expected_aa	3x40	0.9975597402214125
9	gpcrdb_34x52_expected_aa	34x52	gpcrdb_4x53_expected_aa	4x53	0.9890712061196639
9	gpcrdb_3x55_expected_aa	3x55	gpcrdb_1x52_expected_aa	1x52	0.8648483490956147
9	gpcrdb_7x54_expected_aa	7x54	gpcrdb_7x52_expected_aa	7x52	0.8123560650527106
9	gpcrdb_6x40_expected_aa	6x40	gpcrdb_7x46_expected_aa	7x46	0.3911122622771379
9	gpcrdb_34x57_expected_aa	34x57	gpcrdb_1x53_expected_aa	1x53	1.1578358897310463
9	gpcrdb_7x53_expected_aa	7x53	gpcrdb_2x46_expected_aa	2x46	0.022410700115643223
9	gpcrdb_3x50_expected_aa	3x50	gpcrdb_6x50_expected_aa	6x50	0.06419929770083684
9	gpcrdb_6x34_expected_aa	6x34	gpcrdb_7x45_expected_aa	7x45	1.1343282533795427
9	gpcrdb_5x68_expected_aa	5x68	gpcrdb_3x43_expected_aa	3x43	1.4977690563718704
9	gpcrdb_3x49_expected_aa	3x49	gpcrdb_2x47_expected_aa	2x47	0.0037191755668186666
9	gpcrdb_34x55_expected_aa	34x55	gpcrdb_5x50_expected_aa	5x50	1.6052596466138382
9	gpcrdb_3x53_expected_aa	3x53	gpcrdb_6x48_expected_aa	6x48	0.8390611020467504
9	gpcrdb_8x50_expected_aa	8x50	gpcrdb_3x39_expected_aa	3x39	0.34529545138860185
9	gpcrdb_8x59_expected_aa	8x59	gpcrdb_7x49_expected_aa	7x49	1.9012288113471705
10	gpcrdb_34x53_expected_aa	34x53	gpcrdb_4x46_expected_aa	4x46	0.07273027599128228
10	gpcrdb_5x61_expected_aa	5x61	gpcrdb_3x46_expected_aa	3x46	0.03731827260055631
10	gpcrdb_8x59_expected_aa	8x59	gpcrdb_5x46_expected_aa	5x46	0.16234098603602382
10	gpcrdb_8x53_expected_aa	8x53	gpcrdb_5x42_expected_aa	5x42	0.139137586837664
10	gpcrdb_3x49_expected_aa	3x49	gpcrdb_2x47_expected_aa	2x47	0.0037191755668186666
10	gpcrdb_7x54_expected_aa	7x54	gpcrdb_2x53_expected_aa	2x53	0.039937367991902395
10	gpcrdb_3x50_expected_aa	3x50	gpcrdb_1x50_expected_aa	1x50	0.06419929770083684
10	gpcrdb_5x68_expected_aa	5x68	gpcrdb_4x45_expected_aa	4x45	0.19312852995102522
10	gpcrdb_7x53_expected_aa	7x53	gpcrdb_2x46_expected_aa	2x46	0.022410700115643223
10	gpcrdb_34x57_expected_aa	34x57	gpcrdb_2x39_expected_aa	2x39	0.19560422731838215
10	gpcrdb_34x52_expected_aa	34x52	gpcrdb_1x60_expected_aa	1x60	0.19177937009089152
10	gpcrdb_8x47_expected_aa	8x47	gpcrdb_4x38_expected_aa	4x38	0.1938871623841232
10	gpcrdb_5x64_expected_aa	5x64	gpcrdb_5x53_expected_aa	5x53	0.8465143924396454
10	gpcrdb_34x56_expected_aa	34x56	gpcrdb_7x51_expected_aa	7x51	0.9817009164912842
10	gpcrdb_34x51_expected_aa	34x51	gpcrdb_2x43_expected_aa	2x43	0.5445401287625311
10	gpcrdb_8x50_expected_aa	8x50	gpcrdb_7x46_expected_aa	7x46	0.07528566743089823
10	gpcrdb_6x23_expected_aa	6x23	gpcrdb_1x46_expected_aa	1x46	1.1642296241371914
10	gpcrdb_34x50_expected_aa	34x50	gpcrdb_6x47_expected_aa	6x47	0.0717948105913337
10	gpcrdb_6x34_expected_aa	6x34	gpcrdb_3x40_expected_aa	3x40	0.593475641999007
10	gpcrdb_3x53_expected_aa	3x53	gpcrdb_4x53_expected_aa	4x53	0.21377077999263738
10	gpcrdb_7x55_expected_aa	7x55	gpcrdb_1x52_expected_aa	1x52	0.34392343907175826
10	gpcrdb_5x58_expected_aa	5x58	gpcrdb_6x44_expected_aa	6x44	0.09278971952820925
10	gpcrdb_6x37_expected_aa	6x37	gpcrdb_7x52_expected_aa	7x52	0.18257462350215836
10	gpcrdb_3x55_expected_aa	3x55	gpcrdb_1x53_expected_aa	1x53	1.248481075225959
10	gpcrdb_5x72_expected_aa	5x72	gpcrdb_7x45_expected_aa	7x45	1.705371139833178
10	gpcrdb_6x40_expected_aa	6x40	gpcrdb_3x43_expected_aa	3x43	0.5463584094713456
10	gpcrdb_34x55_expected_aa	34x55	gpcrdb_5x50_expected_aa	5x50	1.6052596466138382
10	gpcrdb_7x56_expected_aa	7x56	gpcrdb_6x48_expected_aa	6x48	1.3188356600078461
10	gpcrdb_6x30_expected_aa	6x30	gpcrdb_3x39_expected_aa	3x39	1.443425948762656
10	gpcrdb_34x54_expected_aa	34x54	gpcrdb_7x49_expected_aa	7x49	2.000556144941124
11	gpcrdb_6x23_expected_aa	6x23	gpcrdb_5x46_expected_aa	5x46	0.6864015761533662
11	gpcrdb_34x51_expected_aa	34x51	gpcrdb_2x39_expected_aa	2x39	0.06031012956208382
11	gpcrdb_5x58_expected_aa	5x58	gpcrdb_6x44_expected_aa	6x44	0.09278971952820925
11	gpcrdb_8x59_expected_aa	8x59	gpcrdb_5x42_expected_aa	5x42	0.21484760660973232
11	gpcrdb_3x50_expected_aa	3x50	gpcrdb_6x50_expected_aa	6x50	0.06419929770083684
11	gpcrdb_34x50_expected_aa	34x50	gpcrdb_6x47_expected_aa	6x47	0.0717948105913337
11	gpcrdb_3x49_expected_aa	3x49	gpcrdb_2x47_expected_aa	2x47	0.0037191755668186666
11	gpcrdb_6x34_expected_aa	6x34	gpcrdb_2x53_expected_aa	2x53	0.018446535044035706
11	gpcrdb_7x56_expected_aa	7x56	gpcrdb_4x45_expected_aa	4x45	0.11667836577390023
11	gpcrdb_5x61_expected_aa	5x61	gpcrdb_3x46_expected_aa	3x46	0.03731827260055631
11	gpcrdb_7x53_expected_aa	7x53	gpcrdb_2x46_expected_aa	2x46	0.022410700115643223
11	gpcrdb_34x57_expected_aa	34x57	gpcrdb_4x46_expected_aa	4x46	0.2948978499034359
11	gpcrdb_3x53_expected_aa	3x53	gpcrdb_5x53_expected_aa	5x53	0.05872969670886352
11	gpcrdb_8x47_expected_aa	8x47	gpcrdb_4x38_expected_aa	4x38	0.1938871623841232
11	gpcrdb_34x55_expected_aa	34x55	gpcrdb_1x60_expected_aa	1x60	0.14657158210878946
11	gpcrdb_6x40_expected_aa	6x40	gpcrdb_3x40_expected_aa	3x40	0.0036774170650353266
11	gpcrdb_8x50_expected_aa	8x50	gpcrdb_7x46_expected_aa	7x46	0.07528566743089823
11	gpcrdb_6x30_expected_aa	6x30	gpcrdb_7x51_expected_aa	7x51	0.6719832427355966
11	gpcrdb_5x68_expected_aa	5x68	gpcrdb_2x43_expected_aa	2x43	0.924162410338063
11	gpcrdb_7x55_expected_aa	7x55	gpcrdb_1x46_expected_aa	1x46	0.1975712189478318
11	gpcrdb_3x55_expected_aa	3x55	gpcrdb_4x53_expected_aa	4x53	0.7702239182814579
11	gpcrdb_5x72_expected_aa	5x72	gpcrdb_1x52_expected_aa	1x52	1.2933787061219741
11	gpcrdb_34x52_expected_aa	34x52	gpcrdb_7x52_expected_aa	7x52	1.1282097254511558
11	gpcrdb_6x37_expected_aa	6x37	gpcrdb_1x53_expected_aa	1x53	0.5213778533399362
11	gpcrdb_34x54_expected_aa	34x54	gpcrdb_7x45_expected_aa	7x45	1.6394771240199648
11	gpcrdb_34x53_expected_aa	34x53	gpcrdb_3x43_expected_aa	3x43	0.9778752379459192
11	gpcrdb_8x53_expected_aa	8x53	gpcrdb_5x50_expected_aa	5x50	1.5535974029608004
11	gpcrdb_7x54_expected_aa	7x54	gpcrdb_6x48_expected_aa	6x48	1.2981924600001005
11	gpcrdb_5x64_expected_aa	5x64	gpcrdb_3x39_expected_aa	3x39	1.6409626631037346
11	gpcrdb_34x56_expected_aa	34x56	gpcrdb_7x49_expected_aa	7x49	1.9926680718555374
12	gpcrdb_3x53_expected_aa	3x53	gpcrdb_5x53_expected_aa	5x53	0.05872969670886352
12	gpcrdb_34x56_expected_aa	34x56	gpcrdb_5x42_expected_aa	5x42	0.1168875914720176
12	gpcrdb_8x59_expected_aa	8x59	gpcrdb_5x46_expected_aa	5x46	0.16234098603602382
12	gpcrdb_8x47_expected_aa	8x47	gpcrdb_2x39_expected_aa	2x39	0.07474575071366257
12	gpcrdb_34x55_expected_aa	34x55	gpcrdb_1x60_expected_aa	1x60	0.14657158210878946
12	gpcrdb_8x50_expected_aa	8x50	gpcrdb_3x46_expected_aa	3x46	0.04468400118441017
12	gpcrdb_34x57_expected_aa	34x57	gpcrdb_2x53_expected_aa	2x53	0.19187421289837991
12	gpcrdb_6x37_expected_aa	6x37	gpcrdb_1x46_expected_aa	1x46	0.00860709291433448
12	gpcrdb_6x40_expected_aa	6x40	gpcrdb_3x40_expected_aa	3x40	0.0036774170650353266
12	gpcrdb_5x68_expected_aa	5x68	gpcrdb_4x45_expected_aa	4x45	0.19312852995102522
12	gpcrdb_34x54_expected_aa	34x54	gpcrdb_4x46_expected_aa	4x46	0.6851242098624255
12	gpcrdb_34x52_expected_aa	34x52	gpcrdb_4x38_expected_aa	4x38	0.66491482953185
12	gpcrdb_5x61_expected_aa	5x61	gpcrdb_7x52_expected_aa	7x52	0.08025108715277507
12	gpcrdb_3x55_expected_aa	3x55	gpcrdb_7x51_expected_aa	7x51	0.6372954330977394
12	gpcrdb_6x23_expected_aa	6x23	gpcrdb_2x43_expected_aa	2x43	1.1627184124183914
12	gpcrdb_34x50_expected_aa	34x50	gpcrdb_6x47_expected_aa	6x47	0.0717948105913337
12	gpcrdb_6x30_expected_aa	6x30	gpcrdb_4x53_expected_aa	4x53	0.8046359864343392
12	gpcrdb_5x72_expected_aa	5x72	gpcrdb_1x52_expected_aa	1x52	1.2933787061219741
12	gpcrdb_5x64_expected_aa	5x64	gpcrdb_7x46_expected_aa	7x46	1.3679477280244796
12	gpcrdb_7x53_expected_aa	7x53	gpcrdb_2x46_expected_aa	2x46	0.022410700115643223
12	gpcrdb_7x56_expected_aa	7x56	gpcrdb_1x53_expected_aa	1x53	1.1718841258553145
12	gpcrdb_34x53_expected_aa	34x53	gpcrdb_7x45_expected_aa	7x45	0.9760516924514349
12	gpcrdb_5x58_expected_aa	5x58	gpcrdb_6x44_expected_aa	6x44	0.09278971952820925
12	gpcrdb_6x34_expected_aa	6x34	gpcrdb_3x43_expected_aa	3x43	1.1361566344053173
12	gpcrdb_7x54_expected_aa	7x54	gpcrdb_5x50_expected_aa	5x50	1.2079977315930663
12	gpcrdb_7x55_expected_aa	7x55	gpcrdb_2x47_expected_aa	2x47	0.8181318730730924
12	gpcrdb_3x50_expected_aa	3x50	gpcrdb_1x50_expected_aa	1x50	0.06419929770083684
12	gpcrdb_3x49_expected_aa	3x49	gpcrdb_6x48_expected_aa	6x48	0.05273828167180339
12	gpcrdb_8x53_expected_aa	8x53	gpcrdb_3x39_expected_aa	3x39	1.6578976524209805
12	gpcrdb_34x51_expected_aa	34x51	gpcrdb_7x49_expected_aa	7x49	1.4765307244943062
13	gpcrdb_34x51_expected_aa	34x51	gpcrdb_2x39_expected_aa	2x39	0.06031012956208382
13	gpcrdb_6x30_expected_aa	6x30	gpcrdb_4x45_expected_aa	4x45	0.04735427520850822
13	gpcrdb_5x68_expected_aa	5x68	gpcrdb_5x46_expected_aa	5x46	0.08348547483476969
13	gpcrdb_7x53_expected_aa	7x53	gpcrdb_2x46_expected_aa	2x46	0.022410700115643223
13	gpcrdb_7x55_expected_aa	7x55	gpcrdb_4x38_expected_aa	4x38	0.0839008285433435
13	gpcrdb_5x58_expected_aa	5x58	gpcrdb_6x44_expected_aa	6x44	0.09278971952820925
13	gpcrdb_5x72_expected_aa	5x72	gpcrdb_5x42_expected_aa	5x42	0.3611049733231449
13	gpcrdb_3x50_expected_aa	3x50	gpcrdb_1x50_expected_aa	1x50	0.06419929770083684
13	gpcrdb_34x50_expected_aa	34x50	gpcrdb_6x47_expected_aa	6x47	0.0717948105913337
13	gpcrdb_3x53_expected_aa	3x53	gpcrdb_5x53_expected_aa	5x53	0.05872969670886352
13	gpcrdb_5x61_expected_aa	5x61	gpcrdb_3x46_expected_aa	3x46	0.03731827260055631
13	gpcrdb_6x40_expected_aa	6x40	gpcrdb_3x40_expected_aa	3x40	0.0036774170650353266
13	gpcrdb_34x55_expected_aa	34x55	gpcrdb_1x60_expected_aa	1x60	0.14657158210878946
13	gpcrdb_8x59_expected_aa	8x59	gpcrdb_2x53_expected_aa	2x53	0.4142801331070899
13	gpcrdb_7x56_expected_aa	7x56	gpcrdb_4x46_expected_aa	4x46	0.2583249084734538
13	gpcrdb_7x54_expected_aa	7x54	gpcrdb_7x51_expected_aa	7x51	0.5399736527622689
13	gpcrdb_34x54_expected_aa	34x54	gpcrdb_2x43_expected_aa	2x43	1.0673514638840973
13	gpcrdb_34x57_expected_aa	34x57	gpcrdb_1x46_expected_aa	1x46	0.6408738802875905
13	gpcrdb_34x53_expected_aa	34x53	gpcrdb_4x53_expected_aa	4x53	0.4591787558729232
13	gpcrdb_34x52_expected_aa	34x52	gpcrdb_1x52_expected_aa	1x52	1.0834727765872736
13	gpcrdb_8x50_expected_aa	8x50	gpcrdb_7x46_expected_aa	7x46	0.07528566743089823
13	gpcrdb_8x53_expected_aa	8x53	gpcrdb_7x52_expected_aa	7x52	1.1580173394123057
13	gpcrdb_3x49_expected_aa	3x49	gpcrdb_2x47_expected_aa	2x47	0.0037191755668186666
13	gpcrdb_6x34_expected_aa	6x34	gpcrdb_1x53_expected_aa	1x53	1.0927753918545504
13	gpcrdb_5x64_expected_aa	5x64	gpcrdb_7x45_expected_aa	7x45	1.5213654941929127
13	gpcrdb_8x47_expected_aa	8x47	gpcrdb_3x43_expected_aa	3x43	1.0387772484420859
13	gpcrdb_34x56_expected_aa	34x56	gpcrdb_5x50_expected_aa	5x50	1.6471075305335552
13	gpcrdb_6x23_expected_aa	6x23	gpcrdb_6x48_expected_aa	6x48	1.7553331194202735
13	gpcrdb_3x55_expected_aa	3x55	gpcrdb_3x39_expected_aa	3x39	1.4096311056617732
13	gpcrdb_6x37_expected_aa	6x37	gpcrdb_7x49_expected_aa	7x49	0.9244441648599848
14	gpcrdb_5x68_expected_aa	5x68	gpcrdb_5x46_expected_aa	5x46	0.08348547483476969
14	gpcrdb_8x53_expected_aa	8x53	gpcrdb_5x42_expected_aa	5x42	0.139137586837664
14	gpcrdb_6x30_expected_aa	6x30	gpcrdb_4x45_expected_aa	4x45	0.04735427520850822
14	gpcrdb_5x72_expected_aa	5x72	gpcrdb_1x60_expected_aa	1x60	0.361573609846979
14	gpcrdb_3x55_expected_aa	3x55	gpcrdb_2x53_expected_aa	2x53	0.13725914832737285
14	gpcrdb_34x52_expected_aa	34x52	gpcrdb_2x39_expected_aa	2x39	0.40898661632316496
14	gpcrdb_34x54_expected_aa	34x54	gpcrdb_4x46_expected_aa	4x46	0.6851242098624255
14	gpcrdb_7x54_expected_aa	7x54	gpcrdb_4x38_expected_aa	4x38	0.3530772344004178
14	gpcrdb_3x53_expected_aa	3x53	gpcrdb_5x53_expected_aa	5x53	0.05872969670886352
14	gpcrdb_6x40_expected_aa	6x40	gpcrdb_3x40_expected_aa	3x40	0.0036774170650353266
14	gpcrdb_5x61_expected_aa	5x61	gpcrdb_3x46_expected_aa	3x46	0.03731827260055631
14	gpcrdb_7x55_expected_aa	7x55	gpcrdb_7x51_expected_aa	7x51	0.11637052307388296
14	gpcrdb_6x34_expected_aa	6x34	gpcrdb_2x43_expected_aa	2x43	0.5609101266946404
14	gpcrdb_5x58_expected_aa	5x58	gpcrdb_6x44_expected_aa	6x44	0.09278971952820925
14	gpcrdb_7x53_expected_aa	7x53	gpcrdb_2x46_expected_aa	2x46	0.022410700115643223
14	gpcrdb_3x50_expected_aa	3x50	gpcrdb_6x50_expected_aa	6x50	0.06419929770083684
14	gpcrdb_8x59_expected_aa	8x59	gpcrdb_1x46_expected_aa	1x46	0.9751230079874559
14	gpcrdb_34x51_expected_aa	34x51	gpcrdb_4x53_expected_aa	4x53	0.5977314058165649
14	gpcrdb_34x55_expected_aa	34x55	gpcrdb_1x52_expected_aa	1x52	1.1662781358382652
14	gpcrdb_6x37_expected_aa	6x37	gpcrdb_7x52_expected_aa	7x52	0.18257462350215836
14	gpcrdb_7x56_expected_aa	7x56	gpcrdb_7x46_expected_aa	7x46	1.0600964906923076
14	gpcrdb_3x49_expected_aa	3x49	gpcrdb_2x47_expected_aa	2x47	0.0037191755668186666
14	gpcrdb_34x50_expected_aa	34x50	gpcrdb_6x47_expected_aa	6x47	0.0717948105913337
14	gpcrdb_34x56_expected_aa	34x56	gpcrdb_1x53_expected_aa	1x53	1.5904063845978758
14	gpcrdb_34x53_expected_aa	34x53	gpcrdb_7x45_expected_aa	7x45	0.9760516924514349
14	gpcrdb_6x23_expected_aa	6x23	gpcrdb_3x43_expected_aa	3x43	1.6605867267421295
14	gpcrdb_8x47_expected_aa	8x47	gpcrdb_5x50_expected_aa	5x50	1.052220641146407
14	gpcrdb_8x50_expected_aa	8x50	gpcrdb_6x48_expected_aa	6x48	0.33121320311501695
14	gpcrdb_34x57_expected_aa	34x57	gpcrdb_3x39_expected_aa	3x39	1.3170800779225573
14	gpcrdb_5x64_expected_aa	5x64	gpcrdb_7x49_expected_aa	7x49	1.882878944187969
15	gpcrdb_5x58_expected_aa	5x58	gpcrdb_6x44_expected_aa	6x44	0.09278971952820925
15	gpcrdb_6x37_expected_aa	6x37	gpcrdb_1x46_expected_aa	1x46	0.00860709291433448
15	gpcrdb_3x55_expected_aa	3x55	gpcrdb_4x45_expected_aa	4x45	0.031749765614205394
15	gpcrdb_34x50_expected_aa	34x50	gpcrdb_6x47_expected_aa	6x47	0.0717948105913337
15	gpcrdb_34x56_expected_aa	34x56	gpcrdb_5x42_expected_aa	5x42	0.1168875914720176
15	gpcrdb_7x55_expected_aa	7x55	gpcrdb_4x38_expected_aa	4x38	0.0839008285433435
15	gpcrdb_5x72_expected_aa	5x72	gpcrdb_1x60_expected_aa	1x60	0.361573609846979
15	gpcrdb_3x50_expected_aa	3x50	gpcrdb_1x50_expected_aa	1x50	0.06419929770083684
15	gpcrdb_8x53_expected_aa	8x53	gpcrdb_5x46_expected_aa	5x46	0.03876659063643321
15	gpcrdb_34x57_expected_aa	34x57	gpcrdb_2x53_expected_aa	2x53	0.19187421289837991
15	gpcrdb_7x54_expected_aa	7x54	gpcrdb_2x39_expected_aa	2x39	0.09183227793650359
15	gpcrdb_5x61_expected_aa	5x61	gpcrdb_3x46_expected_aa	3x46	0.03731827260055631
15	gpcrdb_34x53_expected_aa	34x53	gpcrdb_4x46_expected_aa	4x46	0.07273027599128228
15	gpcrdb_6x30_expected_aa	6x30	gpcrdb_5x53_expected_aa	5x53	0.6499274450871056
15	gpcrdb_3x49_expected_aa	3x49	gpcrdb_2x47_expected_aa	2x47	0.0037191755668186666
15	gpcrdb_3x53_expected_aa	3x53	gpcrdb_7x51_expected_aa	7x51	0.08084229480891891
15	gpcrdb_34x55_expected_aa	34x55	gpcrdb_2x43_expected_aa	2x43	1.0188361331524491
15	gpcrdb_7x53_expected_aa	7x53	gpcrdb_2x46_expected_aa	2x46	0.022410700115643223
15	gpcrdb_8x47_expected_aa	8x47	gpcrdb_3x40_expected_aa	3x40	0.49727533435923893
15	gpcrdb_6x23_expected_aa	6x23	gpcrdb_4x53_expected_aa	4x53	1.2062102936545875
15	gpcrdb_34x54_expected_aa	34x54	gpcrdb_1x52_expected_aa	1x52	1.2151331202568485
15	gpcrdb_6x34_expected_aa	6x34	gpcrdb_7x52_expected_aa	7x52	0.7539721620167725
15	gpcrdb_8x59_expected_aa	8x59	gpcrdb_7x46_expected_aa	7x46	1.388981565352928
15	gpcrdb_5x64_expected_aa	5x64	gpcrdb_1x53_expected_aa	1x53	1.4798126326679204
15	gpcrdb_7x56_expected_aa	7x56	gpcrdb_7x45_expected_aa	7x45	1.213411912902388
15	gpcrdb_34x51_expected_aa	34x51	gpcrdb_3x43_expected_aa	3x43	1.1173956904008426
15	gpcrdb_6x40_expected_aa	6x40	gpcrdb_5x50_expected_aa	5x50	0.5598156036231565
15	gpcrdb_34x52_expected_aa	34x52	gpcrdb_6x48_expected_aa	6x48	1.6133727335001367
15	gpcrdb_5x68_expected_aa	5x68	gpcrdb_3x39_expected_aa	3x39	1.6153459531250234
15	gpcrdb_8x50_expected_aa	8x50	gpcrdb_7x49_expected_aa	7x49	0.5868770515827803
16	gpcrdb_8x59_expected_aa	8x59	gpcrdb_5x46_expected_aa	5x46	0.16234098603602382
16	gpcrdb_6x40_expected_aa	6x40	gpcrdb_3x40_expected_aa	3x40	0.0036774170650353266
16	gpcrdb_34x54_expected_aa	34x54	gpcrdb_5x42_expected_aa	5x42	0.09158674474040329
16	gpcrdb_6x34_expected_aa	6x34	gpcrdb_2x53_expected_aa	2x53	0.018446535044035706
16	gpcrdb_34x51_expected_aa	34x51	gpcrdb_2x39_expected_aa	2x39	0.06031012956208382
16	gpcrdb_5x72_expected_aa	5x72	gpcrdb_1x60_expected_aa	1x60	0.361573609846979
16	gpcrdb_5x68_expected_aa	5x68	gpcrdb_4x45_expected_aa	4x45	0.19312852995102522
16	gpcrdb_7x54_expected_aa	7x54	gpcrdb_4x46_expected_aa	4x46	0.23499000403957315
16	gpcrdb_5x61_expected_aa	5x61	gpcrdb_3x46_expected_aa	3x46	0.03731827260055631
16	gpcrdb_8x53_expected_aa	8x53	gpcrdb_4x38_expected_aa	4x38	0.6962849717525135
16	gpcrdb_8x47_expected_aa	8x47	gpcrdb_5x53_expected_aa	5x53	0.3641088606406841
16	gpcrdb_5x64_expected_aa	5x64	gpcrdb_7x51_expected_aa	7x51	0.8686269905397008
16	gpcrdb_7x53_expected_aa	7x53	gpcrdb_2x46_expected_aa	2x46	0.022410700115643223
16	gpcrdb_3x49_expected_aa	3x49	gpcrdb_2x47_expected_aa	2x47	0.0037191755668186666
16	gpcrdb_8x50_expected_aa	8x50	gpcrdb_7x46_expected_aa	7x46	0.07528566743089823
16	gpcrdb_7x56_expected_aa	7x56	gpcrdb_2x43_expected_aa	2x43	0.6406270604739905
16	gpcrdb_34x56_expected_aa	34x56	gpcrdb_1x46_expected_aa	1x46	1.062408071466714
16	gpcrdb_34x57_expected_aa	34x57	gpcrdb_4x53_expected_aa	4x53	0.690461541119133
16	gpcrdb_3x53_expected_aa	3x53	gpcrdb_1x52_expected_aa	1x52	0.3083952108067942
16	gpcrdb_7x55_expected_aa	7x55	gpcrdb_7x52_expected_aa	7x52	0.38875293536432465
16	gpcrdb_34x50_expected_aa	34x50	gpcrdb_6x47_expected_aa	6x47	0.0717948105913337
16	gpcrdb_6x37_expected_aa	6x37	gpcrdb_1x53_expected_aa	1x53	0.5213778533399362
16	gpcrdb_6x23_expected_aa	6x23	gpcrdb_7x45_expected_aa	7x45	1.6589249952115201
16	gpcrdb_34x55_expected_aa	34x55	gpcrdb_3x43_expected_aa	3x43	1.591835776134129
16	gpcrdb_3x55_expected_aa	3x55	gpcrdb_5x50_expected_aa	5x50	1.3053195119285368
16	gpcrdb_34x53_expected_aa	34x53	gpcrdb_6x48_expected_aa	6x48	1.0812797382008124
16	gpcrdb_3x50_expected_aa	3x50	gpcrdb_1x50_expected_aa	1x50	0.06419929770083684
16	gpcrdb_6x30_expected_aa	6x30	gpcrdb_3x39_expected_aa	3x39	1.443425948762656
16	gpcrdb_34x52_expected_aa	34x52	gpcrdb_6x44_expected_aa	6x44	1.8145754979325925
16	gpcrdb_5x58_expected_aa	5x58	gpcrdb_7x49_expected_aa	7x49	0.147446622365198
17	gpcrdb_5x68_expected_aa	5x68	gpcrdb_5x46_expected_aa	5x46	0.08348547483476969
17	gpcrdb_8x50_expected_aa	8x50	gpcrdb_3x46_expected_aa	3x46	0.04468400118441017
17	gpcrdb_34x55_expected_aa	34x55	gpcrdb_5x42_expected_aa	5x42	0.13950667303237985
17	gpcrdb_3x53_expected_aa	3x53	gpcrdb_5x53_expected_aa	5x53	0.05872969670886352
17	gpcrdb_6x37_expected_aa	6x37	gpcrdb_1x46_expected_aa	1x46	0.00860709291433448
17	gpcrdb_6x40_expected_aa	6x40	gpcrdb_3x40_expected_aa	3x40	0.0036774170650353266
17	gpcrdb_3x55_expected_aa	3x55	gpcrdb_4x45_expected_aa	4x45	0.031749765614205394
17	gpcrdb_8x59_expected_aa	8x59	gpcrdb_1x60_expected_aa	1x60	0.22207012929186368
17	gpcrdb_34x53_expected_aa	34x53	gpcrdb_4x46_expected_aa	4x46	0.07273027599128228
17	gpcrdb_5x61_expected_aa	5x61	gpcrdb_7x52_expected_aa	7x52	0.08025108715277507
17	gpcrdb_34x56_expected_aa	34x56	gpcrdb_2x53_expected_aa	2x53	0.48832380902379446
17	gpcrdb_3x49_expected_aa	3x49	gpcrdb_2x47_expected_aa	2x47	0.0037191755668186666
17	gpcrdb_7x55_expected_aa	7x55	gpcrdb_4x38_expected_aa	4x38	0.0839008285433435
17	gpcrdb_6x23_expected_aa	6x23	gpcrdb_2x39_expected_aa	2x39	0.7923457974704953
17	gpcrdb_34x52_expected_aa	34x52	gpcrdb_7x51_expected_aa	7x51	0.8565388745373899
17	gpcrdb_8x47_expected_aa	8x47	gpcrdb_2x43_expected_aa	2x43	0.46486804185212627
17	gpcrdb_6x30_expected_aa	6x30	gpcrdb_4x53_expected_aa	4x53	0.8046359864343392
17	gpcrdb_3x50_expected_aa	3x50	gpcrdb_6x50_expected_aa	6x50	0.06419929770083684
17	gpcrdb_5x72_expected_aa	5x72	gpcrdb_1x52_expected_aa	1x52	1.2933787061219741
17	gpcrdb_34x57_expected_aa	34x57	gpcrdb_7x46_expected_aa	7x46	1.0476367410675238
17	gpcrdb_34x54_expected_aa	34x54	gpcrdb_1x53_expected_aa	1x53	1.5979867838768345
17	gpcrdb_5x64_expected_aa	5x64	gpcrdb_6x47_expected_aa	6x47	1.4865168486987943
17	gpcrdb_34x51_expected_aa	34x51	gpcrdb_7x45_expected_aa	7x45	1.1155710107356513
17	gpcrdb_7x53_expected_aa	7x53	gpcrdb_2x46_expected_aa	2x46	0.022410700115643223
17	gpcrdb_7x54_expected_aa	7x54	gpcrdb_3x43_expected_aa	3x43	1.1945405374412554
17	gpcrdb_7x56_expected_aa	7x56	gpcrdb_5x50_expected_aa	5x50	1.2286886907808827
17	gpcrdb_8x53_expected_aa	8x53	gpcrdb_6x48_expected_aa	6x48	1.6437822381207017
17	gpcrdb_34x50_expected_aa	34x50	gpcrdb_3x39_expected_aa	3x39	0.16040406531541165
17	gpcrdb_5x58_expected_aa	5x58	gpcrdb_6x44_expected_aa	6x44	0.09278971952820925
17	gpcrdb_6x34_expected_aa	6x34	gpcrdb_7x49_expected_aa	7x49	1.495841703374599
18	gpcrdb_8x59_expected_aa	8x59	gpcrdb_5x46_expected_aa	5x46	0.16234098603602382
18	gpcrdb_5x72_expected_aa	5x72	gpcrdb_5x42_expected_aa	5x42	0.3611049733231449
18	gpcrdb_6x23_expected_aa	6x23	gpcrdb_1x60_expected_aa	1x60	0.7093881731565425
18	gpcrdb_3x55_expected_aa	3x55	gpcrdb_4x45_expected_aa	4x45	0.031749765614205394
18	gpcrdb_34x54_expected_aa	34x54	gpcrdb_2x53_expected_aa	2x53	0.4923641366594668
18	gpcrdb_34x53_expected_aa	34x53	gpcrdb_4x46_expected_aa	4x46	0.07273027599128228
18	gpcrdb_5x61_expected_aa	5x61	gpcrdb_3x46_expected_aa	3x46	0.03731827260055631
18	gpcrdb_34x52_expected_aa	34x52	gpcrdb_2x39_expected_aa	2x39	0.40898661632316496
18	gpcrdb_34x51_expected_aa	34x51	gpcrdb_4x38_expected_aa	4x38	0.2728448906398568
18	gpcrdb_3x50_expected_aa	3x50	gpcrdb_6x50_expected_aa	6x50	0.06419929770083684
18	gpcrdb_34x50_expected_aa	34x50	gpcrdb_6x47_expected_aa	6x47	0.0717948105913337
18	gpcrdb_7x53_expected_aa	7x53	gpcrdb_2x46_expected_aa	2x46	0.022410700115643223
18	gpcrdb_7x56_expected_aa	7x56	gpcrdb_5x53_expected_aa	5x53	0.5394461863730866
18	gpcrdb_34x55_expected_aa	34x55	gpcrdb_7x51_expected_aa	7x51	0.9400409104918307
18	gpcrdb_7x54_expected_aa	7x54	gpcrdb_2x43_expected_aa	2x43	0.6192940297305785
18	gpcrdb_3x53_expected_aa	3x53	gpcrdb_1x46_expected_aa	1x46	0.16204299068286776
18	gpcrdb_5x64_expected_aa	5x64	gpcrdb_3x40_expected_aa	3x40	0.980512882812377
18	gpcrdb_3x49_expected_aa	3x49	gpcrdb_2x47_expected_aa	2x47	0.0037191755668186666
18	gpcrdb_8x47_expected_aa	8x47	gpcrdb_4x53_expected_aa	4x53	0.5182262401533646
18	gpcrdb_6x40_expected_aa	6x40	gpcrdb_1x52_expected_aa	1x52	0.11934444079023443
18	gpcrdb_8x50_expected_aa	8x50	gpcrdb_7x46_expected_aa	7x46	0.07528566743089823
18	gpcrdb_6x37_expected_aa	6x37	gpcrdb_7x52_expected_aa	7x52	0.18257462350215836
18	gpcrdb_5x58_expected_aa	5x58	gpcrdb_6x44_expected_aa	6x44	0.09278971952820925
18	gpcrdb_34x56_expected_aa	34x56	gpcrdb_1x53_expected_aa	1x53	1.5904063845978758
18	gpcrdb_5x68_expected_aa	5x68	gpcrdb_7x45_expected_aa	7x45	1.4959438924709052
18	gpcrdb_34x57_expected_aa	34x57	gpcrdb_3x43_expected_aa	3x43	1.200654058753152
18	gpcrdb_7x55_expected_aa	7x55	gpcrdb_5x50_expected_aa	5x50	0.7843946019046804
18	gpcrdb_6x30_expected_aa	6x30	gpcrdb_6x48_expected_aa	6x48	1.4293167519260637
18	gpcrdb_8x53_expected_aa	8x53	gpcrdb_3x39_expected_aa	3x39	1.6578976524209805
18	gpcrdb_6x34_expected_aa	6x34	gpcrdb_7x49_expected_aa	7x49	1.495841703374599
19	gpcrdb_3x50_expected_aa	3x50	gpcrdb_6x50_expected_aa	6x50	0.06419929770083684
19	gpcrdb_6x40_expected_aa	6x40	gpcrdb_3x40_expected_aa	3x40	0.0036774170650353266
19	gpcrdb_7x55_expected_aa	7x55	gpcrdb_4x38_expected_aa	4x38	0.0839008285433435
19	gpcrdb_34x52_expected_aa	34x52	gpcrdb_5x46_expected_aa	5x46	0.065143134852591
19	gpcrdb_7x56_expected_aa	7x56	gpcrdb_2x53_expected_aa	2x53	0.07285072514052286
19	gpcrdb_34x51_expected_aa	34x51	gpcrdb_2x39_expected_aa	2x39	0.06031012956208382
19	gpcrdb_5x64_expected_aa	5x64	gpcrdb_5x42_expected_aa	5x42	0.15487965847590546
19	gpcrdb_8x47_expected_aa	8x47	gpcrdb_4x46_expected_aa	4x46	0.09136662743536503
19	gpcrdb_6x37_expected_aa	6x37	gpcrdb_1x46_expected_aa	1x46	0.00860709291433448
19	gpcrdb_7x53_expected_aa	7x53	gpcrdb_2x46_expected_aa	2x46	0.022410700115643223
19	gpcrdb_8x59_expected_aa	8x59	gpcrdb_1x60_expected_aa	1x60	0.22207012929186368
19	gpcrdb_8x53_expected_aa	8x53	gpcrdb_4x45_expected_aa	4x45	0.2176386562138453
19	gpcrdb_34x50_expected_aa	34x50	gpcrdb_6x47_expected_aa	6x47	0.0717948105913337
19	gpcrdb_6x23_expected_aa	6x23	gpcrdb_5x53_expected_aa	5x53	1.0829112783846435
19	gpcrdb_6x30_expected_aa	6x30	gpcrdb_7x51_expected_aa	7x51	0.6719832427355966
19	gpcrdb_5x72_expected_aa	5x72	gpcrdb_2x43_expected_aa	2x43	1.152001842239612
19	gpcrdb_34x53_expected_aa	34x53	gpcrdb_4x53_expected_aa	4x53	0.4591787558729232
19	gpcrdb_6x34_expected_aa	6x34	gpcrdb_1x52_expected_aa	1x52	0.7091426657242061
19	gpcrdb_34x56_expected_aa	34x56	gpcrdb_7x52_expected_aa	7x52	1.2526797028024035
19	gpcrdb_5x61_expected_aa	5x61	gpcrdb_3x46_expected_aa	3x46	0.03731827260055631
19	gpcrdb_3x55_expected_aa	3x55	gpcrdb_7x46_expected_aa	7x46	1.1366161705825182
19	gpcrdb_3x53_expected_aa	3x53	gpcrdb_1x53_expected_aa	1x53	0.6920279369371385
19	gpcrdb_34x57_expected_aa	34x57	gpcrdb_7x45_expected_aa	7x45	1.1988485922616348
19	gpcrdb_5x58_expected_aa	5x58	gpcrdb_6x44_expected_aa	6x44	0.09278971952820925
19	gpcrdb_3x49_expected_aa	3x49	gpcrdb_2x47_expected_aa	2x47	0.0037191755668186666
19	gpcrdb_8x50_expected_aa	8x50	gpcrdb_3x43_expected_aa	3x43	0.2279466487427474
19	gpcrdb_5x68_expected_aa	5x68	gpcrdb_5x50_expected_aa	5x50	1.5112028112343743
19	gpcrdb_7x54_expected_aa	7x54	gpcrdb_6x48_expected_aa	6x48	1.2981924600001005
19	gpcrdb_34x54_expected_aa	34x54	gpcrdb_3x39_expected_aa	3x39	1.7589108187323692
19	gpcrdb_34x55_expected_aa	34x55	gpcrdb_7x49_expected_aa	7x49	1.9507880561875603
20	gpcrdb_7x53_expected_aa	7x53	gpcrdb_2x46_expected_aa	2x46	0.022410700115643223
20	gpcrdb_5x72_expected_aa	5x72	gpcrdb_5x42_expected_aa	5x42	0.3611049733231449
20	gpcrdb_5x64_expected_aa	5x64	gpcrdb_5x46_expected_aa	5x46	0.01866048144621967
20	gpcrdb_34x53_expected_aa	34x53	gpcrdb_4x46_expected_aa	4x46	0.07273027599128228
20	gpcrdb_7x54_expected_aa	7x54	gpcrdb_2x53_expected_aa	2x53	0.039937367991902395
20	gpcrdb_5x68_expected_aa	5x68	gpcrdb_4x45_expected_aa	4x45	0.19312852995102522
20	gpcrdb_7x55_expected_aa	7x55	gpcrdb_4x38_expected_aa	4x38	0.0839008285433435
20	gpcrdb_34x50_expected_aa	34x50	gpcrdb_6x47_expected_aa	6x47	0.0717948105913337
20	gpcrdb_3x53_expected_aa	3x53	gpcrdb_5x53_expected_aa	5x53	0.05872969670886352
20	gpcrdb_3x50_expected_aa	3x50	gpcrdb_1x50_expected_aa	1x50	0.06419929770083684
20	gpcrdb_8x50_expected_aa	8x50	gpcrdb_3x46_expected_aa	3x46	0.04468400118441017
20	gpcrdb_6x30_expected_aa	6x30	gpcrdb_2x39_expected_aa	2x39	0.22423516206072983
20	gpcrdb_3x49_expected_aa	3x49	gpcrdb_2x47_expected_aa	2x47	0.0037191755668186666
20	gpcrdb_6x23_expected_aa	6x23	gpcrdb_1x60_expected_aa	1x60	0.7093881731565425
20	gpcrdb_34x56_expected_aa	34x56	gpcrdb_7x51_expected_aa	7x51	0.9817009164912842
20	gpcrdb_34x57_expected_aa	34x57	gpcrdb_2x43_expected_aa	2x43	0.6390777463176561
20	gpcrdb_3x55_expected_aa	3x55	gpcrdb_1x46_expected_aa	1x46	0.7184961289716882
20	gpcrdb_6x34_expected_aa	6x34	gpcrdb_3x40_expected_aa	3x40	0.593475641999007
20	gpcrdb_8x53_expected_aa	8x53	gpcrdb_4x53_expected_aa	4x53	1.0185965317082557
20	gpcrdb_6x37_expected_aa	6x37	gpcrdb_1x52_expected_aa	1x52	0.13774512720959198
20	gpcrdb_34x51_expected_aa	34x51	gpcrdb_7x52_expected_aa	7x52	0.7363842390071921
20	gpcrdb_5x58_expected_aa	5x58	gpcrdb_6x44_expected_aa	6x44	0.09278971952820925
20	gpcrdb_5x61_expected_aa	5x61	gpcrdb_7x46_expected_aa	7x46	0.14668723804156203
20	gpcrdb_8x47_expected_aa	8x47	gpcrdb_1x53_expected_aa	1x53	0.9954430359605722
20	gpcrdb_7x56_expected_aa	7x56	gpcrdb_7x45_expected_aa	7x45	1.213411912902388
20	gpcrdb_8x59_expected_aa	8x59	gpcrdb_3x43_expected_aa	3x43	1.5432304281169489
20	gpcrdb_6x40_expected_aa	6x40	gpcrdb_5x50_expected_aa	5x50	0.5598156036231565
20	gpcrdb_34x52_expected_aa	34x52	gpcrdb_6x48_expected_aa	6x48	1.6133727335001367
20	gpcrdb_34x54_expected_aa	34x54	gpcrdb_3x39_expected_aa	3x39	1.7589108187323692
20	gpcrdb_34x55_expected_aa	34x55	gpcrdb_7x49_expected_aa	7x49	1.9507880561875603
21	gpcrdb_8x53_expected_aa	8x53	gpcrdb_5x46_expected_aa	5x46	0.03876659063643321
21	gpcrdb_5x58_expected_aa	5x58	gpcrdb_6x44_expected_aa	6x44	0.09278971952820925
21	gpcrdb_7x53_expected_aa	7x53	gpcrdb_2x46_expected_aa	2x46	0.022410700115643223
21	gpcrdb_5x72_expected_aa	5x72	gpcrdb_5x42_expected_aa	5x42	0.3611049733231449
21	gpcrdb_34x56_expected_aa	34x56	gpcrdb_1x60_expected_aa	1x60	0.12163506298533144
21	gpcrdb_8x59_expected_aa	8x59	gpcrdb_4x45_expected_aa	4x45	0.26803738107041747
21	gpcrdb_5x61_expected_aa	5x61	gpcrdb_3x46_expected_aa	3x46	0.03731827260055631
21	gpcrdb_34x51_expected_aa	34x51	gpcrdb_2x39_expected_aa	2x39	0.06031012956208382
21	gpcrdb_3x50_expected_aa	3x50	gpcrdb_1x50_expected_aa	1x50	0.06419929770083684
21	gpcrdb_34x52_expected_aa	34x52	gpcrdb_2x53_expected_aa	2x53	0.3606141036417576
21	gpcrdb_7x56_expected_aa	7x56	gpcrdb_4x46_expected_aa	4x46	0.2583249084734538
21	gpcrdb_8x50_expected_aa	8x50	gpcrdb_7x46_expected_aa	7x46	0.07528566743089823
21	gpcrdb_5x68_expected_aa	5x68	gpcrdb_4x38_expected_aa	4x38	0.6529537888895128
21	gpcrdb_6x37_expected_aa	6x37	gpcrdb_1x46_expected_aa	1x46	0.00860709291433448
21	gpcrdb_3x53_expected_aa	3x53	gpcrdb_5x53_expected_aa	5x53	0.05872969670886352
21	gpcrdb_6x40_expected_aa	6x40	gpcrdb_3x40_expected_aa	3x40	0.0036774170650353266
21	gpcrdb_34x50_expected_aa	34x50	gpcrdb_6x47_expected_aa	6x47	0.0717948105913337
21	gpcrdb_34x53_expected_aa	34x53	gpcrdb_7x51_expected_aa	7x51	0.32849298617844436
21	gpcrdb_34x55_expected_aa	34x55	gpcrdb_2x43_expected_aa	2x43	1.0188361331524491
21	gpcrdb_3x49_expected_aa	3x49	gpcrdb_2x47_expected_aa	2x47	0.0037191755668186666
21	gpcrdb_7x55_expected_aa	7x55	gpcrdb_4x53_expected_aa	4x53	0.24929900825760143
21	gpcrdb_34x54_expected_aa	34x54	gpcrdb_1x52_expected_aa	1x52	1.2151331202568485
21	gpcrdb_5x64_expected_aa	5x64	gpcrdb_7x52_expected_aa	7x52	1.1410094028301425
21	gpcrdb_6x34_expected_aa	6x34	gpcrdb_1x53_expected_aa	1x53	1.0927753918545504
21	gpcrdb_6x23_expected_aa	6x23	gpcrdb_7x45_expected_aa	7x45	1.6589249952115201
21	gpcrdb_7x54_expected_aa	7x54	gpcrdb_3x43_expected_aa	3x43	1.1945405374412554
21	gpcrdb_8x47_expected_aa	8x47	gpcrdb_5x50_expected_aa	5x50	1.052220641146407
21	gpcrdb_34x57_expected_aa	34x57	gpcrdb_6x48_expected_aa	6x48	1.3031114396240129
21	gpcrdb_6x30_expected_aa	6x30	gpcrdb_3x39_expected_aa	3x39	1.443425948762656
21	gpcrdb_3x55_expected_aa	3x55	gpcrdb_7x49_expected_aa	7x49	1.6515473867460075
22	gpcrdb_7x54_expected_aa	7x54	gpcrdb_2x53_expected_aa	2x53	0.039937367991902395
22	gpcrdb_34x54_expected_aa	34x54	gpcrdb_5x42_expected_aa	5x42	0.09158674474040329
22	gpcrdb_8x59_expected_aa	8x59	gpcrdb_5x46_expected_aa	5x46	0.16234098603602382
22	gpcrdb_5x72_expected_aa	5x72	gpcrdb_1x60_expected_aa	1x60	0.361573609846979
22	gpcrdb_5x68_expected_aa	5x68	gpcrdb_4x45_expected_aa	4x45	0.19312852995102522
22	gpcrdb_6x37_expected_aa	6x37	gpcrdb_1x46_expected_aa	1x46	0.00860709291433448
22	gpcrdb_5x64_expected_aa	5x64	gpcrdb_2x39_expected_aa	2x39	0.41988669135737927
22	gpcrdb_8x47_expected_aa	8x47	gpcrdb_4x46_expected_aa	4x46	0.09136662743536503
22	gpcrdb_3x53_expected_aa	3x53	gpcrdb_5x53_expected_aa	5x53	0.05872969670886352
22	gpcrdb_7x53_expected_aa	7x53	gpcrdb_2x46_expected_aa	2x46	0.022410700115643223
22	gpcrdb_6x23_expected_aa	6x23	gpcrdb_4x38_expected_aa	4x38	0.9308759195743971
22	gpcrdb_7x56_expected_aa	7x56	gpcrdb_7x51_expected_aa	7x51	0.5614960718639556
22	gpcrdb_3x50_expected_aa	3x50	gpcrdb_1x50_expected_aa	1x50	0.06419929770083684
22	gpcrdb_34x53_expected_aa	34x53	gpcrdb_2x43_expected_aa	2x43	0.40630005607794206
22	gpcrdb_34x51_expected_aa	34x51	gpcrdb_3x40_expected_aa	3x40	0.5768432291268282
22	gpcrdb_34x56_expected_aa	34x56	gpcrdb_4x53_expected_aa	4x53	1.113858864988034
22	gpcrdb_3x55_expected_aa	3x55	gpcrdb_1x52_expected_aa	1x52	0.8648483490956147
22	gpcrdb_6x34_expected_aa	6x34	gpcrdb_7x52_expected_aa	7x52	0.7539721620167725
22	gpcrdb_34x52_expected_aa	34x52	gpcrdb_3x46_expected_aa	3x46	1.2455679844096916
22	gpcrdb_3x49_expected_aa	3x49	gpcrdb_2x47_expected_aa	2x47	0.0037191755668186666
22	gpcrdb_34x50_expected_aa	34x50	gpcrdb_6x47_expected_aa	6x47	0.0717948105913337
22	gpcrdb_5x61_expected_aa	5x61	gpcrdb_7x46_expected_aa	7x46	0.14668723804156203
22	gpcrdb_6x40_expected_aa	6x40	gpcrdb_1x53_expected_aa	1x53	0.5029771669205787
22	gpcrdb_8x50_expected_aa	8x50	gpcrdb_7x45_expected_aa	7x45	0.22612823048928596
22	gpcrdb_7x55_expected_aa	7x55	gpcrdb_3x43_expected_aa	3x43	0.7709374077528695
22	gpcrdb_8x53_expected_aa	8x53	gpcrdb_5x50_expected_aa	5x50	1.5535974029608004
22	gpcrdb_34x55_expected_aa	34x55	gpcrdb_6x48_expected_aa	6x48	1.6952446675238184
22	gpcrdb_6x30_expected_aa	6x30	gpcrdb_3x39_expected_aa	3x39	1.443425948762656
22	gpcrdb_34x57_expected_aa	34x57	gpcrdb_6x44_expected_aa	6x44	1.5026353770138623
22	gpcrdb_5x58_expected_aa	5x58	gpcrdb_7x49_expected_aa	7x49	0.147446622365198
23	gpcrdb_6x37_expected_aa	6x37	gpcrdb_1x46_expected_aa	1x46	0.00860709291433448
23	gpcrdb_5x72_expected_aa	5x72	gpcrdb_5x42_expected_aa	5x42	0.3611049733231449
23	gpcrdb_34x55_expected_aa	34x55	gpcrdb_5x46_expected_aa	5x46	0.13464031798103232
23	gpcrdb_34x51_expected_aa	34x51	gpcrdb_2x39_expected_aa	2x39	0.06031012956208382
23	gpcrdb_3x55_expected_aa	3x55	gpcrdb_4x45_expected_aa	4x45	0.031749765614205394
23	gpcrdb_7x54_expected_aa	7x54	gpcrdb_2x53_expected_aa	2x53	0.039937367991902395
23	gpcrdb_3x53_expected_aa	3x53	gpcrdb_5x53_expected_aa	5x53	0.05872969670886352
23	gpcrdb_6x40_expected_aa	6x40	gpcrdb_3x40_expected_aa	3x40	0.0036774170650353266
23	gpcrdb_5x68_expected_aa	5x68	gpcrdb_1x60_expected_aa	1x60	0.21041050136771242
23	gpcrdb_7x56_expected_aa	7x56	gpcrdb_4x46_expected_aa	4x46	0.2583249084734538
23	gpcrdb_34x53_expected_aa	34x53	gpcrdb_4x38_expected_aa	4x38	0.13468236762050406
23	gpcrdb_8x47_expected_aa	8x47	gpcrdb_7x51_expected_aa	7x51	0.3860444906024877
23	gpcrdb_5x64_expected_aa	5x64	gpcrdb_2x43_expected_aa	2x43	0.9479473675080103
23	gpcrdb_6x23_expected_aa	6x23	gpcrdb_4x53_expected_aa	4x53	1.2062102936545875
23	gpcrdb_34x50_expected_aa	34x50	gpcrdb_6x47_expected_aa	6x47	0.0717948105913337
23	gpcrdb_8x59_expected_aa	8x59	gpcrdb_1x52_expected_aa	1x52	1.1196234436838959
23	gpcrdb_34x54_expected_aa	34x54	gpcrdb_7x52_expected_aa	7x52	1.2598471219177172
23	gpcrdb_6x34_expected_aa	6x34	gpcrdb_3x46_expected_aa	3x46	0.8715415217701039
23	gpcrdb_34x57_expected_aa	34x57	gpcrdb_7x46_expected_aa	7x46	1.0476367410675238
23	gpcrdb_3x50_expected_aa	3x50	gpcrdb_1x50_expected_aa	1x50	0.06419929770083684
23	gpcrdb_8x53_expected_aa	8x53	gpcrdb_1x53_expected_aa	1x53	1.4967658131356891
23	gpcrdb_3x49_expected_aa	3x49	gpcrdb_2x47_expected_aa	2x47	0.0037191755668186666
23	gpcrdb_8x50_expected_aa	8x50	gpcrdb_7x45_expected_aa	7x45	0.22612823048928596
23	gpcrdb_5x61_expected_aa	5x61	gpcrdb_3x43_expected_aa	3x43	0.30193338523576974
23	gpcrdb_34x52_expected_aa	34x52	gpcrdb_5x50_expected_aa	5x50	1.5232705712276717
23	gpcrdb_6x30_expected_aa	6x30	gpcrdb_6x48_expected_aa	6x48	1.4293167519260637
23	gpcrdb_34x56_expected_aa	34x56	gpcrdb_3x39_expected_aa	3x39	1.7511903224685788
23	gpcrdb_7x55_expected_aa	7x55	gpcrdb_6x44_expected_aa	6x44	1.0759655738851623
23	gpcrdb_5x58_expected_aa	5x58	gpcrdb_7x49_expected_aa	7x49	0.147446622365198
23	gpcrdb_7x53_expected_aa	7x53	gpcrdb_2x46_expected_aa	2x46	0.022410700115643223
24	gpcrdb_5x58_expected_aa	5x58	gpcrdb_6x44_expected_aa	6x44	0.09278971952820925
24	gpcrdb_6x40_expected_aa	6x40	gpcrdb_3x40_expected_aa	3x40	0.0036774170650353266
24	gpcrdb_34x56_expected_aa	34x56	gpcrdb_5x42_expected_aa	5x42	0.1168875914720176
24	gpcrdb_34x51_expected_aa	34x51	gpcrdb_2x39_expected_aa	2x39	0.06031012956208382
24	gpcrdb_7x56_expected_aa	7x56	gpcrdb_2x53_expected_aa	2x53	0.07285072514052286
24	gpcrdb_7x53_expected_aa	7x53	gpcrdb_2x46_expected_aa	2x46	0.022410700115643223
24	gpcrdb_8x47_expected_aa	8x47	gpcrdb_4x46_expected_aa	4x46	0.09136662743536503
24	gpcrdb_3x49_expected_aa	3x49	gpcrdb_2x47_expected_aa	2x47	0.0037191755668186666
24	gpcrdb_5x61_expected_aa	5x61	gpcrdb_3x46_expected_aa	3x46	0.03731827260055631
24	gpcrdb_34x54_expected_aa	34x54	gpcrdb_1x60_expected_aa	1x60	0.09658094275968557
24	gpcrdb_8x53_expected_aa	8x53	gpcrdb_5x46_expected_aa	5x46	0.03876659063643321
24	gpcrdb_3x53_expected_aa	3x53	gpcrdb_5x53_expected_aa	5x53	0.05872969670886352
24	gpcrdb_5x64_expected_aa	5x64	gpcrdb_4x45_expected_aa	4x45	0.19958179182775604
24	gpcrdb_5x72_expected_aa	5x72	gpcrdb_4x38_expected_aa	4x38	0.8853545192553776
24	gpcrdb_6x37_expected_aa	6x37	gpcrdb_1x46_expected_aa	1x46	0.00860709291433448
24	gpcrdb_3x55_expected_aa	3x55	gpcrdb_7x51_expected_aa	7x51	0.6372954330977394
24	gpcrdb_34x57_expected_aa	34x57	gpcrdb_2x43_expected_aa	2x43	0.6390777463176561
24	gpcrdb_8x59_expected_aa	8x59	gpcrdb_4x53_expected_aa	4x53	1.026136317775648
24	gpcrdb_6x30_expected_aa	6x30	gpcrdb_1x52_expected_aa	1x52	0.8991137589633887
24	gpcrdb_34x50_expected_aa	34x50	gpcrdb_6x47_expected_aa	6x47	0.0717948105913337
24	gpcrdb_6x23_expected_aa	6x23	gpcrdb_7x52_expected_aa	7x52	1.3228311928806866
24	gpcrdb_34x52_expected_aa	34x52	gpcrdb_7x46_expected_aa	7x46	1.3547734391630304
24	gpcrdb_5x68_expected_aa	5x68	gpcrdb_1x53_expected_aa	1x53	1.4544663240205304
24	gpcrdb_7x54_expected_aa	7x54	gpcrdb_7x45_expected_aa	7x45	1.1927121564154808
24	gpcrdb_6x34_expected_aa	6x34	gpcrdb_3x43_expected_aa	3x43	1.1361566344053173
24	gpcrdb_34x53_expected_aa	34x53	gpcrdb_5x50_expected_aa	5x50	0.9912973898371541
24	gpcrdb_8x50_expected_aa	8x50	gpcrdb_6x48_expected_aa	6x48	0.33121320311501695
24	gpcrdb_7x55_expected_aa	7x55	gpcrdb_3x39_expected_aa	3x39	0.8887061956379166
24	gpcrdb_3x50_expected_aa	3x50	gpcrdb_6x50_expected_aa	6x50	0.06419929770083684
24	gpcrdb_34x55_expected_aa	34x55	gpcrdb_7x49_expected_aa	7x49	1.9507880561875603
25	gpcrdb_7x56_expected_aa	7x56	gpcrdb_2x53_expected_aa	2x53	0.07285072514052286
25	gpcrdb_7x54_expected_aa	7x54	gpcrdb_2x39_expected_aa	2x39	0.09183227793650359
25	gpcrdb_6x34_expected_aa	6x34	gpcrdb_4x46_expected_aa	4x46	0.17660610100363505
25	gpcrdb_6x37_expected_aa	6x37	gpcrdb_1x46_expected_aa	1x46	0.00860709291433448
25	gpcrdb_7x53_expected_aa	7x53	gpcrdb_2x46_expected_aa	2x46	0.022410700115643223
25	gpcrdb_34x50_expected_aa	34x50	gpcrdb_6x47_expected_aa	6x47	0.0717948105913337
25	gpcrdb_34x55_expected_aa	34x55	gpcrdb_5x46_expected_aa	5x46	0.13464031798103232
25	gpcrdb_5x72_expected_aa	5x72	gpcrdb_5x42_expected_aa	5x42	0.3611049733231449
25	gpcrdb_8x59_expected_aa	8x59	gpcrdb_1x60_expected_aa	1x60	0.22207012929186368
25	gpcrdb_34x52_expected_aa	34x52	gpcrdb_4x45_expected_aa	4x45	0.1977343295022956
25	gpcrdb_3x49_expected_aa	3x49	gpcrdb_2x47_expected_aa	2x47	0.0037191755668186666
25	gpcrdb_5x68_expected_aa	5x68	gpcrdb_4x38_expected_aa	4x38	0.6529537888895128
25	gpcrdb_8x47_expected_aa	8x47	gpcrdb_5x53_expected_aa	5x53	0.3641088606406841
25	gpcrdb_5x61_expected_aa	5x61	gpcrdb_3x46_expected_aa	3x46	0.03731827260055631
25	gpcrdb_8x53_expected_aa	8x53	gpcrdb_7x51_expected_aa	7x51	0.8857093237006688
25	gpcrdb_6x23_expected_aa	6x23	gpcrdb_2x43_expected_aa	2x43	1.1627184124183914
25	gpcrdb_34x53_expected_aa	34x53	gpcrdb_3x40_expected_aa	3x40	0.43840135220653614
25	gpcrdb_34x57_expected_aa	34x57	gpcrdb_4x53_expected_aa	4x53	0.690461541119133
25	gpcrdb_3x55_expected_aa	3x55	gpcrdb_1x52_expected_aa	1x52	0.8648483490956147
25	gpcrdb_3x53_expected_aa	3x53	gpcrdb_7x52_expected_aa	7x52	0.3532247070993606
25	gpcrdb_8x50_expected_aa	8x50	gpcrdb_7x46_expected_aa	7x46	0.07528566743089823
25	gpcrdb_34x51_expected_aa	34x51	gpcrdb_1x53_expected_aa	1x53	1.074105662503351
25	gpcrdb_6x40_expected_aa	6x40	gpcrdb_7x45_expected_aa	7x45	0.544530028445571
25	gpcrdb_5x58_expected_aa	5x58	gpcrdb_6x44_expected_aa	6x44	0.09278971952820925
25	gpcrdb_6x30_expected_aa	6x30	gpcrdb_3x43_expected_aa	3x43	1.3257261350607152
25	gpcrdb_5x64_expected_aa	5x64	gpcrdb_5x50_expected_aa	5x50	1.5366510693704982
25	gpcrdb_7x55_expected_aa	7x55	gpcrdb_6x48_expected_aa	6x48	0.8745893303117145
25	gpcrdb_34x54_expected_aa	34x54	gpcrdb_3x39_expected_aa	3x39	1.7589108187323692
25	gpcrdb_3x50_expected_aa	3x50	gpcrdb_6x50_expected_aa	6x50	0.06419929770083684
25	gpcrdb_34x56_expected_aa	34x56	gpcrdb_7x49_expected_aa	7x49	1.9926680718555374
26	gpcrdb_7x55_expected_aa	7x55	gpcrdb_4x38_expected_aa	4x38	0.0839008285433435
26	gpcrdb_5x58_expected_aa	5x58	gpcrdb_6x44_expected_aa	6x44	0.09278971952820925
26	gpcrdb_8x59_expected_aa	8x59	gpcrdb_5x46_expected_aa	5x46	0.16234098603602382
26	gpcrdb_6x23_expected_aa	6x23	gpcrdb_5x42_expected_aa	5x42	0.7067870576734925
26	gpcrdb_5x64_expected_aa	5x64	gpcrdb_1x60_expected_aa	1x60	0.165465673676856
26	gpcrdb_8x50_expected_aa	8x50	gpcrdb_3x46_expected_aa	3x46	0.04468400118441017
26	gpcrdb_34x53_expected_aa	34x53	gpcrdb_4x46_expected_aa	4x46	0.07273027599128228
26	gpcrdb_8x47_expected_aa	8x47	gpcrdb_2x39_expected_aa	2x39	0.07474575071366257
26	gpcrdb_34x54_expected_aa	34x54	gpcrdb_4x45_expected_aa	4x45	0.3275440319608869
26	gpcrdb_34x56_expected_aa	34x56	gpcrdb_2x53_expected_aa	2x53	0.48832380902379446
26	gpcrdb_34x50_expected_aa	34x50	gpcrdb_6x47_expected_aa	6x47	0.0717948105913337
26	gpcrdb_3x50_expected_aa	3x50	gpcrdb_1x50_expected_aa	1x50	0.06419929770083684
26	gpcrdb_5x61_expected_aa	5x61	gpcrdb_7x52_expected_aa	7x52	0.08025108715277507
26	gpcrdb_34x52_expected_aa	34x52	gpcrdb_5x53_expected_aa	5x53	0.834504401710253
26	gpcrdb_6x30_expected_aa	6x30	gpcrdb_7x51_expected_aa	7x51	0.6719832427355966
26	gpcrdb_3x55_expected_aa	3x55	gpcrdb_2x43_expected_aa	2x43	0.7166158100660489
26	gpcrdb_6x37_expected_aa	6x37	gpcrdb_1x46_expected_aa	1x46	0.00860709291433448
26	gpcrdb_8x53_expected_aa	8x53	gpcrdb_3x40_expected_aa	3x40	0.9975597402214125
26	gpcrdb_6x34_expected_aa	6x34	gpcrdb_4x53_expected_aa	4x53	0.6145182349100493
26	gpcrdb_7x56_expected_aa	7x56	gpcrdb_1x52_expected_aa	1x52	0.7886076838431405
26	gpcrdb_34x57_expected_aa	34x57	gpcrdb_7x46_expected_aa	7x46	1.0476367410675238
26	gpcrdb_3x53_expected_aa	3x53	gpcrdb_1x53_expected_aa	1x53	0.6920279369371385
26	gpcrdb_34x55_expected_aa	34x55	gpcrdb_7x45_expected_aa	7x45	1.590011966148838
26	gpcrdb_34x51_expected_aa	34x51	gpcrdb_3x43_expected_aa	3x43	1.1173956904008426
26	gpcrdb_6x40_expected_aa	6x40	gpcrdb_5x50_expected_aa	5x50	0.5598156036231565
26	gpcrdb_7x54_expected_aa	7x54	gpcrdb_2x47_expected_aa	2x47	1.2417350027614784
26	gpcrdb_7x53_expected_aa	7x53	gpcrdb_2x46_expected_aa	2x46	0.022410700115643223
26	gpcrdb_5x72_expected_aa	5x72	gpcrdb_6x48_expected_aa	6x48	1.8085241945712813
26	gpcrdb_5x68_expected_aa	5x68	gpcrdb_3x39_expected_aa	3x39	1.6153459531250234
26	gpcrdb_3x49_expected_aa	3x49	gpcrdb_7x49_expected_aa	7x49	0.30877142808224
27	gpcrdb_6x30_expected_aa	6x30	gpcrdb_4x45_expected_aa	4x45	0.04735427520850822
27	gpcrdb_34x52_expected_aa	34x52	gpcrdb_5x46_expected_aa	5x46	0.065143134852591
27	gpcrdb_6x34_expected_aa	6x34	gpcrdb_2x53_expected_aa	2x53	0.018446535044035706
27	gpcrdb_6x40_expected_aa	6x40	gpcrdb_3x40_expected_aa	3x40	0.0036774170650353266
27	gpcrdb_34x55_expected_aa	34x55	gpcrdb_5x42_expected_aa	5x42	0.13950667303237985
27	gpcrdb_5x68_expected_aa	5x68	gpcrdb_1x60_expected_aa	1x60	0.21041050136771242
27	gpcrdb_7x56_expected_aa	7x56	gpcrdb_2x39_expected_aa	2x39	0.11493239523212458
27	gpcrdb_34x51_expected_aa	34x51	gpcrdb_4x46_expected_aa	4x46	0.17102366760579474
27	gpcrdb_6x37_expected_aa	6x37	gpcrdb_1x46_expected_aa	1x46	0.00860709291433448
27	gpcrdb_8x53_expected_aa	8x53	gpcrdb_4x38_expected_aa	4x38	0.6962849717525135
27	gpcrdb_8x47_expected_aa	8x47	gpcrdb_5x53_expected_aa	5x53	0.3641088606406841
27	gpcrdb_34x53_expected_aa	34x53	gpcrdb_7x51_expected_aa	7x51	0.32849298617844436
27	gpcrdb_3x53_expected_aa	3x53	gpcrdb_2x43_expected_aa	2x43	0.16016267177722843
27	gpcrdb_7x54_expected_aa	7x54	gpcrdb_4x53_expected_aa	4x53	0.6729021379459874
27	gpcrdb_8x59_expected_aa	8x59	gpcrdb_1x52_expected_aa	1x52	1.1196234436838959
27	gpcrdb_34x54_expected_aa	34x54	gpcrdb_7x52_expected_aa	7x52	1.2598471219177172
27	gpcrdb_7x53_expected_aa	7x53	gpcrdb_2x46_expected_aa	2x46	0.022410700115643223
27	gpcrdb_8x50_expected_aa	8x50	gpcrdb_3x46_expected_aa	3x46	0.04468400118441017
27	gpcrdb_3x50_expected_aa	3x50	gpcrdb_6x50_expected_aa	6x50	0.06419929770083684
27	gpcrdb_3x55_expected_aa	3x55	gpcrdb_7x46_expected_aa	7x46	1.1366161705825182
27	gpcrdb_5x61_expected_aa	5x61	gpcrdb_1x53_expected_aa	1x53	0.2585521426850028
27	gpcrdb_6x23_expected_aa	6x23	gpcrdb_6x47_expected_aa	6x47	1.6273209896025929
27	gpcrdb_7x55_expected_aa	7x55	gpcrdb_7x45_expected_aa	7x45	0.7691090267270948
27	gpcrdb_34x56_expected_aa	34x56	gpcrdb_3x43_expected_aa	3x43	1.633681979536638
27	gpcrdb_5x72_expected_aa	5x72	gpcrdb_5x50_expected_aa	5x50	1.7203019772357186
27	gpcrdb_5x64_expected_aa	5x64	gpcrdb_2x47_expected_aa	2x47	1.5703883405389103
27	gpcrdb_34x50_expected_aa	34x50	gpcrdb_6x48_expected_aa	6x48	0.14787778096831827
27	gpcrdb_34x57_expected_aa	34x57	gpcrdb_3x39_expected_aa	3x39	1.3170800779225573
27	gpcrdb_5x58_expected_aa	5x58	gpcrdb_6x44_expected_aa	6x44	0.09278971952820925
27	gpcrdb_3x49_expected_aa	3x49	gpcrdb_7x49_expected_aa	7x49	0.30877142808224
28	gpcrdb_6x23_expected_aa	6x23	gpcrdb_5x46_expected_aa	5x46	0.6864015761533662
28	gpcrdb_34x51_expected_aa	34x51	gpcrdb_2x39_expected_aa	2x39	0.06031012956208382
28	gpcrdb_8x50_expected_aa	8x50	gpcrdb_3x46_expected_aa	3x46	0.04468400118441017
28	gpcrdb_34x53_expected_aa	34x53	gpcrdb_4x46_expected_aa	4x46	0.07273027599128228
28	gpcrdb_6x40_expected_aa	6x40	gpcrdb_3x40_expected_aa	3x40	0.0036774170650353266
28	gpcrdb_34x50_expected_aa	34x50	gpcrdb_6x47_expected_aa	6x47	0.0717948105913337
28	gpcrdb_5x58_expected_aa	5x58	gpcrdb_6x44_expected_aa	6x44	0.09278971952820925
28	gpcrdb_5x68_expected_aa	5x68	gpcrdb_4x45_expected_aa	4x45	0.19312852995102522
28	gpcrdb_8x47_expected_aa	8x47	gpcrdb_2x53_expected_aa	2x53	0.12612538343246124
28	gpcrdb_34x52_expected_aa	34x52	gpcrdb_5x42_expected_aa	5x42	0.18185042962119094
28	gpcrdb_34x55_expected_aa	34x55	gpcrdb_1x60_expected_aa	1x60	0.14657158210878946
28	gpcrdb_6x30_expected_aa	6x30	gpcrdb_4x38_expected_aa	4x38	0.4810158792229721
28	gpcrdb_8x53_expected_aa	8x53	gpcrdb_5x53_expected_aa	5x53	0.86360482456827
28	gpcrdb_34x54_expected_aa	34x54	gpcrdb_7x51_expected_aa	7x51	0.9883278250464047
28	gpcrdb_8x59_expected_aa	8x59	gpcrdb_2x43_expected_aa	2x43	0.9732700812460088
28	gpcrdb_6x37_expected_aa	6x37	gpcrdb_1x46_expected_aa	1x46	0.00860709291433448
28	gpcrdb_7x56_expected_aa	7x56	gpcrdb_4x53_expected_aa	4x53	0.6941316548936672
28	gpcrdb_5x72_expected_aa	5x72	gpcrdb_1x52_expected_aa	1x52	1.2933787061219741
28	gpcrdb_5x61_expected_aa	5x61	gpcrdb_7x52_expected_aa	7x52	0.08025108715277507
28	gpcrdb_3x55_expected_aa	3x55	gpcrdb_7x46_expected_aa	7x46	1.1366161705825182
28	gpcrdb_7x54_expected_aa	7x54	gpcrdb_1x53_expected_aa	1x53	1.1511592948904885
28	gpcrdb_34x56_expected_aa	34x56	gpcrdb_7x45_expected_aa	7x45	1.631857937977145
28	gpcrdb_7x53_expected_aa	7x53	gpcrdb_2x46_expected_aa	2x46	0.022410700115643223
28	gpcrdb_6x34_expected_aa	6x34	gpcrdb_3x43_expected_aa	3x43	1.1361566344053173
28	gpcrdb_5x64_expected_aa	5x64	gpcrdb_5x50_expected_aa	5x50	1.5366510693704982
28	gpcrdb_7x55_expected_aa	7x55	gpcrdb_2x47_expected_aa	2x47	0.8181318730730924
28	gpcrdb_34x57_expected_aa	34x57	gpcrdb_6x48_expected_aa	6x48	1.3031114396240129
28	gpcrdb_3x49_expected_aa	3x49	gpcrdb_3x39_expected_aa	3x39	0.06685514699800554
28	gpcrdb_3x53_expected_aa	3x53	gpcrdb_7x49_expected_aa	7x49	1.095094248457187
28	gpcrdb_3x50_expected_aa	3x50	gpcrdb_1x50_expected_aa	1x50	0.06419929770083684
29	gpcrdb_7x56_expected_aa	7x56	gpcrdb_2x53_expected_aa	2x53	0.07285072514052286
29	gpcrdb_34x51_expected_aa	34x51	gpcrdb_2x39_expected_aa	2x39	0.06031012956208382
29	gpcrdb_8x47_expected_aa	8x47	gpcrdb_4x46_expected_aa	4x46	0.09136662743536503
29	gpcrdb_6x34_expected_aa	6x34	gpcrdb_4x45_expected_aa	4x45	0.18745544898561395
29	gpcrdb_34x53_expected_aa	34x53	gpcrdb_4x38_expected_aa	4x38	0.13468236762050406
29	gpcrdb_3x55_expected_aa	3x55	gpcrdb_5x46_expected_aa	5x46	0.2137160077003948
29	gpcrdb_6x37_expected_aa	6x37	gpcrdb_1x46_expected_aa	1x46	0.00860709291433448
29	gpcrdb_34x52_expected_aa	34x52	gpcrdb_5x42_expected_aa	5x42	0.18185042962119094
29	gpcrdb_3x53_expected_aa	3x53	gpcrdb_5x53_expected_aa	5x53	0.05872969670886352
29	gpcrdb_8x53_expected_aa	8x53	gpcrdb_1x60_expected_aa	1x60	0.14965037582648977
29	gpcrdb_34x54_expected_aa	34x54	gpcrdb_7x51_expected_aa	7x51	0.9883278250464047
29	gpcrdb_34x55_expected_aa	34x55	gpcrdb_2x43_expected_aa	2x43	1.0188361331524491
29	gpcrdb_5x68_expected_aa	5x68	gpcrdb_3x40_expected_aa	3x40	0.9565825009095457
29	gpcrdb_34x56_expected_aa	34x56	gpcrdb_4x53_expected_aa	4x53	1.113858864988034
29	gpcrdb_34x57_expected_aa	34x57	gpcrdb_1x52_expected_aa	1x52	0.7818890358032025
29	gpcrdb_7x53_expected_aa	7x53	gpcrdb_2x46_expected_aa	2x46	0.022410700115643223
29	gpcrdb_5x72_expected_aa	5x72	gpcrdb_7x52_expected_aa	7x52	1.3364274854938873
29	gpcrdb_7x54_expected_aa	7x54	gpcrdb_3x46_expected_aa	3x46	0.929925424806042
29	gpcrdb_3x50_expected_aa	3x50	gpcrdb_6x50_expected_aa	6x50	0.06419929770083684
29	gpcrdb_5x64_expected_aa	5x64	gpcrdb_7x46_expected_aa	7x46	1.3679477280244796
29	gpcrdb_5x58_expected_aa	5x58	gpcrdb_6x44_expected_aa	6x44	0.09278971952820925
29	gpcrdb_8x50_expected_aa	8x50	gpcrdb_1x53_expected_aa	1x53	0.18485478722859772
29	gpcrdb_6x23_expected_aa	6x23	gpcrdb_6x47_expected_aa	6x47	1.6273209896025929
29	gpcrdb_3x49_expected_aa	3x49	gpcrdb_2x47_expected_aa	2x47	0.0037191755668186666
29	gpcrdb_6x30_expected_aa	6x30	gpcrdb_7x45_expected_aa	7x45	1.3238989215790955
29	gpcrdb_7x55_expected_aa	7x55	gpcrdb_3x43_expected_aa	3x43	0.7709374077528695
29	gpcrdb_5x61_expected_aa	5x61	gpcrdb_5x50_expected_aa	5x50	0.31539057938758064
29	gpcrdb_6x40_expected_aa	6x40	gpcrdb_6x48_expected_aa	6x48	0.6500103320301907
29	gpcrdb_34x50_expected_aa	34x50	gpcrdb_3x39_expected_aa	3x39	0.16040406531541165
29	gpcrdb_8x59_expected_aa	8x59	gpcrdb_7x49_expected_aa	7x49	1.9012288113471705
30	gpcrdb_8x59_expected_aa	8x59	gpcrdb_5x46_expected_aa	5x46	0.16234098603602382
30	gpcrdb_5x68_expected_aa	5x68	gpcrdb_4x45_expected_aa	4x45	0.19312852995102522
30	gpcrdb_3x49_expected_aa	3x49	gpcrdb_2x47_expected_aa	2x47	0.0037191755668186666
30	gpcrdb_7x53_expected_aa	7x53	gpcrdb_2x46_expected_aa	2x46	0.022410700115643223
30	gpcrdb_34x54_expected_aa	34x54	gpcrdb_5x42_expected_aa	5x42	0.09158674474040329
30	gpcrdb_7x55_expected_aa	7x55	gpcrdb_4x38_expected_aa	4x38	0.0839008285433435
30	gpcrdb_3x53_expected_aa	3x53	gpcrdb_5x53_expected_aa	5x53	0.05872969670886352
30	gpcrdb_34x56_expected_aa	34x56	gpcrdb_1x60_expected_aa	1x60	0.12163506298533144
30	gpcrdb_6x23_expected_aa	6x23	gpcrdb_2x53_expected_aa	2x53	0.7779226661652646
30	gpcrdb_34x53_expected_aa	34x53	gpcrdb_4x46_expected_aa	4x46	0.07273027599128228
30	gpcrdb_6x34_expected_aa	6x34	gpcrdb_2x39_expected_aa	2x39	0.034759263457320944
30	gpcrdb_8x47_expected_aa	8x47	gpcrdb_7x51_expected_aa	7x51	0.3860444906024877
30	gpcrdb_5x72_expected_aa	5x72	gpcrdb_2x43_expected_aa	2x43	1.152001842239612
30	gpcrdb_5x64_expected_aa	5x64	gpcrdb_1x46_expected_aa	1x46	0.9498276864136497
30	gpcrdb_6x40_expected_aa	6x40	gpcrdb_3x40_expected_aa	3x40	0.0036774170650353266
30	gpcrdb_8x53_expected_aa	8x53	gpcrdb_4x53_expected_aa	4x53	1.0185965317082557
30	gpcrdb_6x37_expected_aa	6x37	gpcrdb_1x52_expected_aa	1x52	0.13774512720959198
30	gpcrdb_7x54_expected_aa	7x54	gpcrdb_7x52_expected_aa	7x52	0.8123560650527106
30	gpcrdb_5x58_expected_aa	5x58	gpcrdb_6x44_expected_aa	6x44	0.09278971952820925
30	gpcrdb_8x50_expected_aa	8x50	gpcrdb_3x46_expected_aa	3x46	0.04468400118441017
30	gpcrdb_7x56_expected_aa	7x56	gpcrdb_7x46_expected_aa	7x46	1.0600964906923076
30	gpcrdb_3x55_expected_aa	3x55	gpcrdb_1x53_expected_aa	1x53	1.248481075225959
30	gpcrdb_34x55_expected_aa	34x55	gpcrdb_6x47_expected_aa	6x47	1.5552524959781493
30	gpcrdb_34x51_expected_aa	34x51	gpcrdb_7x45_expected_aa	7x45	1.1155710107356513
30	gpcrdb_34x52_expected_aa	34x52	gpcrdb_3x43_expected_aa	3x43	1.5098281357475372
30	gpcrdb_5x61_expected_aa	5x61	gpcrdb_5x50_expected_aa	5x50	0.31539057938758064
30	gpcrdb_6x30_expected_aa	6x30	gpcrdb_6x48_expected_aa	6x48	1.4293167519260637
30	gpcrdb_3x50_expected_aa	3x50	gpcrdb_6x50_expected_aa	6x50	0.06419929770083684
30	gpcrdb_34x57_expected_aa	34x57	gpcrdb_3x39_expected_aa	3x39	1.3170800779225573
30	gpcrdb_34x50_expected_aa	34x50	gpcrdb_7x49_expected_aa	7x49	0.3922289154538759
31	gpcrdb_3x55_expected_aa	3x55	gpcrdb_4x45_expected_aa	4x45	0.031749765614205394
31	gpcrdb_8x50_expected_aa	8x50	gpcrdb_3x46_expected_aa	3x46	0.04468400118441017
31	gpcrdb_6x40_expected_aa	6x40	gpcrdb_3x40_expected_aa	3x40	0.0036774170650353266
31	gpcrdb_3x53_expected_aa	3x53	gpcrdb_5x53_expected_aa	5x53	0.05872969670886352
31	gpcrdb_6x34_expected_aa	6x34	gpcrdb_2x53_expected_aa	2x53	0.018446535044035706
31	gpcrdb_34x52_expected_aa	34x52	gpcrdb_5x46_expected_aa	5x46	0.065143134852591
31	gpcrdb_34x54_expected_aa	34x54	gpcrdb_5x42_expected_aa	5x42	0.09158674474040329
31	gpcrdb_7x54_expected_aa	7x54	gpcrdb_2x39_expected_aa	2x39	0.09183227793650359
31	gpcrdb_5x58_expected_aa	5x58	gpcrdb_6x44_expected_aa	6x44	0.09278971952820925
31	gpcrdb_7x56_expected_aa	7x56	gpcrdb_4x46_expected_aa	4x46	0.2583249084734538
31	gpcrdb_7x55_expected_aa	7x55	gpcrdb_4x38_expected_aa	4x38	0.0839008285433435
31	gpcrdb_5x68_expected_aa	5x68	gpcrdb_1x60_expected_aa	1x60	0.21041050136771242
31	gpcrdb_3x50_expected_aa	3x50	gpcrdb_6x50_expected_aa	6x50	0.06419929770083684
31	gpcrdb_8x53_expected_aa	8x53	gpcrdb_7x51_expected_aa	7x51	0.8857093237006688
31	gpcrdb_34x55_expected_aa	34x55	gpcrdb_2x43_expected_aa	2x43	1.0188361331524491
31	gpcrdb_8x47_expected_aa	8x47	gpcrdb_1x46_expected_aa	1x46	0.4667386258834629
31	gpcrdb_34x51_expected_aa	34x51	gpcrdb_4x53_expected_aa	4x53	0.5977314058165649
31	gpcrdb_34x50_expected_aa	34x50	gpcrdb_6x47_expected_aa	6x47	0.0717948105913337
31	gpcrdb_5x61_expected_aa	5x61	gpcrdb_7x52_expected_aa	7x52	0.08025108715277507
31	gpcrdb_6x30_expected_aa	6x30	gpcrdb_1x52_expected_aa	1x52	0.8991137589633887
31	gpcrdb_5x72_expected_aa	5x72	gpcrdb_7x46_expected_aa	7x46	1.5558954123923456
31	gpcrdb_34x53_expected_aa	34x53	gpcrdb_1x53_expected_aa	1x53	0.934613820237046
31	gpcrdb_5x64_expected_aa	5x64	gpcrdb_7x45_expected_aa	7x45	1.5213654941929127
31	gpcrdb_7x53_expected_aa	7x53	gpcrdb_2x46_expected_aa	2x46	0.022410700115643223
31	gpcrdb_6x23_expected_aa	6x23	gpcrdb_3x43_expected_aa	3x43	1.6605867267421295
31	gpcrdb_6x37_expected_aa	6x37	gpcrdb_5x50_expected_aa	5x50	0.5782162900425141
31	gpcrdb_34x57_expected_aa	34x57	gpcrdb_2x47_expected_aa	2x47	1.2472801521265071
31	gpcrdb_34x56_expected_aa	34x56	gpcrdb_6x48_expected_aa	6x48	1.7371028157231443
31	gpcrdb_8x59_expected_aa	8x59	gpcrdb_3x39_expected_aa	3x39	1.6603666843990164
31	gpcrdb_3x49_expected_aa	3x49	gpcrdb_7x49_expected_aa	7x49	0.30877142808224
32	gpcrdb_34x52_expected_aa	34x52	gpcrdb_5x46_expected_aa	5x46	0.065143134852591
32	gpcrdb_7x53_expected_aa	7x53	gpcrdb_2x46_expected_aa	2x46	0.022410700115643223
32	gpcrdb_6x34_expected_aa	6x34	gpcrdb_2x53_expected_aa	2x53	0.018446535044035706
32	gpcrdb_6x23_expected_aa	6x23	gpcrdb_5x42_expected_aa	5x42	0.7067870576734925
32	gpcrdb_6x30_expected_aa	6x30	gpcrdb_4x45_expected_aa	4x45	0.04735427520850822
32	gpcrdb_3x49_expected_aa	3x49	gpcrdb_2x47_expected_aa	2x47	0.0037191755668186666
32	gpcrdb_8x50_expected_aa	8x50	gpcrdb_3x46_expected_aa	3x46	0.04468400118441017
32	gpcrdb_3x50_expected_aa	3x50	gpcrdb_1x50_expected_aa	1x50	0.06419929770083684
32	gpcrdb_7x54_expected_aa	7x54	gpcrdb_2x39_expected_aa	2x39	0.09183227793650359
32	gpcrdb_5x68_expected_aa	5x68	gpcrdb_1x60_expected_aa	1x60	0.21041050136771242
32	gpcrdb_34x53_expected_aa	34x53	gpcrdb_4x46_expected_aa	4x46	0.07273027599128228
32	gpcrdb_6x37_expected_aa	6x37	gpcrdb_1x46_expected_aa	1x46	0.00860709291433448
32	gpcrdb_5x61_expected_aa	5x61	gpcrdb_7x52_expected_aa	7x52	0.08025108715277507
32	gpcrdb_5x72_expected_aa	5x72	gpcrdb_4x38_expected_aa	4x38	0.8853545192553776
32	gpcrdb_3x53_expected_aa	3x53	gpcrdb_5x53_expected_aa	5x53	0.05872969670886352
32	gpcrdb_3x55_expected_aa	3x55	gpcrdb_7x51_expected_aa	7x51	0.6372954330977394
32	gpcrdb_6x40_expected_aa	6x40	gpcrdb_3x40_expected_aa	3x40	0.0036774170650353266
32	gpcrdb_7x55_expected_aa	7x55	gpcrdb_2x43_expected_aa	2x43	0.19569090004219247
32	gpcrdb_5x58_expected_aa	5x58	gpcrdb_6x44_expected_aa	6x44	0.09278971952820925
32	gpcrdb_34x50_expected_aa	34x50	gpcrdb_6x47_expected_aa	6x47	0.0717948105913337
32	gpcrdb_5x64_expected_aa	5x64	gpcrdb_4x53_expected_aa	4x53	1.0015554757234193
32	gpcrdb_7x56_expected_aa	7x56	gpcrdb_1x52_expected_aa	1x52	0.7886076838431405
32	gpcrdb_34x51_expected_aa	34x51	gpcrdb_7x46_expected_aa	7x46	0.9625138667409097
32	gpcrdb_34x56_expected_aa	34x56	gpcrdb_1x53_expected_aa	1x53	1.5904063845978758
32	gpcrdb_8x59_expected_aa	8x59	gpcrdb_7x45_expected_aa	7x45	1.5414126271488313
32	gpcrdb_34x54_expected_aa	34x54	gpcrdb_3x43_expected_aa	3x43	1.641302826679558
32	gpcrdb_8x47_expected_aa	8x47	gpcrdb_5x50_expected_aa	5x50	1.052220641146407
32	gpcrdb_34x57_expected_aa	34x57	gpcrdb_6x48_expected_aa	6x48	1.3031114396240129
32	gpcrdb_8x53_expected_aa	8x53	gpcrdb_3x39_expected_aa	3x39	1.6578976524209805
32	gpcrdb_34x55_expected_aa	34x55	gpcrdb_7x49_expected_aa	7x49	1.9507880561875603
33	gpcrdb_34x55_expected_aa	34x55	gpcrdb_5x46_expected_aa	5x46	0.13464031798103232
33	gpcrdb_8x53_expected_aa	8x53	gpcrdb_5x42_expected_aa	5x42	0.139137586837664
33	gpcrdb_7x54_expected_aa	7x54	gpcrdb_2x53_expected_aa	2x53	0.039937367991902395
33	gpcrdb_6x23_expected_aa	6x23	gpcrdb_1x60_expected_aa	1x60	0.7093881731565425
33	gpcrdb_7x56_expected_aa	7x56	gpcrdb_2x39_expected_aa	2x39	0.11493239523212458
33	gpcrdb_5x64_expected_aa	5x64	gpcrdb_4x45_expected_aa	4x45	0.19958179182775604
33	gpcrdb_5x61_expected_aa	5x61	gpcrdb_3x46_expected_aa	3x46	0.03731827260055631
33	gpcrdb_34x56_expected_aa	34x56	gpcrdb_4x46_expected_aa	4x46	0.6796219181379175
33	gpcrdb_5x58_expected_aa	5x58	gpcrdb_6x44_expected_aa	6x44	0.09278971952820925
33	gpcrdb_3x50_expected_aa	3x50	gpcrdb_6x50_expected_aa	6x50	0.06419929770083684
33	gpcrdb_3x53_expected_aa	3x53	gpcrdb_5x53_expected_aa	5x53	0.05872969670886352
33	gpcrdb_34x57_expected_aa	34x57	gpcrdb_4x38_expected_aa	4x38	0.37237228091984237
33	gpcrdb_6x34_expected_aa	6x34	gpcrdb_7x51_expected_aa	7x51	0.48158974972633084
33	gpcrdb_34x52_expected_aa	34x52	gpcrdb_2x43_expected_aa	2x43	0.9356093365190363
33	gpcrdb_8x50_expected_aa	8x50	gpcrdb_7x46_expected_aa	7x46	0.07528566743089823
33	gpcrdb_6x30_expected_aa	6x30	gpcrdb_1x46_expected_aa	1x46	0.753003940264161
33	gpcrdb_6x40_expected_aa	6x40	gpcrdb_3x40_expected_aa	3x40	0.0036774170650353266
33	gpcrdb_34x50_expected_aa	34x50	gpcrdb_6x47_expected_aa	6x47	0.0717948105913337
33	gpcrdb_5x72_expected_aa	5x72	gpcrdb_4x53_expected_aa	4x53	1.2029401015882975
33	gpcrdb_3x49_expected_aa	3x49	gpcrdb_2x47_expected_aa	2x47	0.0037191755668186666
33	gpcrdb_5x68_expected_aa	5x68	gpcrdb_1x52_expected_aa	1x52	1.0718042803788603
33	gpcrdb_3x55_expected_aa	3x55	gpcrdb_7x52_expected_aa	7x52	0.9096778453881811
33	gpcrdb_34x54_expected_aa	34x54	gpcrdb_1x53_expected_aa	1x53	1.5979867838768345
33	gpcrdb_8x47_expected_aa	8x47	gpcrdb_7x45_expected_aa	7x45	1.0369507701970655
33	gpcrdb_8x59_expected_aa	8x59	gpcrdb_3x43_expected_aa	3x43	1.5432304281169489
33	gpcrdb_6x37_expected_aa	6x37	gpcrdb_5x50_expected_aa	5x50	0.5782162900425141
33	gpcrdb_34x51_expected_aa	34x51	gpcrdb_6x48_expected_aa	6x48	1.2208558917992112
33	gpcrdb_34x53_expected_aa	34x53	gpcrdb_3x39_expected_aa	3x39	1.0953665245659212
33	gpcrdb_7x53_expected_aa	7x53	gpcrdb_2x46_expected_aa	2x46	0.022410700115643223
33	gpcrdb_7x55_expected_aa	7x55	gpcrdb_7x49_expected_aa	7x49	1.130622476722151
34	gpcrdb_8x59_expected_aa	8x59	gpcrdb_5x46_expected_aa	5x46	0.16234098603602382
34	gpcrdb_6x30_expected_aa	6x30	gpcrdb_4x45_expected_aa	4x45	0.04735427520850822
34	gpcrdb_34x56_expected_aa	34x56	gpcrdb_5x42_expected_aa	5x42	0.1168875914720176
34	gpcrdb_5x64_expected_aa	5x64	gpcrdb_1x60_expected_aa	1x60	0.165465673676856
34	gpcrdb_8x47_expected_aa	8x47	gpcrdb_2x39_expected_aa	2x39	0.07474575071366257
34	gpcrdb_34x50_expected_aa	34x50	gpcrdb_6x47_expected_aa	6x47	0.0717948105913337
34	gpcrdb_34x51_expected_aa	34x51	gpcrdb_2x53_expected_aa	2x53	0.0812366414216388
34	gpcrdb_3x50_expected_aa	3x50	gpcrdb_6x50_expected_aa	6x50	0.06419929770083684
34	gpcrdb_6x40_expected_aa	6x40	gpcrdb_3x40_expected_aa	3x40	0.0036774170650353266
34	gpcrdb_5x61_expected_aa	5x61	gpcrdb_3x46_expected_aa	3x46	0.03731827260055631
34	gpcrdb_8x50_expected_aa	8x50	gpcrdb_7x46_expected_aa	7x46	0.07528566743089823
34	gpcrdb_7x55_expected_aa	7x55	gpcrdb_4x38_expected_aa	4x38	0.0839008285433435
34	gpcrdb_3x53_expected_aa	3x53	gpcrdb_5x53_expected_aa	5x53	0.05872969670886352
34	gpcrdb_6x37_expected_aa	6x37	gpcrdb_1x46_expected_aa	1x46	0.00860709291433448
34	gpcrdb_7x53_expected_aa	7x53	gpcrdb_2x46_expected_aa	2x46	0.022410700115643223
34	gpcrdb_34x57_expected_aa	34x57	gpcrdb_4x46_expected_aa	4x46	0.2948978499034359
34	gpcrdb_5x68_expected_aa	5x68	gpcrdb_7x51_expected_aa	7x51	0.8452430311457311
34	gpcrdb_34x54_expected_aa	34x54	gpcrdb_2x43_expected_aa	2x43	1.0673514638840973
34	gpcrdb_7x56_expected_aa	7x56	gpcrdb_4x53_expected_aa	4x53	0.6941316548936672
34	gpcrdb_34x52_expected_aa	34x52	gpcrdb_1x52_expected_aa	1x52	1.0834727765872736
34	gpcrdb_34x53_expected_aa	34x53	gpcrdb_7x52_expected_aa	7x52	0.5973446263125959
34	gpcrdb_34x55_expected_aa	34x55	gpcrdb_1x53_expected_aa	1x53	1.548565895332367
34	gpcrdb_6x23_expected_aa	6x23	gpcrdb_7x45_expected_aa	7x45	1.6589249952115201
34	gpcrdb_3x55_expected_aa	3x55	gpcrdb_3x43_expected_aa	3x43	1.2918623177767259
34	gpcrdb_5x72_expected_aa	5x72	gpcrdb_5x50_expected_aa	5x50	1.7203019772357186
34	gpcrdb_3x49_expected_aa	3x49	gpcrdb_2x47_expected_aa	2x47	0.0037191755668186666
34	gpcrdb_5x58_expected_aa	5x58	gpcrdb_6x44_expected_aa	6x44	0.09278971952820925
34	gpcrdb_8x53_expected_aa	8x53	gpcrdb_6x48_expected_aa	6x48	1.6437822381207017
34	gpcrdb_7x54_expected_aa	7x54	gpcrdb_3x39_expected_aa	3x39	1.3123093253263027
34	gpcrdb_6x34_expected_aa	6x34	gpcrdb_7x49_expected_aa	7x49	1.495841703374599
35	gpcrdb_34x54_expected_aa	34x54	gpcrdb_5x42_expected_aa	5x42	0.09158674474040329
35	gpcrdb_6x23_expected_aa	6x23	gpcrdb_5x46_expected_aa	5x46	0.6864015761533662
35	gpcrdb_34x57_expected_aa	34x57	gpcrdb_2x53_expected_aa	2x53	0.19187421289837991
35	gpcrdb_7x54_expected_aa	7x54	gpcrdb_2x39_expected_aa	2x39	0.09183227793650359
35	gpcrdb_5x68_expected_aa	5x68	gpcrdb_4x45_expected_aa	4x45	0.19312852995102522
35	gpcrdb_34x55_expected_aa	34x55	gpcrdb_1x60_expected_aa	1x60	0.14657158210878946
35	gpcrdb_3x49_expected_aa	3x49	gpcrdb_2x47_expected_aa	2x47	0.0037191755668186666
35	gpcrdb_5x61_expected_aa	5x61	gpcrdb_3x46_expected_aa	3x46	0.03731827260055631
35	gpcrdb_7x56_expected_aa	7x56	gpcrdb_4x46_expected_aa	4x46	0.2583249084734538
35	gpcrdb_3x55_expected_aa	3x55	gpcrdb_4x38_expected_aa	4x38	0.4498719162861236
35	gpcrdb_34x52_expected_aa	34x52	gpcrdb_5x53_expected_aa	5x53	0.834504401710253
35	gpcrdb_8x47_expected_aa	8x47	gpcrdb_7x51_expected_aa	7x51	0.3860444906024877
35	gpcrdb_8x50_expected_aa	8x50	gpcrdb_7x46_expected_aa	7x46	0.07528566743089823
35	gpcrdb_6x40_expected_aa	6x40	gpcrdb_3x40_expected_aa	3x40	0.0036774170650353266
35	gpcrdb_7x55_expected_aa	7x55	gpcrdb_2x43_expected_aa	2x43	0.19569090004219247
35	gpcrdb_6x34_expected_aa	6x34	gpcrdb_1x46_expected_aa	1x46	0.5627904456002797
35	gpcrdb_6x30_expected_aa	6x30	gpcrdb_4x53_expected_aa	4x53	0.8046359864343392
35	gpcrdb_3x50_expected_aa	3x50	gpcrdb_6x50_expected_aa	6x50	0.06419929770083684
35	gpcrdb_34x56_expected_aa	34x56	gpcrdb_1x52_expected_aa	1x52	1.208037817381151
35	gpcrdb_6x37_expected_aa	6x37	gpcrdb_7x52_expected_aa	7x52	0.18257462350215836
35	gpcrdb_5x58_expected_aa	5x58	gpcrdb_6x44_expected_aa	6x44	0.09278971952820925
35	gpcrdb_8x53_expected_aa	8x53	gpcrdb_1x53_expected_aa	1x53	1.4967658131356891
35	gpcrdb_34x50_expected_aa	34x50	gpcrdb_6x47_expected_aa	6x47	0.0717948105913337
35	gpcrdb_5x72_expected_aa	5x72	gpcrdb_7x45_expected_aa	7x45	1.705371139833178
35	gpcrdb_8x59_expected_aa	8x59	gpcrdb_3x43_expected_aa	3x43	1.5432304281169489
35	gpcrdb_34x51_expected_aa	34x51	gpcrdb_5x50_expected_aa	5x50	1.1308260097825218
35	gpcrdb_34x53_expected_aa	34x53	gpcrdb_6x48_expected_aa	6x48	1.0812797382008124
35	gpcrdb_7x53_expected_aa	7x53	gpcrdb_2x46_expected_aa	2x46	0.022410700115643223
35	gpcrdb_3x53_expected_aa	3x53	gpcrdb_3x39_expected_aa	3x39	0.8531779673729526
35	gpcrdb_5x64_expected_aa	5x64	gpcrdb_7x49_expected_aa	7x49	1.882878944187969
36	gpcrdb_3x50_expected_aa	3x50	gpcrdb_6x50_expected_aa	6x50	0.06419929770083684
36	gpcrdb_5x58_expected_aa	5x58	gpcrdb_6x44_expected_aa	6x44	0.09278971952820925
36	gpcrdb_34x50_expected_aa	34x50	gpcrdb_6x47_expected_aa	6x47	0.0717948105913337
36	gpcrdb_34x56_expected_aa	34x56	gpcrdb_5x42_expected_aa	5x42	0.1168875914720176
36	gpcrdb_3x49_expected_aa	3x49	gpcrdb_2x47_expected_aa	2x47	0.0037191755668186666
36	gpcrdb_5x64_expected_aa	5x64	gpcrdb_5x46_expected_aa	5x46	0.01866048144621967
36	gpcrdb_7x56_expected_aa	7x56	gpcrdb_2x53_expected_aa	2x53	0.07285072514052286
36	gpcrdb_34x53_expected_aa	34x53	gpcrdb_4x46_expected_aa	4x46	0.07273027599128228
36	gpcrdb_5x61_expected_aa	5x61	gpcrdb_3x46_expected_aa	3x46	0.03731827260055631
36	gpcrdb_3x55_expected_aa	3x55	gpcrdb_4x45_expected_aa	4x45	0.031749765614205394
36	gpcrdb_8x47_expected_aa	8x47	gpcrdb_2x39_expected_aa	2x39	0.07474575071366257
36	gpcrdb_6x30_expected_aa	6x30	gpcrdb_1x60_expected_aa	1x60	0.3660241257473577
36	gpcrdb_8x53_expected_aa	8x53	gpcrdb_4x38_expected_aa	4x38	0.6962849717525135
36	gpcrdb_3x53_expected_aa	3x53	gpcrdb_5x53_expected_aa	5x53	0.05872969670886352
36	gpcrdb_6x23_expected_aa	6x23	gpcrdb_7x51_expected_aa	7x51	1.1000057237367056
36	gpcrdb_7x53_expected_aa	7x53	gpcrdb_2x46_expected_aa	2x46	0.022410700115643223
36	gpcrdb_8x59_expected_aa	8x59	gpcrdb_2x43_expected_aa	2x43	0.9732700812460088
36	gpcrdb_34x54_expected_aa	34x54	gpcrdb_1x46_expected_aa	1x46	1.069225281711673
36	gpcrdb_5x72_expected_aa	5x72	gpcrdb_3x40_expected_aa	3x40	1.1829173624916787
36	gpcrdb_6x37_expected_aa	6x37	gpcrdb_4x53_expected_aa	4x53	0.04312069639543514
36	gpcrdb_8x50_expected_aa	8x50	gpcrdb_7x46_expected_aa	7x46	0.07528566743089823
36	gpcrdb_34x55_expected_aa	34x55	gpcrdb_1x52_expected_aa	1x52	1.1662781358382652
36	gpcrdb_34x52_expected_aa	34x52	gpcrdb_7x52_expected_aa	7x52	1.1282097254511558
36	gpcrdb_6x40_expected_aa	6x40	gpcrdb_1x53_expected_aa	1x53	0.5029771669205787
36	gpcrdb_6x34_expected_aa	6x34	gpcrdb_7x45_expected_aa	7x45	1.1343282533795427
36	gpcrdb_7x55_expected_aa	7x55	gpcrdb_3x43_expected_aa	3x43	0.7709374077528695
36	gpcrdb_7x54_expected_aa	7x54	gpcrdb_5x50_expected_aa	5x50	1.2079977315930663
36	gpcrdb_34x51_expected_aa	34x51	gpcrdb_6x48_expected_aa	6x48	1.2208558917992112
36	gpcrdb_34x57_expected_aa	34x57	gpcrdb_3x39_expected_aa	3x39	1.3170800779225573
36	gpcrdb_5x68_expected_aa	5x68	gpcrdb_7x49_expected_aa	7x49	1.8569443486716846
37	gpcrdb_6x40_expected_aa	6x40	gpcrdb_3x40_expected_aa	3x40	0.0036774170650353266
37	gpcrdb_5x64_expected_aa	5x64	gpcrdb_5x46_expected_aa	5x46	0.01866048144621967
37	gpcrdb_3x53_expected_aa	3x53	gpcrdb_5x53_expected_aa	5x53	0.05872969670886352
37	gpcrdb_5x61_expected_aa	5x61	gpcrdb_3x46_expected_aa	3x46	0.03731827260055631
37	gpcrdb_34x55_expected_aa	34x55	gpcrdb_5x42_expected_aa	5x42	0.13950667303237985
37	gpcrdb_6x30_expected_aa	6x30	gpcrdb_4x45_expected_aa	4x45	0.04735427520850822
37	gpcrdb_3x49_expected_aa	3x49	gpcrdb_2x47_expected_aa	2x47	0.0037191755668186666
37	gpcrdb_7x55_expected_aa	7x55	gpcrdb_4x38_expected_aa	4x38	0.0839008285433435
37	gpcrdb_7x54_expected_aa	7x54	gpcrdb_2x53_expected_aa	2x53	0.039937367991902395
37	gpcrdb_7x56_expected_aa	7x56	gpcrdb_2x39_expected_aa	2x39	0.11493239523212458
37	gpcrdb_8x53_expected_aa	8x53	gpcrdb_1x60_expected_aa	1x60	0.14965037582648977
37	gpcrdb_34x52_expected_aa	34x52	gpcrdb_4x46_expected_aa	4x46	0.5531830489920864
37	gpcrdb_34x53_expected_aa	34x53	gpcrdb_7x51_expected_aa	7x51	0.32849298617844436
37	gpcrdb_3x55_expected_aa	3x55	gpcrdb_2x43_expected_aa	2x43	0.7166158100660489
37	gpcrdb_7x53_expected_aa	7x53	gpcrdb_2x46_expected_aa	2x46	0.022410700115643223
37	gpcrdb_5x72_expected_aa	5x72	gpcrdb_1x46_expected_aa	1x46	1.1537844215978688
37	gpcrdb_8x59_expected_aa	8x59	gpcrdb_4x53_expected_aa	4x53	1.026136317775648
37	gpcrdb_34x57_expected_aa	34x57	gpcrdb_1x52_expected_aa	1x52	0.7818890358032025
37	gpcrdb_34x51_expected_aa	34x51	gpcrdb_7x52_expected_aa	7x52	0.7363842390071921
37	gpcrdb_6x23_expected_aa	6x23	gpcrdb_7x46_expected_aa	7x46	1.5208535965520154
37	gpcrdb_34x56_expected_aa	34x56	gpcrdb_1x53_expected_aa	1x53	1.5904063845978758
37	gpcrdb_6x34_expected_aa	6x34	gpcrdb_6x47_expected_aa	6x47	1.0994796078854243
37	gpcrdb_3x50_expected_aa	3x50	gpcrdb_6x50_expected_aa	6x50	0.06419929770083684
37	gpcrdb_6x37_expected_aa	6x37	gpcrdb_7x45_expected_aa	7x45	0.5629307148649285
37	gpcrdb_5x68_expected_aa	5x68	gpcrdb_3x43_expected_aa	3x43	1.4977690563718704
37	gpcrdb_34x54_expected_aa	34x54	gpcrdb_5x50_expected_aa	5x50	1.6547404895689604
37	gpcrdb_8x47_expected_aa	8x47	gpcrdb_6x48_expected_aa	6x48	1.1423312566219272
37	gpcrdb_5x58_expected_aa	5x58	gpcrdb_6x44_expected_aa	6x44	0.09278971952820925
37	gpcrdb_8x50_expected_aa	8x50	gpcrdb_3x39_expected_aa	3x39	0.34529545138860185
37	gpcrdb_34x50_expected_aa	34x50	gpcrdb_7x49_expected_aa	7x49	0.3922289154538759
38	gpcrdb_5x64_expected_aa	5x64	gpcrdb_5x46_expected_aa	5x46	0.01866048144621967
38	gpcrdb_34x53_expected_aa	34x53	gpcrdb_4x46_expected_aa	4x46	0.07273027599128228
38	gpcrdb_6x30_expected_aa	6x30	gpcrdb_4x45_expected_aa	4x45	0.04735427520850822
38	gpcrdb_7x53_expected_aa	7x53	gpcrdb_2x46_expected_aa	2x46	0.022410700115643223
38	gpcrdb_5x58_expected_aa	5x58	gpcrdb_6x44_expected_aa	6x44	0.09278971952820925
38	gpcrdb_3x55_expected_aa	3x55	gpcrdb_2x53_expected_aa	2x53	0.13725914832737285
38	gpcrdb_3x50_expected_aa	3x50	gpcrdb_6x50_expected_aa	6x50	0.06419929770083684
38	gpcrdb_34x57_expected_aa	34x57	gpcrdb_2x39_expected_aa	2x39	0.19560422731838215
38	gpcrdb_5x72_expected_aa	5x72	gpcrdb_5x42_expected_aa	5x42	0.3611049733231449
38	gpcrdb_6x40_expected_aa	6x40	gpcrdb_3x40_expected_aa	3x40	0.0036774170650353266
38	gpcrdb_6x23_expected_aa	6x23	gpcrdb_1x60_expected_aa	1x60	0.7093881731565425
38	gpcrdb_3x49_expected_aa	3x49	gpcrdb_2x47_expected_aa	2x47	0.0037191755668186666
38	gpcrdb_3x53_expected_aa	3x53	gpcrdb_5x53_expected_aa	5x53	0.05872969670886352
38	gpcrdb_5x68_expected_aa	5x68	gpcrdb_4x38_expected_aa	4x38	0.6529537888895128
38	gpcrdb_34x54_expected_aa	34x54	gpcrdb_7x51_expected_aa	7x51	0.9883278250464047
38	gpcrdb_34x50_expected_aa	34x50	gpcrdb_6x47_expected_aa	6x47	0.0717948105913337
38	gpcrdb_34x51_expected_aa	34x51	gpcrdb_2x43_expected_aa	2x43	0.5445401287625311
38	gpcrdb_6x34_expected_aa	6x34	gpcrdb_1x46_expected_aa	1x46	0.5627904456002797
38	gpcrdb_34x52_expected_aa	34x52	gpcrdb_4x53_expected_aa	4x53	0.9890712061196639
38	gpcrdb_34x56_expected_aa	34x56	gpcrdb_1x52_expected_aa	1x52	1.208037817381151
38	gpcrdb_7x55_expected_aa	7x55	gpcrdb_7x52_expected_aa	7x52	0.38875293536432465
38	gpcrdb_8x53_expected_aa	8x53	gpcrdb_3x46_expected_aa	3x46	1.275564402760564
38	gpcrdb_8x59_expected_aa	8x59	gpcrdb_7x46_expected_aa	7x46	1.388981565352928
38	gpcrdb_34x55_expected_aa	34x55	gpcrdb_1x53_expected_aa	1x53	1.548565895332367
38	gpcrdb_8x50_expected_aa	8x50	gpcrdb_7x45_expected_aa	7x45	0.22612823048928596
38	gpcrdb_7x56_expected_aa	7x56	gpcrdb_3x43_expected_aa	3x43	1.215239229991628
38	gpcrdb_7x54_expected_aa	7x54	gpcrdb_5x50_expected_aa	5x50	1.2079977315930663
38	gpcrdb_8x47_expected_aa	8x47	gpcrdb_6x48_expected_aa	6x48	1.1423312566219272
38	gpcrdb_5x61_expected_aa	5x61	gpcrdb_3x39_expected_aa	3x39	0.4197021731208169
38	gpcrdb_6x37_expected_aa	6x37	gpcrdb_7x49_expected_aa	7x49	0.9244441648599848
39	gpcrdb_6x40_expected_aa	6x40	gpcrdb_3x40_expected_aa	3x40	0.0036774170650353266
39	gpcrdb_6x34_expected_aa	6x34	gpcrdb_2x53_expected_aa	2x53	0.018446535044035706
39	gpcrdb_7x54_expected_aa	7x54	gpcrdb_2x39_expected_aa	2x39	0.09183227793650359
39	gpcrdb_34x55_expected_aa	34x55	gpcrdb_5x46_expected_aa	5x46	0.13464031798103232
39	gpcrdb_5x58_expected_aa	5x58	gpcrdb_6x44_expected_aa	6x44	0.09278971952820925
39	gpcrdb_8x59_expected_aa	8x59	gpcrdb_5x42_expected_aa	5x42	0.21484760660973232
39	gpcrdb_5x72_expected_aa	5x72	gpcrdb_1x60_expected_aa	1x60	0.361573609846979
39	gpcrdb_8x53_expected_aa	8x53	gpcrdb_4x45_expected_aa	4x45	0.2176386562138453
39	gpcrdb_34x57_expected_aa	34x57	gpcrdb_4x46_expected_aa	4x46	0.2948978499034359
39	gpcrdb_5x68_expected_aa	5x68	gpcrdb_4x38_expected_aa	4x38	0.6529537888895128
39	gpcrdb_8x50_expected_aa	8x50	gpcrdb_3x46_expected_aa	3x46	0.04468400118441017
39	gpcrdb_6x23_expected_aa	6x23	gpcrdb_5x53_expected_aa	5x53	1.0829112783846435
39	gpcrdb_6x37_expected_aa	6x37	gpcrdb_1x46_expected_aa	1x46	0.00860709291433448
39	gpcrdb_3x49_expected_aa	3x49	gpcrdb_2x47_expected_aa	2x47	0.0037191755668186666
39	gpcrdb_6x30_expected_aa	6x30	gpcrdb_7x51_expected_aa	7x51	0.6719832427355966
39	gpcrdb_34x53_expected_aa	34x53	gpcrdb_2x43_expected_aa	2x43	0.40630005607794206
39	gpcrdb_7x53_expected_aa	7x53	gpcrdb_2x46_expected_aa	2x46	0.022410700115643223
39	gpcrdb_7x56_expected_aa	7x56	gpcrdb_4x53_expected_aa	4x53	0.6941316548936672
39	gpcrdb_8x47_expected_aa	8x47	gpcrdb_1x52_expected_aa	1x52	0.6125160654246102
39	gpcrdb_5x61_expected_aa	5x61	gpcrdb_7x52_expected_aa	7x52	0.08025108715277507
39	gpcrdb_34x52_expected_aa	34x52	gpcrdb_7x46_expected_aa	7x46	1.3547734391630304
39	gpcrdb_3x55_expected_aa	3x55	gpcrdb_1x53_expected_aa	1x53	1.248481075225959
39	gpcrdb_34x54_expected_aa	34x54	gpcrdb_6x47_expected_aa	6x47	1.6046806936914375
39	gpcrdb_5x64_expected_aa	5x64	gpcrdb_7x45_expected_aa	7x45	1.5213654941929127
39	gpcrdb_7x55_expected_aa	7x55	gpcrdb_3x43_expected_aa	3x43	0.7709374077528695
39	gpcrdb_3x53_expected_aa	3x53	gpcrdb_5x50_expected_aa	5x50	0.7488663736397163
39	gpcrdb_34x50_expected_aa	34x50	gpcrdb_6x48_expected_aa	6x48	0.14787778096831827
39	gpcrdb_3x50_expected_aa	3x50	gpcrdb_6x50_expected_aa	6x50	0.06419929770083684
39	gpcrdb_34x51_expected_aa	34x51	gpcrdb_3x39_expected_aa	3x39	1.2349491334499463
39	gpcrdb_34x56_expected_aa	34x56	gpcrdb_7x49_expected_aa	7x49	1.9926680718555374
40	gpcrdb_6x30_expected_aa	6x30	gpcrdb_4x45_expected_aa	4x45	0.04735427520850822
40	gpcrdb_6x37_expected_aa	6x37	gpcrdb_1x46_expected_aa	1x46	0.00860709291433448
40	gpcrdb_3x50_expected_aa	3x50	gpcrdb_6x50_expected_aa	6x50	0.06419929770083684
40	gpcrdb_34x56_expected_aa	34x56	gpcrdb_5x42_expected_aa	5x42	0.1168875914720176
40	gpcrdb_34x54_expected_aa	34x54	gpcrdb_1x60_expected_aa	1x60	0.09658094275968557
40	gpcrdb_34x50_expected_aa	34x50	gpcrdb_6x47_expected_aa	6x47	0.0717948105913337
40	gpcrdb_3x49_expected_aa	3x49	gpcrdb_2x47_expected_aa	2x47	0.0037191755668186666
40	gpcrdb_34x53_expected_aa	34x53	gpcrdb_4x46_expected_aa	4x46	0.07273027599128228
40	gpcrdb_3x55_expected_aa	3x55	gpcrdb_2x53_expected_aa	2x53	0.13725914832737285
40	gpcrdb_6x40_expected_aa	6x40	gpcrdb_3x40_expected_aa	3x40	0.0036774170650353266
40	gpcrdb_7x54_expected_aa	7x54	gpcrdb_2x39_expected_aa	2x39	0.09183227793650359
40	gpcrdb_8x50_expected_aa	8x50	gpcrdb_3x46_expected_aa	3x46	0.04468400118441017
40	gpcrdb_8x53_expected_aa	8x53	gpcrdb_5x46_expected_aa	5x46	0.03876659063643321
40	gpcrdb_5x61_expected_aa	5x61	gpcrdb_7x52_expected_aa	7x52	0.08025108715277507
40	gpcrdb_8x59_expected_aa	8x59	gpcrdb_4x38_expected_aa	4x38	0.701502818342845
40	gpcrdb_7x56_expected_aa	7x56	gpcrdb_5x53_expected_aa	5x53	0.5394461863730866
40	gpcrdb_34x51_expected_aa	34x51	gpcrdb_7x51_expected_aa	7x51	0.46601178659342224
40	gpcrdb_6x23_expected_aa	6x23	gpcrdb_2x43_expected_aa	2x43	1.1627184124183914
40	gpcrdb_34x52_expected_aa	34x52	gpcrdb_4x53_expected_aa	4x53	0.9890712061196639
40	gpcrdb_5x72_expected_aa	5x72	gpcrdb_1x52_expected_aa	1x52	1.2933787061219741
40	gpcrdb_5x58_expected_aa	5x58	gpcrdb_6x44_expected_aa	6x44	0.09278971952820925
40	gpcrdb_34x55_expected_aa	34x55	gpcrdb_7x46_expected_aa	7x46	1.4370191369991048
40	gpcrdb_5x68_expected_aa	5x68	gpcrdb_1x53_expected_aa	1x53	1.4544663240205304
40	gpcrdb_6x34_expected_aa	6x34	gpcrdb_7x45_expected_aa	7x45	1.1343282533795427
40	gpcrdb_8x47_expected_aa	8x47	gpcrdb_3x43_expected_aa	3x43	1.0387772484420859
40	gpcrdb_7x53_expected_aa	7x53	gpcrdb_2x46_expected_aa	2x46	0.022410700115643223
40	gpcrdb_34x57_expected_aa	34x57	gpcrdb_5x50_expected_aa	5x50	1.2139447083885746
40	gpcrdb_7x55_expected_aa	7x55	gpcrdb_6x48_expected_aa	6x48	0.8745893303117145
40	gpcrdb_5x64_expected_aa	5x64	gpcrdb_3x39_expected_aa	3x39	1.6409626631037346
40	gpcrdb_3x53_expected_aa	3x53	gpcrdb_7x49_expected_aa	7x49	1.095094248457187
41	gpcrdb_34x56_expected_aa	34x56	gpcrdb_5x42_expected_aa	5x42	0.1168875914720176
41	gpcrdb_5x61_expected_aa	5x61	gpcrdb_3x46_expected_aa	3x46	0.03731827260055631
41	gpcrdb_7x56_expected_aa	7x56	gpcrdb_2x53_expected_aa	2x53	0.07285072514052286
41	gpcrdb_7x54_expected_aa	7x54	gpcrdb_2x39_expected_aa	2x39	0.09183227793650359
41	gpcrdb_5x58_expected_aa	5x58	gpcrdb_6x44_expected_aa	6x44	0.09278971952820925
41	gpcrdb_34x53_expected_aa	34x53	gpcrdb_4x46_expected_aa	4x46	0.07273027599128228
41	gpcrdb_5x68_expected_aa	5x68	gpcrdb_5x46_expected_aa	5x46	0.08348547483476969
41	gpcrdb_5x64_expected_aa	5x64	gpcrdb_1x60_expected_aa	1x60	0.165465673676856
41	gpcrdb_3x50_expected_aa	3x50	gpcrdb_1x50_expected_aa	1x50	0.06419929770083684
41	gpcrdb_3x49_expected_aa	3x49	gpcrdb_2x47_expected_aa	2x47	0.0037191755668186666
41	gpcrdb_34x52_expected_aa	34x52	gpcrdb_4x45_expected_aa	4x45	0.1977343295022956
41	gpcrdb_3x53_expected_aa	3x53	gpcrdb_5x53_expected_aa	5x53	0.05872969670886352
41	gpcrdb_7x55_expected_aa	7x55	gpcrdb_4x38_expected_aa	4x38	0.0839008285433435
41	gpcrdb_34x51_expected_aa	34x51	gpcrdb_7x51_expected_aa	7x51	0.46601178659342224
41	gpcrdb_3x55_expected_aa	3x55	gpcrdb_2x43_expected_aa	2x43	0.7166158100660489
41	gpcrdb_6x23_expected_aa	6x23	gpcrdb_1x46_expected_aa	1x46	1.1642296241371914
41	gpcrdb_6x30_expected_aa	6x30	gpcrdb_3x40_expected_aa	3x40	0.7836308176350377
41	gpcrdb_6x40_expected_aa	6x40	gpcrdb_4x53_expected_aa	4x53	0.024720009976077595
41	gpcrdb_8x47_expected_aa	8x47	gpcrdb_1x52_expected_aa	1x52	0.6125160654246102
41	gpcrdb_8x53_expected_aa	8x53	gpcrdb_7x52_expected_aa	7x52	1.1580173394123057
41	gpcrdb_6x34_expected_aa	6x34	gpcrdb_7x46_expected_aa	7x46	0.9809104872111096
41	gpcrdb_5x72_expected_aa	5x72	gpcrdb_1x53_expected_aa	1x53	1.6648151518686725
41	gpcrdb_34x57_expected_aa	34x57	gpcrdb_6x47_expected_aa	6x47	1.1644503643030493
41	gpcrdb_34x50_expected_aa	34x50	gpcrdb_7x45_expected_aa	7x45	0.07502775409684706
41	gpcrdb_8x59_expected_aa	8x59	gpcrdb_3x43_expected_aa	3x43	1.5432304281169489
41	gpcrdb_8x50_expected_aa	8x50	gpcrdb_5x50_expected_aa	5x50	0.24133514698896527
41	gpcrdb_34x54_expected_aa	34x54	gpcrdb_6x48_expected_aa	6x48	1.744812083660384
41	gpcrdb_7x53_expected_aa	7x53	gpcrdb_2x46_expected_aa	2x46	0.022410700115643223
41	gpcrdb_34x55_expected_aa	34x55	gpcrdb_3x39_expected_aa	3x39	1.7093307110511504
41	gpcrdb_6x37_expected_aa	6x37	gpcrdb_7x49_expected_aa	7x49	0.9244441648599848
42	gpcrdb_5x61_expected_aa	5x61	gpcrdb_3x46_expected_aa	3x46	0.03731827260055631
42	gpcrdb_34x56_expected_aa	34x56	gpcrdb_5x42_expected_aa	5x42	0.1168875914720176
42	gpcrdb_3x49_expected_aa	3x49	gpcrdb_2x47_expected_aa	2x47	0.0037191755668186666
42	gpcrdb_5x64_expected_aa	5x64	gpcrdb_5x46_expected_aa	5x46	0.01866048144621967
42	gpcrdb_6x37_expected_aa	6x37	gpcrdb_1x46_expected_aa	1x46	0.00860709291433448
42	gpcrdb_8x47_expected_aa	8x47	gpcrdb_2x39_expected_aa	2x39	0.07474575071366257
42	gpcrdb_3x53_expected_aa	3x53	gpcrdb_5x53_expected_aa	5x53	0.05872969670886352
42	gpcrdb_34x50_expected_aa	34x50	gpcrdb_6x47_expected_aa	6x47	0.0717948105913337
42	gpcrdb_6x34_expected_aa	6x34	gpcrdb_2x53_expected_aa	2x53	0.018446535044035706
42	gpcrdb_7x54_expected_aa	7x54	gpcrdb_4x45_expected_aa	4x45	0.12907154594967585
42	gpcrdb_5x58_expected_aa	5x58	gpcrdb_6x44_expected_aa	6x44	0.09278971952820925
42	gpcrdb_34x55_expected_aa	34x55	gpcrdb_1x60_expected_aa	1x60	0.14657158210878946
42	gpcrdb_8x53_expected_aa	8x53	gpcrdb_4x46_expected_aa	4x46	0.5808917660708914
42	gpcrdb_6x30_expected_aa	6x30	gpcrdb_4x38_expected_aa	4x38	0.4810158792229721
42	gpcrdb_7x55_expected_aa	7x55	gpcrdb_7x51_expected_aa	7x51	0.11637052307388296
42	gpcrdb_8x50_expected_aa	8x50	gpcrdb_7x46_expected_aa	7x46	0.07528566743089823
42	gpcrdb_6x40_expected_aa	6x40	gpcrdb_3x40_expected_aa	3x40	0.0036774170650353266
42	gpcrdb_6x23_expected_aa	6x23	gpcrdb_2x43_expected_aa	2x43	1.1627184124183914
42	gpcrdb_34x53_expected_aa	34x53	gpcrdb_4x53_expected_aa	4x53	0.4591787558729232
42	gpcrdb_34x57_expected_aa	34x57	gpcrdb_1x52_expected_aa	1x52	0.7818890358032025
42	gpcrdb_5x72_expected_aa	5x72	gpcrdb_7x52_expected_aa	7x52	1.3364274854938873
42	gpcrdb_3x50_expected_aa	3x50	gpcrdb_1x50_expected_aa	1x50	0.06419929770083684
42	gpcrdb_7x53_expected_aa	7x53	gpcrdb_2x46_expected_aa	2x46	0.022410700115643223
42	gpcrdb_5x68_expected_aa	5x68	gpcrdb_1x53_expected_aa	1x53	1.4544663240205304
42	gpcrdb_34x51_expected_aa	34x51	gpcrdb_7x45_expected_aa	7x45	1.1155710107356513
42	gpcrdb_34x54_expected_aa	34x54	gpcrdb_3x43_expected_aa	3x43	1.641302826679558
42	gpcrdb_34x52_expected_aa	34x52	gpcrdb_5x50_expected_aa	5x50	1.5232705712276717
42	gpcrdb_7x56_expected_aa	7x56	gpcrdb_6x48_expected_aa	6x48	1.3188356600078461
42	gpcrdb_3x55_expected_aa	3x55	gpcrdb_3x39_expected_aa	3x39	1.4096311056617732
42	gpcrdb_8x59_expected_aa	8x59	gpcrdb_7x49_expected_aa	7x49	1.9012288113471705
43	gpcrdb_34x56_expected_aa	34x56	gpcrdb_5x42_expected_aa	5x42	0.1168875914720176
43	gpcrdb_6x23_expected_aa	6x23	gpcrdb_5x46_expected_aa	5x46	0.6864015761533662
43	gpcrdb_34x57_expected_aa	34x57	gpcrdb_2x53_expected_aa	2x53	0.19187421289837991
43	gpcrdb_6x40_expected_aa	6x40	gpcrdb_3x40_expected_aa	3x40	0.0036774170650353266
43	gpcrdb_34x53_expected_aa	34x53	gpcrdb_4x46_expected_aa	4x46	0.07273027599128228
43	gpcrdb_7x53_expected_aa	7x53	gpcrdb_2x46_expected_aa	2x46	0.022410700115643223
43	gpcrdb_6x30_expected_aa	6x30	gpcrdb_4x45_expected_aa	4x45	0.04735427520850822
43	gpcrdb_34x50_expected_aa	34x50	gpcrdb_6x47_expected_aa	6x47	0.0717948105913337
43	gpcrdb_7x56_expected_aa	7x56	gpcrdb_2x39_expected_aa	2x39	0.11493239523212458
43	gpcrdb_5x58_expected_aa	5x58	gpcrdb_6x44_expected_aa	6x44	0.09278971952820925
43	gpcrdb_34x54_expected_aa	34x54	gpcrdb_1x60_expected_aa	1x60	0.09658094275968557
43	gpcrdb_7x54_expected_aa	7x54	gpcrdb_4x38_expected_aa	4x38	0.3530772344004178
43	gpcrdb_5x68_expected_aa	5x68	gpcrdb_5x53_expected_aa	5x53	0.823255960206283
43	gpcrdb_8x59_expected_aa	8x59	gpcrdb_7x51_expected_aa	7x51	0.8952092854703021
43	gpcrdb_34x51_expected_aa	34x51	gpcrdb_2x43_expected_aa	2x43	0.5445401287625311
43	gpcrdb_5x61_expected_aa	5x61	gpcrdb_3x46_expected_aa	3x46	0.03731827260055631
43	gpcrdb_5x64_expected_aa	5x64	gpcrdb_1x46_expected_aa	1x46	0.9498276864136497
43	gpcrdb_34x55_expected_aa	34x55	gpcrdb_4x53_expected_aa	4x53	1.0721331798127787
43	gpcrdb_8x50_expected_aa	8x50	gpcrdb_7x46_expected_aa	7x46	0.07528566743089823
43	gpcrdb_7x55_expected_aa	7x55	gpcrdb_1x52_expected_aa	1x52	0.34392343907175826
43	gpcrdb_3x53_expected_aa	3x53	gpcrdb_7x52_expected_aa	7x52	0.3532247070993606
43	gpcrdb_6x34_expected_aa	6x34	gpcrdb_1x53_expected_aa	1x53	1.0927753918545504
43	gpcrdb_3x49_expected_aa	3x49	gpcrdb_2x47_expected_aa	2x47	0.0037191755668186666
43	gpcrdb_3x50_expected_aa	3x50	gpcrdb_6x50_expected_aa	6x50	0.06419929770083684
43	gpcrdb_3x55_expected_aa	3x55	gpcrdb_7x45_expected_aa	7x45	1.2900339367509512
43	gpcrdb_6x37_expected_aa	6x37	gpcrdb_3x43_expected_aa	3x43	0.5647590958907032
43	gpcrdb_8x47_expected_aa	8x47	gpcrdb_5x50_expected_aa	5x50	1.052220641146407
43	gpcrdb_8x53_expected_aa	8x53	gpcrdb_6x48_expected_aa	6x48	1.6437822381207017
43	gpcrdb_34x52_expected_aa	34x52	gpcrdb_3x39_expected_aa	3x39	1.6274760389200378
43	gpcrdb_5x72_expected_aa	5x72	gpcrdb_7x49_expected_aa	7x49	2.059889087274012
44	gpcrdb_6x37_expected_aa	6x37	gpcrdb_1x46_expected_aa	1x46	0.00860709291433448
44	gpcrdb_7x55_expected_aa	7x55	gpcrdb_4x38_expected_aa	4x38	0.0839008285433435
44	gpcrdb_8x53_expected_aa	8x53	gpcrdb_5x46_expected_aa	5x46	0.03876659063643321
44	gpcrdb_7x56_expected_aa	7x56	gpcrdb_2x53_expected_aa	2x53	0.07285072514052286
44	gpcrdb_6x23_expected_aa	6x23	gpcrdb_5x42_expected_aa	5x42	0.7067870576734925
44	gpcrdb_34x54_expected_aa	34x54	gpcrdb_1x60_expected_aa	1x60	0.09658094275968557
44	gpcrdb_5x58_expected_aa	5x58	gpcrdb_6x44_expected_aa	6x44	0.09278971952820925
44	gpcrdb_3x50_expected_aa	3x50	gpcrdb_6x50_expected_aa	6x50	0.06419929770083684
44	gpcrdb_6x34_expected_aa	6x34	gpcrdb_2x39_expected_aa	2x39	0.034759263457320944
44	gpcrdb_8x47_expected_aa	8x47	gpcrdb_4x46_expected_aa	4x46	0.09136662743536503
44	gpcrdb_5x72_expected_aa	5x72	gpcrdb_4x45_expected_aa	4x45	0.5026838850030478
44	gpcrdb_6x30_expected_aa	6x30	gpcrdb_5x53_expected_aa	5x53	0.6499274450871056
44	gpcrdb_34x55_expected_aa	34x55	gpcrdb_7x51_expected_aa	7x51	0.9400409104918307
44	gpcrdb_3x53_expected_aa	3x53	gpcrdb_2x43_expected_aa	2x43	0.16016267177722843
44	gpcrdb_3x55_expected_aa	3x55	gpcrdb_3x40_expected_aa	3x40	0.7491813253704156
44	gpcrdb_3x49_expected_aa	3x49	gpcrdb_2x47_expected_aa	2x47	0.0037191755668186666
44	gpcrdb_7x54_expected_aa	7x54	gpcrdb_4x53_expected_aa	4x53	0.6729021379459874
44	gpcrdb_34x56_expected_aa	34x56	gpcrdb_1x52_expected_aa	1x52	1.208037817381151
44	gpcrdb_34x53_expected_aa	34x53	gpcrdb_7x52_expected_aa	7x52	0.5973446263125959
44	gpcrdb_5x61_expected_aa	5x61	gpcrdb_3x46_expected_aa	3x46	0.03731827260055631
44	gpcrdb_6x40_expected_aa	6x40	gpcrdb_7x46_expected_aa	7x46	0.3911122622771379
44	gpcrdb_34x57_expected_aa	34x57	gpcrdb_1x53_expected_aa	1x53	1.1578358897310463
44	gpcrdb_5x64_expected_aa	5x64	gpcrdb_6x47_expected_aa	6x47	1.4865168486987943
44	gpcrdb_34x51_expected_aa	34x51	gpcrdb_7x45_expected_aa	7x45	1.1155710107356513
44	gpcrdb_5x68_expected_aa	5x68	gpcrdb_3x43_expected_aa	3x43	1.4977690563718704
44	gpcrdb_34x52_expected_aa	34x52	gpcrdb_5x50_expected_aa	5x50	1.5232705712276717
44	gpcrdb_7x53_expected_aa	7x53	gpcrdb_2x46_expected_aa	2x46	0.022410700115643223
44	gpcrdb_34x50_expected_aa	34x50	gpcrdb_6x48_expected_aa	6x48	0.14787778096831827
44	gpcrdb_8x59_expected_aa	8x59	gpcrdb_3x39_expected_aa	3x39	1.6603666843990164
44	gpcrdb_8x50_expected_aa	8x50	gpcrdb_7x49_expected_aa	7x49	0.5868770515827803
45	gpcrdb_6x40_expected_aa	6x40	gpcrdb_3x40_expected_aa	3x40	0.0036774170650353266
45	gpcrdb_6x23_expected_aa	6x23	gpcrdb_5x46_expected_aa	5x46	0.6864015761533662
45	gpcrdb_34x54_expected_aa	34x54	gpcrdb_5x42_expected_aa	5x42	0.09158674474040329
45	gpcrdb_34x50_expected_aa	34x50	gpcrdb_6x47_expected_aa	6x47	0.0717948105913337
45	gpcrdb_8x50_expected_aa	8x50	gpcrdb_3x46_expected_aa	3x46	0.04468400118441017
45	gpcrdb_6x34_expected_aa	6x34	gpcrdb_2x53_expected_aa	2x53	0.018446535044035706
45	gpcrdb_34x56_expected_aa	34x56	gpcrdb_1x60_expected_aa	1x60	0.12163506298533144
45	gpcrdb_5x64_expected_aa	5x64	gpcrdb_4x45_expected_aa	4x45	0.19958179182775604
45	gpcrdb_34x52_expected_aa	34x52	gpcrdb_2x39_expected_aa	2x39	0.40898661632316496
45	gpcrdb_34x51_expected_aa	34x51	gpcrdb_4x46_expected_aa	4x46	0.17102366760579474
45	gpcrdb_3x55_expected_aa	3x55	gpcrdb_4x38_expected_aa	4x38	0.4498719162861236
45	gpcrdb_34x53_expected_aa	34x53	gpcrdb_5x53_expected_aa	5x53	0.3069403768365211
45	gpcrdb_5x72_expected_aa	5x72	gpcrdb_7x51_expected_aa	7x51	1.077107357564563
45	gpcrdb_8x59_expected_aa	8x59	gpcrdb_2x43_expected_aa	2x43	0.9732700812460088
45	gpcrdb_6x37_expected_aa	6x37	gpcrdb_1x46_expected_aa	1x46	0.00860709291433448
45	gpcrdb_8x53_expected_aa	8x53	gpcrdb_4x53_expected_aa	4x53	1.0185965317082557
45	gpcrdb_6x30_expected_aa	6x30	gpcrdb_1x52_expected_aa	1x52	0.8991137589633887
45	gpcrdb_5x68_expected_aa	5x68	gpcrdb_7x52_expected_aa	7x52	1.1164859707083157
45	gpcrdb_5x58_expected_aa	5x58	gpcrdb_6x44_expected_aa	6x44	0.09278971952820925
45	gpcrdb_7x54_expected_aa	7x54	gpcrdb_7x46_expected_aa	7x46	1.0392943902470477
45	gpcrdb_3x50_expected_aa	3x50	gpcrdb_6x50_expected_aa	6x50	0.06419929770083684
45	gpcrdb_7x56_expected_aa	7x56	gpcrdb_1x53_expected_aa	1x53	1.1718841258553145
45	gpcrdb_34x57_expected_aa	34x57	gpcrdb_7x45_expected_aa	7x45	1.1988485922616348
45	gpcrdb_3x49_expected_aa	3x49	gpcrdb_2x47_expected_aa	2x47	0.0037191755668186666
45	gpcrdb_7x55_expected_aa	7x55	gpcrdb_3x43_expected_aa	3x43	0.7709374077528695
45	gpcrdb_8x47_expected_aa	8x47	gpcrdb_5x50_expected_aa	5x50	1.052220641146407
45	gpcrdb_7x53_expected_aa	7x53	gpcrdb_2x46_expected_aa	2x46	0.022410700115643223
45	gpcrdb_5x61_expected_aa	5x61	gpcrdb_6x48_expected_aa	6x48	0.40558530779461477
45	gpcrdb_3x53_expected_aa	3x53	gpcrdb_3x39_expected_aa	3x39	0.8531779673729526
45	gpcrdb_34x55_expected_aa	34x55	gpcrdb_7x49_expected_aa	7x49	1.9507880561875603
46	gpcrdb_34x54_expected_aa	34x54	gpcrdb_5x42_expected_aa	5x42	0.09158674474040329
46	gpcrdb_8x47_expected_aa	8x47	gpcrdb_2x39_expected_aa	2x39	0.07474575071366257
46	gpcrdb_34x52_expected_aa	34x52	gpcrdb_5x46_expected_aa	5x46	0.065143134852591
46	gpcrdb_3x53_expected_aa	3x53	gpcrdb_5x53_expected_aa	5x53	0.05872969670886352
46	gpcrdb_6x34_expected_aa	6x34	gpcrdb_2x53_expected_aa	2x53	0.018446535044035706
46	gpcrdb_34x55_expected_aa	34x55	gpcrdb_1x60_expected_aa	1x60	0.14657158210878946
46	gpcrdb_8x53_expected_aa	8x53	gpcrdb_4x45_expected_aa	4x45	0.2176386562138453
46	gpcrdb_3x55_expected_aa	3x55	gpcrdb_4x46_expected_aa	4x46	0.3323117843750436
46	gpcrdb_6x37_expected_aa	6x37	gpcrdb_1x46_expected_aa	1x46	0.00860709291433448
46	gpcrdb_3x50_expected_aa	3x50	gpcrdb_1x50_expected_aa	1x50	0.06419929770083684
46	gpcrdb_7x55_expected_aa	7x55	gpcrdb_4x38_expected_aa	4x38	0.0839008285433435
46	gpcrdb_6x23_expected_aa	6x23	gpcrdb_7x51_expected_aa	7x51	1.1000057237367056
46	gpcrdb_5x68_expected_aa	5x68	gpcrdb_2x43_expected_aa	2x43	0.924162410338063
46	gpcrdb_7x54_expected_aa	7x54	gpcrdb_3x40_expected_aa	3x40	0.6518595450349451
46	gpcrdb_6x40_expected_aa	6x40	gpcrdb_4x53_expected_aa	4x53	0.024720009976077595
46	gpcrdb_7x56_expected_aa	7x56	gpcrdb_1x52_expected_aa	1x52	0.7886076838431405
46	gpcrdb_6x30_expected_aa	6x30	gpcrdb_7x52_expected_aa	7x52	0.9438840316578232
46	gpcrdb_34x50_expected_aa	34x50	gpcrdb_6x47_expected_aa	6x47	0.0717948105913337
46	gpcrdb_5x72_expected_aa	5x72	gpcrdb_3x46_expected_aa	3x46	1.4498395615166568
46	gpcrdb_5x61_expected_aa	5x61	gpcrdb_7x46_expected_aa	7x46	0.14668723804156203
46	gpcrdb_34x57_expected_aa	34x57	gpcrdb_1x53_expected_aa	1x53	1.1578358897310463
46	gpcrdb_34x51_expected_aa	34x51	gpcrdb_7x45_expected_aa	7x45	1.1155710107356513
46	gpcrdb_8x59_expected_aa	8x59	gpcrdb_3x43_expected_aa	3x43	1.5432304281169489
46	gpcrdb_34x56_expected_aa	34x56	gpcrdb_5x50_expected_aa	5x50	1.6471075305335552
46	gpcrdb_5x58_expected_aa	5x58	gpcrdb_6x44_expected_aa	6x44	0.09278971952820925
46	gpcrdb_8x50_expected_aa	8x50	gpcrdb_2x47_expected_aa	2x47	0.2749296867013141
46	gpcrdb_34x53_expected_aa	34x53	gpcrdb_6x48_expected_aa	6x48	1.0812797382008124
46	gpcrdb_7x53_expected_aa	7x53	gpcrdb_2x46_expected_aa	2x46	0.022410700115643223
46	gpcrdb_5x64_expected_aa	5x64	gpcrdb_3x39_expected_aa	3x39	1.6409626631037346
46	gpcrdb_3x49_expected_aa	3x49	gpcrdb_7x49_expected_aa	7x49	0.30877142808224
47	gpcrdb_5x58_expected_aa	5x58	gpcrdb_6x44_expected_aa	6x44	0.09278971952820925
47	gpcrdb_5x64_expected_aa	5x64	gpcrdb_5x46_expected_aa	5x46	0.01866048144621967
47	gpcrdb_7x53_expected_aa	7x53	gpcrdb_2x46_expected_aa	2x46	0.022410700115643223
47	gpcrdb_6x34_expected_aa	6x34	gpcrdb_2x53_expected_aa	2x53	0.018446535044035706
47	gpcrdb_3x53_expected_aa	3x53	gpcrdb_5x53_expected_aa	5x53	0.05872969670886352
47	gpcrdb_7x54_expected_aa	7x54	gpcrdb_2x39_expected_aa	2x39	0.09183227793650359
47	gpcrdb_34x50_expected_aa	34x50	gpcrdb_6x47_expected_aa	6x47	0.0717948105913337
47	gpcrdb_34x53_expected_aa	34x53	gpcrdb_4x46_expected_aa	4x46	0.07273027599128228
47	gpcrdb_6x30_expected_aa	6x30	gpcrdb_4x45_expected_aa	4x45	0.04735427520850822
47	gpcrdb_34x52_expected_aa	34x52	gpcrdb_5x42_expected_aa	5x42	0.18185042962119094
47	gpcrdb_34x55_expected_aa	34x55	gpcrdb_1x60_expected_aa	1x60	0.14657158210878946
47	gpcrdb_8x47_expected_aa	8x47	gpcrdb_4x38_expected_aa	4x38	0.1938871623841232
47	gpcrdb_7x56_expected_aa	7x56	gpcrdb_7x51_expected_aa	7x51	0.5614960718639556
47	gpcrdb_8x59_expected_aa	8x59	gpcrdb_2x43_expected_aa	2x43	0.9732700812460088
47	gpcrdb_5x61_expected_aa	5x61	gpcrdb_3x46_expected_aa	3x46	0.03731827260055631
47	gpcrdb_34x57_expected_aa	34x57	gpcrdb_1x46_expected_aa	1x46	0.6408738802875905
47	gpcrdb_7x55_expected_aa	7x55	gpcrdb_3x40_expected_aa	3x40	0.22825641534655916
47	gpcrdb_34x56_expected_aa	34x56	gpcrdb_4x53_expected_aa	4x53	1.113858864988034
47	gpcrdb_6x40_expected_aa	6x40	gpcrdb_1x52_expected_aa	1x52	0.11934444079023443
47	gpcrdb_3x55_expected_aa	3x55	gpcrdb_7x52_expected_aa	7x52	0.9096778453881811
47	gpcrdb_5x68_expected_aa	5x68	gpcrdb_7x46_expected_aa	7x46	1.342827254018445
47	gpcrdb_3x49_expected_aa	3x49	gpcrdb_2x47_expected_aa	2x47	0.0037191755668186666
47	gpcrdb_6x23_expected_aa	6x23	gpcrdb_1x53_expected_aa	1x53	1.6212562342620285
47	gpcrdb_8x50_expected_aa	8x50	gpcrdb_7x45_expected_aa	7x45	0.22612823048928596
47	gpcrdb_8x53_expected_aa	8x53	gpcrdb_3x43_expected_aa	3x43	1.5401417842325273
47	gpcrdb_5x72_expected_aa	5x72	gpcrdb_5x50_expected_aa	5x50	1.7203019772357186
47	gpcrdb_6x37_expected_aa	6x37	gpcrdb_6x48_expected_aa	6x48	0.6684110184495482
47	gpcrdb_3x50_expected_aa	3x50	gpcrdb_1x50_expected_aa	1x50	0.06419929770083684
47	gpcrdb_34x51_expected_aa	34x51	gpcrdb_3x39_expected_aa	3x39	1.2349491334499463
47	gpcrdb_34x54_expected_aa	34x54	gpcrdb_7x49_expected_aa	7x49	2.000556144941124
48	gpcrdb_5x58_expected_aa	5x58	gpcrdb_6x44_expected_aa	6x44	0.09278971952820925
48	gpcrdb_7x56_expected_aa	7x56	gpcrdb_2x53_expected_aa	2x53	0.07285072514052286
48	gpcrdb_5x61_expected_aa	5x61	gpcrdb_3x46_expected_aa	3x46	0.03731827260055631
48	gpcrdb_34x50_expected_aa	34x50	gpcrdb_6x47_expected_aa	6x47	0.0717948105913337
48	gpcrdb_34x55_expected_aa	34x55	gpcrdb_5x46_expected_aa	5x46	0.13464031798103232
48	gpcrdb_6x37_expected_aa	6x37	gpcrdb_1x46_expected_aa	1x46	0.00860709291433448
48	gpcrdb_5x64_expected_aa	5x64	gpcrdb_5x42_expected_aa	5x42	0.15487965847590546
48	gpcrdb_5x68_expected_aa	5x68	gpcrdb_4x45_expected_aa	4x45	0.19312852995102522
48	gpcrdb_6x40_expected_aa	6x40	gpcrdb_3x40_expected_aa	3x40	0.0036774170650353266
48	gpcrdb_34x54_expected_aa	34x54	gpcrdb_1x60_expected_aa	1x60	0.09658094275968557
48	gpcrdb_34x56_expected_aa	34x56	gpcrdb_2x39_expected_aa	2x39	0.5358611560530239
48	gpcrdb_7x53_expected_aa	7x53	gpcrdb_2x46_expected_aa	2x46	0.022410700115643223
48	gpcrdb_7x55_expected_aa	7x55	gpcrdb_4x38_expected_aa	4x38	0.0839008285433435
48	gpcrdb_6x23_expected_aa	6x23	gpcrdb_4x46_expected_aa	4x46	0.8840890450837597
48	gpcrdb_34x52_expected_aa	34x52	gpcrdb_5x53_expected_aa	5x53	0.834504401710253
48	gpcrdb_34x57_expected_aa	34x57	gpcrdb_7x51_expected_aa	7x51	0.5638089084646889
48	gpcrdb_8x50_expected_aa	8x50	gpcrdb_7x46_expected_aa	7x46	0.07528566743089823
48	gpcrdb_8x47_expected_aa	8x47	gpcrdb_2x43_expected_aa	2x43	0.46486804185212627
48	gpcrdb_8x53_expected_aa	8x53	gpcrdb_4x53_expected_aa	4x53	1.0185965317082557
48	gpcrdb_34x51_expected_aa	34x51	gpcrdb_1x52_expected_aa	1x52	0.6917771428788345
48	gpcrdb_6x34_expected_aa	6x34	gpcrdb_7x52_expected_aa	7x52	0.7539721620167725
48	gpcrdb_3x55_expected_aa	3x55	gpcrdb_1x53_expected_aa	1x53	1.248481075225959
48	gpcrdb_34x53_expected_aa	34x53	gpcrdb_7x45_expected_aa	7x45	0.9760516924514349
48	gpcrdb_3x49_expected_aa	3x49	gpcrdb_2x47_expected_aa	2x47	0.0037191755668186666
48	gpcrdb_3x53_expected_aa	3x53	gpcrdb_3x43_expected_aa	3x43	0.7354091794879054
48	gpcrdb_6x30_expected_aa	6x30	gpcrdb_5x50_expected_aa	5x50	1.339174833944089
48	gpcrdb_8x59_expected_aa	8x59	gpcrdb_6x48_expected_aa	6x48	1.646320879358222
48	gpcrdb_3x50_expected_aa	3x50	gpcrdb_1x50_expected_aa	1x50	0.06419929770083684
48	gpcrdb_7x54_expected_aa	7x54	gpcrdb_3x39_expected_aa	3x39	1.3123093253263027
48	gpcrdb_5x72_expected_aa	5x72	gpcrdb_7x49_expected_aa	7x49	2.059889087274012
49	gpcrdb_6x34_expected_aa	6x34	gpcrdb_2x53_expected_aa	2x53	0.018446535044035706
49	gpcrdb_7x53_expected_aa	7x53	gpcrdb_2x46_expected_aa	2x46	0.022410700115643223
49	gpcrdb_8x47_expected_aa	8x47	gpcrdb_2x39_expected_aa	2x39	0.07474575071366257
49	gpcrdb_34x51_expected_aa	34x51	gpcrdb_4x46_expected_aa	4x46	0.17102366760579474
49	gpcrdb_34x54_expected_aa	34x54	gpcrdb_5x42_expected_aa	5x42	0.09158674474040329
49	gpcrdb_3x49_expected_aa	3x49	gpcrdb_2x47_expected_aa	2x47	0.0037191755668186666
49	gpcrdb_8x53_expected_aa	8x53	gpcrdb_5x46_expected_aa	5x46	0.03876659063643321
49	gpcrdb_5x68_expected_aa	5x68	gpcrdb_4x45_expected_aa	4x45	0.19312852995102522
49	gpcrdb_34x55_expected_aa	34x55	gpcrdb_1x60_expected_aa	1x60	0.14657158210878946
49	gpcrdb_8x59_expected_aa	8x59	gpcrdb_4x38_expected_aa	4x38	0.701502818342845
49	gpcrdb_6x37_expected_aa	6x37	gpcrdb_1x46_expected_aa	1x46	0.00860709291433448
49	gpcrdb_7x55_expected_aa	7x55	gpcrdb_5x53_expected_aa	5x53	0.09425792497382757
49	gpcrdb_5x58_expected_aa	5x58	gpcrdb_6x44_expected_aa	6x44	0.09278971952820925
49	gpcrdb_5x64_expected_aa	5x64	gpcrdb_7x51_expected_aa	7x51	0.8686269905397008
49	gpcrdb_6x23_expected_aa	6x23	gpcrdb_2x43_expected_aa	2x43	1.1627184124183914
49	gpcrdb_7x56_expected_aa	7x56	gpcrdb_3x40_expected_aa	3x40	0.6731277300252889
49	gpcrdb_5x72_expected_aa	5x72	gpcrdb_4x53_expected_aa	4x53	1.2029401015882975
49	gpcrdb_3x55_expected_aa	3x55	gpcrdb_1x52_expected_aa	1x52	0.8648483490956147
49	gpcrdb_34x57_expected_aa	34x57	gpcrdb_7x52_expected_aa	7x52	0.8254555370774064
49	gpcrdb_34x56_expected_aa	34x56	gpcrdb_3x46_expected_aa	3x46	1.3698152477806036
49	gpcrdb_7x54_expected_aa	7x54	gpcrdb_7x46_expected_aa	7x46	1.0392943902470477
49	gpcrdb_8x50_expected_aa	8x50	gpcrdb_1x53_expected_aa	1x53	0.18485478722859772
49	gpcrdb_6x30_expected_aa	6x30	gpcrdb_6x47_expected_aa	6x47	1.2890731622385807
49	gpcrdb_6x40_expected_aa	6x40	gpcrdb_7x45_expected_aa	7x45	0.544530028445571
49	gpcrdb_3x53_expected_aa	3x53	gpcrdb_3x43_expected_aa	3x43	0.7354091794879054
49	gpcrdb_34x53_expected_aa	34x53	gpcrdb_5x50_expected_aa	5x50	0.9912973898371541
49	gpcrdb_34x50_expected_aa	34x50	gpcrdb_6x48_expected_aa	6x48	0.14787778096831827
49	gpcrdb_34x52_expected_aa	34x52	gpcrdb_3x39_expected_aa	3x39	1.6274760389200378
49	gpcrdb_3x50_expected_aa	3x50	gpcrdb_6x50_expected_aa	6x50	0.06419929770083684
49	gpcrdb_5x61_expected_aa	5x61	gpcrdb_7x49_expected_aa	7x49	0.6616184542050514
