iteration	experiment	macro_roc_auc	log_loss
0	bound_geometry	0.3483052749719416	1.6947822940954493
0	receptor_only_geometry	0.5713973063973063	1.2339822632033461
1	bound_geometry	0.49046015712682384	1.51171926856325
1	receptor_only_geometry	0.5662008978675646	1.3995130360700285
2	bound_geometry	0.48493827160493824	1.9437662765965544
2	receptor_only_geometry	0.5034960718294051	1.8878017308268655
3	bound_geometry	0.3775757575757576	1.9442813667537273
3	receptor_only_geometry	0.39598765432098765	1.6808543328109533
4	bound_geometry	0.26301907968574634	2.1494195946780197
4	receptor_only_geometry	0.35221661054994396	1.9441571732360097
5	bound_geometry	0.49200897867564536	1.6204119031675677
5	receptor_only_geometry	0.33923120089786757	2.5610726172239633
6	bound_geometry	0.7192592592592592	1.1002369724796575
6	receptor_only_geometry	0.5757407407407408	1.2999866059127585
7	bound_geometry	0.46549943883277206	2.78966961820406
7	receptor_only_geometry	0.5800392817059484	1.4359480899859478
8	bound_geometry	0.5332210998877666	1.8950655953593152
8	receptor_only_geometry	0.22605499438832768	2.832441126816691
9	bound_geometry	0.20595959595959593	2.2713980584973372
9	receptor_only_geometry	0.6469977553310887	1.5899327164635833
10	bound_geometry	0.4598765432098766	1.7258013048523155
10	receptor_only_geometry	0.5652805836139169	1.2984896437253801
11	bound_geometry	0.5072053872053872	1.6520082253203576
11	receptor_only_geometry	0.6338103254769921	1.3167118061127594
12	bound_geometry	0.5508641975308642	1.2093834915439925
12	receptor_only_geometry	0.5309820426487093	1.3634225642565752
13	bound_geometry	0.5136700336700336	1.667090416215875
13	receptor_only_geometry	0.3978843995510662	1.992175215477061
14	bound_geometry	0.5807519640852975	1.3192483584316554
14	receptor_only_geometry	0.4965937149270483	2.757563345231147
15	bound_geometry	0.2565656565656566	2.3199925035332947
15	receptor_only_geometry	0.5536307519640853	1.6588191077858712
16	bound_geometry	0.6334792368125702	1.2465834443589503
16	receptor_only_geometry	0.4615095398428732	2.836333166829396
17	bound_geometry	0.5051964085297419	2.182793052136923
17	receptor_only_geometry	0.46629068462401796	2.0789966075885458
18	bound_geometry	0.5552974186307519	1.6491292810780709
18	receptor_only_geometry	0.3838552188552189	1.7318582279344557
19	bound_geometry	0.3760381593714927	2.169481598771069
19	receptor_only_geometry	0.5638552188552189	1.3541511285824546
20	bound_geometry	0.7503591470258137	1.0241601083152712
20	receptor_only_geometry	0.41393378226711564	1.3765236315479692
21	bound_geometry	0.3665993265993266	2.127875691229276
21	receptor_only_geometry	0.2959315375982043	2.7473772586881244
22	bound_geometry	0.7451739618406285	1.0319682533953685
22	receptor_only_geometry	0.5511616161616161	1.4721730655266647
23	bound_geometry	0.4079012345679012	1.8993915971146513
23	receptor_only_geometry	0.4287485970819304	2.7697881377187374
24	bound_geometry	0.2516161616161616	2.172515438111671
24	receptor_only_geometry	0.32815375982042655	1.8224510904163842
25	bound_geometry	0.6255106621773289	1.2552377335503873
25	receptor_only_geometry	0.38292368125701465	2.025558590356798
26	bound_geometry	0.6140179573512906	1.1935170362975884
26	receptor_only_geometry	0.34274410774410774	1.7304269596879613
27	bound_geometry	0.3279236812570146	1.639708055774542
27	receptor_only_geometry	0.6357856341189674	1.318739985086466
28	bound_geometry	0.5269023569023569	1.253857480590282
28	receptor_only_geometry	0.628658810325477	1.325750093704529
29	bound_geometry	0.7540291806958473	0.8992590165851183
29	receptor_only_geometry	0.5422390572390573	1.3775618597570753
30	bound_geometry	0.24139169472502808	2.672292911432051
30	receptor_only_geometry	0.3400617283950617	1.9480766551803492
31	bound_geometry	0.35202020202020207	2.3673426761646903
31	receptor_only_geometry	0.43076879910213245	1.7656235693355187
32	bound_geometry	0.7935802469135803	1.1388510300399344
32	receptor_only_geometry	0.6007912457912458	1.3739810262425538
33	bound_geometry	0.5066778900112233	1.662986583592001
33	receptor_only_geometry	0.7003872053872052	1.0219547884054214
34	bound_geometry	0.2794500561167228	2.418560580530446
34	receptor_only_geometry	0.46855780022446697	1.886998824466263
35	bound_geometry	0.24169472502805836	2.0004736020718417
35	receptor_only_geometry	0.3759988776655443	2.2778341574180287
36	bound_geometry	0.3554994388327722	1.9729465146819327
36	receptor_only_geometry	0.4674691358024692	1.8559357477822942
37	bound_geometry	0.6300561167227834	1.3091818255761087
37	receptor_only_geometry	0.4201290684624018	1.5789363063923811
38	bound_geometry	0.5521548821548822	1.2912136430424226
38	receptor_only_geometry	0.4897923681257014	1.4488487994405976
39	bound_geometry	0.5771268237934905	1.344101174613025
39	receptor_only_geometry	0.46182379349046015	1.4318606583062277
40	bound_geometry	0.3638832772166105	1.9725750875210761
40	receptor_only_geometry	0.4720482603815937	2.1630132193617992
41	bound_geometry	0.3630751964085297	1.9421193114861315
41	receptor_only_geometry	0.6134399551066217	1.217410799001935
42	bound_geometry	0.37139169472502803	2.1635055482194785
42	receptor_only_geometry	0.38837822671156	1.4965649694145047
43	bound_geometry	0.6056004489337824	1.2919055032329545
43	receptor_only_geometry	0.8316778900112233	0.757526349998799
44	bound_geometry	0.3714141414141414	1.6561684624870547
44	receptor_only_geometry	0.3237205387205387	2.472589394851742
45	bound_geometry	0.5494500561167228	1.6720561447104023
45	receptor_only_geometry	0.6231705948372616	1.0234827101664954
46	bound_geometry	0.372615039281706	1.5840263407990587
46	receptor_only_geometry	0.5084006734006734	2.0698292443163253
47	bound_geometry	0.5864421997755332	1.2709905442425828
47	receptor_only_geometry	0.4941245791245792	1.6347144500728155
48	bound_geometry	0.6872615039281706	1.0903905714417788
48	receptor_only_geometry	0.4370987654320988	2.2896462865261378
49	bound_geometry	0.5274971941638608	1.6096764929145615
49	receptor_only_geometry	0.5753703703703704	1.2410622011721852
50	bound_geometry	0.6735129068462401	1.0694523134774696
50	receptor_only_geometry	0.7709147025813693	0.8364221554732533
51	bound_geometry	0.23319865319865318	2.7205191497706003
51	receptor_only_geometry	0.23608866442199775	3.3110515181277425
52	bound_geometry	0.6113580246913579	1.4229852657833832
52	receptor_only_geometry	0.43592031425364763	1.714506070444192
53	bound_geometry	0.5627272727272726	1.299335218108547
53	receptor_only_geometry	0.5534848484848485	1.3484691998239193
54	bound_geometry	0.4388664421997755	2.0084409362300786
54	receptor_only_geometry	0.477996632996633	1.7488081615928739
55	bound_geometry	0.354635241301908	1.811279205416189
55	receptor_only_geometry	0.41514590347923686	2.010137425071537
56	bound_geometry	0.24578002244668914	2.4112305640592666
56	receptor_only_geometry	0.6069640852974186	1.441656839296523
57	bound_geometry	0.3330751964085298	2.30339418007649
57	receptor_only_geometry	0.546290684624018	1.3619879736623608
58	bound_geometry	0.40042648709315376	2.1116206430639988
58	receptor_only_geometry	0.5909708193041526	1.2380787372264934
59	bound_geometry	0.467317620650954	1.4490633724287856
59	receptor_only_geometry	0.5328787878787878	1.3939530742372184
60	bound_geometry	0.5677104377104377	1.4116292242354789
60	receptor_only_geometry	0.5034062850729518	1.2783683279732696
61	bound_geometry	0.3721773288439955	2.1307293686742583
61	receptor_only_geometry	0.38306958473625147	2.1262229980671137
62	bound_geometry	0.33520763187429853	2.0237786328738623
62	receptor_only_geometry	0.33088103254769924	3.2838827674061575
63	bound_geometry	0.47344556677890015	1.7018838392396793
63	receptor_only_geometry	0.3328563411896745	1.8410047209200135
64	bound_geometry	0.28983164983164983	2.1766097389929806
64	receptor_only_geometry	0.2940347923681257	2.3131003423900216
65	bound_geometry	0.4483838383838384	2.1534590294543468
65	receptor_only_geometry	0.5408585858585859	1.7668120899307467
66	bound_geometry	0.45631874298540964	1.7029779138402736
66	receptor_only_geometry	0.5369304152637485	1.3191874457151516
67	bound_geometry	0.2418630751964085	2.3442581699052947
67	receptor_only_geometry	0.7035634118967452	1.0367305335024837
68	bound_geometry	0.36144781144781146	1.880855916014351
68	receptor_only_geometry	0.3959203142536476	1.9931198727180555
69	bound_geometry	0.3934118967452301	1.8932469514332138
69	receptor_only_geometry	0.5161672278338946	1.3133619891125108
70	bound_geometry	0.6927833894500561	1.2201895752593725
70	receptor_only_geometry	0.519354657687991	1.4541854856570382
71	bound_geometry	0.3948933782267116	1.9514668024029824
71	receptor_only_geometry	0.4291638608305275	2.0994925613705164
72	bound_geometry	0.4927272727272727	1.632123886022167
72	receptor_only_geometry	0.44627946127946133	1.6661895072150052
73	bound_geometry	0.39263748597081927	1.8177838276421123
73	receptor_only_geometry	0.6104545454545454	1.2560783604373027
74	bound_geometry	0.4663187429854097	1.371387765882363
74	receptor_only_geometry	0.2849102132435466	2.898482704053377
75	bound_geometry	0.5769023569023569	1.7390995629899881
75	receptor_only_geometry	0.554270482603816	1.3133138994463978
76	bound_geometry	0.5450280583613917	1.3974608131798911
76	receptor_only_geometry	0.30778338945005607	2.152436364775854
77	bound_geometry	0.5268125701459034	1.346966161012537
77	receptor_only_geometry	0.498939393939394	1.7155810547367067
78	bound_geometry	0.5212457912457912	1.4873531464191125
78	receptor_only_geometry	0.5222166105499438	1.2546036949798216
79	bound_geometry	0.2742985409652076	2.521159998258505
79	receptor_only_geometry	0.3103872053872054	2.0339658102920963
80	bound_geometry	0.5612233445566779	1.2448618835591971
80	receptor_only_geometry	0.5918013468013469	1.5450446085589526
81	bound_geometry	0.5234904601571269	1.585689460999075
81	receptor_only_geometry	0.39149831649831657	1.9558643224441292
82	bound_geometry	0.5651851851851851	1.6779279564898784
82	receptor_only_geometry	0.327020202020202	2.014555515335667
83	bound_geometry	0.5628619528619528	1.3112229638594328
83	receptor_only_geometry	0.39725589225589225	2.1162999380587224
84	bound_geometry	0.5101907968574636	1.9921089291893284
84	receptor_only_geometry	0.6607800224466892	1.0177274400997598
85	bound_geometry	0.5807407407407408	1.3324157716472866
85	receptor_only_geometry	0.506986531986532	1.6439163478754442
86	bound_geometry	0.3561728395061728	1.7306746423048436
86	receptor_only_geometry	0.5445286195286195	1.1907774979300159
87	bound_geometry	0.2769135802469136	2.3244054984678666
87	receptor_only_geometry	0.5306341189674524	1.2450980564104317
88	bound_geometry	0.7084960718294052	1.0754444282560036
88	receptor_only_geometry	0.44627946127946133	1.7823444660341001
89	bound_geometry	0.7403591470258138	0.9799716806004145
89	receptor_only_geometry	0.494023569023569	1.9518768272897309
90	bound_geometry	0.41750841750841755	1.6912620410068573
90	receptor_only_geometry	0.680780022446689	1.0949810226495105
91	bound_geometry	0.46820426487093153	1.710418886550681
91	receptor_only_geometry	0.2697250280583614	2.1991892425511614
92	bound_geometry	0.3605050505050505	1.8401324476109893
92	receptor_only_geometry	0.4752581369248035	1.79013462139745
93	bound_geometry	0.28536475869809197	1.762610032928546
93	receptor_only_geometry	0.30210437710437715	1.7996059873508146
94	bound_geometry	0.42964085297418625	1.9571611552949757
94	receptor_only_geometry	0.42925364758698087	3.3446823248923248
95	bound_geometry	0.32776655443322106	2.2344209382278306
95	receptor_only_geometry	0.518063973063973	1.3025720152178224
96	bound_geometry	0.47750841750841744	1.733969369321557
96	receptor_only_geometry	0.3188047138047138	2.212805934675361
97	bound_geometry	0.6927946127946129	1.1240150311817823
97	receptor_only_geometry	0.4376823793490461	1.557298215552008
98	bound_geometry	0.37122334455667794	1.8952839171299694
98	receptor_only_geometry	0.20039842873176208	2.448116657658921
99	bound_geometry	0.5029517396184063	1.5190907114398295
99	receptor_only_geometry	0.6033838383838384	1.2339209982215809
100	bound_geometry	0.3874410774410775	1.980011876315788
100	receptor_only_geometry	0.5032154882154881	1.796102018681573
101	bound_geometry	0.6822334455667788	1.088192616644647
101	receptor_only_geometry	0.3353591470258137	2.484878602039068
102	bound_geometry	0.3435129068462402	1.9755259648335224
102	receptor_only_geometry	0.3447194163860831	2.414332595953152
103	bound_geometry	0.40563411896745233	2.1688796205281253
103	receptor_only_geometry	0.4603759820426487	1.6243603051225433
104	bound_geometry	0.5223120089786756	1.380612519921163
104	receptor_only_geometry	0.6178956228956228	1.1015273119393334
105	bound_geometry	0.47474747474747475	1.5101075599997464
105	receptor_only_geometry	0.3425084175084175	1.990923838588474
106	bound_geometry	0.5785521885521886	1.3684676726983898
106	receptor_only_geometry	0.6696801346801347	1.1575697763852593
107	bound_geometry	0.40684624017957355	1.948672147265163
107	receptor_only_geometry	0.32315937149270485	2.2435951709472852
108	bound_geometry	0.33008978675645345	2.0381602317959957
108	receptor_only_geometry	0.4832828282828283	1.426038778834608
109	bound_geometry	0.5495173961840628	1.3268424339532838
109	receptor_only_geometry	0.36314814814814816	1.8471632223356103
110	bound_geometry	0.41124579124579125	1.7965231987534012
110	receptor_only_geometry	0.5727890011223346	1.2059682910478993
111	bound_geometry	0.5591133557800224	1.4957640499327753
111	receptor_only_geometry	0.42462962962962963	1.563572580106201
112	bound_geometry	0.6099775533108867	1.2933493413737491
112	receptor_only_geometry	0.8183445566778901	0.7967883097223106
113	bound_geometry	0.4832996632996633	1.7929392002579534
113	receptor_only_geometry	0.38110549943883276	2.856175675295057
114	bound_geometry	0.5832772166105499	1.3038080738657631
114	receptor_only_geometry	0.5326543209876543	1.3124157273679298
115	bound_geometry	0.33420875420875423	2.393094896591077
115	receptor_only_geometry	0.5596913580246914	1.4980457917869936
116	bound_geometry	0.3770482603815937	2.1257735041497936
116	receptor_only_geometry	0.4685241301907969	1.7762471166522935
117	bound_geometry	0.4356790123456791	1.740482879633888
117	receptor_only_geometry	0.4068630751964086	2.3628135876138034
118	bound_geometry	0.3306734006734007	1.9528440179230537
118	receptor_only_geometry	0.3354377104377104	2.2357001933805587
119	bound_geometry	0.4337822671156004	1.7837484963201011
119	receptor_only_geometry	0.5111167227833894	1.5362238861720505
120	bound_geometry	0.38327721661055	1.8401350011526134
120	receptor_only_geometry	0.2051010101010101	2.51817716243125
121	bound_geometry	0.4771268237934905	1.4967319223905264
121	receptor_only_geometry	0.4612962962962963	1.7260080940266918
122	bound_geometry	0.5573961840628506	1.2775964541852294
122	receptor_only_geometry	0.32464085297418627	2.0418101860930733
123	bound_geometry	0.39484848484848484	1.9056756928410061
123	receptor_only_geometry	0.5831032547699214	1.6603658938143655
124	bound_geometry	0.40520763187429854	2.7994446984808974
124	receptor_only_geometry	0.7035072951739618	1.0587209028474776
125	bound_geometry	0.4882267115600449	1.4888524654710185
125	receptor_only_geometry	0.36937710437710436	2.7730348367321636
126	bound_geometry	0.46500561167227833	1.945575218026574
126	receptor_only_geometry	0.5150336700336701	1.3275125001311388
127	bound_geometry	0.8122895622895623	0.8189500895117284
127	receptor_only_geometry	0.5587373737373738	1.3527583368431302
128	bound_geometry	0.4174747474747475	1.918020665134157
128	receptor_only_geometry	0.5555274971941638	1.1291695991502058
129	bound_geometry	0.27865319865319865	1.894724057787902
129	receptor_only_geometry	0.5323063973063974	1.4151761084411854
130	bound_geometry	0.6679124579124579	1.0882934695795108
130	receptor_only_geometry	0.3530471380471381	1.9918790199244871
131	bound_geometry	0.4579910213243547	1.6319713759759626
131	receptor_only_geometry	0.7241133557800224	1.0455706858327576
132	bound_geometry	0.5272053872053872	1.682532677611604
132	receptor_only_geometry	0.3713636363636364	1.8522766417843186
133	bound_geometry	0.4892143658810326	2.1425642484011886
133	receptor_only_geometry	0.3925533108866442	1.8664553871737313
134	bound_geometry	0.25823793490460156	1.897679121854945
134	receptor_only_geometry	0.48587542087542096	1.6587993440032514
135	bound_geometry	0.6615039281705949	1.1130413076083905
135	receptor_only_geometry	0.22880471380471382	1.8719933881592306
136	bound_geometry	0.4948821548821549	1.4659497203914031
136	receptor_only_geometry	0.7669191919191919	0.9269063824590914
137	bound_geometry	0.4317508417508418	2.190757270516658
137	receptor_only_geometry	0.2485914702581369	2.935069761037034
138	bound_geometry	0.40372615039281706	1.8797112849222912
138	receptor_only_geometry	0.5470987654320988	1.368989370880666
139	bound_geometry	0.3913692480359147	2.8312705671614196
139	receptor_only_geometry	0.5262457912457913	1.3601492288281503
140	bound_geometry	0.6150729517396184	1.2235024591518142
140	receptor_only_geometry	0.34360830527497194	1.8686206903116809
141	bound_geometry	0.6394612794612794	1.5485618600997657
141	receptor_only_geometry	0.4103759820426487	2.4016936845258936
142	bound_geometry	0.5147362514029181	1.5145318822600389
142	receptor_only_geometry	0.4448989898989899	2.43302598085983
143	bound_geometry	0.3033557800224467	2.113127050265915
143	receptor_only_geometry	0.4262233445566779	1.9617649059446145
144	bound_geometry	0.28285072951739615	1.9869084796844882
144	receptor_only_geometry	0.39058922558922565	1.8262157016520473
145	bound_geometry	0.6600224466891134	1.3410884786171482
145	receptor_only_geometry	0.3101178451178451	1.736246953998088
146	bound_geometry	0.4254096520763187	1.9225181986309647
146	receptor_only_geometry	0.5975589225589225	1.2170401739519696
147	bound_geometry	0.4096745230078563	1.9525033160102103
147	receptor_only_geometry	0.38716610549943886	1.870689446442396
148	bound_geometry	0.6023120089786757	1.2681198309098314
148	receptor_only_geometry	0.3980078563411897	2.4134064439982414
149	bound_geometry	0.3294500561167228	2.133761966666282
149	receptor_only_geometry	0.5058417508417509	1.595498099218183
150	bound_geometry	0.44367003367003366	1.583897767838564
150	receptor_only_geometry	0.2565712682379349	2.309202516631892
151	bound_geometry	0.44400673400673396	1.5650646714712826
151	receptor_only_geometry	0.4643827160493827	1.5186592153197045
152	bound_geometry	0.3674971941638609	2.0223382206282388
152	receptor_only_geometry	0.27278900112233445	3.833309279884608
153	bound_geometry	0.6911111111111111	1.012245426142066
153	receptor_only_geometry	0.6009259259259259	1.2400933233260436
154	bound_geometry	0.20029180695847362	2.4802819282674204
154	receptor_only_geometry	0.3946745230078563	2.3257632385663056
155	bound_geometry	0.5154882154882156	1.7866440201010918
155	receptor_only_geometry	0.4775701459034793	2.1777455989285
156	bound_geometry	0.32536475869809195	2.9398503113085517
156	receptor_only_geometry	0.5677384960718295	1.4611624148920024
157	bound_geometry	0.532996632996633	1.4820071787862565
157	receptor_only_geometry	0.33074635241301903	1.7165971027364932
158	bound_geometry	0.23796857463524132	2.1646290888206274
158	receptor_only_geometry	0.5500729517396183	1.3030676291100105
159	bound_geometry	0.4845005611672278	1.6118969079107726
159	receptor_only_geometry	0.5727890011223346	1.8665706642925481
160	bound_geometry	0.6824691358024692	1.046886077654562
160	receptor_only_geometry	0.5550897867564535	1.4745280408542685
161	bound_geometry	0.5004601571268238	1.603389312685232
161	receptor_only_geometry	0.3279405162738496	1.8386448108152424
162	bound_geometry	0.3159371492704826	2.255256119702989
162	receptor_only_geometry	0.5641582491582491	1.597637377585925
163	bound_geometry	0.3773512906846241	2.175927526108678
163	receptor_only_geometry	0.3831593714927048	1.7548531037590538
164	bound_geometry	0.40845117845117845	2.160335557586447
164	receptor_only_geometry	0.27250841750841753	2.720906799320725
165	bound_geometry	0.6671717171717172	1.0423694073263146
165	receptor_only_geometry	0.45962401795735125	2.052628255143382
166	bound_geometry	0.6842536475869809	1.2020276220316288
166	receptor_only_geometry	0.34827721661054994	1.8594356775437648
167	bound_geometry	0.40906846240179573	2.025324017857109
167	receptor_only_geometry	0.41558361391694726	1.5786321103003218
168	bound_geometry	0.5107968574635241	2.4899107250673675
168	receptor_only_geometry	0.6253367003367003	1.261954246653155
169	bound_geometry	0.446026936026936	2.081976422251404
169	receptor_only_geometry	0.6258978675645342	0.9933351735755294
170	bound_geometry	0.277732884399551	1.8351911552310014
170	receptor_only_geometry	0.41258698092031426	1.93473612035278
171	bound_geometry	0.5018855218855219	1.614644742252264
171	receptor_only_geometry	0.687435465768799	0.9438876909642274
172	bound_geometry	0.6800224466891134	1.2229285947723527
172	receptor_only_geometry	0.4768181818181818	2.429764486371211
173	bound_geometry	0.4595061728395062	1.6435460421042287
173	receptor_only_geometry	0.46691919191919196	1.6625765835368482
174	bound_geometry	0.27529741863075197	1.968730611515987
174	receptor_only_geometry	0.39765993265993266	1.4521954809091584
175	bound_geometry	0.27726150392817056	1.8065858881939036
175	receptor_only_geometry	0.5988271604938271	1.211023669509732
176	bound_geometry	0.4567003367003368	1.6637469866872054
176	receptor_only_geometry	0.342732884399551	2.2319186945245866
177	bound_geometry	0.42777777777777776	1.9059417410087491
177	receptor_only_geometry	0.3983557800224467	3.0188530244631884
178	bound_geometry	0.6171380471380471	1.1758916096134997
178	receptor_only_geometry	0.2476038159371493	1.9564058255376935
179	bound_geometry	0.5466217732884399	1.5556210046483097
179	receptor_only_geometry	0.6654713804713804	1.065849889009554
180	bound_geometry	0.5028956228956228	1.5811306604050368
180	receptor_only_geometry	0.4017564534231201	1.9641156064799081
181	bound_geometry	0.3574298540965208	2.0238830426921535
181	receptor_only_geometry	0.49862514029180693	1.4473219635898233
182	bound_geometry	0.41388327721661056	1.9847142993252957
182	receptor_only_geometry	0.5680190796857464	1.2501054211481288
183	bound_geometry	0.38598204264870933	1.8606251006203833
183	receptor_only_geometry	0.6934624017957352	1.067370772143417
184	bound_geometry	0.26925925925925925	2.446883668879155
184	receptor_only_geometry	0.33088103254769924	2.5126557575326105
185	bound_geometry	0.4331425364758698	1.6059619605896858
185	receptor_only_geometry	0.39424803591470253	1.7102701579750286
186	bound_geometry	0.4459820426487093	1.9185223867334436
186	receptor_only_geometry	0.41909652076318743	2.2600224433396643
187	bound_geometry	0.31737373737373736	1.8819686477351505
187	receptor_only_geometry	0.4703647586980921	1.453750649263994
188	bound_geometry	0.26849607182940516	3.709397345050911
188	receptor_only_geometry	0.3909259259259259	2.41918949794175
189	bound_geometry	0.4928170594837262	1.8229409957123368
189	receptor_only_geometry	0.4505667789001122	1.7587491966239008
190	bound_geometry	0.6387878787878788	1.0699607413286436
190	receptor_only_geometry	0.4070875420875421	1.9145841601656968
191	bound_geometry	0.589584736251403	1.153025046694218
191	receptor_only_geometry	0.32862514029180695	2.404003391080946
192	bound_geometry	0.5116273849607182	1.7471848753661383
192	receptor_only_geometry	0.538557800224467	1.6471438766222817
193	bound_geometry	0.3467227833894501	1.886601893313511
193	receptor_only_geometry	0.36993827160493825	1.580847448593466
194	bound_geometry	0.40143658810325483	1.8711826545386374
194	receptor_only_geometry	0.5567283950617283	1.9040195683283119
195	bound_geometry	0.6159595959595959	1.2599412378498827
195	receptor_only_geometry	0.5341470258136924	1.4528128728833531
196	bound_geometry	0.4274971941638608	1.5802814957858415
196	receptor_only_geometry	0.5997138047138048	1.0656781077444646
197	bound_geometry	0.367979797979798	2.0215463057955927
197	receptor_only_geometry	0.30092592592592593	2.5381505208888524
198	bound_geometry	0.4254320987654321	1.8781787892313215
198	receptor_only_geometry	0.5095903479236813	1.391569826377652
199	bound_geometry	0.44836139169472505	1.7281692865312646
199	receptor_only_geometry	0.45310325476992147	3.2958275254329523
200	bound_geometry	0.6130864197530864	1.3666752897584555
200	receptor_only_geometry	0.5670202020202021	1.1972017320610513
201	bound_geometry	0.48961840628507297	1.6890093666148454
201	receptor_only_geometry	0.43648148148148147	1.7945141655827541
202	bound_geometry	0.5077328843995511	1.2858270460768575
202	receptor_only_geometry	0.5283670033670034	1.5758731044048486
203	bound_geometry	0.4562850729517396	1.81038954771675
203	receptor_only_geometry	0.3511167227833895	2.7324436214095282
204	bound_geometry	0.37198653198653203	1.8114470674323568
204	receptor_only_geometry	0.5671773288439955	1.453048515742489
205	bound_geometry	0.41544332210998874	2.0537659362513407
205	receptor_only_geometry	0.5215544332211	1.5785770447475451
206	bound_geometry	0.43409652076318744	1.9635252296973305
206	receptor_only_geometry	0.5218574635241301	1.3203738526665527
207	bound_geometry	0.31709315375982045	2.1619087024741264
207	receptor_only_geometry	0.6283670033670034	1.0821741242122338
208	bound_geometry	0.6824130190796858	1.1739057260407357
208	receptor_only_geometry	0.4215319865319865	1.7229057770761433
209	bound_geometry	0.5372053872053871	1.43350636740055
209	receptor_only_geometry	0.38899551066217736	2.1479532472782887
210	bound_geometry	0.49094276094276096	1.528490710180772
210	receptor_only_geometry	0.5536307519640854	1.244400718648125
211	bound_geometry	0.4798877665544332	1.5361409215124666
211	receptor_only_geometry	0.3611167227833894	1.7407478359130806
212	bound_geometry	0.42038159371492706	1.96336072571928
212	receptor_only_geometry	0.5391189674523007	1.6355310181537106
213	bound_geometry	0.48202020202020196	1.9321744540105965
213	receptor_only_geometry	0.44981481481481483	2.667801692547362
214	bound_geometry	0.4505387205387205	1.426638474042928
214	receptor_only_geometry	0.5772783389450056	1.175652064095501
215	bound_geometry	0.5579124579124578	1.5378356578912191
215	receptor_only_geometry	0.3988047138047139	1.6936861114011021
216	bound_geometry	0.48007856341189675	1.6631909927294872
216	receptor_only_geometry	0.44905162738496074	1.701585085991251
217	bound_geometry	0.2824466891133558	2.0900063970802125
217	receptor_only_geometry	0.45129629629629625	1.8881482796372637
218	bound_geometry	0.2568350168350168	2.7297403395007107
218	receptor_only_geometry	0.342665544332211	3.1775554963426145
219	bound_geometry	0.33080808080808083	2.161188723875531
219	receptor_only_geometry	0.33116161616161616	1.8343244395686051
220	bound_geometry	0.4964421997755331	1.515167607990001
220	receptor_only_geometry	0.335729517396184	1.6064314211181696
221	bound_geometry	0.566936026936027	1.8323704299497343
221	receptor_only_geometry	0.47500000000000003	3.021205609703648
222	bound_geometry	0.6690684624017957	1.1371004091732857
222	receptor_only_geometry	0.37825476992143664	1.4781672422914993
223	bound_geometry	0.5359371492704826	1.509933896258293
223	receptor_only_geometry	0.4464478114478115	1.3579810158810102
224	bound_geometry	0.6634680134680134	1.011248946647767
224	receptor_only_geometry	0.46980359147025813	1.9428848182411895
225	bound_geometry	0.38337822671156	2.0463302545025424
225	receptor_only_geometry	0.6613860830527497	1.063351118072403
226	bound_geometry	0.458989898989899	1.6942489871204385
226	receptor_only_geometry	0.3174803591470258	1.6168114571874352
227	bound_geometry	0.33879910213243547	1.9561792110703935
227	receptor_only_geometry	0.2941806958473625	1.7391989272565351
228	bound_geometry	0.5708080808080808	1.2841160802719191
228	receptor_only_geometry	0.5472783389450057	1.4521476246803255
229	bound_geometry	0.36803591470258135	2.269881476825922
229	receptor_only_geometry	0.7096127946127946	1.0467856860437221
230	bound_geometry	0.7045791245791246	1.2208622504928035
230	receptor_only_geometry	0.5282547699214366	1.7119172063502988
231	bound_geometry	0.5785858585858586	1.754006971349604
231	receptor_only_geometry	0.44796296296296295	1.8465123990988788
232	bound_geometry	0.47167227833894493	1.651358089307833
232	receptor_only_geometry	0.43140852974186306	1.9694176443550266
233	bound_geometry	0.4289450056116723	1.896642372999979
233	receptor_only_geometry	0.4509820426487094	1.5714696631410108
234	bound_geometry	0.4460493827160494	1.748575495500673
234	receptor_only_geometry	0.5283557800224467	1.5880138634134844
235	bound_geometry	0.5234455667789001	1.4244338966137284
235	receptor_only_geometry	0.5055050505050506	1.6122228889798083
236	bound_geometry	0.5124242424242424	1.5462737527966488
236	receptor_only_geometry	0.356223344556678	1.9742725438876856
237	bound_geometry	0.43942760942760944	1.976292693330426
237	receptor_only_geometry	0.3377721661054995	2.353282951756769
238	bound_geometry	0.3425813692480359	2.814516898696768
238	receptor_only_geometry	0.24661616161616162	3.4192535028893007
239	bound_geometry	0.28180695847362514	2.160936329770279
239	receptor_only_geometry	0.4884680134680135	1.8767670733381514
240	bound_geometry	0.5484736251402919	1.6790106894400751
240	receptor_only_geometry	0.3298148148148148	2.3574391127151437
241	bound_geometry	0.5868686868686869	1.406912768001881
241	receptor_only_geometry	0.4258754208754209	1.6338037827636278
242	bound_geometry	0.4551964085297418	1.6585264747425685
242	receptor_only_geometry	0.4403872053872054	1.6980715335307421
243	bound_geometry	0.666206509539843	1.2154722971726244
243	receptor_only_geometry	0.46586419753086417	2.260551209094401
244	bound_geometry	0.38531986531986534	1.842092771948357
244	receptor_only_geometry	0.5098148148148148	1.2057192882138592
245	bound_geometry	0.3294949494949495	1.6939053658748093
245	receptor_only_geometry	0.4128226711560045	2.2726758088792534
246	bound_geometry	0.49814814814814823	1.5975685324763407
246	receptor_only_geometry	0.40319304152637486	2.3813547403980118
247	bound_geometry	0.417283950617284	2.731207613058905
247	receptor_only_geometry	0.6721829405162739	0.9717006455399558
248	bound_geometry	0.5704489337822671	1.228353244439038
248	receptor_only_geometry	0.4025757575757576	1.9837801076857984
249	bound_geometry	0.29327721661054995	2.3841695985569533
249	receptor_only_geometry	0.6584231200897868	1.0748677511155749
250	bound_geometry	0.5437822671156005	1.4357123722934346
250	receptor_only_geometry	0.5598933782267116	1.3373269955800309
251	bound_geometry	0.22426487093153757	2.7384938888214045
251	receptor_only_geometry	0.2834624017957351	1.8819732299595622
252	bound_geometry	0.636902356902357	1.7761855460619553
252	receptor_only_geometry	0.44461840628507293	1.6829542747723971
253	bound_geometry	0.6407070707070707	1.179136700462355
253	receptor_only_geometry	0.34588664421997756	1.9699381185525202
254	bound_geometry	0.5145791245791246	1.5747548582969384
254	receptor_only_geometry	0.5712514029180696	1.6549066871437126
255	bound_geometry	0.328608305274972	1.7645188373673497
255	receptor_only_geometry	0.4095566778900112	1.6232522485680887
256	bound_geometry	0.5957575757575757	1.7851077391064574
256	receptor_only_geometry	0.40185746352413015	2.08031291025692
257	bound_geometry	0.29409652076318743	1.9897437966484863
257	receptor_only_geometry	0.5038215488215488	1.3056895881916952
258	bound_geometry	0.4750617283950617	1.9185047953761283
258	receptor_only_geometry	0.6700168350168351	1.1197675547624102
259	bound_geometry	0.7346801346801346	0.9693567130380736
259	receptor_only_geometry	0.3504545454545454	1.826084726641287
260	bound_geometry	0.4075982042648709	1.8726613753396644
260	receptor_only_geometry	0.4711279461279461	1.7903862887562971
261	bound_geometry	0.5179461279461278	1.9312054769940832
261	receptor_only_geometry	0.450645342312009	1.5488803310196164
262	bound_geometry	0.39864197530864204	1.9539307081507125
262	receptor_only_geometry	0.47528058361391695	1.3922253404084293
263	bound_geometry	0.768260381593715	0.9591015881751839
263	receptor_only_geometry	0.5410493827160493	1.2447470745598985
264	bound_geometry	0.41570145903479244	1.7519267647898318
264	receptor_only_geometry	0.39992704826038156	1.5462651096525437
265	bound_geometry	0.6460942760942762	1.3296522445911099
265	receptor_only_geometry	0.6675140291806958	0.992189557683451
266	bound_geometry	0.4994276094276094	1.6868551764962534
266	receptor_only_geometry	0.4447418630751964	1.5608189412556457
267	bound_geometry	0.4483838383838384	1.4875372047224533
267	receptor_only_geometry	0.5344388327721662	1.4976097014422665
268	bound_geometry	0.6614253647586982	1.7667788352911178
268	receptor_only_geometry	0.5568069584736252	1.139367175894363
269	bound_geometry	0.3895510662177329	2.4348276297766605
269	receptor_only_geometry	0.4013075196408529	2.7152799361071103
270	bound_geometry	0.4445230078563412	1.386488040615616
270	receptor_only_geometry	0.43731200897867567	1.5891890605959746
271	bound_geometry	0.37300785634118966	1.6524113814539514
271	receptor_only_geometry	0.4352693602693603	2.2040292501593233
272	bound_geometry	0.7908866442199775	0.7936171433456648
272	receptor_only_geometry	0.5392760942760942	1.2357076398989062
273	bound_geometry	0.4016386083052749	1.7584912532904267
273	receptor_only_geometry	0.4107351290684624	1.5873292889418837
274	bound_geometry	0.6060044893378227	1.6205550533165427
274	receptor_only_geometry	0.5207463524130191	1.3904205078333405
275	bound_geometry	0.757564534231201	1.3172192315584526
275	receptor_only_geometry	0.44149831649831645	1.8488679721459016
276	bound_geometry	0.5884175084175084	1.4134838434552717
276	receptor_only_geometry	0.5719472502805837	1.3077745481658754
277	bound_geometry	0.4050056116722784	2.1926254779212973
277	receptor_only_geometry	0.4607463524130191	1.5131970833057502
278	bound_geometry	0.5133782267115601	1.610387711860438
278	receptor_only_geometry	0.608658810325477	1.0733313975736476
279	bound_geometry	0.51	2.5220904126906345
279	receptor_only_geometry	0.5301066217732885	1.6877420035712518
280	bound_geometry	0.34520763187429854	2.419988773803759
280	receptor_only_geometry	0.3667283950617284	1.883247121162779
281	bound_geometry	0.6659708193041526	1.4885482699809922
281	receptor_only_geometry	0.3432267115600449	1.8954145735770649
282	bound_geometry	0.5512457912457913	1.6143324296644397
282	receptor_only_geometry	0.4592087542087542	1.945100011947588
283	bound_geometry	0.40459034792368126	1.7428613614712454
283	receptor_only_geometry	0.5015095398428732	1.3480855019295948
284	bound_geometry	0.5322109988776655	1.6592944797153357
284	receptor_only_geometry	0.6879405162738497	1.011871345075146
285	bound_geometry	0.1734455667789001	2.386150516113538
285	receptor_only_geometry	0.5046184062850729	1.6995058014872049
286	bound_geometry	0.3145791245791246	1.8430384139910987
286	receptor_only_geometry	0.5492873176206509	1.7522239818202623
287	bound_geometry	0.7121099887766554	0.9793806384361208
287	receptor_only_geometry	0.5799494949494949	1.2967854964221408
288	bound_geometry	0.5033333333333333	1.471848675404178
288	receptor_only_geometry	0.4477609427609428	1.555492347523886
289	bound_geometry	0.3072053872053872	2.7889377413240135
289	receptor_only_geometry	0.5836644219977553	1.374809080166506
290	bound_geometry	0.6330190796857464	1.1669775616394384
290	receptor_only_geometry	0.5102749719416386	1.4324649187459524
291	bound_geometry	0.34096520763187427	1.8812449132509392
291	receptor_only_geometry	0.48531425364758696	1.7463573401551986
292	bound_geometry	0.4767901234567901	1.6293088354690477
292	receptor_only_geometry	0.38069023569023575	1.917361070554613
293	bound_geometry	0.41414141414141414	1.7506713604686035
293	receptor_only_geometry	0.7018013468013469	1.0212774155076938
294	bound_geometry	0.5308305274971942	1.2052859343555296
294	receptor_only_geometry	0.5346071829405162	1.3354761438713372
295	bound_geometry	0.45776655443322106	1.5117387119952184
295	receptor_only_geometry	0.39228395061728394	1.7480791013722188
296	bound_geometry	0.37846240179573515	1.974207364363251
296	receptor_only_geometry	0.5178507295173962	1.6255523920664168
297	bound_geometry	0.37338945005611673	1.8254516105313556
297	receptor_only_geometry	0.404618406285073	1.360935088075614
298	bound_geometry	0.4943097643097643	1.6512609936036606
298	receptor_only_geometry	0.5052918069584736	1.8298066732536242
299	bound_geometry	0.4767789001122334	2.4844196385924495
299	receptor_only_geometry	0.3358080808080808	2.4056665763607388
300	bound_geometry	0.5370370370370371	1.5559116620585742
300	receptor_only_geometry	0.5711616161616162	1.3672177429592358
301	bound_geometry	0.2658810325476992	2.54033358209251
301	receptor_only_geometry	0.47329405162738497	1.7621490332260863
302	bound_geometry	0.7574859708193044	1.4481155692840046
302	receptor_only_geometry	0.5807463524130191	1.2630129866137736
303	bound_geometry	0.6263524130190796	1.1554006525840204
303	receptor_only_geometry	0.5927890011223345	1.3111468965588824
304	bound_geometry	0.34028058361391694	2.077380852914572
304	receptor_only_geometry	0.5727890011223344	1.2490998956729171
305	bound_geometry	0.5649158249158249	1.4215552854402835
305	receptor_only_geometry	0.667300785634119	0.9649184732916777
306	bound_geometry	0.32483726150392817	2.531574348487462
306	receptor_only_geometry	0.604652076318743	1.4375043156622334
307	bound_geometry	0.4669248035914703	1.683597487693715
307	receptor_only_geometry	0.4662233445566779	2.019180138882322
308	bound_geometry	0.3293714927048261	2.237788360431943
308	receptor_only_geometry	0.45236251402918076	1.4890716877407457
309	bound_geometry	0.382615039281706	2.4405786536459297
309	receptor_only_geometry	0.590679012345679	1.7841725017654315
310	bound_geometry	0.5475308641975308	1.3556908748656966
310	receptor_only_geometry	0.5080864197530864	1.3792588959610002
311	bound_geometry	0.5028395061728396	1.7829952084806726
311	receptor_only_geometry	0.5364702581369247	1.7169508750183413
312	bound_geometry	0.5778675645342312	1.505952906516631
312	receptor_only_geometry	0.7014534231200898	0.9806259399712126
313	bound_geometry	0.4543658810325477	1.581352395891311
313	receptor_only_geometry	0.35837822671156006	1.9825888063293056
314	bound_geometry	0.23830527497194157	2.638690024450988
314	receptor_only_geometry	0.6189955106621773	1.1170973574002272
315	bound_geometry	0.3108641975308642	2.3610804597612804
315	receptor_only_geometry	0.6261223344556678	1.0723109576091014
316	bound_geometry	0.37758698092031423	2.1180723574003784
316	receptor_only_geometry	0.6686812570145904	1.0696724188017372
317	bound_geometry	0.4719977553310886	1.8579334593940986
317	receptor_only_geometry	0.7105780022446689	0.9551873215816149
318	bound_geometry	0.6864983164983164	1.020829861437168
318	receptor_only_geometry	0.39326038159371496	2.2555276165282887
319	bound_geometry	0.43070707070707065	1.679540944662414
319	receptor_only_geometry	0.37207070707070705	2.356128970443329
320	bound_geometry	0.35701459034792365	2.5984610379392237
320	receptor_only_geometry	0.4223288439955107	1.839224246306745
321	bound_geometry	0.5100336700336701	1.598983041390881
321	receptor_only_geometry	0.14181257014590345	2.7482692609000385
322	bound_geometry	0.5177665544332211	1.2195223459830895
322	receptor_only_geometry	0.6342255892255892	1.2024342440273892
323	bound_geometry	0.364882154882155	2.017700162661755
323	receptor_only_geometry	0.3205218855218855	2.4786727766364463
324	bound_geometry	0.688641975308642	1.2681951528093798
324	receptor_only_geometry	0.47962401795735127	1.7305520367791658
325	bound_geometry	0.559652076318743	1.3533625108466218
325	receptor_only_geometry	0.5569304152637485	1.4149390507418194
326	bound_geometry	0.3395173961840629	1.8709305695287293
326	receptor_only_geometry	0.4084118967452301	1.6975366611626121
327	bound_geometry	0.5117283950617284	1.5045746568947622
327	receptor_only_geometry	0.5520145903479238	1.566655332824176
328	bound_geometry	0.488641975308642	2.25534160870231
328	receptor_only_geometry	0.24948933782267113	2.9207696868005844
329	bound_geometry	0.5692255892255892	1.3723165620796445
329	receptor_only_geometry	0.6070426487093153	1.610566877124772
330	bound_geometry	0.7772053872053872	0.9094990574574698
330	receptor_only_geometry	0.4665488215488216	1.8591732314617946
331	bound_geometry	0.49241301907968565	1.4583195975298493
331	receptor_only_geometry	0.5456172839506173	1.5270876505732904
332	bound_geometry	0.6265095398428732	1.3908467434774843
332	receptor_only_geometry	0.6746071829405164	1.230617626760318
333	bound_geometry	0.719371492704826	1.063977802802523
333	receptor_only_geometry	0.36834455667789	2.1545858281889223
334	bound_geometry	0.6041975308641975	1.2589818257893735
334	receptor_only_geometry	0.6135185185185186	1.3061971023248695
335	bound_geometry	0.39185185185185184	2.3090705589618437
335	receptor_only_geometry	0.5665375982042649	1.5022775918534599
336	bound_geometry	0.59331088664422	1.3813227852819645
336	receptor_only_geometry	0.5115544332210998	1.2052576887944062
337	bound_geometry	0.7110886644219979	1.0465234299878143
337	receptor_only_geometry	0.6376374859708194	1.3421514891508226
338	bound_geometry	0.29205387205387207	2.115667444012568
338	receptor_only_geometry	0.41818742985409657	1.9518856027259333
339	bound_geometry	0.49124579124579126	1.819779771349092
339	receptor_only_geometry	0.28694163860830524	2.8599481754904885
340	bound_geometry	0.5725813692480358	1.9849692170882114
340	receptor_only_geometry	0.5059988776655443	1.4252866549278593
341	bound_geometry	0.5153759820426487	1.4317046040397834
341	receptor_only_geometry	0.6296801346801347	1.1233776127185606
342	bound_geometry	0.6241189674523008	1.1848972717444517
342	receptor_only_geometry	0.566358024691358	1.2252088136419104
343	bound_geometry	0.49382716049382713	1.8597547219944157
343	receptor_only_geometry	0.34441638608305275	2.3118678371672305
344	bound_geometry	0.5427272727272727	1.4809652116610441
344	receptor_only_geometry	0.5208698092031426	1.4402522183005442
345	bound_geometry	0.6588439955106622	1.1479219168859405
345	receptor_only_geometry	0.44685185185185183	2.622752854802528
346	bound_geometry	0.38354657687991023	1.8102978614559226
346	receptor_only_geometry	0.44406846240179565	1.6943074802387337
347	bound_geometry	0.48480359147025814	1.7629500701653036
347	receptor_only_geometry	0.5144612794612794	1.9588805151224093
348	bound_geometry	0.6202581369248036	1.1916006441842917
348	receptor_only_geometry	0.3489842873176206	1.6515707712263321
349	bound_geometry	0.4818967452300786	1.680416754984549
349	receptor_only_geometry	0.4801851851851852	2.7337389301523953
350	bound_geometry	0.45531986531986535	1.9022786298049377
350	receptor_only_geometry	0.37759259259259265	2.8165689656135084
351	bound_geometry	0.6609988776655443	1.1248076880302584
351	receptor_only_geometry	0.5213524130190798	1.376643223915218
352	bound_geometry	0.2691021324354657	2.382247578403116
352	receptor_only_geometry	0.6487149270482604	1.2404677830745736
353	bound_geometry	0.5238608305274971	1.5384116640908474
353	receptor_only_geometry	0.37740179573512905	1.9066193936018252
354	bound_geometry	0.2764197530864198	2.339477333143885
354	receptor_only_geometry	0.6441919191919193	1.031674874725365
355	bound_geometry	0.3630751964085297	1.9868121759332877
355	receptor_only_geometry	0.4615881032547699	1.820152074392021
356	bound_geometry	0.508294051627385	2.0115073081894925
356	receptor_only_geometry	0.5653703703703704	1.3169297549637515
357	bound_geometry	0.3211784511784512	1.9292002609587866
357	receptor_only_geometry	0.7518350168350169	0.8720392862892885
358	bound_geometry	0.31631874298540963	2.0726621924606343
358	receptor_only_geometry	0.6799943883277217	1.3854942578985596
359	bound_geometry	0.574601571268238	1.4025068875032065
359	receptor_only_geometry	0.3724747474747474	1.6547273150551198
360	bound_geometry	0.49333333333333335	1.6983562301722515
360	receptor_only_geometry	0.42614478114478116	1.587071063099633
361	bound_geometry	0.4212121212121212	1.630192069899045
361	receptor_only_geometry	0.46791806958473625	2.7932210287326726
362	bound_geometry	0.5330415263748597	1.6683141729982327
362	receptor_only_geometry	0.3318686868686869	1.65648858355713
363	bound_geometry	0.6963187429854095	1.1879487488116254
363	receptor_only_geometry	0.38519079685746355	1.6433694951466955
364	bound_geometry	0.41980920314253645	1.7714036407026401
364	receptor_only_geometry	0.3664478114478114	1.7094974359417485
365	bound_geometry	0.27849607182940517	2.0408482447629983
365	receptor_only_geometry	0.36562850729517393	1.5312618437649883
366	bound_geometry	0.5103030303030303	1.6893173926678473
366	receptor_only_geometry	0.5683670033670034	1.0764506644853653
367	bound_geometry	0.457351290684624	1.9370628477694773
367	receptor_only_geometry	0.3301627384960718	1.829818240077426
368	bound_geometry	0.3197530864197531	2.386932373880133
368	receptor_only_geometry	0.4724635241301908	1.907831968000883
369	bound_geometry	0.5904377104377105	1.301622291639647
369	receptor_only_geometry	0.4527216610549944	2.0198496316575993
370	bound_geometry	0.2716386083052749	2.8171957159888428
370	receptor_only_geometry	0.4214085297418631	1.5352520136878638
371	bound_geometry	0.5734343434343434	1.4619226983194116
371	receptor_only_geometry	0.46094837261503924	1.6881341211649985
372	bound_geometry	0.48800224466891134	1.9909928424793828
372	receptor_only_geometry	0.6562345679012346	0.9492848446900018
373	bound_geometry	0.49037037037037035	2.3902785330295413
373	receptor_only_geometry	0.36968013468013466	1.8227255949712058
374	bound_geometry	0.5775308641975309	1.9396132305835772
374	receptor_only_geometry	0.3980751964085298	2.23546118472633
375	bound_geometry	0.3619977553310887	1.667235057027565
375	receptor_only_geometry	0.4800280583613918	1.3882167749496022
376	bound_geometry	0.5889786756453422	1.438490672786792
376	receptor_only_geometry	0.4531930415263748	1.687749849299251
377	bound_geometry	0.713030303030303	0.9484624392656975
377	receptor_only_geometry	0.47327160493827164	1.5488702745448526
378	bound_geometry	0.38193041526374866	2.146176129083624
378	receptor_only_geometry	0.4815095398428732	1.7254578263867337
379	bound_geometry	0.5935241301907969	1.37420109575776
379	receptor_only_geometry	0.3303872053872054	1.5876137782718907
380	bound_geometry	0.4867564534231201	1.6643318806627545
380	receptor_only_geometry	0.20964646464646466	2.0965628442955517
381	bound_geometry	0.42612794612794613	2.1060989583950156
381	receptor_only_geometry	0.5976262626262626	1.1001809799206483
382	bound_geometry	0.4643771043771044	1.6343502993172467
382	receptor_only_geometry	0.24009539842873176	2.243031591868722
383	bound_geometry	0.36270482603815934	2.104235753691074
383	receptor_only_geometry	0.24618967452300786	1.867209989503903
384	bound_geometry	0.5236363636363636	1.8821958779554218
384	receptor_only_geometry	0.6193097643097644	1.1581581648314816
385	bound_geometry	0.5141189674523008	1.5328495479426398
385	receptor_only_geometry	0.38602132435465775	1.6500988843637014
386	bound_geometry	0.5430751964085297	1.2511387992833745
386	receptor_only_geometry	0.7072895622895623	0.9390319618545123
387	bound_geometry	0.4745342312008978	2.042462755382883
387	receptor_only_geometry	0.31009539842873174	2.081126221293777
388	bound_geometry	0.32163860830527496	1.6707230178537784
388	receptor_only_geometry	0.49870370370370365	1.6020868790033131
389	bound_geometry	0.5510213243546577	1.4723356494376068
389	receptor_only_geometry	0.18453984287317624	2.253308054930369
390	bound_geometry	0.8164197530864198	0.7570528229913157
390	receptor_only_geometry	0.560364758698092	1.4929903147770462
391	bound_geometry	0.41281705948372616	1.737210199930439
391	receptor_only_geometry	0.31502244668911333	2.1284246484324147
392	bound_geometry	0.5362850729517395	1.5394618587846867
392	receptor_only_geometry	0.68834455667789	1.006019217964131
393	bound_geometry	0.41503928170594834	1.9946044759948924
393	receptor_only_geometry	0.43147586980920316	1.8059938826446311
394	bound_geometry	0.45323232323232326	2.258249947155483
394	receptor_only_geometry	0.5657407407407408	1.4205637533989068
395	bound_geometry	0.3706958473625141	2.547810347320935
395	receptor_only_geometry	0.30175645342312013	1.9018960922697667
396	bound_geometry	0.36114478114478116	2.062794860813858
396	receptor_only_geometry	0.44459595959595966	1.5802476487491643
397	bound_geometry	0.5426374859708193	1.5975441073953176
397	receptor_only_geometry	0.3315095398428732	2.3507255961997484
398	bound_geometry	0.6013019079685747	1.5326493928430416
398	receptor_only_geometry	0.32553872053872057	2.260237492059959
399	bound_geometry	0.43650953984287316	1.8262973670017033
399	receptor_only_geometry	0.4084904601571268	2.711004616423638
400	bound_geometry	0.5345903479236812	1.5963791190792678
400	receptor_only_geometry	0.5385465768799101	1.4524593953306437
401	bound_geometry	0.43105499438832773	1.7865239553585255
401	receptor_only_geometry	0.807547699214366	0.8069313950216693
402	bound_geometry	0.6657800224466891	1.0526074378074317
402	receptor_only_geometry	0.3489057239057239	2.381651393421417
403	bound_geometry	0.5115039281705949	1.5435554266975997
403	receptor_only_geometry	0.40960157126823793	2.560712309190923
404	bound_geometry	0.32819304152637485	1.7934534428949476
404	receptor_only_geometry	0.5535634118967453	1.4368273205731805
405	bound_geometry	0.6183726150392818	1.354692803887901
405	receptor_only_geometry	0.39058922558922565	1.6069457208561722
406	bound_geometry	0.548956228956229	1.467682241450013
406	receptor_only_geometry	0.5543827160493827	1.2805241133645968
407	bound_geometry	0.3424466891133558	2.357493742171947
407	receptor_only_geometry	0.33649270482603816	2.0823965548747068
408	bound_geometry	0.28543209876543213	2.2566740347220833
408	receptor_only_geometry	0.6233277216610551	1.4045726943829502
409	bound_geometry	0.40353535353535347	2.298396096125639
409	receptor_only_geometry	0.5154152637485971	1.3850880098178422
410	bound_geometry	0.6500673400673401	1.2435435543147155
410	receptor_only_geometry	0.43368686868686873	1.6434603825583791
411	bound_geometry	0.6720314253647587	1.3525680652225212
411	receptor_only_geometry	0.5810157126823793	1.2862713159851462
412	bound_geometry	0.4445791245791246	1.743162102379735
412	receptor_only_geometry	0.7098709315375982	0.9388852329409131
413	bound_geometry	0.6541750841750842	1.4338123660368802
413	receptor_only_geometry	0.6057744107744107	1.220539269361176
414	bound_geometry	0.33814814814814814	2.090501455917737
414	receptor_only_geometry	0.4643265993265993	1.847912683625634
415	bound_geometry	0.40725028058361384	1.9431623560357059
415	receptor_only_geometry	0.41246352413019083	1.758611673202296
416	bound_geometry	0.7666442199775534	0.8737882978668576
416	receptor_only_geometry	0.6019248035914703	1.0864479458688507
417	bound_geometry	0.2753535353535354	2.338087243984922
417	receptor_only_geometry	0.5529236812570145	1.6386496802117985
418	bound_geometry	0.364287317620651	1.844976272764987
418	receptor_only_geometry	0.4855387205387205	2.026645821800309
419	bound_geometry	0.647564534231201	1.2502836962184287
419	receptor_only_geometry	0.319668911335578	1.5582149088454225
420	bound_geometry	0.46090909090909093	1.6637946991008619
420	receptor_only_geometry	0.557267115600449	1.468160239887775
421	bound_geometry	0.7135129068462401	0.969848253485204
421	receptor_only_geometry	0.42919753086419754	1.5697605708579048
422	bound_geometry	0.5802581369248035	1.25146820629488
422	receptor_only_geometry	0.49739057239057244	1.2864466041056384
423	bound_geometry	0.6189337822671156	1.0361841897069322
423	receptor_only_geometry	0.5824971941638608	1.1378225955902892
424	bound_geometry	0.3129405162738496	2.5772624408536027
424	receptor_only_geometry	0.5342031425364758	1.2455962128274392
425	bound_geometry	0.44572390572390574	1.9829643184750994
425	receptor_only_geometry	0.48061167227833895	1.3955900244557593
426	bound_geometry	0.5968237934904602	1.4203661958428966
426	receptor_only_geometry	0.5839786756453423	1.1836896035059852
427	bound_geometry	0.5973849607182942	1.208715313861766
427	receptor_only_geometry	0.4314421997755331	1.5993592555538396
428	bound_geometry	0.43606060606060604	2.061733154433248
428	receptor_only_geometry	0.41409090909090907	1.778772772104528
429	bound_geometry	0.4244332210998878	2.05123154410312
429	receptor_only_geometry	0.5414421997755331	1.1928435236451198
430	bound_geometry	0.5590011223344556	1.2586304753821087
430	receptor_only_geometry	0.4042817059483726	1.4184627599040884
431	bound_geometry	0.40124579124579124	1.8927874399351883
431	receptor_only_geometry	0.4968855218855219	1.5997622631850128
432	bound_geometry	0.5167003367003368	1.9180407165430062
432	receptor_only_geometry	0.3557182940516274	2.003942754427765
433	bound_geometry	0.5373849607182941	1.7830503679025065
433	receptor_only_geometry	0.3686026936026936	2.0124953104542085
434	bound_geometry	0.5503591470258137	1.3577213953759477
434	receptor_only_geometry	0.5929012345679012	1.4142183571598579
435	bound_geometry	0.3441750841750842	1.8602483713606677
435	receptor_only_geometry	0.5404433221099888	1.374855583319843
436	bound_geometry	0.588540965207632	1.3852529224276042
436	receptor_only_geometry	0.6807687991021325	1.0992870025163064
437	bound_geometry	0.32407407407407407	2.4398927195464473
437	receptor_only_geometry	0.40644781144781145	2.0422379053664605
438	bound_geometry	0.24342312008978675	1.950455634605778
438	receptor_only_geometry	0.49772727272727274	1.493425070347077
439	bound_geometry	0.29663299663299664	2.1934161415229196
439	receptor_only_geometry	0.46973625140291814	1.5574516045014362
440	bound_geometry	0.3642536475869809	1.9687068165963244
440	receptor_only_geometry	0.5982098765432099	1.333152489532363
441	bound_geometry	0.4815824915824916	1.796737040862031
441	receptor_only_geometry	0.5155274971941638	2.0407768873996255
442	bound_geometry	0.2612682379349046	2.0846120005991158
442	receptor_only_geometry	0.4104208754208754	2.9335355769065736
443	bound_geometry	0.4660381593714928	1.6399173131256384
443	receptor_only_geometry	0.48080246913580255	2.064084460358099
444	bound_geometry	0.8344444444444444	0.7407234694598356
444	receptor_only_geometry	0.6872109988776657	1.1289615536833593
445	bound_geometry	0.5176767676767677	1.2255113554561148
445	receptor_only_geometry	0.2415768799102133	2.162140701186556
446	bound_geometry	0.4920987654320988	1.8519039266515895
446	receptor_only_geometry	0.3768742985409652	1.825825763760782
447	bound_geometry	0.47538720538720547	2.18880330885128
447	receptor_only_geometry	0.5068518518518519	1.8102723103628446
448	bound_geometry	0.506094276094276	1.438879263926825
448	receptor_only_geometry	0.6388159371492704	1.090951848617156
449	bound_geometry	0.49635241301907973	1.453591568089947
449	receptor_only_geometry	0.6324410774410775	1.031530281346392
450	bound_geometry	0.5879124579124579	1.3099768207469817
450	receptor_only_geometry	0.6691975308641975	1.1157819284534394
451	bound_geometry	0.7821885521885522	0.9256382519196771
451	receptor_only_geometry	0.5548540965207632	1.3661490162680368
452	bound_geometry	0.4725028058361392	1.494718487668089
452	receptor_only_geometry	0.47493265993266	1.6272827241738994
453	bound_geometry	0.28615039281705945	3.003215429072676
453	receptor_only_geometry	0.49238496071829413	2.0248557412339676
454	bound_geometry	0.5375308641975308	1.2784187786137529
454	receptor_only_geometry	0.49343995510662175	1.3096238941518097
455	bound_geometry	0.616240179573513	1.4108394577972974
455	receptor_only_geometry	0.3385802469135802	2.3256237486362807
456	bound_geometry	0.6604713804713805	1.1677477529684426
456	receptor_only_geometry	0.7086139169472503	0.9618242753651393
457	bound_geometry	0.5248372615039282	1.4060854233024611
457	receptor_only_geometry	0.4787149270482604	1.9903653362379983
458	bound_geometry	0.27235690235690235	2.436502995345669
458	receptor_only_geometry	0.6143153759820427	1.0387609354738314
459	bound_geometry	0.41945005611672276	2.0157955593400394
459	receptor_only_geometry	0.4152693602693603	2.6746305469360334
460	bound_geometry	0.5628619528619528	1.6371921922781099
460	receptor_only_geometry	0.5950224466891133	1.2044540910743138
461	bound_geometry	0.28819304152637487	2.3232766170745673
461	receptor_only_geometry	0.5304208754208755	1.6271413813884064
462	bound_geometry	0.5092480359147026	1.596962404196701
462	receptor_only_geometry	0.1994219977553311	1.8160344643683113
463	bound_geometry	0.6194276094276094	1.1448433733674725
463	receptor_only_geometry	0.6161672278338945	1.2392497806820513
464	bound_geometry	0.39492704826038166	1.9032091009426817
464	receptor_only_geometry	0.5979068462401796	1.189257828564262
465	bound_geometry	0.5385185185185185	1.6165987139952993
465	receptor_only_geometry	0.536739618406285	1.50539238531478
466	bound_geometry	0.5519977553310887	1.3418267409929883
466	receptor_only_geometry	0.4740011223344556	1.4069934593152118
467	bound_geometry	0.5250392817059484	1.5848186735667895
467	receptor_only_geometry	0.5252805836139169	1.560828720066149
468	bound_geometry	0.3803928170594837	1.855073690621108
468	receptor_only_geometry	0.534618406285073	1.372086380586226
469	bound_geometry	0.478395061728395	1.63401520661657
469	receptor_only_geometry	0.6210157126823793	1.423829659328384
470	bound_geometry	0.3803591470258137	1.7833655917675675
470	receptor_only_geometry	0.5924523007856342	1.2759920678284336
471	bound_geometry	0.4226599326599327	2.8858772829588637
471	receptor_only_geometry	0.5980415263748597	1.0601211792720937
472	bound_geometry	0.3971604938271605	2.2892733474246385
472	receptor_only_geometry	0.2628226711560045	3.9739371063546702
473	bound_geometry	0.3124017957351291	2.51297119199165
473	receptor_only_geometry	0.5003872053872054	1.7448748126230582
474	bound_geometry	0.2939955106621774	2.5315607167750516
474	receptor_only_geometry	0.384618406285073	1.9123306197851055
475	bound_geometry	0.6038945005611672	1.2250705371337256
475	receptor_only_geometry	0.6998035914702582	1.0145737104078512
476	bound_geometry	0.4742536475869809	1.645206511441001
476	receptor_only_geometry	0.5172446689113356	1.5208706034151211
477	bound_geometry	0.2911560044893378	2.041943470812382
477	receptor_only_geometry	0.2425420875420875	2.395610829647606
478	bound_geometry	0.5319191919191919	1.323782691405086
478	receptor_only_geometry	0.5319696969696969	1.254128637111149
479	bound_geometry	0.3687317620650954	2.500689832486023
479	receptor_only_geometry	0.7222166105499439	0.9075959327563428
480	bound_geometry	0.510976430976431	1.5986364123795065
480	receptor_only_geometry	0.5752918069584736	1.0768885965717128
481	bound_geometry	0.4261840628507296	1.7858122745578136
481	receptor_only_geometry	0.3416105499438833	1.9582228842091127
482	bound_geometry	0.4056228956228956	1.9148023502258957
482	receptor_only_geometry	0.24116161616161616	2.0052835894208973
483	bound_geometry	0.3190011223344557	2.4401684560823687
483	receptor_only_geometry	0.3711279461279462	1.9105077526492535
484	bound_geometry	0.49802469135802463	1.6843301467063128
484	receptor_only_geometry	0.33542648709315376	1.8450393905892561
485	bound_geometry	0.43783389450056126	1.9439655025773053
485	receptor_only_geometry	0.4671885521885522	1.6824392975137816
486	bound_geometry	0.3783950617283951	1.859076083480999
486	receptor_only_geometry	0.4747755331088664	1.8403896480171753
487	bound_geometry	0.29838383838383836	2.1576795452875346
487	receptor_only_geometry	0.447996632996633	1.3200567012822328
488	bound_geometry	0.4724579124579125	2.443669709576826
488	receptor_only_geometry	0.4454601571268238	1.6738949515358732
489	bound_geometry	0.4887766554433221	1.4771539705851113
489	receptor_only_geometry	0.5309034792368125	1.3611271894017243
490	bound_geometry	0.5934455667789001	1.4315735572077088
490	receptor_only_geometry	0.48734567901234566	1.4803893559463417
491	bound_geometry	0.3288776655443322	2.4276691856085737
491	receptor_only_geometry	0.3761447811447811	1.9837875253670068
492	bound_geometry	0.4837934904601571	1.6399848061149125
492	receptor_only_geometry	0.3015432098765432	2.720370679502756
493	bound_geometry	0.2961391694725028	2.6700726119957263
493	receptor_only_geometry	0.5551795735129069	1.3094701333441507
494	bound_geometry	0.44875420875420885	1.5354249704548644
494	receptor_only_geometry	0.5120370370370371	1.8455202250914184
495	bound_geometry	0.3709315375982043	2.305940606816643
495	receptor_only_geometry	0.24970258136924806	2.123681538753107
496	bound_geometry	0.6418406285072952	1.1567975122242742
496	receptor_only_geometry	0.5069416386083053	1.492454490683751
497	bound_geometry	0.3498540965207632	1.5606240217142744
497	receptor_only_geometry	0.280993265993266	2.475565574298111
498	bound_geometry	0.8149382716049383	0.8451190401839637
498	receptor_only_geometry	0.4907239057239057	1.3382614157916153
499	bound_geometry	0.34520763187429854	2.4644557438748707
499	receptor_only_geometry	0.6625196408529742	0.974532627344537
500	bound_geometry	0.3770931537598205	2.0241932449962436
500	receptor_only_geometry	0.3557295173961841	1.801761508166822
501	bound_geometry	0.5400112233445568	1.88834275605886
501	receptor_only_geometry	0.4416105499438833	2.392109045978946
502	bound_geometry	0.5658473625140292	1.2951394283885913
502	receptor_only_geometry	0.38333894500561166	1.8222061355123107
503	bound_geometry	0.3310662177328844	2.1948828219316767
503	receptor_only_geometry	0.6440011223344557	1.097663278093203
504	bound_geometry	0.6608529741863075	1.1904927860327534
504	receptor_only_geometry	0.5082547699214366	1.440236709286474
505	bound_geometry	0.3265993265993266	2.3861723059320377
505	receptor_only_geometry	0.5234062850729518	1.4174150035460584
506	bound_geometry	0.4716835016835017	2.491140130422208
506	receptor_only_geometry	0.3488383838383838	2.2824166338991256
507	bound_geometry	0.4582716049382716	1.8219119387221208
507	receptor_only_geometry	0.49220538720538715	1.4114315452124537
508	bound_geometry	0.3030078563411897	1.8386195233758686
508	receptor_only_geometry	0.39512345679012345	1.9891584584803625
509	bound_geometry	0.44787878787878793	1.7788974213904685
509	receptor_only_geometry	0.5467508417508417	1.3892602299927466
510	bound_geometry	0.49132435465768803	1.4285761077058075
510	receptor_only_geometry	0.648063973063973	1.589767098616249
511	bound_geometry	0.7594500561167227	0.9068384401736966
511	receptor_only_geometry	0.7428563411896745	0.9912481092375567
512	bound_geometry	0.36852974186307524	1.7275272774943657
512	receptor_only_geometry	0.40657126823793494	2.2656075744620896
513	bound_geometry	0.44367003367003366	1.6952685236882827
513	receptor_only_geometry	0.4549214365881033	1.9227487418397928
514	bound_geometry	0.35671156004489335	1.7759669117448869
514	receptor_only_geometry	0.523327721661055	1.8785442311864913
515	bound_geometry	0.503557800224467	1.6850490758074281
515	receptor_only_geometry	0.6366947250280585	1.4202282136977533
516	bound_geometry	0.6478226711560046	1.363701425479843
516	receptor_only_geometry	0.594584736251403	1.2537086433846532
517	bound_geometry	0.46572390572390576	1.7383984405389545
517	receptor_only_geometry	0.6524523007856341	1.2568287579616089
518	bound_geometry	0.5290460157126824	1.439370220405477
518	receptor_only_geometry	0.4208024691358025	1.7184090659164402
519	bound_geometry	0.502648709315376	2.092250401289894
519	receptor_only_geometry	0.385942760942761	1.698097932743676
520	bound_geometry	0.4859708193041527	1.6401768337579468
520	receptor_only_geometry	0.326672278338945	1.9459557755659669
521	bound_geometry	0.41299663299663303	1.3689453979537485
521	receptor_only_geometry	0.2928563411896745	1.8889559813321886
522	bound_geometry	0.7684287317620649	1.273371534197822
522	receptor_only_geometry	0.5426094276094277	1.1922034696812696
523	bound_geometry	0.428989898989899	1.8773339068578594
523	receptor_only_geometry	0.6596464646464647	1.0884131188818444
524	bound_geometry	0.6694612794612795	1.0289522604085664
524	receptor_only_geometry	0.6199494949494949	1.1772337106270578
525	bound_geometry	0.563625140291807	1.1272240695472502
525	receptor_only_geometry	0.4342817059483726	2.308806021364011
526	bound_geometry	0.5613804713804714	1.1969154106532245
526	receptor_only_geometry	0.6342031425364759	1.0079030929375985
527	bound_geometry	0.3746240179573513	2.156621932054165
527	receptor_only_geometry	0.43303591470258135	1.530617404768335
528	bound_geometry	0.4525813692480359	2.1775281788997223
528	receptor_only_geometry	0.5096576879910214	1.54485361179825
529	bound_geometry	0.5677665544332211	1.7762793448741478
529	receptor_only_geometry	0.5951795735129068	1.8165831421729766
530	bound_geometry	0.5018181818181818	1.5104605360662828
530	receptor_only_geometry	0.4239001122334456	2.639268499234114
531	bound_geometry	0.7741189674523007	0.9615412197921441
531	receptor_only_geometry	0.5843714927048259	1.11835474724353
532	bound_geometry	0.6375645342312009	1.2942543148782533
532	receptor_only_geometry	0.24650392817059483	2.3138308784254282
533	bound_geometry	0.48484848484848486	1.4515734393989803
533	receptor_only_geometry	0.48432659932659927	1.4077480094124046
534	bound_geometry	0.3257239057239057	1.8442690137025857
534	receptor_only_geometry	0.3922727272727273	1.4709158048170985
535	bound_geometry	0.4414029180695848	1.5538179798506235
535	receptor_only_geometry	0.35861391694725026	2.166566961494864
536	bound_geometry	0.36210998877665546	1.9756995482398807
536	receptor_only_geometry	0.6483557800224466	1.1810491100808373
537	bound_geometry	0.48780022446689114	1.375264059614932
537	receptor_only_geometry	0.6832379349046015	0.9061386597338398
538	bound_geometry	0.32276094276094275	2.4733860869911997
538	receptor_only_geometry	0.4259539842873176	1.7042190385114562
539	bound_geometry	0.3760942760942761	1.6779036333331556
539	receptor_only_geometry	0.4580078563411896	2.415568771643299
540	bound_geometry	0.4212233445566779	2.5233634895786796
540	receptor_only_geometry	0.4690965207631874	2.4566447964146323
541	bound_geometry	0.3472166105499439	1.9639164862209624
541	receptor_only_geometry	0.40335016835016835	2.192055151872529
542	bound_geometry	0.49067340067340076	1.6279041050198537
542	receptor_only_geometry	0.7431481481481481	0.8447925814221205
543	bound_geometry	0.32549943883277216	1.8058158689272392
543	receptor_only_geometry	0.6404545454545455	1.1803740055118461
544	bound_geometry	0.6677665544332211	1.0385130922601842
544	receptor_only_geometry	0.39418069584736254	1.548259623408396
545	bound_geometry	0.6226936026936026	1.3318318370128517
545	receptor_only_geometry	0.5598035914702582	1.8001188418340008
546	bound_geometry	0.47531986531986536	1.8854602200596386
546	receptor_only_geometry	0.4061111111111111	1.8335194579516156
547	bound_geometry	0.5014814814814815	1.4959248255756772
547	receptor_only_geometry	0.449006734006734	2.1823567726548174
548	bound_geometry	0.540628507295174	1.3145068994357993
548	receptor_only_geometry	0.622317620650954	1.2914995981103419
549	bound_geometry	0.4869023569023569	1.6301119353613533
549	receptor_only_geometry	0.41458473625140285	1.9848179108550648
550	bound_geometry	0.31815937149270485	2.1889063863674836
550	receptor_only_geometry	0.40799663299663297	2.3809764163037586
551	bound_geometry	0.37905723905723904	1.6413903217868595
551	receptor_only_geometry	0.4732379349046016	1.9810092957849157
552	bound_geometry	0.2497418630751964	2.4863279412207016
552	receptor_only_geometry	0.4039786756453423	1.867797561354202
553	bound_geometry	0.31982042648709313	2.1041662189277788
553	receptor_only_geometry	0.6056172839506173	1.5905902135187306
554	bound_geometry	0.4113355780022447	1.7695257490929897
554	receptor_only_geometry	0.4577272727272727	1.8526021284393093
555	bound_geometry	0.31982042648709313	2.266978570120244
555	receptor_only_geometry	0.32456228956228955	1.9362563045554744
556	bound_geometry	0.677452300785634	1.0655867129307333
556	receptor_only_geometry	0.4548540965207632	1.7151199071308723
557	bound_geometry	0.42061728395061726	1.9425155151946227
557	receptor_only_geometry	0.562003367003367	1.2276286371121734
558	bound_geometry	0.7670370370370371	1.5893317200771706
558	receptor_only_geometry	0.5650224466891133	1.29607253673296
559	bound_geometry	0.623625140291807	1.6770076962247251
559	receptor_only_geometry	0.5119584736251402	1.5071773346357642
560	bound_geometry	0.4811111111111111	1.6512769101071851
560	receptor_only_geometry	0.32311447811447813	1.8424468631060666
561	bound_geometry	0.46435465768799106	1.7907704829506277
561	receptor_only_geometry	0.36532547699214374	2.249929571246353
562	bound_geometry	0.5676879910213244	1.3237204709665638
562	receptor_only_geometry	0.2732828282828283	1.7807670935364004
563	bound_geometry	0.5446576879910213	1.2045042380669044
563	receptor_only_geometry	0.49807519640852976	1.434970338293818
564	bound_geometry	0.4244332210998878	2.0438828639299222
564	receptor_only_geometry	0.3940909090909091	1.7271703775009806
565	bound_geometry	0.3739842873176207	1.8717249643521676
565	receptor_only_geometry	0.5556734006734007	1.5567427875903095
566	bound_geometry	0.4757800224466891	2.3085923391639467
566	receptor_only_geometry	0.32470819304152637	2.2587768602518006
567	bound_geometry	0.3666891133557801	1.842578944237494
567	receptor_only_geometry	0.5142704826038159	1.3527680131564468
568	bound_geometry	0.3048260381593715	2.2620215713640857
568	receptor_only_geometry	0.4926543209876543	1.4996585230593842
569	bound_geometry	0.26285072951739613	2.1502537352638496
569	receptor_only_geometry	0.5036307519640854	1.3402128735549088
570	bound_geometry	0.9862514029180695	0.41160609656764835
570	receptor_only_geometry	0.684405162738496	0.9842305967258229
571	bound_geometry	0.6405274971941639	1.561295163031115
571	receptor_only_geometry	0.510331088664422	1.5857560195500155
572	bound_geometry	0.7358922558922559	0.9550895601831729
572	receptor_only_geometry	0.5577946127946128	1.2700398742519776
573	bound_geometry	0.32929292929292925	2.038786892360878
573	receptor_only_geometry	0.23638047138047139	2.4886312590822057
574	bound_geometry	0.44606060606060605	1.671800993170007
574	receptor_only_geometry	0.2637654320987654	2.2290078174046988
575	bound_geometry	0.3185746352413019	2.3648356796776597
575	receptor_only_geometry	0.3516329966329966	2.039791630598218
576	bound_geometry	0.3898092031425365	1.9499994079792444
576	receptor_only_geometry	0.653742985409652	1.0322848469071844
577	bound_geometry	0.4624242424242424	2.103142427442714
577	receptor_only_geometry	0.3176936026936027	1.8153208483816738
578	bound_geometry	0.41224466891133554	2.496337715839538
578	receptor_only_geometry	0.4352020202020202	1.851273085116331
579	bound_geometry	0.5042536475869809	1.9972754761998759
579	receptor_only_geometry	0.3999719416386083	2.102828674500681
580	bound_geometry	0.6236363636363637	1.3917493254098903
580	receptor_only_geometry	0.6555162738496073	1.1001948471621472
581	bound_geometry	0.4604601571268238	1.9377305738883013
581	receptor_only_geometry	0.6764927048260382	1.0768418017032995
582	bound_geometry	0.491358024691358	1.5301392225523547
582	receptor_only_geometry	0.6261111111111112	1.071815062708088
583	bound_geometry	0.38872053872053874	2.2882483858797618
583	receptor_only_geometry	0.5114758698092031	1.604120354934942
584	bound_geometry	0.4877890011223345	1.4493089171795677
584	receptor_only_geometry	0.4498484848484849	2.2026489892846164
585	bound_geometry	0.6173063973063974	1.1722044178664888
585	receptor_only_geometry	0.4533726150392818	1.6711023004025023
586	bound_geometry	0.4810549943883277	1.5780385504546577
586	receptor_only_geometry	0.38849046015712685	1.6496797657351439
587	bound_geometry	0.26014590347923683	2.151853473675102
587	receptor_only_geometry	0.39128507295173964	1.8639773264561508
588	bound_geometry	0.5262401795735129	1.395044058778774
588	receptor_only_geometry	0.5760998877665544	1.393067796425703
589	bound_geometry	0.6049607182940516	1.0568245079544016
589	receptor_only_geometry	0.6134736251402918	1.172399814153118
590	bound_geometry	0.2633557800224467	2.623093045059815
590	receptor_only_geometry	0.2262008978675645	2.802296319406272
591	bound_geometry	0.7009988776655444	1.0272187607484526
591	receptor_only_geometry	0.5541245791245791	1.206974050198643
592	bound_geometry	0.6437710437710439	1.1939233508357014
592	receptor_only_geometry	0.7681200897867565	0.8775996379372022
593	bound_geometry	0.39066217732884406	1.8526009658685207
593	receptor_only_geometry	0.7545622895622897	0.9733464643525952
594	bound_geometry	0.36097643097643095	1.778338282389707
594	receptor_only_geometry	0.3175589225589226	2.512554948548225
595	bound_geometry	0.6146352413019079	1.2468326420059228
595	receptor_only_geometry	0.5207687991021325	1.370794264749036
596	bound_geometry	0.3975533108866442	1.9576792010820154
596	receptor_only_geometry	0.3948540965207632	2.331511706034181
597	bound_geometry	0.3843883277216611	1.5812536651417821
597	receptor_only_geometry	0.4654601571268238	1.4639890604374146
598	bound_geometry	0.35997755331088666	1.7819183001528556
598	receptor_only_geometry	0.3305443322109989	1.8294039100044581
599	bound_geometry	0.5089001122334456	1.571731749029155
599	receptor_only_geometry	0.33788439955106625	1.8462142430301356
600	bound_geometry	0.49087542087542085	1.4574367519946043
600	receptor_only_geometry	0.4324074074074074	1.6299400124117176
601	bound_geometry	0.3925925925925926	2.0315254306773287
601	receptor_only_geometry	0.3770650953984287	1.91885474047693
602	bound_geometry	0.3863636363636363	1.845257214202258
602	receptor_only_geometry	0.6558529741863075	1.117207450997053
603	bound_geometry	0.2538832772166106	2.1522817329375665
603	receptor_only_geometry	0.39134118967452297	2.1709874903400417
604	bound_geometry	0.3614478114478114	2.1063582589167584
604	receptor_only_geometry	0.32863636363636367	2.1366060635390425
605	bound_geometry	0.5951851851851852	1.1819879021132054
605	receptor_only_geometry	0.566358024691358	1.1869838652709612
606	bound_geometry	0.2749719416386083	2.185997797632894
606	receptor_only_geometry	0.6040796857463523	1.3046132364713947
607	bound_geometry	0.48141414141414146	2.431355984109992
607	receptor_only_geometry	0.38183501683501686	2.1091460556145067
608	bound_geometry	0.34061728395061724	2.266601858668163
608	receptor_only_geometry	0.5873456790123458	1.2482899070191629
609	bound_geometry	0.5750392817059483	1.4342590437944527
609	receptor_only_geometry	0.5539450056116723	1.3687417701467095
610	bound_geometry	0.7209203142536476	1.0351070283941202
610	receptor_only_geometry	0.4761784511784512	2.0994483351252033
611	bound_geometry	0.43369248035914704	1.8379841373412527
611	receptor_only_geometry	0.3765600448933782	2.1776163417523335
612	bound_geometry	0.46837261503928174	1.5280651022371565
612	receptor_only_geometry	0.4524747474747475	1.8698559118838352
613	bound_geometry	0.3999551066217733	1.9305615858232452
613	receptor_only_geometry	0.48099326599326603	2.215962067868095
614	bound_geometry	0.3794837261503928	1.7062026922162763
614	receptor_only_geometry	0.5750448933782267	1.391691003241182
615	bound_geometry	0.8433333333333334	0.812940494305774
615	receptor_only_geometry	0.4409147025813693	1.6199847136016616
616	bound_geometry	0.5553872053872054	1.7420533333028767
616	receptor_only_geometry	0.47042087542087546	1.7364433694694739
617	bound_geometry	0.47731762065095396	1.63857715643819
617	receptor_only_geometry	0.4684567901234568	1.3499593780361114
618	bound_geometry	0.542300785634119	1.4405409848599668
618	receptor_only_geometry	0.49386644219977555	1.7656442183454188
619	bound_geometry	0.7885746352413019	0.8373789898839668
619	receptor_only_geometry	0.4068181818181818	2.065120140605642
620	bound_geometry	0.43383838383838386	1.7673132041739896
620	receptor_only_geometry	0.3687485970819304	1.940924973768713
621	bound_geometry	0.5191694725028059	1.5175908728758358
621	receptor_only_geometry	0.4098035914702581	1.9792729107344553
622	bound_geometry	0.36599326599326604	1.9680043181671614
622	receptor_only_geometry	0.6174130190796858	1.058253201388344
623	bound_geometry	0.44714927048260383	1.5240093421877476
623	receptor_only_geometry	0.44557239057239056	2.1482096044582195
624	bound_geometry	0.34265993265993266	2.035553400543796
624	receptor_only_geometry	0.5761560044893379	1.282531205945337
625	bound_geometry	0.7233557800224467	1.067935038300607
625	receptor_only_geometry	0.7032716049382716	0.9692211088675154
626	bound_geometry	0.8150953984287317	1.1596945093284696
626	receptor_only_geometry	0.7314870931537598	1.0554316058279638
627	bound_geometry	0.43231200897867567	1.828960052693293
627	receptor_only_geometry	0.4826430976430977	1.4932121387687287
628	bound_geometry	0.43333333333333335	1.4404810386877434
628	receptor_only_geometry	0.6963468013468015	1.2414448464817534
629	bound_geometry	0.3740179573512907	1.7817851644073324
629	receptor_only_geometry	0.3388720538720538	1.7226550575188235
630	bound_geometry	0.5986531986531987	1.4950104304118568
630	receptor_only_geometry	0.5367059483726151	1.4082039331583074
631	bound_geometry	0.42808080808080806	1.9965342517142644
631	receptor_only_geometry	0.46126262626262626	1.3482961763357693
632	bound_geometry	0.5628058361391695	1.3632068761553078
632	receptor_only_geometry	0.2951683501683502	2.2592667976859047
633	bound_geometry	0.6722671156004489	1.0449604412321882
633	receptor_only_geometry	0.43337261503928176	1.655272752761942
634	bound_geometry	0.2221436588103255	2.69603754505375
634	receptor_only_geometry	0.22964646464646465	2.7622749992273086
635	bound_geometry	0.397283950617284	1.6608976256551087
635	receptor_only_geometry	0.4656509539842874	1.3712113618837614
636	bound_geometry	0.4984511784511784	2.025592366177238
636	receptor_only_geometry	0.4860549943883277	2.2663943065238388
637	bound_geometry	0.6866891133557799	1.0817864956255077
637	receptor_only_geometry	0.5896913580246913	1.4958371232155672
638	bound_geometry	0.7262401795735128	1.0719929217880586
638	receptor_only_geometry	0.5179068462401796	2.2358061620791028
639	bound_geometry	0.35088664421997756	2.2124815583829847
639	receptor_only_geometry	0.5199270482603816	1.299382026564042
640	bound_geometry	0.5821885521885521	1.7943019267103837
640	receptor_only_geometry	0.42644781144781146	1.626194932543563
641	bound_geometry	0.6072502805836139	1.4012967147782467
641	receptor_only_geometry	0.28634680134680135	2.274696175903855
642	bound_geometry	0.4357687991021324	1.8719112628812344
642	receptor_only_geometry	0.42132996632996633	1.929199066043649
643	bound_geometry	0.5792704826038159	1.3720192978300625
643	receptor_only_geometry	0.5382884399551067	1.229459588081928
644	bound_geometry	0.324320987654321	2.461198947848439
644	receptor_only_geometry	0.4244051627384961	1.6309068087200385
645	bound_geometry	0.6504489337822671	1.1057606241054914
645	receptor_only_geometry	0.5753030303030303	2.6445031818607494
646	bound_geometry	0.6477216610549944	1.3231633807703354
646	receptor_only_geometry	0.4614421997755331	1.456358396960204
647	bound_geometry	0.7961840628507296	0.9725891665739568
647	receptor_only_geometry	0.6873681257014591	1.1835577623219928
648	bound_geometry	0.48143658810325474	1.5119968591119795
648	receptor_only_geometry	0.5103647586980921	1.2063254245560189
649	bound_geometry	0.38838383838383833	1.8024697773158862
649	receptor_only_geometry	0.45581930415263744	1.8223700628399415
650	bound_geometry	0.5086307519640854	1.6976649354460174
650	receptor_only_geometry	0.6371885521885522	1.2419976352115574
651	bound_geometry	0.5180246913580246	1.7204158894937358
651	receptor_only_geometry	0.30198092031425366	2.2004942131599545
652	bound_geometry	0.26827160493827157	2.1850855927429786
652	receptor_only_geometry	0.3439113355780022	1.6330833529902502
653	bound_geometry	0.3738047138047138	2.190780619142223
653	receptor_only_geometry	0.4657968574635241	1.7759195266312655
654	bound_geometry	0.7433108866442201	0.9178738579556425
654	receptor_only_geometry	0.5979741863075198	1.440844639967072
655	bound_geometry	0.6259483726150393	1.628215337603366
655	receptor_only_geometry	0.6751683501683502	0.9957204783605057
656	bound_geometry	0.5854096520763187	1.4064439904081754
656	receptor_only_geometry	0.5165488215488215	1.5258251748960459
657	bound_geometry	0.49586980920314244	1.72885453870934
657	receptor_only_geometry	0.5204545454545454	1.319628164371133
658	bound_geometry	0.5469472502805837	1.6384165099858548
658	receptor_only_geometry	0.48874859708193047	1.504184469944604
659	bound_geometry	0.46196408529741867	1.3837324322515532
659	receptor_only_geometry	0.526705948372615	1.4067425462692487
660	bound_geometry	0.5738608305274971	1.2967441779065139
660	receptor_only_geometry	0.17513468013468014	2.4757715414145762
661	bound_geometry	0.30580246913580245	2.0139089580948033
661	receptor_only_geometry	0.39322671156004496	2.273850119352116
662	bound_geometry	0.4792480359147026	1.5644492806220076
662	receptor_only_geometry	0.4475028058361392	1.6478734813423872
663	bound_geometry	0.48939393939393944	1.507694136329195
663	receptor_only_geometry	0.3787149270482604	2.1466534499712115
664	bound_geometry	0.35840628507295175	1.9322409634206503
664	receptor_only_geometry	0.46375420875420875	1.3648024106510683
665	bound_geometry	0.3442312008978676	2.1367278641572116
665	receptor_only_geometry	0.47810886644219974	1.4805590807086246
666	bound_geometry	0.4289450056116723	2.7452234270422977
666	receptor_only_geometry	0.40266554433221097	1.4552156756260033
667	bound_geometry	0.22892255892255894	2.1046037566230997
667	receptor_only_geometry	0.5804882154882155	1.208393966213144
668	bound_geometry	0.4055780022446689	1.587705687649872
668	receptor_only_geometry	0.5852581369248036	1.2424840355660969
669	bound_geometry	0.4494612794612795	1.500306444336397
669	receptor_only_geometry	0.43822109988776664	1.9438313964475222
670	bound_geometry	0.45802469135802476	1.9125203395716839
670	receptor_only_geometry	0.45526936026936027	1.67515332464228
671	bound_geometry	0.6673400673400675	1.382157812492339
671	receptor_only_geometry	0.7959539842873177	0.7846064520091783
672	bound_geometry	0.3142087542087542	2.036933366780422
672	receptor_only_geometry	0.6322278338945005	1.1306677261809266
673	bound_geometry	0.7362289562289561	1.1410581177914305
673	receptor_only_geometry	0.506705948372615	1.469234804080295
674	bound_geometry	0.2283501683501683	2.8488918825721288
674	receptor_only_geometry	0.4456509539842874	2.4493940261689207
675	bound_geometry	0.5784511784511785	1.7503798408594258
675	receptor_only_geometry	0.3872446689113356	1.5589808178332742
676	bound_geometry	0.24911335578002247	2.294228311924717
676	receptor_only_geometry	0.4564814814814815	1.4639696203002428
677	bound_geometry	0.5378900112233446	1.4039639135204607
677	receptor_only_geometry	0.3038776655443322	1.8171699207791634
678	bound_geometry	0.5194837261503927	1.4079437632019127
678	receptor_only_geometry	0.4258754208754209	1.9398314736498619
679	bound_geometry	0.6706060606060605	1.3275309323178286
679	receptor_only_geometry	0.4456060606060606	1.7849686183230569
680	bound_geometry	0.5172727272727272	1.914526079889432
680	receptor_only_geometry	0.6301739618406285	1.3424573903469945
681	bound_geometry	0.34530864197530864	2.1096342292309145
681	receptor_only_geometry	0.4762457912457912	1.678284534585334
682	bound_geometry	0.5187766554433221	1.688167013256507
682	receptor_only_geometry	0.280016835016835	2.1917225735209835
683	bound_geometry	0.36787878787878786	1.6196724459570002
683	receptor_only_geometry	0.4773793490460157	1.394977523255218
684	bound_geometry	0.6942648709315377	1.2382222828967115
684	receptor_only_geometry	0.3186812570145903	2.257835512557927
685	bound_geometry	0.4122895622895623	1.596052863832176
685	receptor_only_geometry	0.5905892255892257	1.1877060428908062
686	bound_geometry	0.4422558922558923	1.8226749113753347
686	receptor_only_geometry	0.4012514029180696	2.043659560178575
687	bound_geometry	0.4608641975308642	1.744656573282599
687	receptor_only_geometry	0.6672222222222223	1.1077486393644982
688	bound_geometry	0.5286307519640854	1.5046180711784376
688	receptor_only_geometry	0.43284511784511787	1.649338279423236
689	bound_geometry	0.6927048260381593	1.2089785029391227
689	receptor_only_geometry	0.6309371492704826	1.495556033031814
690	bound_geometry	0.661324354657688	1.2462000175806522
690	receptor_only_geometry	0.3927441077441078	1.8609564636046556
691	bound_geometry	0.5593041526374859	1.6836725386353886
691	receptor_only_geometry	0.7321829405162738	0.9299773620900348
692	bound_geometry	0.3233557800224467	1.8931522427105902
692	receptor_only_geometry	0.49407968574635247	1.4312883548162394
693	bound_geometry	0.590662177328844	1.1615745998284488
693	receptor_only_geometry	0.7010381593714928	0.9640754948841618
694	bound_geometry	0.6476543209876543	1.013224646405066
694	receptor_only_geometry	0.5758305274971941	1.4484071942210006
695	bound_geometry	0.29931537598204266	2.4519916531136876
695	receptor_only_geometry	0.607682379349046	1.1993490291183868
696	bound_geometry	0.6548372615039281	1.1175358282027155
696	receptor_only_geometry	0.4658641975308642	1.5576579032756943
697	bound_geometry	0.4040291806958474	1.712997548601211
697	receptor_only_geometry	0.6232603815937149	1.2622094683225205
698	bound_geometry	0.3577890011223345	2.358306596708472
698	receptor_only_geometry	0.5037542087542087	1.4341839630110451
699	bound_geometry	0.43356902356902355	1.6443099537575872
699	receptor_only_geometry	0.37058922558922563	2.147326815463813
700	bound_geometry	0.40452300785634127	2.3211938284101885
700	receptor_only_geometry	0.3062682379349046	1.5596173302435574
701	bound_geometry	0.30425364758698087	2.3150573732567086
701	receptor_only_geometry	0.4301627384960718	1.6847382799144033
702	bound_geometry	0.4145566778900112	2.05149387282209
702	receptor_only_geometry	0.27297979797979804	2.079495508845349
703	bound_geometry	0.2754433221099888	2.7085920266440624
703	receptor_only_geometry	0.4352244668911336	1.6409028597965056
704	bound_geometry	0.2595286195286195	2.207776963736341
704	receptor_only_geometry	0.48382154882154876	1.6321057818712967
705	bound_geometry	0.5547362514029182	1.457184810605716
705	receptor_only_geometry	0.3649775533108867	2.0120416921408895
706	bound_geometry	0.44515151515151513	1.837629928722365
706	receptor_only_geometry	0.5161784511784512	1.7728825902163807
707	bound_geometry	0.4642087542087541	1.9476230849557736
707	receptor_only_geometry	0.4762457912457912	1.3626156910750888
708	bound_geometry	0.4369809203142537	1.6055616842305442
708	receptor_only_geometry	0.39740179573512907	1.7295784205797349
709	bound_geometry	0.7331313131313131	0.9466332469306165
709	receptor_only_geometry	0.6231705948372616	0.9830068794630679
710	bound_geometry	0.3247923681257014	2.042488923335497
710	receptor_only_geometry	0.6296913580246914	1.1164614763366005
711	bound_geometry	0.3532323232323232	1.6341327561732477
711	receptor_only_geometry	0.38292368125701465	1.7126074154467203
712	bound_geometry	0.253973063973064	2.1389422366571553
712	receptor_only_geometry	0.5656397306397306	1.1031263213389875
713	bound_geometry	0.4992368125701459	1.522263553828363
713	receptor_only_geometry	0.498973063973064	1.4980395061786684
714	bound_geometry	0.5650953984287318	1.510842261463048
714	receptor_only_geometry	0.47042087542087546	1.5266872691901618
715	bound_geometry	0.3498428731762065	2.2558349450040933
715	receptor_only_geometry	0.5901402918069585	1.3622382811112859
716	bound_geometry	0.4403367003367003	1.6811502437300951
716	receptor_only_geometry	0.350645342312009	1.7834305505295434
717	bound_geometry	0.4059147025813692	1.692211400364961
717	receptor_only_geometry	0.5762121212121212	1.5095936860095849
718	bound_geometry	0.633591470258137	1.1071048017652643
718	receptor_only_geometry	0.452384960718294	1.2887126607515869
719	bound_geometry	0.5228731762065095	1.5146646237225885
719	receptor_only_geometry	0.4016105499438833	1.7753951629533897
720	bound_geometry	0.28744107744107744	2.181788080816627
720	receptor_only_geometry	0.367020202020202	1.8693514789592962
721	bound_geometry	0.4618294051627385	2.069393018791773
721	receptor_only_geometry	0.32702020202020204	1.775006006564161
722	bound_geometry	0.528080808080808	1.8489426379018914
722	receptor_only_geometry	0.5264814814814814	1.9761780656271717
723	bound_geometry	0.3431200897867564	1.898170732534497
723	receptor_only_geometry	0.6770987654320987	1.1363412838095575
724	bound_geometry	0.34789001122334456	1.7937840099747073
724	receptor_only_geometry	0.4215993265993266	1.5127491483099758
725	bound_geometry	0.3674523007856341	2.0999303859071117
725	receptor_only_geometry	0.36676206509539844	1.8611985760500929
726	bound_geometry	0.6448597081930415	1.1484864885180786
726	receptor_only_geometry	0.4137991021324355	2.2397842849402565
727	bound_geometry	0.44491582491582493	1.6538636971209661
727	receptor_only_geometry	0.4556734006734007	1.5309201525031877
728	bound_geometry	0.6935016835016835	1.562357753864574
728	receptor_only_geometry	0.3691077441077441	2.0410905284562157
729	bound_geometry	0.6568125701459037	1.5726767234262577
729	receptor_only_geometry	0.5611503928170596	1.3023058815883068
730	bound_geometry	0.3171717171717172	1.4758505982261663
730	receptor_only_geometry	0.23309203142536475	2.2498182209647606
731	bound_geometry	0.4191245791245792	1.6588317494275937
731	receptor_only_geometry	0.3727777777777778	2.1555492651954813
732	bound_geometry	0.2945230078563412	2.2105776085050812
732	receptor_only_geometry	0.4391189674523008	1.4676100382331776
733	bound_geometry	0.46548821548821545	1.721052017961356
733	receptor_only_geometry	0.5598933782267116	1.791819047657377
734	bound_geometry	0.568395061728395	1.358076174540696
734	receptor_only_geometry	0.2518799102132436	2.5436043319590995
735	bound_geometry	0.3445342312008979	1.7262986703528458
735	receptor_only_geometry	0.47236251402918067	1.3486995111634659
736	bound_geometry	0.5224691358024691	2.149590359230217
736	receptor_only_geometry	0.5280190796857464	1.4387063845510266
737	bound_geometry	0.33891133557800224	2.2264709243113594
737	receptor_only_geometry	0.359006734006734	1.8866747332173726
738	bound_geometry	0.31156004489337824	3.026808913183039
738	receptor_only_geometry	0.49547138047138045	1.3897679190000054
739	bound_geometry	0.5847586980920315	1.2115461347817194
739	receptor_only_geometry	0.4309820426487094	1.5417322721274587
740	bound_geometry	0.4141750841750842	2.173266849123232
740	receptor_only_geometry	0.3900841750841751	2.073122467537667
741	bound_geometry	0.32986531986531986	2.277591664604472
741	receptor_only_geometry	0.28822109988776656	1.9830840202300122
742	bound_geometry	0.8216835016835017	0.8000511628277739
742	receptor_only_geometry	0.3365263748597082	1.7889080336070446
743	bound_geometry	0.5841301907968575	1.345259292792028
743	receptor_only_geometry	0.6283557800224466	1.148278365121843
744	bound_geometry	0.5646801346801347	1.5109483640540253
744	receptor_only_geometry	0.46415824915824916	1.5571473268097888
745	bound_geometry	0.3267227833894501	1.8263236085127355
745	receptor_only_geometry	0.39585297418630755	1.82517864672295
746	bound_geometry	0.42864197530864195	1.8086081453224157
746	receptor_only_geometry	0.33319304152637486	3.251513276005332
747	bound_geometry	0.38782267115600444	2.1799339220512124
747	receptor_only_geometry	0.3428002244668911	1.7530948164755829
748	bound_geometry	0.5865881032547698	1.3103562843634113
748	receptor_only_geometry	0.45919753086419757	1.4090546747045645
749	bound_geometry	0.5177216610549944	1.6212617622196566
749	receptor_only_geometry	0.3678507295173962	1.8781410894178925
750	bound_geometry	0.5299438832772166	1.5305133242753886
750	receptor_only_geometry	0.5015095398428732	1.9626546570465169
751	bound_geometry	0.5470594837261503	1.2830259148938397
751	receptor_only_geometry	0.504584736251403	2.21978533094927
752	bound_geometry	0.8014590347923681	1.0985832198986274
752	receptor_only_geometry	0.34914141414141414	2.1691871813963406
753	bound_geometry	0.5745791245791246	1.300976292564836
753	receptor_only_geometry	0.2504882154882155	2.0395209133989707
754	bound_geometry	0.4003030303030303	2.4363629153304425
754	receptor_only_geometry	0.4450448933782267	1.9184970310257543
755	bound_geometry	0.5951402918069585	1.2623210043719193
755	receptor_only_geometry	0.6103198653198653	1.3768921346540621
756	bound_geometry	0.5164646464646464	1.3529898361310913
756	receptor_only_geometry	0.4932154882154882	1.6317479380775095
757	bound_geometry	0.30103254769921434	2.124219496040658
757	receptor_only_geometry	0.4023849607182941	1.7097365724137208
758	bound_geometry	0.4391245791245791	1.513701548238899
758	receptor_only_geometry	0.30156565656565654	1.9586750699717648
759	bound_geometry	0.622682379349046	1.2779353189825435
759	receptor_only_geometry	0.39625701459034796	2.0078297491769397
760	bound_geometry	0.7664534231200898	0.9302352614892889
760	receptor_only_geometry	0.5910493827160493	1.317643850682699
761	bound_geometry	0.537699214365881	1.3221506417692839
761	receptor_only_geometry	0.5215881032547699	2.0227937357730332
762	bound_geometry	0.5961728395061728	1.7461683450932937
762	receptor_only_geometry	0.5492985409652077	1.612392678384773
763	bound_geometry	0.7080246913580246	1.0097427886282202
763	receptor_only_geometry	0.43648148148148147	1.6605759571519498
764	bound_geometry	0.3283726150392817	2.2018377523621484
764	receptor_only_geometry	0.4545173961840629	1.891929050464759
765	bound_geometry	0.5075869809203143	1.9034464342382342
765	receptor_only_geometry	0.5006341189674522	1.700612168907672
766	bound_geometry	0.3375196408529742	2.2631123913790456
766	receptor_only_geometry	0.559040404040404	1.747596081475419
767	bound_geometry	0.4270145903479237	1.9469802831216485
767	receptor_only_geometry	0.37690796857463527	1.7115753919114818
768	bound_geometry	0.674219977553311	1.1968001848750032
768	receptor_only_geometry	0.5582884399551066	1.3083583261964686
769	bound_geometry	0.40864197530864194	2.5787793928540395
769	receptor_only_geometry	0.4774354657687991	1.6503029056891854
770	bound_geometry	0.5053423120089787	1.4491324606473073
770	receptor_only_geometry	0.43648148148148147	1.5236616611915592
771	bound_geometry	0.6189113355780024	1.215370017100109
771	receptor_only_geometry	0.41803030303030303	2.074425072401832
772	bound_geometry	0.36901234567901237	1.935192351099512
772	receptor_only_geometry	0.6710830527497195	1.0680505090462058
773	bound_geometry	0.5034904601571268	1.872657710549953
773	receptor_only_geometry	0.30076879910213244	2.5015720065887144
774	bound_geometry	0.6568013468013468	1.5139712110367478
774	receptor_only_geometry	0.6117340067340068	1.083353863773331
775	bound_geometry	0.41564534231200895	1.7026190721906511
775	receptor_only_geometry	0.5948765432098766	1.6785951887067534
776	bound_geometry	0.5039281705948372	1.3571992650633085
776	receptor_only_geometry	0.5798709315375982	1.3484912737015275
777	bound_geometry	0.41717171717171714	1.596082938910466
777	receptor_only_geometry	0.4121043771043771	1.6625884108142137
778	bound_geometry	0.3464309764309765	2.073415899665148
778	receptor_only_geometry	0.3439113355780023	2.0568513342319803
779	bound_geometry	0.6559708193041527	1.1372039237762868
779	receptor_only_geometry	0.7134399551066218	1.043953822725833
780	bound_geometry	0.6200673400673401	1.28302069181079
780	receptor_only_geometry	0.6024410774410774	1.2324543205102996
781	bound_geometry	0.6541975308641975	1.19923478921055
781	receptor_only_geometry	0.4761111111111111	1.612740902888511
782	bound_geometry	0.6028170594837262	1.2254408641211136
782	receptor_only_geometry	0.3820258136924804	1.920260428883155
783	bound_geometry	0.38704826038159373	1.6949513522626762
783	receptor_only_geometry	0.4489057239057239	2.031015170922737
784	bound_geometry	0.41307519640852974	1.7243751231796811
784	receptor_only_geometry	0.5001851851851852	1.3187096986033684
785	bound_geometry	0.35129068462401797	1.7983532826120976
785	receptor_only_geometry	0.35865881032547703	2.8265899232045277
786	bound_geometry	0.5337149270482604	1.399972525031132
786	receptor_only_geometry	0.5543490460157127	1.1517490369801489
787	bound_geometry	0.6223456790123457	1.792264765963792
787	receptor_only_geometry	0.4635746352413019	1.3499463852368698
788	bound_geometry	0.5139842873176207	1.3304649529945298
788	receptor_only_geometry	0.2807014590347924	2.652306492976601
789	bound_geometry	0.5448372615039282	1.5058505952412555
789	receptor_only_geometry	0.280364758698092	2.9750274418006755
790	bound_geometry	0.3358922558922559	1.923891261668482
790	receptor_only_geometry	0.6201515151515151	1.1706965032328753
791	bound_geometry	0.36887766554433216	2.352858216854572
791	receptor_only_geometry	0.39837822671156004	1.427651512513061
792	bound_geometry	0.6454433221099888	1.0060642078006239
792	receptor_only_geometry	0.513641975308642	2.4097331497135355
793	bound_geometry	0.49720538720538715	1.69891935950634
793	receptor_only_geometry	0.5475364758698092	1.5668740042878424
794	bound_geometry	0.5841863075196408	1.4483840038315416
794	receptor_only_geometry	0.4608922558922559	1.6383684491258004
795	bound_geometry	0.37967452300785637	1.6643123998680949
795	receptor_only_geometry	0.4980415263748597	1.7785334552476715
796	bound_geometry	0.4296969696969697	1.7807154876752733
796	receptor_only_geometry	0.5196240179573514	1.4666139466716985
797	bound_geometry	0.30505050505050507	1.7501590204440451
797	receptor_only_geometry	0.3842143658810326	1.9151333809862308
798	bound_geometry	0.4775420875420875	1.6967710473749336
798	receptor_only_geometry	0.536324354657688	1.2592585593746992
799	bound_geometry	0.49193041526374853	1.4780257575958076
799	receptor_only_geometry	0.5661335578002245	1.3882252063262677
800	bound_geometry	0.22134680134680138	3.122689603234719
800	receptor_only_geometry	0.5764253647586981	1.2889086086018338
801	bound_geometry	0.4263299663299664	1.7243730874364152
801	receptor_only_geometry	0.518973063973064	1.8074460164470458
802	bound_geometry	0.5842760942760943	1.2889606918656122
802	receptor_only_geometry	0.5088608305274972	1.4660722395131403
803	bound_geometry	0.41030303030303034	2.0306219699711034
803	receptor_only_geometry	0.342317620650954	1.956395782178072
804	bound_geometry	0.3594388327721661	1.96615910906237
804	receptor_only_geometry	0.5528002244668911	1.4516005186604999
805	bound_geometry	0.43636363636363634	1.8057800542420424
805	receptor_only_geometry	0.3660437710437711	1.6865119214015816
806	bound_geometry	0.6759708193041526	0.9977056217733902
806	receptor_only_geometry	0.474270482603816	1.8679325516369893
807	bound_geometry	0.4144781144781145	1.7654066455722959
807	receptor_only_geometry	0.33714365881032543	2.5386975234969293
808	bound_geometry	0.5334455667789001	1.4127479290474125
808	receptor_only_geometry	0.3101178451178451	2.026203118926192
809	bound_geometry	0.4341750841750842	1.6650585981062964
809	receptor_only_geometry	0.29904040404040405	2.4307786780833665
810	bound_geometry	0.765398428731762	0.9166542815931298
810	receptor_only_geometry	0.4725308641975308	1.7104190857488613
811	bound_geometry	0.5035241301907969	1.784733750041987
811	receptor_only_geometry	0.3093434343434343	2.964624994716862
812	bound_geometry	0.43795735129068464	2.0627585516813354
812	receptor_only_geometry	0.3423288439955107	1.994119201206207
813	bound_geometry	0.5746576879910213	1.596741429348313
813	receptor_only_geometry	0.6014197530864197	1.101775656657121
814	bound_geometry	0.679023569023569	1.1587064158987643
814	receptor_only_geometry	0.6029461279461279	1.8640320461640836
815	bound_geometry	0.5961279461279462	1.9303455917320071
815	receptor_only_geometry	0.5965712682379349	1.3047223184423007
816	bound_geometry	0.4759483726150393	1.5814164899081833
816	receptor_only_geometry	0.5653591470258137	1.2334863984254791
817	bound_geometry	0.2551739618406285	2.8397593339128755
817	receptor_only_geometry	0.356638608305275	1.467099870378827
818	bound_geometry	0.5678002244668912	1.3564391537484934
818	receptor_only_geometry	0.4364702581369248	1.8006538943621813
819	bound_geometry	0.28785634118967457	2.1909144769817783
819	receptor_only_geometry	0.4665151515151515	1.4717601816016066
820	bound_geometry	0.43116722783389444	1.8247276610799057
820	receptor_only_geometry	0.4588608305274972	1.7447643279838094
821	bound_geometry	0.4895061728395062	1.941615483832273
821	receptor_only_geometry	0.21658249158249163	2.912699711321485
822	bound_geometry	0.3519191919191919	1.864106426348753
822	receptor_only_geometry	0.4641806958473625	2.0095592201004733
823	bound_geometry	0.4491470258136925	1.6720852070415881
823	receptor_only_geometry	0.21189113355780023	2.9435000379428824
824	bound_geometry	0.5508641975308642	1.553257448228037
824	receptor_only_geometry	0.398030303030303	1.976781890970819
825	bound_geometry	0.6712682379349046	1.2040574100901935
825	receptor_only_geometry	0.519388327721661	1.3398324611896628
826	bound_geometry	0.45771043771043773	1.9183795142651958
826	receptor_only_geometry	0.5750224466891133	1.567855239381903
827	bound_geometry	0.3947474747474748	2.9065500240074518
827	receptor_only_geometry	0.37979236812570144	1.7802484546371522
828	bound_geometry	0.6207519640852974	1.0684400145737074
828	receptor_only_geometry	0.44084736251402923	1.6002562362339676
829	bound_geometry	0.4776543209876543	1.6418130920264187
829	receptor_only_geometry	0.39036475869809206	1.7896951583363703
830	bound_geometry	0.4156902356902357	1.4696205617404277
830	receptor_only_geometry	0.4195566778900112	1.7717690097282845
831	bound_geometry	0.14017957351290686	2.8257934069521573
831	receptor_only_geometry	0.32330527497194167	2.87230476299949
832	bound_geometry	0.5287542087542088	1.3592711917169569
832	receptor_only_geometry	0.5798709315375982	1.125330488988868
833	bound_geometry	0.5959932659932661	1.7191572321282684
833	receptor_only_geometry	0.3520594837261504	1.8314748761167976
834	bound_geometry	0.4635129068462402	2.3689482669976774
834	receptor_only_geometry	0.47533670033670034	1.7623160799103128
835	bound_geometry	0.6623456790123456	1.1480560418014771
835	receptor_only_geometry	0.5613973063973065	1.3800726815091944
836	bound_geometry	0.5654433221099887	1.50662891785402
836	receptor_only_geometry	0.4087485970819304	2.512377027014239
837	bound_geometry	0.3319079685746353	2.4809571623619484
837	receptor_only_geometry	0.4907239057239057	1.7157385471297468
838	bound_geometry	0.7973288439955107	0.8846375777016993
838	receptor_only_geometry	0.5714983164983165	1.1531825809167782
839	bound_geometry	0.6202581369248036	1.1556568641158158
839	receptor_only_geometry	0.4794219977553311	1.3858605424616748
840	bound_geometry	0.48730639730639735	1.5709009455483554
840	receptor_only_geometry	0.646223344556678	1.2718606639947319
841	bound_geometry	0.4449943883277217	1.4158992925053318
841	receptor_only_geometry	0.6719809203142536	0.9815295281182252
842	bound_geometry	0.4467564534231201	1.4694779413205636
842	receptor_only_geometry	0.5775364758698093	1.697330452791361
843	bound_geometry	0.37514029180695846	1.7404820415239155
843	receptor_only_geometry	0.41690796857463525	1.755581372054697
844	bound_geometry	0.5878787878787879	1.4909314054209504
844	receptor_only_geometry	0.41746913580246914	1.998569633756188
845	bound_geometry	0.5263299663299663	1.303899752002205
845	receptor_only_geometry	0.5007463524130191	1.3940552942525335
846	bound_geometry	0.5512121212121213	1.669666765575151
846	receptor_only_geometry	0.5034062850729518	1.751160269930354
847	bound_geometry	0.4556228956228956	1.5325729403659116
847	receptor_only_geometry	0.477053872053872	1.3258008802663386
848	bound_geometry	0.3353984287317621	1.7867302367484181
848	receptor_only_geometry	0.6701739618406286	1.0110476420591845
849	bound_geometry	0.5770258136924804	1.5052669809820989
849	receptor_only_geometry	0.6242592592592593	1.4409234864293379
850	bound_geometry	0.4489337822671156	1.6794094657817409
850	receptor_only_geometry	0.5960886644219978	1.1209456621996423
851	bound_geometry	0.4777553310886644	1.4667007684114248
851	receptor_only_geometry	0.41812008978675647	1.3890848777947273
852	bound_geometry	0.3053984287317621	1.9250452941742011
852	receptor_only_geometry	0.4898484848484849	1.750878582423088
853	bound_geometry	0.40430976430976434	1.5802016793030085
853	receptor_only_geometry	0.6675925925925926	1.1881458074902265
854	bound_geometry	0.781952861952862	0.8601545390516318
854	receptor_only_geometry	0.5260213243546576	1.4026233805250994
855	bound_geometry	0.4542199775533109	1.5830069213794125
855	receptor_only_geometry	0.32791806958473624	2.14443213557921
856	bound_geometry	0.5221773288439956	1.406743840149391
856	receptor_only_geometry	0.3367957351290685	2.7200709595167303
857	bound_geometry	0.3934904601571268	1.5311710274187278
857	receptor_only_geometry	0.3409259259259259	2.201743256591088
858	bound_geometry	0.4570482603815937	1.4312366236736431
858	receptor_only_geometry	0.4170987654320988	1.592965856911427
859	bound_geometry	0.4934904601571268	1.5282290327643087
859	receptor_only_geometry	0.5988945005611672	1.2273391274969099
860	bound_geometry	0.4311896745230079	1.842287277513138
860	receptor_only_geometry	0.5481874298540966	1.4269083176519675
861	bound_geometry	0.4535016835016836	1.829212101814069
861	receptor_only_geometry	0.6778170594837262	0.942890577751825
862	bound_geometry	0.4442199775533109	2.072633781074467
862	receptor_only_geometry	0.48621212121212115	1.4628503802159019
863	bound_geometry	0.3213468013468013	1.9685154536502811
863	receptor_only_geometry	0.4916666666666667	1.5601067732218783
864	bound_geometry	0.40557800224466894	1.696248296383097
864	receptor_only_geometry	0.19483164983164983	3.1388962527890487
865	bound_geometry	0.38546576879910216	1.9680659557936875
865	receptor_only_geometry	0.6685465768799101	1.1472129050927273
866	bound_geometry	0.5154545454545455	1.442840770170978
866	receptor_only_geometry	0.47125140291806966	1.5183455757406639
867	bound_geometry	0.3802020202020202	1.9726483582957461
867	receptor_only_geometry	0.584304152637486	1.276216082262567
868	bound_geometry	0.4469472502805836	1.8691503143421155
868	receptor_only_geometry	0.5708136924803592	1.5481082283393919
869	bound_geometry	0.5556341189674523	1.247645148788861
869	receptor_only_geometry	0.42503367003367004	1.3758922877083715
870	bound_geometry	0.3877665544332211	1.717586742372803
870	receptor_only_geometry	0.4598372615039282	1.4674663666029997
871	bound_geometry	0.4240291806958474	1.687061828978215
871	receptor_only_geometry	0.39473063973063977	1.6958799051368814
872	bound_geometry	0.7394500561167227	0.9768081232641808
872	receptor_only_geometry	0.40611111111111114	1.8596482531458065
873	bound_geometry	0.7633445566778899	1.0720512604323322
873	receptor_only_geometry	0.1904882154882155	2.832171044265057
874	bound_geometry	0.6164646464646465	1.1424985135763763
874	receptor_only_geometry	0.557648709315376	1.2030637214161821
875	bound_geometry	0.5524803591470259	1.5842415568448707
875	receptor_only_geometry	0.612283950617284	1.280340741201968
876	bound_geometry	0.405645342312009	1.9325140190062284
876	receptor_only_geometry	0.5927216610549944	1.2414764578143924
877	bound_geometry	0.6682491582491584	1.2209297370306402
877	receptor_only_geometry	0.4745847362514029	1.358745686885698
878	bound_geometry	0.7376206509539843	0.9625224735563417
878	receptor_only_geometry	0.5591750841750842	1.2600798735865095
879	bound_geometry	0.4562850729517396	1.7270996365324796
879	receptor_only_geometry	0.6677833894500562	0.9661061572745651
880	bound_geometry	0.5507182940516274	1.423312412804996
880	receptor_only_geometry	0.4582210998877665	1.6965222612731106
881	bound_geometry	0.6305499438832771	1.1701799703199465
881	receptor_only_geometry	0.6149551066217733	1.2862695861151316
882	bound_geometry	0.21425364758698093	2.8912591705900867
882	receptor_only_geometry	0.3673569023569023	1.7590262858393901
883	bound_geometry	0.7455443322109989	0.9929262603786508
883	receptor_only_geometry	0.5904096520763188	1.153201480933962
884	bound_geometry	0.5015600448933782	2.515496880818188
884	receptor_only_geometry	0.5257968574635242	2.0878773376068347
885	bound_geometry	0.548395061728395	1.4033730668195632
885	receptor_only_geometry	0.529983164983165	1.270708956362993
886	bound_geometry	0.5720763187429855	1.3187046679789873
886	receptor_only_geometry	0.4594668911335578	1.5126313927382438
887	bound_geometry	0.5445454545454546	1.5647629351453718
887	receptor_only_geometry	0.4522727272727273	2.865306295476176
888	bound_geometry	0.6758249158249159	1.2100772872301557
888	receptor_only_geometry	0.77834455667789	0.8305380820909994
889	bound_geometry	0.454287317620651	1.6162651957167264
889	receptor_only_geometry	0.5621717171717172	2.238654523694969
890	bound_geometry	0.41424242424242425	2.2980439265689236
890	receptor_only_geometry	0.4544276094276094	2.1384531414695487
891	bound_geometry	0.3560830527497194	1.8905105470902006
891	receptor_only_geometry	0.2815544332210999	2.1316989290970922
892	bound_geometry	0.5101122334455668	1.3530603162208243
892	receptor_only_geometry	0.4520482603815937	1.3825466686648917
893	bound_geometry	0.5123456790123456	1.5242618278020774
893	receptor_only_geometry	0.7089169472502806	0.8632031348895846
894	bound_geometry	0.4954208754208754	1.3069783419645995
894	receptor_only_geometry	0.3878170594837262	1.858573547727402
895	bound_geometry	0.4875196408529742	1.5488083486049742
895	receptor_only_geometry	0.34786195286195287	1.9982574006446552
896	bound_geometry	0.36615039281705947	2.5177277919865797
896	receptor_only_geometry	0.4081986531986532	1.7925861715190767
897	bound_geometry	0.49802469135802463	1.5513135872226442
897	receptor_only_geometry	0.40523569023569034	1.7095663104767496
898	bound_geometry	0.26144781144781143	2.4965893362888485
898	receptor_only_geometry	0.3144612794612795	2.2479039759296757
899	bound_geometry	0.5588552188552188	1.4794535233335913
899	receptor_only_geometry	0.4855162738496072	1.5965668324922406
900	bound_geometry	0.6015488215488216	1.4226482444592985
900	receptor_only_geometry	0.47556116722783387	1.4401982798573234
901	bound_geometry	0.6011560044893378	1.624613260338402
901	receptor_only_geometry	0.4535970819304153	1.48647731023807
902	bound_geometry	0.3097979797979798	2.4657849043505298
902	receptor_only_geometry	0.6230920314253647	1.1805894660647391
903	bound_geometry	0.4529068462401796	1.7920569687493737
903	receptor_only_geometry	0.5195566778900113	1.4157968232775693
904	bound_geometry	0.43489337822671165	2.20833752355362
904	receptor_only_geometry	0.3056846240179574	1.6130029394134893
905	bound_geometry	0.5872727272727273	1.3456582212154078
905	receptor_only_geometry	0.702317620650954	1.0133836046430298
906	bound_geometry	0.6358024691358025	1.4493950005365215
906	receptor_only_geometry	0.4271997755331089	1.6512644705800845
907	bound_geometry	0.6369472502805836	1.4140980547226785
907	receptor_only_geometry	0.47218294051627385	1.7627356486058323
908	bound_geometry	0.5529180695847362	1.4199207293609482
908	receptor_only_geometry	0.4198484848484849	1.935050571153752
909	bound_geometry	0.48132435465768797	1.7233454196775038
909	receptor_only_geometry	0.3214870931537598	1.7445182103204433
910	bound_geometry	0.3984175084175085	1.7190291341376467
910	receptor_only_geometry	0.52496632996633	1.7725683715966918
911	bound_geometry	0.6957351290684622	1.0435331032700212
911	receptor_only_geometry	0.5416891133557801	1.5107347656095844
912	bound_geometry	0.4144332210998877	1.972078234263169
912	receptor_only_geometry	0.47722222222222227	1.5826341626476803
913	bound_geometry	0.43250280583613926	2.250110007249716
913	receptor_only_geometry	0.4471324354657688	1.6794601599080528
914	bound_geometry	0.5272727272727272	1.4121077660862222
914	receptor_only_geometry	0.46102693602693606	2.3165700187632856
915	bound_geometry	0.294601571268238	2.358612941784185
915	receptor_only_geometry	0.41085858585858587	2.3033903324998244
916	bound_geometry	0.42126823793490464	2.01329593637079
916	receptor_only_geometry	0.36814253647586986	1.5562869661348595
917	bound_geometry	0.4088776655443322	1.8382907508033028
917	receptor_only_geometry	0.19588664421997756	2.2038544145061865
918	bound_geometry	0.5214590347923681	1.3109429158167218
918	receptor_only_geometry	0.5063019079685747	1.5612317786572343
919	bound_geometry	0.38999999999999996	1.5945523276470643
919	receptor_only_geometry	0.4070763187429854	1.9033101046232563
920	bound_geometry	0.3041863075196409	1.9057451081506074
920	receptor_only_geometry	0.5186475869809204	1.4087817227800485
921	bound_geometry	0.4024017957351291	2.1620211709336226
921	receptor_only_geometry	0.41000561167227834	1.532531711095221
922	bound_geometry	0.42637485970819305	1.6165988850973614
922	receptor_only_geometry	0.3229236812570146	1.8928272804965727
923	bound_geometry	0.357317620650954	3.344762853409166
923	receptor_only_geometry	0.575796857463524	1.817719438759229
924	bound_geometry	0.6742424242424242	1.6688496304414342
924	receptor_only_geometry	0.4374579124579125	1.6181268816947818
925	bound_geometry	0.7600561167227835	1.0463810902288806
925	receptor_only_geometry	0.5941133557800226	1.1683587820392196
926	bound_geometry	0.4223569023569023	1.897063795491078
926	receptor_only_geometry	0.36140852974186305	1.6067983733071103
927	bound_geometry	0.5512008978675645	1.4794186612262687
927	receptor_only_geometry	0.44519079685746354	1.7386040220378833
928	bound_geometry	0.5021548821548821	1.396306690380506
928	receptor_only_geometry	0.652283950617284	1.0350873410767227
929	bound_geometry	0.5032996632996632	1.7556043826454881
929	receptor_only_geometry	0.4545847362514029	1.6939911909844938
930	bound_geometry	0.5521997755331088	1.901092750982354
930	receptor_only_geometry	0.41769360269360273	1.952674982504573
931	bound_geometry	0.4131425364758698	1.887782301210003
931	receptor_only_geometry	0.5705443322109988	1.2527692927526788
932	bound_geometry	0.3337822671156005	2.2520542523380396
932	receptor_only_geometry	0.27923120089786757	2.3023057398568882
933	bound_geometry	0.5331088664421998	1.635538975899549
933	receptor_only_geometry	0.40783950617283954	1.557887229930875
934	bound_geometry	0.5981705948372615	1.1687970763225655
934	receptor_only_geometry	0.5278731762065095	1.3891006404783008
935	bound_geometry	0.8045679012345679	0.8127848473296624
935	receptor_only_geometry	0.6664590347923681	1.114342885257467
936	bound_geometry	0.3926262626262626	1.56237077056739
936	receptor_only_geometry	0.5872334455667789	1.310531779490538
937	bound_geometry	0.3824242424242425	2.043602607699843
937	receptor_only_geometry	0.6510157126823793	1.165588108154958
938	bound_geometry	0.4315263748597082	1.4880236285258137
938	receptor_only_geometry	0.3275140291806959	2.3321256413735845
939	bound_geometry	0.5213131313131313	1.6567616018119389
939	receptor_only_geometry	0.41106060606060607	2.549334592650719
940	bound_geometry	0.604949494949495	1.3363320334967794
940	receptor_only_geometry	0.3299382716049382	1.6450731497842066
941	bound_geometry	0.5916273849607183	1.4837909990797447
941	receptor_only_geometry	0.46552749719416386	1.896493502279486
942	bound_geometry	0.5955443322109989	1.200411578619605
942	receptor_only_geometry	0.49745791245791243	1.3619113367681037
943	bound_geometry	0.5262065095398428	1.7032390266650446
943	receptor_only_geometry	0.6323737373737374	1.126594046074122
944	bound_geometry	0.3258922558922559	2.017808615077464
944	receptor_only_geometry	0.6394893378226711	1.0675413471155528
945	bound_geometry	0.4078002244668912	2.4176135173224904
945	receptor_only_geometry	0.5988047138047138	1.1960028189193221
946	bound_geometry	0.3750392817059484	2.114284498065255
946	receptor_only_geometry	0.6536980920314254	1.0345974910367515
947	bound_geometry	0.4607631874298541	2.2309428209847106
947	receptor_only_geometry	0.684337822671156	1.6531740577099403
948	bound_geometry	0.587384960718294	1.3936786692045569
948	receptor_only_geometry	0.31476430976430975	2.4186422433948405
949	bound_geometry	0.4491358024691358	2.1401776263143093
949	receptor_only_geometry	0.500084175084175	1.7426801017672182
950	bound_geometry	0.3951290684624018	1.789456826888088
950	receptor_only_geometry	0.6176374859708194	1.228139515475713
951	bound_geometry	0.3431986531986532	2.007637127275742
951	receptor_only_geometry	0.530712682379349	1.3606429471332455
952	bound_geometry	0.4993490460157126	1.5327310389407374
952	receptor_only_geometry	0.4321268237934905	2.35564248680817
953	bound_geometry	0.48558922558922557	1.6209271238296936
953	receptor_only_geometry	0.6510157126823793	1.2207344055877614
954	bound_geometry	0.4448597081930415	1.877861327203601
954	receptor_only_geometry	0.4665600448933782	2.2625410060351867
955	bound_geometry	0.6199102132435466	1.3826617556928154
955	receptor_only_geometry	0.6157856341189675	1.2725396483296147
956	bound_geometry	0.27241301907968574	2.276643061096834
956	receptor_only_geometry	0.5411391694725028	1.218712351500435
957	bound_geometry	0.627564534231201	1.3747282441353443
957	receptor_only_geometry	0.7632042648709315	0.8388499841328599
958	bound_geometry	0.4641526374859708	1.2559814074825348
958	receptor_only_geometry	0.2808473625140292	2.1758406348232504
959	bound_geometry	0.3621661054994389	1.7476132037911905
959	receptor_only_geometry	0.38242985409652075	1.7253745225218993
960	bound_geometry	0.4333221099887767	1.6625846748631565
960	receptor_only_geometry	0.6597811447811449	0.9617185418400281
961	bound_geometry	0.5446913580246914	1.485569263131174
961	receptor_only_geometry	0.44420314253647586	1.43166855396507
962	bound_geometry	0.46139169472502806	1.6111696637880282
962	receptor_only_geometry	0.6910830527497195	1.1262951356426119
963	bound_geometry	0.6034680134680134	1.3139458601456317
963	receptor_only_geometry	0.5423063973063974	1.2263624391298982
964	bound_geometry	0.4362177328843995	1.8523719006585018
964	receptor_only_geometry	0.35746913580246914	2.287692143273231
965	bound_geometry	0.41447811447811445	2.0228489026449212
965	receptor_only_geometry	0.5645735129068462	1.3373287046886115
966	bound_geometry	0.43031425364758696	2.3353244298457407
966	receptor_only_geometry	0.6649775533108867	1.0813805952683546
967	bound_geometry	0.5162738496071829	1.6329147834022628
967	receptor_only_geometry	0.44207070707070706	1.8436514803652608
968	bound_geometry	0.5875645342312009	1.2933039701638553
968	receptor_only_geometry	0.7565375982042649	0.8800618513060127
969	bound_geometry	0.5889001122334455	1.2002682722869156
969	receptor_only_geometry	0.6723288439955107	1.0654708381227853
970	bound_geometry	0.36959595959595953	1.834882981926875
970	receptor_only_geometry	0.44057800224466886	1.740324946535991
971	bound_geometry	0.5067452300785634	1.477562931922594
971	receptor_only_geometry	0.4217452300785634	1.8147215523181934
972	bound_geometry	0.6733557800224467	1.1966850421802966
972	receptor_only_geometry	0.5986139169472503	1.1204130506388574
973	bound_geometry	0.42973063973063974	1.9235879737538648
973	receptor_only_geometry	0.27425925925925926	2.0091979623682925
974	bound_geometry	0.44120089786756456	1.6004602200015579
974	receptor_only_geometry	0.32974747474747473	1.7755372918068313
975	bound_geometry	0.41683501683501695	1.6897766581576632
975	receptor_only_geometry	0.3826430976430976	1.9126161896805711
976	bound_geometry	0.46154882154882154	1.5223580018778502
976	receptor_only_geometry	0.5739337822671157	1.124494090404802
977	bound_geometry	0.5289674523007856	1.6034785228561725
977	receptor_only_geometry	0.39340628507295167	1.9835988332846273
978	bound_geometry	0.48988776655443317	1.7201914393654154
978	receptor_only_geometry	0.4926543209876543	1.8659466595264722
979	bound_geometry	0.4139955106621773	1.4577637806820554
979	receptor_only_geometry	0.4079068462401796	1.558994917748664
980	bound_geometry	0.4430415263748597	2.1548680202648938
980	receptor_only_geometry	0.4589842873176207	1.68902642129093
981	bound_geometry	0.5648484848484848	1.3061862414249896
981	receptor_only_geometry	0.32428170594837263	1.9554255262358198
982	bound_geometry	0.4663524130190797	2.436442168180218
982	receptor_only_geometry	0.564652076318743	1.278711750642382
983	bound_geometry	0.35315375982042646	1.9900646747351982
983	receptor_only_geometry	0.5095117845117846	1.3664121133998044
984	bound_geometry	0.33069584736251406	1.9035069577447075
984	receptor_only_geometry	0.44496632996632995	1.8204808152907341
985	bound_geometry	0.35307519640852975	2.0128025314438074
985	receptor_only_geometry	0.5154938271604937	1.6505191645714723
986	bound_geometry	0.31830527497194167	2.4846407659437073
986	receptor_only_geometry	0.7436868686868686	0.9075987386952564
987	bound_geometry	0.5199326599326599	1.7548493452620613
987	receptor_only_geometry	0.6301515151515151	1.1541592064642316
988	bound_geometry	0.5546576879910213	1.2827450341244504
988	receptor_only_geometry	0.5644949494949495	1.3998318512435106
989	bound_geometry	0.540976430976431	1.3684318663539234
989	receptor_only_geometry	0.5498484848484849	1.394457440007451
990	bound_geometry	0.5200112233445567	1.3665598110726649
990	receptor_only_geometry	0.522732884399551	1.3651714048466397
991	bound_geometry	0.7342985409652076	1.361210606234462
991	receptor_only_geometry	0.41409090909090907	1.7096541805966046
992	bound_geometry	0.7458922558922559	0.8743838863221108
992	receptor_only_geometry	0.3773905723905724	1.916151185651825
993	bound_geometry	0.30958473625140287	2.212585954882229
993	receptor_only_geometry	0.5013524130190796	1.2566091435909381
994	bound_geometry	0.3962962962962962	1.7048490679264272
994	receptor_only_geometry	0.5554152637485971	1.7346367072665527
995	bound_geometry	0.6135690235690235	1.3201729311170012
995	receptor_only_geometry	0.36868125701459037	2.102263197385877
996	bound_geometry	0.3184287317620651	2.2305428464491124
996	receptor_only_geometry	0.5165824915824916	1.2914940077671202
997	bound_geometry	0.5744668911335579	1.7685321214797622
997	receptor_only_geometry	0.5096464646464647	1.5799859139743995
998	bound_geometry	0.4840291806958474	1.8712519457030514
998	receptor_only_geometry	0.46462962962962967	1.4355619008170388
999	bound_geometry	0.5135465768799102	1.6235255250770324
999	receptor_only_geometry	0.45442760942760946	1.8036430830745556
