iteration	experiment	macro_roc_auc	log_loss
0	bound_geometry	0.3814102564102564	2.8993867602157937
0	receptor_only_geometry	0.42115384615384616	1.7940110024267868
1	bound_geometry	0.7121794871794872	1.0110344499701363
1	receptor_only_geometry	0.6785256410256411	1.1208929807909034
2	bound_geometry	0.5717948717948718	1.4096516017952032
2	receptor_only_geometry	0.35705128205128206	2.300643612220222
3	bound_geometry	0.43365384615384617	1.831823176086407
3	receptor_only_geometry	0.5756410256410257	1.3290452796141032
4	bound_geometry	0.40416666666666673	1.9834412552412926
4	receptor_only_geometry	0.4455128205128205	1.9745118697999464
5	bound_geometry	0.3974358974358975	1.7848320849274764
5	receptor_only_geometry	0.49775641025641026	1.4675731305328155
6	bound_geometry	0.6112179487179489	1.4134368228261198
6	receptor_only_geometry	0.5246794871794872	1.4476737813726823
7	bound_geometry	0.3766025641025641	2.2065055537146443
7	receptor_only_geometry	0.3942307692307692	1.6767839529329978
8	bound_geometry	0.6128205128205129	1.385176728165697
8	receptor_only_geometry	0.701602564102564	1.0197265336390733
9	bound_geometry	0.3326923076923077	2.027317785119565
9	receptor_only_geometry	0.4881410256410256	1.8367910975294128
10	bound_geometry	0.6990384615384615	1.2551417508770875
10	receptor_only_geometry	0.603525641025641	1.5909099311790447
11	bound_geometry	0.5974358974358974	1.7302157912019576
11	receptor_only_geometry	0.5455128205128205	1.1770053927066932
12	bound_geometry	0.4548076923076923	1.984717980364793
12	receptor_only_geometry	0.45737179487179486	1.7330592873558612
13	bound_geometry	0.6243589743589744	1.289614691557685
13	receptor_only_geometry	0.7407051282051281	1.030863195653511
14	bound_geometry	0.7294871794871796	0.9878543089473497
14	receptor_only_geometry	0.6435897435897435	1.1497030650985762
15	bound_geometry	0.5371794871794872	1.819449698322654
15	receptor_only_geometry	0.6201923076923076	1.2973888688122126
16	bound_geometry	0.6240384615384614	1.1258697881043904
16	receptor_only_geometry	0.5676282051282051	1.6398528048346694
17	bound_geometry	0.36346153846153845	2.2170443193459124
17	receptor_only_geometry	0.5490384615384616	1.960968688041401
18	bound_geometry	0.555128205128205	1.5923401520008351
18	receptor_only_geometry	0.45897435897435895	1.9072834914250625
19	bound_geometry	0.3253205128205128	1.9472594480230552
19	receptor_only_geometry	0.303525641025641	1.7850657643077115
20	bound_geometry	0.3490384615384616	2.0437750495262823
20	receptor_only_geometry	0.39967948717948715	1.631713916625029
21	bound_geometry	0.6407051282051283	1.2482122725981148
21	receptor_only_geometry	0.6086538461538461	1.1224061952872877
22	bound_geometry	0.36858974358974356	2.050835874160285
22	receptor_only_geometry	0.5057692307692307	1.656910263288784
23	bound_geometry	0.6086538461538461	1.468604062418454
23	receptor_only_geometry	0.521474358974359	1.4013405442406948
24	bound_geometry	0.5060897435897437	1.7465997300858385
24	receptor_only_geometry	0.5881410256410257	1.2725883236289413
25	bound_geometry	0.4923076923076923	1.7091881128733435
25	receptor_only_geometry	0.42467948717948717	2.195917565483035
26	bound_geometry	0.3891025641025641	2.2274628712015905
26	receptor_only_geometry	0.4019230769230769	2.0074423129277945
27	bound_geometry	0.3137820512820513	1.9200657897693425
27	receptor_only_geometry	0.32499999999999996	2.054172619631521
28	bound_geometry	0.4913461538461539	1.4005221163303492
28	receptor_only_geometry	0.4983974358974359	1.6808184691748322
29	bound_geometry	0.5810897435897436	1.4805908718506584
29	receptor_only_geometry	0.5028846153846154	1.361748731487313
30	bound_geometry	0.45737179487179486	1.5054703312022937
30	receptor_only_geometry	0.3365384615384615	2.4719928094176304
31	bound_geometry	0.3266025641025641	2.046828136663915
31	receptor_only_geometry	0.610897435897436	1.251063990826365
32	bound_geometry	0.6038461538461538	1.282409618971442
32	receptor_only_geometry	0.5413461538461538	1.623114698552228
33	bound_geometry	0.3153846153846154	2.1518949141320545
33	receptor_only_geometry	0.49198717948717946	1.7345058509990727
34	bound_geometry	0.6176282051282052	1.3608727437783188
34	receptor_only_geometry	0.4903846153846154	1.3736432561750815
35	bound_geometry	0.3737179487179487	2.4789757702613664
35	receptor_only_geometry	0.5403846153846154	1.5677063821471042
36	bound_geometry	0.4189102564102564	1.7985215105709864
36	receptor_only_geometry	0.4762820512820513	1.7940757432735264
37	bound_geometry	0.37916666666666665	2.4828294612118285
37	receptor_only_geometry	0.6878205128205127	0.9923568866555191
38	bound_geometry	0.49775641025641026	1.352859908178483
38	receptor_only_geometry	0.5666666666666667	3.106405027405413
39	bound_geometry	0.3	2.0007484083547586
39	receptor_only_geometry	0.45865384615384613	2.4827052536248617
40	bound_geometry	0.3974358974358974	1.8662949183205109
40	receptor_only_geometry	0.4461538461538462	2.372751784977487
41	bound_geometry	0.5801282051282052	1.3381942588120834
41	receptor_only_geometry	0.5772435897435897	1.2260897817237222
42	bound_geometry	0.42339743589743595	2.3067079733051856
42	receptor_only_geometry	0.6038461538461538	1.2665433478345771
43	bound_geometry	0.3810897435897436	1.9707429547795998
43	receptor_only_geometry	0.4692307692307692	1.4975074830222543
44	bound_geometry	0.4112179487179488	2.5805654400260685
44	receptor_only_geometry	0.3881410256410256	1.674235507960313
45	bound_geometry	0.48205128205128206	1.5869197734383371
45	receptor_only_geometry	0.5887820512820513	1.2181717385358615
46	bound_geometry	0.3769230769230769	1.9666921582209715
46	receptor_only_geometry	0.5532051282051281	1.6026608444305788
47	bound_geometry	0.45480769230769225	1.6962684476379506
47	receptor_only_geometry	0.43974358974358974	2.1164723754062233
48	bound_geometry	0.4573717948717948	1.8591113920043414
48	receptor_only_geometry	0.6746794871794872	0.9929084756362292
49	bound_geometry	0.5333333333333333	1.4733342712907411
49	receptor_only_geometry	0.3967948717948718	2.1526130009561566
50	bound_geometry	0.6538461538461539	1.322302449366577
50	receptor_only_geometry	0.6371794871794871	1.3630329042040668
51	bound_geometry	0.5698717948717948	1.5009732799551718
51	receptor_only_geometry	0.6746794871794872	1.0311631246923798
52	bound_geometry	0.601923076923077	1.332323870891389
52	receptor_only_geometry	0.594551282051282	1.2203152020654577
53	bound_geometry	0.4394230769230769	1.869011951834165
53	receptor_only_geometry	0.5657051282051282	1.1914952882669412
54	bound_geometry	0.532051282051282	1.4855772262093403
54	receptor_only_geometry	0.48685897435897435	1.6251283586802774
55	bound_geometry	0.296474358974359	2.452562763851357
55	receptor_only_geometry	0.37019230769230765	1.7631237218612303
56	bound_geometry	0.378525641025641	1.8477769616978708
56	receptor_only_geometry	0.5512820512820512	1.56017048553326
57	bound_geometry	0.6323717948717948	1.3024878283095662
57	receptor_only_geometry	0.43269230769230765	2.1780116608194877
58	bound_geometry	0.43301282051282053	2.3454094243637797
58	receptor_only_geometry	0.3778846153846154	1.9800216244410451
59	bound_geometry	0.4891025641025641	1.6925389923171519
59	receptor_only_geometry	0.5448717948717948	1.4053079688358536
60	bound_geometry	0.39326923076923076	2.2060874831307355
60	receptor_only_geometry	0.5592948717948718	1.426663608084407
61	bound_geometry	0.5064102564102564	1.5295649035052115
61	receptor_only_geometry	0.23076923076923075	2.0963808658077574
62	bound_geometry	0.4980769230769231	1.6770090235960544
62	receptor_only_geometry	0.5714743589743589	1.2735781913793758
63	bound_geometry	0.5544871794871796	1.5465937807114307
63	receptor_only_geometry	0.39487179487179486	1.845140574860348
64	bound_geometry	0.5644230769230769	1.3887536501468871
64	receptor_only_geometry	0.3887820512820513	1.6511896706461853
65	bound_geometry	0.5067307692307693	2.465591846757163
65	receptor_only_geometry	0.4980769230769231	1.577094615449652
66	bound_geometry	0.7012820512820513	0.9419594726623086
66	receptor_only_geometry	0.5855769230769231	1.8288055306814368
67	bound_geometry	0.49230769230769234	1.8970032991457468
67	receptor_only_geometry	0.48365384615384616	1.8340601815521305
68	bound_geometry	0.46858974358974365	1.896876815041414
68	receptor_only_geometry	0.39423076923076916	1.7402641729012192
69	bound_geometry	0.7067307692307692	1.0942091451133849
69	receptor_only_geometry	0.7929487179487179	0.8127505391531831
70	bound_geometry	0.5532051282051281	1.7983489869436933
70	receptor_only_geometry	0.5499999999999999	1.5982029891845788
71	bound_geometry	0.5076923076923077	1.3557870254977784
71	receptor_only_geometry	0.3294871794871795	2.2024254809267476
72	bound_geometry	0.41474358974358977	1.8495663546595504
72	receptor_only_geometry	0.40480769230769226	1.8666746471433981
73	bound_geometry	0.3891025641025641	1.8884009561014317
73	receptor_only_geometry	0.2689102564102564	1.845737037029951
74	bound_geometry	0.3875	1.6648128366205661
74	receptor_only_geometry	0.45	1.5836249855168687
75	bound_geometry	0.38301282051282054	1.8855276857880103
75	receptor_only_geometry	0.39230769230769225	2.282239410699902
76	bound_geometry	0.5391025641025641	1.752424943547967
76	receptor_only_geometry	0.5557692307692307	1.3318196774353241
77	bound_geometry	0.43301282051282053	1.9677672451962869
77	receptor_only_geometry	0.32019230769230766	2.970856371642106
78	bound_geometry	0.5586538461538462	1.4269346562826035
78	receptor_only_geometry	0.4375	1.9579759762477786
79	bound_geometry	0.40448717948717944	1.8244176923180575
79	receptor_only_geometry	0.4698717948717948	1.3263501734150964
80	bound_geometry	0.5387820512820513	1.3507607846298975
80	receptor_only_geometry	0.4881410256410256	1.5238657761666763
81	bound_geometry	0.5320512820512819	1.430305482908116
81	receptor_only_geometry	0.45384615384615384	1.883063725604517
82	bound_geometry	0.3842948717948718	2.1763673427805936
82	receptor_only_geometry	0.5016025641025641	1.7395745550331594
83	bound_geometry	0.49551282051282053	1.9255059693425285
83	receptor_only_geometry	0.26794871794871794	2.907158024353133
84	bound_geometry	0.6073717948717949	1.3949508899493668
84	receptor_only_geometry	0.49230769230769234	1.8108837309623493
85	bound_geometry	0.7057692307692308	1.0285491032856213
85	receptor_only_geometry	0.5538461538461539	1.5105175095274177
86	bound_geometry	0.42916666666666664	1.8258282228571565
86	receptor_only_geometry	0.4551282051282051	1.6195717174231297
87	bound_geometry	0.24294871794871795	2.5313939601007713
87	receptor_only_geometry	0.3246794871794872	2.4038052764919646
88	bound_geometry	0.3833333333333333	1.8723994928722187
88	receptor_only_geometry	0.3278846153846154	3.2244016437607725
89	bound_geometry	0.2740384615384615	2.774872299212154
89	receptor_only_geometry	0.5400641025641025	1.3993715332825776
90	bound_geometry	0.7788461538461539	0.9317619314478374
90	receptor_only_geometry	0.5791666666666667	1.5711471834604611
91	bound_geometry	0.4724358974358975	2.2093988894120122
91	receptor_only_geometry	0.5028846153846155	2.2127859516927426
92	bound_geometry	0.3461538461538461	1.9436185958214098
92	receptor_only_geometry	0.5461538461538461	1.283782211285552
93	bound_geometry	0.5365384615384615	1.6059095409991466
93	receptor_only_geometry	0.33749999999999997	2.2000830041401938
94	bound_geometry	0.5897435897435898	1.9128179079548842
94	receptor_only_geometry	0.630448717948718	1.4257806923672467
95	bound_geometry	0.6657051282051283	1.110652598343757
95	receptor_only_geometry	0.5730769230769232	1.3178328093340066
96	bound_geometry	0.47500000000000003	1.5059330907113484
96	receptor_only_geometry	0.4743589743589744	1.9037858642427716
97	bound_geometry	0.5939102564102564	1.3720977984417462
97	receptor_only_geometry	0.40993589743589737	1.8953877052056167
98	bound_geometry	0.26987179487179486	2.05442552972955
98	receptor_only_geometry	0.35544871794871796	2.8724135748730215
99	bound_geometry	0.4189102564102564	1.8803147946826708
99	receptor_only_geometry	0.471474358974359	1.6649617491694053
100	bound_geometry	0.5057692307692307	2.0128611902449056
100	receptor_only_geometry	0.5564102564102564	1.475875601780347
101	bound_geometry	0.41282051282051285	2.2003969661253233
101	receptor_only_geometry	0.4323717948717949	1.392835676076434
102	bound_geometry	0.6298076923076923	1.1364790576311838
102	receptor_only_geometry	0.5288461538461539	1.7043272289396592
103	bound_geometry	0.3826923076923077	2.2908415608097314
103	receptor_only_geometry	0.39038461538461533	2.0448409492513724
104	bound_geometry	0.5727564102564102	1.5152744220793324
104	receptor_only_geometry	0.6298076923076923	1.5271649339578335
105	bound_geometry	0.6221153846153845	1.1565045700466134
105	receptor_only_geometry	0.5826923076923077	2.0205311150838616
106	bound_geometry	0.43782051282051276	1.895272574492482
106	receptor_only_geometry	0.5157051282051283	1.7915511734636058
107	bound_geometry	0.48717948717948717	1.5878157205024932
107	receptor_only_geometry	0.6368589743589743	1.2855946838100534
108	bound_geometry	0.3128205128205128	2.074176345678834
108	receptor_only_geometry	0.42852564102564106	1.6847842308545224
109	bound_geometry	0.5115384615384616	1.3648669332688543
109	receptor_only_geometry	0.4067307692307692	1.4957341557636932
110	bound_geometry	0.553525641025641	1.7829335448129595
110	receptor_only_geometry	0.5435897435897435	1.4200307066276985
111	bound_geometry	0.31314102564102564	2.0957918624066987
111	receptor_only_geometry	0.3022435897435897	2.628343219168475
112	bound_geometry	0.4919871794871795	1.8452466975872497
112	receptor_only_geometry	0.5541666666666667	1.4221640119250298
113	bound_geometry	0.43076923076923074	2.1331847026816337
113	receptor_only_geometry	0.5471153846153847	1.2959977270769163
114	bound_geometry	0.4169871794871795	1.459653803655411
114	receptor_only_geometry	0.6118589743589744	1.4072069607154793
115	bound_geometry	0.742948717948718	1.0716190856658296
115	receptor_only_geometry	0.5599358974358974	1.4004074365106587
116	bound_geometry	0.514423076923077	1.4991705324106046
116	receptor_only_geometry	0.47884615384615387	1.961597974374287
117	bound_geometry	0.5022435897435898	1.9686109388487891
117	receptor_only_geometry	0.47852564102564105	2.8893038289882025
118	bound_geometry	0.44967948717948714	1.7139747668617327
118	receptor_only_geometry	0.35512820512820514	1.7468802497974103
119	bound_geometry	0.5266025641025641	1.6044665705765937
119	receptor_only_geometry	0.5730769230769232	1.338814015419572
120	bound_geometry	0.680128205128205	1.0747728498700022
120	receptor_only_geometry	0.3592948717948718	2.829914637453692
121	bound_geometry	0.5006410256410256	1.7154033426946549
121	receptor_only_geometry	0.5115384615384615	1.6989198850508767
122	bound_geometry	0.5871794871794872	1.5534516895871453
122	receptor_only_geometry	0.5836538461538462	1.3671354488598852
123	bound_geometry	0.4865384615384616	1.4578176093016946
123	receptor_only_geometry	0.31698717948717947	2.436798512372966
124	bound_geometry	0.42628205128205127	2.208809895798725
124	receptor_only_geometry	0.4807692307692308	1.9298901688091226
125	bound_geometry	0.4990384615384616	1.7508395329656503
125	receptor_only_geometry	0.45737179487179486	1.6286444321081355
126	bound_geometry	0.41282051282051285	1.8993642500844308
126	receptor_only_geometry	0.5048076923076923	1.8171601734019087
127	bound_geometry	0.5051282051282051	1.9977933748821342
127	receptor_only_geometry	0.5121794871794871	1.5026734654518465
128	bound_geometry	0.21025641025641026	2.3360510930915095
128	receptor_only_geometry	0.283974358974359	2.7230478838909757
129	bound_geometry	0.6019230769230769	1.3830768322365783
129	receptor_only_geometry	0.5323717948717949	1.7478581799684987
130	bound_geometry	0.4932692307692308	2.609522548265807
130	receptor_only_geometry	0.5637820512820513	1.7175427885508907
131	bound_geometry	0.3269230769230769	2.0201377923938715
131	receptor_only_geometry	0.6028846153846154	1.2729516827092207
132	bound_geometry	0.5842948717948718	1.3195663429960403
132	receptor_only_geometry	0.4826923076923077	1.9417366420570856
133	bound_geometry	0.5237179487179487	1.7207174950672284
133	receptor_only_geometry	0.5493589743589743	1.8129500056616896
134	bound_geometry	0.521474358974359	1.1737770461542292
134	receptor_only_geometry	0.3448717948717948	1.7915080020567464
135	bound_geometry	0.3548076923076923	2.43669425478383
135	receptor_only_geometry	0.5794871794871795	1.6113848804170037
136	bound_geometry	0.5198717948717949	1.5193758611666253
136	receptor_only_geometry	0.4157051282051281	2.171414336569301
137	bound_geometry	0.5496794871794871	1.6182160634873937
137	receptor_only_geometry	0.4624999999999999	1.7805136367132504
138	bound_geometry	0.40801282051282045	1.807676839088652
138	receptor_only_geometry	0.358974358974359	1.7446777723150968
139	bound_geometry	0.4471153846153846	1.7277788765481241
139	receptor_only_geometry	0.45737179487179486	1.5052682619560205
140	bound_geometry	0.3958333333333333	1.8488735828411795
140	receptor_only_geometry	0.42532051282051286	1.638043171130555
141	bound_geometry	0.4512820512820513	1.586248454642969
141	receptor_only_geometry	0.5471153846153846	1.7522601886906455
142	bound_geometry	0.5439102564102565	1.4844235728442372
142	receptor_only_geometry	0.5394230769230769	1.4162262850399272
143	bound_geometry	0.5544871794871794	1.418072491843882
143	receptor_only_geometry	0.4679487179487179	1.5587738285959332
144	bound_geometry	0.5416666666666667	1.3501099538229004
144	receptor_only_geometry	0.7996794871794872	0.7972755615738598
145	bound_geometry	0.4875	1.5661370557524499
145	receptor_only_geometry	0.49230769230769234	1.599804320882481
146	bound_geometry	0.6842948717948718	1.1178313805905915
146	receptor_only_geometry	0.45865384615384625	2.118115064354639
147	bound_geometry	0.2894230769230769	2.2414718588430245
147	receptor_only_geometry	0.4124999999999999	1.943970438108858
148	bound_geometry	0.4977564102564102	1.619950371624664
148	receptor_only_geometry	0.5775641025641026	1.5706828007820839
149	bound_geometry	0.3480769230769231	1.8828207758020445
149	receptor_only_geometry	0.29134615384615387	2.2558990565427486
150	bound_geometry	0.7028846153846154	1.1831444911526894
150	receptor_only_geometry	0.6602564102564102	1.1237769089161724
151	bound_geometry	0.4365384615384615	1.4535754974860364
151	receptor_only_geometry	0.5224358974358975	1.3301313932469445
152	bound_geometry	0.4083333333333334	1.553487656375487
152	receptor_only_geometry	0.517948717948718	1.6532542881836545
153	bound_geometry	0.42788461538461536	1.8120745842812616
153	receptor_only_geometry	0.3237179487179487	2.2459025022022288
154	bound_geometry	0.632371794871795	1.2197103848872763
154	receptor_only_geometry	0.27499999999999997	2.927612474076985
155	bound_geometry	0.6775641025641025	1.061547724360271
155	receptor_only_geometry	0.4583333333333333	2.0865013799775456
156	bound_geometry	0.42403846153846153	1.829232725404678
156	receptor_only_geometry	0.6878205128205129	1.1525008840062392
157	bound_geometry	0.6532051282051282	1.3607095821436814
157	receptor_only_geometry	0.6076923076923076	1.7539007149904475
158	bound_geometry	0.6759615384615385	1.0474326200261073
158	receptor_only_geometry	0.5676282051282051	1.6631856718995555
159	bound_geometry	0.7647435897435897	0.851496829742683
159	receptor_only_geometry	0.5608974358974359	1.2096996153191948
160	bound_geometry	0.25224358974358974	2.5401314051270156
160	receptor_only_geometry	0.38173076923076926	1.8979583907492743
161	bound_geometry	0.4576923076923077	1.599184227169699
161	receptor_only_geometry	0.6381410256410257	1.1474811275320524
162	bound_geometry	0.5778846153846153	1.36218714594856
162	receptor_only_geometry	0.471474358974359	1.2838769241666967
163	bound_geometry	0.4826923076923077	1.6614787822447261
163	receptor_only_geometry	0.503525641025641	1.3724757254450748
164	bound_geometry	0.24391025641025635	2.9213677804090614
164	receptor_only_geometry	0.4987179487179487	1.361070670171366
165	bound_geometry	0.25608974358974357	2.0490270364788956
165	receptor_only_geometry	0.5083333333333333	1.7488377397627155
166	bound_geometry	0.432051282051282	1.6831488147459517
166	receptor_only_geometry	0.5391025641025641	1.2601734920065852
167	bound_geometry	0.3942307692307692	1.987251293504673
167	receptor_only_geometry	0.4490384615384615	1.6390621714806473
168	bound_geometry	0.2807692307692307	2.2519251535174365
168	receptor_only_geometry	0.46410256410256406	1.6455954850898893
169	bound_geometry	0.4560897435897435	1.4879307600541367
169	receptor_only_geometry	0.2798076923076923	2.5148483360442757
170	bound_geometry	0.5596153846153846	1.2929038569160298
170	receptor_only_geometry	0.45576923076923076	1.6787958348031846
171	bound_geometry	0.5490384615384615	1.614516063269249
171	receptor_only_geometry	0.625	1.1426498231958673
172	bound_geometry	0.4115384615384616	2.3083681442826847
172	receptor_only_geometry	0.4823717948717949	1.4255991671095845
173	bound_geometry	0.39487179487179486	1.7845823658325217
173	receptor_only_geometry	0.5429487179487179	2.252015500721558
174	bound_geometry	0.5701923076923077	1.6838464646632392
174	receptor_only_geometry	0.4881410256410257	1.862511185645055
175	bound_geometry	0.6919871794871795	1.1030023257075579
175	receptor_only_geometry	0.5384615384615384	1.6196070031803673
176	bound_geometry	0.26346153846153847	2.091362458854306
176	receptor_only_geometry	0.4676282051282051	1.7607367383787804
177	bound_geometry	0.5269230769230769	1.7186743624451783
177	receptor_only_geometry	0.33237179487179486	3.355635257345229
178	bound_geometry	0.4201923076923077	2.1903776571024336
178	receptor_only_geometry	0.533974358974359	1.493809764734442
179	bound_geometry	0.6198717948717948	1.5140308419068391
179	receptor_only_geometry	0.7275641025641025	0.9468494422633688
180	bound_geometry	0.45480769230769225	1.645017298197506
180	receptor_only_geometry	0.6538461538461539	1.0909130912830876
181	bound_geometry	0.701602564102564	1.0909130027262386
181	receptor_only_geometry	0.5849358974358974	1.176569857390974
182	bound_geometry	0.3458333333333334	2.001494949355027
182	receptor_only_geometry	0.4913461538461539	1.77848758097572
183	bound_geometry	0.6564102564102564	1.0822624572524429
183	receptor_only_geometry	0.5221153846153846	1.7808039445038355
184	bound_geometry	0.5846153846153846	1.279613822484119
184	receptor_only_geometry	0.47243589743589737	2.9524848572608895
185	bound_geometry	0.38397435897435894	2.09887682170246
185	receptor_only_geometry	0.4746794871794872	1.6318309012233898
186	bound_geometry	0.6599358974358974	1.2769413021601825
186	receptor_only_geometry	0.5939102564102564	1.2089610154445365
187	bound_geometry	0.6429487179487179	1.359400678329335
187	receptor_only_geometry	0.6092948717948717	1.3882582011364069
188	bound_geometry	0.7028846153846153	1.1210107710928858
188	receptor_only_geometry	0.3580128205128205	1.8177718373982463
189	bound_geometry	0.2086538461538461	2.850641436766025
189	receptor_only_geometry	0.3125	2.3913305681488413
190	bound_geometry	0.3958333333333333	1.8636916431306203
190	receptor_only_geometry	0.5362179487179487	1.6099875979646325
191	bound_geometry	0.46410256410256406	2.009798329496963
191	receptor_only_geometry	0.5048076923076924	1.7009085287358563
192	bound_geometry	0.47532051282051285	1.5672991024571639
192	receptor_only_geometry	0.42820512820512824	1.5059394736877454
193	bound_geometry	0.530448717948718	1.7292682758962297
193	receptor_only_geometry	0.37243589743589745	1.992823138348785
194	bound_geometry	0.36378205128205127	1.9323211964679392
194	receptor_only_geometry	0.514102564102564	1.7391900010974384
195	bound_geometry	0.3717948717948718	1.773129660771216
195	receptor_only_geometry	0.4467948717948718	1.8400558026905693
196	bound_geometry	0.6592948717948718	1.2834126045211722
196	receptor_only_geometry	0.44487179487179485	1.8255355893331837
197	bound_geometry	0.4612179487179487	1.4375307330279656
197	receptor_only_geometry	0.4551282051282051	1.5468379878455565
198	bound_geometry	0.3298076923076923	2.3378641025079507
198	receptor_only_geometry	0.45865384615384613	1.8604407947999344
199	bound_geometry	0.3769230769230769	1.906061085780382
199	receptor_only_geometry	0.3166666666666667	2.4707582205286034
200	bound_geometry	0.5875	1.2809620184325963
200	receptor_only_geometry	0.3612179487179487	2.9040256817917047
201	bound_geometry	0.4057692307692307	1.8737633233367863
201	receptor_only_geometry	0.4650641025641025	1.6794157765572726
202	bound_geometry	0.24262820512820513	2.0183045057013436
202	receptor_only_geometry	0.44519230769230766	2.028585088787425
203	bound_geometry	0.19615384615384615	2.328121742047318
203	receptor_only_geometry	0.33205128205128204	4.036737791802057
204	bound_geometry	0.31826923076923075	2.0975034378720827
204	receptor_only_geometry	0.3301282051282051	2.13808720745964
205	bound_geometry	0.4150641025641026	2.0514841177537897
205	receptor_only_geometry	0.5163461538461539	1.3585341033159564
206	bound_geometry	0.3923076923076923	1.5308817494152107
206	receptor_only_geometry	0.5237179487179487	1.846888595122599
207	bound_geometry	0.33910256410256406	1.9615207852242023
207	receptor_only_geometry	0.46025641025641023	2.5772255656084937
208	bound_geometry	0.5743589743589744	1.6677744922215072
208	receptor_only_geometry	0.3663461538461539	2.166941272084046
209	bound_geometry	0.5897435897435898	1.2651589626765225
209	receptor_only_geometry	0.46217948717948715	1.7426140790038083
210	bound_geometry	0.5496794871794872	1.5720556213437442
210	receptor_only_geometry	0.6679487179487179	1.154770907073182
211	bound_geometry	0.5022435897435898	1.4022583348117406
211	receptor_only_geometry	0.5923076923076923	1.1924122814877915
212	bound_geometry	0.673397435897436	1.0484673203145418
212	receptor_only_geometry	0.4275641025641026	2.447446449195495
213	bound_geometry	0.5317307692307692	1.583447838473868
213	receptor_only_geometry	0.5589743589743589	1.35132497032951
214	bound_geometry	0.4903846153846154	1.5201792120477076
214	receptor_only_geometry	0.32884615384615384	2.0057697916973387
215	bound_geometry	0.7317307692307692	1.0409206763072962
215	receptor_only_geometry	0.6070512820512821	1.1762138195655791
216	bound_geometry	0.5217948717948718	1.7231125198496444
216	receptor_only_geometry	0.5118589743589744	1.4445325996339389
217	bound_geometry	0.6775641025641025	0.9979544359246592
217	receptor_only_geometry	0.3282051282051282	1.8201217500318236
218	bound_geometry	0.49775641025641026	1.411367001785977
218	receptor_only_geometry	0.32179487179487176	2.9415640250001576
219	bound_geometry	0.6647435897435897	1.0592709447834425
219	receptor_only_geometry	0.6868589743589744	0.97261862122563
220	bound_geometry	0.31826923076923075	2.344565308760549
220	receptor_only_geometry	0.6749999999999999	1.2496006234513877
221	bound_geometry	0.7528846153846155	0.8940244759377382
221	receptor_only_geometry	0.3929487179487179	2.373308706924892
222	bound_geometry	0.29903846153846153	2.2692989060249484
222	receptor_only_geometry	0.5788461538461538	1.2329585156473832
223	bound_geometry	0.4634615384615384	1.7347494232640281
223	receptor_only_geometry	0.4173076923076922	1.8600673387082998
224	bound_geometry	0.5394230769230769	1.3727106201073558
224	receptor_only_geometry	0.5115384615384616	2.119235504350028
225	bound_geometry	0.5355769230769231	1.9304666472122283
225	receptor_only_geometry	0.6445512820512821	1.1083560538481771
226	bound_geometry	0.49999999999999994	1.335100278691201
226	receptor_only_geometry	0.6932692307692307	1.4902137379969864
227	bound_geometry	0.41762820512820514	2.049126605817678
227	receptor_only_geometry	0.5272435897435898	1.9344800347612912
228	bound_geometry	0.45705128205128204	1.5934071413492017
228	receptor_only_geometry	0.3022435897435897	3.2005284519889816
229	bound_geometry	0.7346153846153847	0.9873005509551288
229	receptor_only_geometry	0.5894230769230769	1.1808789170278988
230	bound_geometry	0.39935897435897433	1.9110927970685572
230	receptor_only_geometry	0.5916666666666667	1.3109305479603133
231	bound_geometry	0.3461538461538461	2.1340255385835794
231	receptor_only_geometry	0.5368589743589745	1.8065265048571217
232	bound_geometry	0.6596153846153846	1.1156706492431694
232	receptor_only_geometry	0.39006410256410257	2.0325600500187733
233	bound_geometry	0.39134615384615384	1.9915396529872034
233	receptor_only_geometry	0.4134615384615385	2.099744290067132
234	bound_geometry	0.528525641025641	1.4022993289196832
234	receptor_only_geometry	0.391025641025641	3.052341330720976
235	bound_geometry	0.36089743589743595	1.7534518345074603
235	receptor_only_geometry	0.35000000000000003	2.295191881739992
236	bound_geometry	0.6060897435897437	1.4146781575533944
236	receptor_only_geometry	0.3384615384615384	2.1866338622599426
237	bound_geometry	0.3612179487179487	1.9878376952213048
237	receptor_only_geometry	0.3157051282051282	2.256979506333241
238	bound_geometry	0.49519230769230765	1.79314625054358
238	receptor_only_geometry	0.8362179487179486	0.7169409150001923
239	bound_geometry	0.32083333333333336	2.1490199889791812
239	receptor_only_geometry	0.328525641025641	2.664867941611543
240	bound_geometry	0.5032051282051282	1.4972440796255713
240	receptor_only_geometry	0.47371794871794864	1.542426919939109
241	bound_geometry	0.6621794871794872	1.2459342312282746
241	receptor_only_geometry	0.5637820512820513	1.5516414944496004
242	bound_geometry	0.6003205128205128	1.354102729547592
242	receptor_only_geometry	0.3592948717948718	2.678148473436897
243	bound_geometry	0.619551282051282	1.2530985833322132
243	receptor_only_geometry	0.6291666666666668	1.2363075695528516
244	bound_geometry	0.3942307692307692	1.7972933997698088
244	receptor_only_geometry	0.4711538461538461	1.6169733089778695
245	bound_geometry	0.30737179487179483	2.1393756424255344
245	receptor_only_geometry	0.38301282051282054	1.773704366625485
246	bound_geometry	0.6086538461538461	1.3676997577901284
246	receptor_only_geometry	0.5519230769230768	1.3551554754236195
247	bound_geometry	0.5935897435897436	1.2929308714153853
247	receptor_only_geometry	0.6653846153846154	1.0840374443420933
248	bound_geometry	0.5583333333333332	1.3154000100346177
248	receptor_only_geometry	0.6560897435897436	1.005487716870845
249	bound_geometry	0.5099358974358974	1.9989843264997944
249	receptor_only_geometry	0.4810897435897436	1.7585333979673112
250	bound_geometry	0.38846153846153847	2.2354779516155228
250	receptor_only_geometry	0.3708333333333333	1.9217722358045413
251	bound_geometry	0.40128205128205124	2.287146866077837
251	receptor_only_geometry	0.3362179487179488	2.1865688992132295
252	bound_geometry	0.4625000000000001	1.8952090308821643
252	receptor_only_geometry	0.5974358974358974	1.1378101199474615
253	bound_geometry	0.6493589743589744	1.133188032587877
253	receptor_only_geometry	0.4275641025641026	2.17716133505355
254	bound_geometry	0.4858974358974359	1.596316251709209
254	receptor_only_geometry	0.5086538461538462	1.5222207052765544
255	bound_geometry	0.6275641025641026	1.7019747348399197
255	receptor_only_geometry	0.5067307692307693	1.280987943463547
256	bound_geometry	0.4714743589743589	1.4975602044706475
256	receptor_only_geometry	0.3666666666666667	2.0417458903114993
257	bound_geometry	0.4903846153846154	1.6913712228897926
257	receptor_only_geometry	0.6522435897435898	1.403511450294388
258	bound_geometry	0.5727564102564103	1.37067353571293
258	receptor_only_geometry	0.3919871794871794	1.6470550462464952
259	bound_geometry	0.47692307692307695	1.6354558139545454
259	receptor_only_geometry	0.40128205128205124	1.9065653040691484
260	bound_geometry	0.3958333333333333	1.5189972478048508
260	receptor_only_geometry	0.35160256410256413	2.7372103954500964
261	bound_geometry	0.49967948717948724	1.926441715322948
261	receptor_only_geometry	0.6608974358974359	1.1372197124898564
262	bound_geometry	0.40064102564102555	2.2258475190493607
262	receptor_only_geometry	0.6176282051282052	1.3918116918989236
263	bound_geometry	0.4003205128205128	1.999843840087867
263	receptor_only_geometry	0.3907051282051282	2.4046820058408853
264	bound_geometry	0.7102564102564103	1.68591776956547
264	receptor_only_geometry	0.4971153846153846	1.42850235295385
265	bound_geometry	0.48782051282051286	1.42196365276767
265	receptor_only_geometry	0.29006410256410253	2.465608584540758
266	bound_geometry	0.22724358974358974	2.874417874015405
266	receptor_only_geometry	0.21955128205128202	4.61926522680663
267	bound_geometry	0.655448717948718	1.2250734660770701
267	receptor_only_geometry	0.7673076923076924	0.8188149675955135
268	bound_geometry	0.5160256410256411	1.3919397485754332
268	receptor_only_geometry	0.5634615384615386	1.3003857179436935
269	bound_geometry	0.37852564102564107	2.3236114549829168
269	receptor_only_geometry	0.40448717948717955	1.9334814657063133
270	bound_geometry	0.7112179487179487	1.00662035059891
270	receptor_only_geometry	0.5875	1.2891494954223393
271	bound_geometry	0.40608974358974353	1.7472777192644726
271	receptor_only_geometry	0.6246794871794873	1.1614310641650856
272	bound_geometry	0.4301282051282051	1.5276652545465774
272	receptor_only_geometry	0.5628205128205128	1.519951610885427
273	bound_geometry	0.603525641025641	1.4085158908951703
273	receptor_only_geometry	0.4650641025641025	1.4960452129786848
274	bound_geometry	0.3099358974358974	2.1559121643494095
274	receptor_only_geometry	0.27307692307692305	2.2702446086843153
275	bound_geometry	0.5804487179487179	1.480946998297271
275	receptor_only_geometry	0.4342948717948718	1.5951865505570173
276	bound_geometry	0.2996794871794872	1.9946507478236084
276	receptor_only_geometry	0.5458333333333333	1.4207376198645771
277	bound_geometry	0.44262820512820517	1.6093242974465818
277	receptor_only_geometry	0.35705128205128206	2.928024599492994
278	bound_geometry	0.5032051282051282	1.5338206193084714
278	receptor_only_geometry	0.5608974358974358	1.3165094935761363
279	bound_geometry	0.5778846153846154	1.3095170735844266
279	receptor_only_geometry	0.4820512820512821	1.3834292129620311
280	bound_geometry	0.5689102564102563	1.4372697527809606
280	receptor_only_geometry	0.616025641025641	1.2206862711772677
281	bound_geometry	0.6650641025641025	1.1895122965358145
281	receptor_only_geometry	0.5894230769230769	1.172306685557964
282	bound_geometry	0.742948717948718	0.9688998842825077
282	receptor_only_geometry	0.49615384615384617	2.577880361017596
283	bound_geometry	0.6426282051282051	1.139405013101936
283	receptor_only_geometry	0.3243589743589744	2.059453355967488
284	bound_geometry	0.6192307692307693	1.2550891208037378
284	receptor_only_geometry	0.6173076923076923	1.4857969811710914
285	bound_geometry	0.5442307692307693	1.5782133637989408
285	receptor_only_geometry	0.657051282051282	1.1512685038494026
286	bound_geometry	0.47371794871794876	1.5848290379007084
286	receptor_only_geometry	0.4455128205128205	2.5077144940640936
287	bound_geometry	0.41442307692307684	1.5537290255438756
287	receptor_only_geometry	0.45224358974358975	1.7144089918515701
288	bound_geometry	0.45865384615384613	1.5200627989793398
288	receptor_only_geometry	0.2955128205128205	2.7544045093059406
289	bound_geometry	0.7676282051282052	0.9078372853594276
289	receptor_only_geometry	0.7102564102564104	1.0197512661129549
290	bound_geometry	0.4512820512820513	1.6981628703963385
290	receptor_only_geometry	0.6522435897435898	1.048041158706322
291	bound_geometry	0.6397435897435897	1.3076172206094911
291	receptor_only_geometry	0.3868589743589744	2.179252461224507
292	bound_geometry	0.5349358974358975	1.5370895177872144
292	receptor_only_geometry	0.4477564102564103	2.0144328356749943
293	bound_geometry	0.7288461538461539	1.0247242858775172
293	receptor_only_geometry	0.6317307692307693	1.143605121374946
294	bound_geometry	0.3541666666666667	1.9758632746900118
294	receptor_only_geometry	0.5102564102564102	2.2328003812046475
295	bound_geometry	0.7560897435897435	0.9870960783038433
295	receptor_only_geometry	0.6823717948717949	1.0384269343140238
296	bound_geometry	0.5307692307692308	1.9501751295369916
296	receptor_only_geometry	0.5012820512820513	1.4056138055958494
297	bound_geometry	0.3833333333333333	1.7360062717264064
297	receptor_only_geometry	0.40608974358974365	2.451018323944418
298	bound_geometry	0.39967948717948715	1.7607887382858498
298	receptor_only_geometry	0.4493589743589744	1.648502062084744
299	bound_geometry	0.8044871794871794	0.8454464055786591
299	receptor_only_geometry	0.6929487179487178	0.9259292740863511
300	bound_geometry	0.45416666666666666	1.8619205239155023
300	receptor_only_geometry	0.21506410256410255	2.82388458867791
301	bound_geometry	0.3669871794871795	2.0032582217400443
301	receptor_only_geometry	0.5532051282051281	1.4486379336610868
302	bound_geometry	0.4307692307692308	1.581285674356569
302	receptor_only_geometry	0.4448717948717949	1.9363178503783962
303	bound_geometry	0.375	2.094245962391253
303	receptor_only_geometry	0.46025641025641023	3.7012260539824116
304	bound_geometry	0.6775641025641025	0.9965175850823288
304	receptor_only_geometry	0.7195512820512819	0.9345195078176768
305	bound_geometry	0.42532051282051286	1.629668453063095
305	receptor_only_geometry	0.3211538461538462	1.7607693136451648
306	bound_geometry	0.6342948717948719	1.6025922291658665
306	receptor_only_geometry	0.610576923076923	2.5840097845174435
307	bound_geometry	0.3817307692307692	1.7497948525221239
307	receptor_only_geometry	0.5605769230769232	1.2829639684305838
308	bound_geometry	0.341025641025641	1.906321315372048
308	receptor_only_geometry	0.42820512820512824	2.1142887498298624
309	bound_geometry	0.3951923076923077	1.9265319011788347
309	receptor_only_geometry	0.6224358974358974	1.328536711488082
310	bound_geometry	0.4496794871794872	1.4518209764467735
310	receptor_only_geometry	0.22692307692307692	2.0726410441449694
311	bound_geometry	0.47019230769230774	1.7251745337250273
311	receptor_only_geometry	0.433974358974359	1.7788193216331958
312	bound_geometry	0.5189102564102563	1.5288628541587572
312	receptor_only_geometry	0.4676282051282051	1.940485585475655
313	bound_geometry	0.4852564102564103	1.816450479014926
313	receptor_only_geometry	0.2791666666666666	2.516033445505673
314	bound_geometry	0.4099358974358975	2.6784723799849544
314	receptor_only_geometry	0.6301282051282051	1.189285352567493
315	bound_geometry	0.6692307692307692	1.3498152320623316
315	receptor_only_geometry	0.5342948717948718	1.4629961460574898
316	bound_geometry	0.607051282051282	1.9590410965051772
316	receptor_only_geometry	0.5426282051282052	1.5745751083652206
317	bound_geometry	0.5522435897435898	1.5148941816229267
317	receptor_only_geometry	0.48397435897435903	3.265404025246748
318	bound_geometry	0.6410256410256411	1.2549272215924137
318	receptor_only_geometry	0.6032051282051282	1.3522806444259414
319	bound_geometry	0.5019230769230769	1.6872322517938334
319	receptor_only_geometry	0.5967948717948718	1.4130432083737736
320	bound_geometry	0.6333333333333333	1.3751647867256236
320	receptor_only_geometry	0.43429487179487175	1.801193689874836
321	bound_geometry	0.4990384615384616	1.7705176034657524
321	receptor_only_geometry	0.666025641025641	1.0727726159233706
322	bound_geometry	0.39134615384615384	2.226166738803734
322	receptor_only_geometry	0.42980769230769234	1.8349528027931339
323	bound_geometry	0.3564102564102564	1.917307192862769
323	receptor_only_geometry	0.3560897435897436	2.3237604856197263
324	bound_geometry	0.7064102564102565	1.1056926606737332
324	receptor_only_geometry	0.6233974358974358	1.2754921162603488
325	bound_geometry	0.29423076923076924	3.066838236204896
325	receptor_only_geometry	0.3016025641025641	2.5277044868899
326	bound_geometry	0.30256410256410254	2.0435425831073837
326	receptor_only_geometry	0.7782051282051282	0.7784701733040621
327	bound_geometry	0.3855769230769231	1.8952047663677325
327	receptor_only_geometry	0.3868589743589743	2.0108814500284575
328	bound_geometry	0.403525641025641	1.810455761737946
328	receptor_only_geometry	0.48878205128205127	1.7056085009941149
329	bound_geometry	0.47371794871794876	1.4079476514099154
329	receptor_only_geometry	0.36923076923076925	1.668835323847191
330	bound_geometry	0.5108974358974359	1.528949207927009
330	receptor_only_geometry	0.3211538461538461	1.7091022252135415
331	bound_geometry	0.7314102564102564	0.9890687281071978
331	receptor_only_geometry	0.5820512820512821	1.5125438723157538
332	bound_geometry	0.34711538461538455	2.454667230961265
332	receptor_only_geometry	0.516025641025641	1.5186671431148469
333	bound_geometry	0.6532051282051282	1.0770807221458925
333	receptor_only_geometry	0.5785256410256411	1.4577185422016201
334	bound_geometry	0.5038461538461538	1.5785756869511365
334	receptor_only_geometry	0.4881410256410256	1.5756163574199027
335	bound_geometry	0.669871794871795	1.083401411317747
335	receptor_only_geometry	0.6262820512820513	1.044890728605697
336	bound_geometry	0.8961538461538462	0.6334631962720549
336	receptor_only_geometry	0.6894230769230769	1.0829175882822517
337	bound_geometry	0.507051282051282	1.6291792800314906
337	receptor_only_geometry	0.4054487179487179	1.7089330128527846
338	bound_geometry	0.39230769230769225	1.94910526715298
338	receptor_only_geometry	0.5983974358974359	1.7485670559693485
339	bound_geometry	0.5429487179487179	1.336110948986158
339	receptor_only_geometry	0.5227564102564103	1.4791634514726244
340	bound_geometry	0.5118589743589744	1.3004469969443457
340	receptor_only_geometry	0.5435897435897435	1.4185772629118338
341	bound_geometry	0.6141025641025641	1.3694202893035812
341	receptor_only_geometry	0.6317307692307693	1.1940735464751613
342	bound_geometry	0.4387820512820513	1.5415305546114866
342	receptor_only_geometry	0.5057692307692307	1.595351351972566
343	bound_geometry	0.5057692307692307	1.7112998114375368
343	receptor_only_geometry	0.40769230769230774	1.8755260330282246
344	bound_geometry	0.5342948717948718	1.451625362602458
344	receptor_only_geometry	0.514102564102564	1.4061610404484959
345	bound_geometry	0.516025641025641	1.3555168847327361
345	receptor_only_geometry	0.3330128205128205	2.147997982787023
346	bound_geometry	0.3137820512820513	2.2721654114295102
346	receptor_only_geometry	0.47179487179487173	2.114811260788473
347	bound_geometry	0.3195512820512821	2.277484043726264
347	receptor_only_geometry	0.6448717948717949	1.2837344350163067
348	bound_geometry	0.48044871794871796	1.6022571285125728
348	receptor_only_geometry	0.45256410256410257	2.1433011404668862
349	bound_geometry	0.40641025641025647	2.122258209805304
349	receptor_only_geometry	0.4102564102564103	1.5994334920650632
350	bound_geometry	0.6509615384615385	1.2012757472378057
350	receptor_only_geometry	0.5112179487179487	2.101190503206976
351	bound_geometry	0.2637820512820513	1.9645360872965927
351	receptor_only_geometry	0.43974358974358974	3.002011918414499
352	bound_geometry	0.5464743589743589	1.5548183195837382
352	receptor_only_geometry	0.4198717948717949	2.0726743265944756
353	bound_geometry	0.32371794871794873	1.7072584206034773
353	receptor_only_geometry	0.43141025641025643	2.01550559067016
354	bound_geometry	0.7503205128205129	0.8654634923391288
354	receptor_only_geometry	0.6086538461538461	1.200925649141002
355	bound_geometry	0.26506410256410257	2.657066817202786
355	receptor_only_geometry	0.33717948717948715	3.255761265068708
356	bound_geometry	0.3560897435897436	2.7717925980315012
356	receptor_only_geometry	0.5775641025641026	1.2790280336065911
357	bound_geometry	0.6333333333333334	1.3321059563689208
357	receptor_only_geometry	0.40448717948717944	1.930755466238845
358	bound_geometry	0.46858974358974365	1.7725263332175427
358	receptor_only_geometry	0.483974358974359	1.5697600485983598
359	bound_geometry	0.4663461538461539	1.94523170809689
359	receptor_only_geometry	0.4560897435897436	1.7834496460971083
360	bound_geometry	0.4403846153846154	1.6494456206582666
360	receptor_only_geometry	0.3448717948717949	2.736197307760853
361	bound_geometry	0.4403846153846154	1.6198157248706226
361	receptor_only_geometry	0.30608974358974356	2.322140412499003
362	bound_geometry	0.6884615384615383	1.0338746379904433
362	receptor_only_geometry	0.5564102564102563	1.4347605468808522
363	bound_geometry	0.6317307692307692	1.1636710461082596
363	receptor_only_geometry	0.6358974358974359	1.2249416585857285
364	bound_geometry	0.5336538461538461	1.562723676445777
364	receptor_only_geometry	0.6881410256410256	1.0346448742234269
365	bound_geometry	0.3951923076923077	2.288415346546549
365	receptor_only_geometry	0.4217948717948718	2.534567068504344
366	bound_geometry	0.49935897435897436	1.8951343215056247
366	receptor_only_geometry	0.4067307692307692	1.546759060544285
367	bound_geometry	0.6846153846153845	1.1977241370416951
367	receptor_only_geometry	0.6352564102564103	1.095531665923812
368	bound_geometry	0.4897435897435898	1.9291826689931257
368	receptor_only_geometry	0.551602564102564	1.6456532005511872
369	bound_geometry	0.5230769230769231	1.6274378348065097
369	receptor_only_geometry	0.6285256410256411	1.0659492604831664
370	bound_geometry	0.6711538461538461	1.0276689252041717
370	receptor_only_geometry	0.3894230769230769	2.483801127772947
371	bound_geometry	0.5192307692307693	1.372295913207975
371	receptor_only_geometry	0.5092948717948718	1.664807160776886
372	bound_geometry	0.8304487179487179	0.7906090113444411
372	receptor_only_geometry	0.37435897435897436	3.0052635637568508
373	bound_geometry	0.42435897435897435	1.5269135253421824
373	receptor_only_geometry	0.7365384615384616	0.8474767281840817
374	bound_geometry	0.680448717948718	1.319211450798381
374	receptor_only_geometry	0.491025641025641	1.9022853032794973
375	bound_geometry	0.3919871794871795	2.20342266047328
375	receptor_only_geometry	0.583974358974359	1.634116618592487
376	bound_geometry	0.4365384615384615	2.0576715149840217
376	receptor_only_geometry	0.5788461538461539	1.698010277576363
377	bound_geometry	0.4439102564102564	2.080268569717434
377	receptor_only_geometry	0.6006410256410256	1.509495928180582
378	bound_geometry	0.45705128205128215	1.8136984775877747
378	receptor_only_geometry	0.4650641025641025	1.5635863856444556
379	bound_geometry	0.4615384615384615	2.103865756520525
379	receptor_only_geometry	0.5528846153846153	1.41302619053631
380	bound_geometry	0.380448717948718	1.9059596684579239
380	receptor_only_geometry	0.6557692307692308	1.5540324442532991
381	bound_geometry	0.5371794871794872	1.6941320635753931
381	receptor_only_geometry	0.2192307692307692	3.1584266444202616
382	bound_geometry	0.5025641025641026	1.4975291459132325
382	receptor_only_geometry	0.5118589743589744	2.048992798331679
383	bound_geometry	0.7121794871794872	0.9915940157780747
383	receptor_only_geometry	0.6567307692307692	1.2084385367795973
384	bound_geometry	0.5269230769230769	1.7191723741545346
384	receptor_only_geometry	0.3128205128205128	1.9908678760354823
385	bound_geometry	0.5967948717948718	1.456984623911114
385	receptor_only_geometry	0.528525641025641	1.4435654962397846
386	bound_geometry	0.5182692307692308	1.6615322399975305
386	receptor_only_geometry	0.6387820512820513	1.4363815274289238
387	bound_geometry	0.5509615384615384	1.5781561698541657
387	receptor_only_geometry	0.3951923076923077	2.148237211825684
388	bound_geometry	0.6448717948717949	1.0942038639995337
388	receptor_only_geometry	0.7169871794871795	1.074253069544068
389	bound_geometry	0.621474358974359	1.3707717169590061
389	receptor_only_geometry	0.5596153846153846	1.532174957716831
390	bound_geometry	0.5778846153846154	1.4440405112825225
390	receptor_only_geometry	0.6192307692307693	1.3516028367118915
391	bound_geometry	0.5051282051282051	1.6291609256172424
391	receptor_only_geometry	0.5368589743589743	1.3866372679326384
392	bound_geometry	0.5576923076923077	1.9729916203606424
392	receptor_only_geometry	0.507051282051282	1.5509910554767121
393	bound_geometry	0.4628205128205128	1.9918172475537024
393	receptor_only_geometry	0.3666666666666667	2.250892147506066
394	bound_geometry	0.6807692307692307	1.0290895833551326
394	receptor_only_geometry	0.5368589743589743	1.4053206247084764
395	bound_geometry	0.6628205128205128	1.0877516338278346
395	receptor_only_geometry	0.6509615384615385	1.540682970362385
396	bound_geometry	0.5272435897435898	1.3576775053888914
396	receptor_only_geometry	0.4516025641025641	2.31322602456067
397	bound_geometry	0.5711538461538461	1.9098495233862245
397	receptor_only_geometry	0.6192307692307693	1.1150255221495102
398	bound_geometry	0.4942307692307692	1.9991248680967568
398	receptor_only_geometry	0.44551282051282054	1.5929216793484344
399	bound_geometry	0.4153846153846154	1.8020613556272385
399	receptor_only_geometry	0.4663461538461539	1.4822711473813692
400	bound_geometry	0.33237179487179486	2.3196096435610993
400	receptor_only_geometry	0.2564102564102564	2.440654222601926
401	bound_geometry	0.7051282051282052	0.9823010314006062
401	receptor_only_geometry	0.6490384615384616	1.2501612788145122
402	bound_geometry	0.5407051282051282	1.8281019972755617
402	receptor_only_geometry	0.5333333333333333	1.439602681418952
403	bound_geometry	0.5948717948717949	1.249552475549776
403	receptor_only_geometry	0.5576923076923077	1.4049992208218085
404	bound_geometry	0.46410256410256406	1.7552355027876798
404	receptor_only_geometry	0.6346153846153847	1.4363658871789504
405	bound_geometry	0.3416666666666666	2.0308538545921286
405	receptor_only_geometry	0.6054487179487179	1.1524095971661783
406	bound_geometry	0.4288461538461539	1.7780820298609301
406	receptor_only_geometry	0.266025641025641	2.45670505368693
407	bound_geometry	0.5355769230769231	1.5176171594785464
407	receptor_only_geometry	0.3397435897435897	1.6880675485925027
408	bound_geometry	0.432051282051282	1.7338444148708736
408	receptor_only_geometry	0.6352564102564103	1.2881424673095245
409	bound_geometry	0.4201923076923077	1.9389746976718045
409	receptor_only_geometry	0.4897435897435898	1.4587684355798045
410	bound_geometry	0.5121794871794871	1.5896176203416965
410	receptor_only_geometry	0.39935897435897433	1.8083377043199336
411	bound_geometry	0.48333333333333334	2.1232694733614905
411	receptor_only_geometry	0.4516025641025641	1.7437918995535358
412	bound_geometry	0.22756410256410256	2.4533513429300453
412	receptor_only_geometry	0.3189102564102564	4.103902371482195
413	bound_geometry	0.46089743589743587	1.6433081912161838
413	receptor_only_geometry	0.31506410256410255	3.02029368028199
414	bound_geometry	0.4435897435897436	1.9120325051187332
414	receptor_only_geometry	0.5150641025641026	1.4660676233948888
415	bound_geometry	0.528525641025641	1.6181581253192896
415	receptor_only_geometry	0.4282051282051282	1.8213292432868036
416	bound_geometry	0.43365384615384617	1.6698203682617878
416	receptor_only_geometry	0.3663461538461538	2.0737182306187685
417	bound_geometry	0.5875	2.2823360443038765
417	receptor_only_geometry	0.4474358974358974	1.8135969011218955
418	bound_geometry	0.40160256410256406	1.982822938372175
418	receptor_only_geometry	0.4298076923076923	1.7704076106430062
419	bound_geometry	0.5650641025641026	1.4828901693935514
419	receptor_only_geometry	0.5782051282051281	1.5532086418352886
420	bound_geometry	0.37884615384615383	2.5736438606000216
420	receptor_only_geometry	0.4679487179487179	1.7748731861612592
421	bound_geometry	0.6948717948717947	1.0507945074393419
421	receptor_only_geometry	0.5567307692307693	1.3794098856473882
422	bound_geometry	0.6	1.1605215793710695
422	receptor_only_geometry	0.5653846153846153	2.1264427505115666
423	bound_geometry	0.6794871794871796	1.1660795555912788
423	receptor_only_geometry	0.38910256410256405	3.2071833359363966
424	bound_geometry	0.6903846153846155	1.0846393836364778
424	receptor_only_geometry	0.37243589743589745	2.10319507182726
425	bound_geometry	0.6217948717948718	1.302154803636064
425	receptor_only_geometry	0.28493589743589737	2.4378665715960004
426	bound_geometry	0.428525641025641	1.5391175686081342
426	receptor_only_geometry	0.466025641025641	1.7003358571681162
427	bound_geometry	0.4512820512820513	2.1231178287568344
427	receptor_only_geometry	0.3580128205128205	1.758595123910652
428	bound_geometry	0.610897435897436	1.5967006217426698
428	receptor_only_geometry	0.2612179487179487	1.7624689403365035
429	bound_geometry	0.5121794871794872	1.3728471257532464
429	receptor_only_geometry	0.4887820512820513	2.897229836824705
430	bound_geometry	0.5022435897435896	2.0293534718223007
430	receptor_only_geometry	0.642948717948718	1.4272300209603817
431	bound_geometry	0.4269230769230769	2.0039414771507666
431	receptor_only_geometry	0.38076923076923075	1.9598954284518126
432	bound_geometry	0.5358974358974359	1.4290704900015128
432	receptor_only_geometry	0.5990384615384615	1.2460262950370284
433	bound_geometry	0.5333333333333333	1.4662102717358054
433	receptor_only_geometry	0.43365384615384617	1.7144647507792337
434	bound_geometry	0.5474358974358974	1.4170066466459312
434	receptor_only_geometry	0.4375	1.989438855546742
435	bound_geometry	0.7125	1.0261685407116063
435	receptor_only_geometry	0.719551282051282	1.0055699565806888
436	bound_geometry	0.5714743589743589	1.7043092610922765
436	receptor_only_geometry	0.5554487179487179	1.581484895128381
437	bound_geometry	0.3240384615384615	1.9686283668873483
437	receptor_only_geometry	0.45705128205128204	1.9864425325467967
438	bound_geometry	0.4714743589743589	2.2429335897341485
438	receptor_only_geometry	0.6782051282051281	1.02730782540345
439	bound_geometry	0.45865384615384613	1.6828090888274616
439	receptor_only_geometry	0.4253205128205128	2.2036944650288643
440	bound_geometry	0.3512820512820513	1.8165170431293274
440	receptor_only_geometry	0.3657051282051282	2.780975728508592
441	bound_geometry	0.6253205128205129	1.5586003702675544
441	receptor_only_geometry	0.4198717948717949	1.6555062953968116
442	bound_geometry	0.37051282051282053	2.5300612734556536
442	receptor_only_geometry	0.6019230769230769	1.1914822587904048
443	bound_geometry	0.4820512820512821	1.904001463782656
443	receptor_only_geometry	0.4948717948717949	1.7342788516350929
444	bound_geometry	0.5429487179487179	1.3210097243269001
444	receptor_only_geometry	0.4644230769230769	2.0611697160207334
445	bound_geometry	0.37884615384615383	2.107467340745798
445	receptor_only_geometry	0.510897435897436	1.4836492697571508
446	bound_geometry	0.32724358974358975	2.3506403576752395
446	receptor_only_geometry	0.5535256410256411	1.7611710967637473
447	bound_geometry	0.3493589743589743	2.408009094859454
447	receptor_only_geometry	0.6567307692307692	1.1010191453804619
448	bound_geometry	0.4003205128205128	1.732870290766635
448	receptor_only_geometry	0.3525641025641026	2.478577017957704
449	bound_geometry	0.4038461538461539	2.1418136476356175
449	receptor_only_geometry	0.48429487179487185	1.819876563080876
450	bound_geometry	0.5634615384615383	1.5338616119321138
450	receptor_only_geometry	0.6621794871794872	1.4098504507261054
451	bound_geometry	0.6721153846153846	1.1164290616839307
451	receptor_only_geometry	0.47884615384615387	2.1767696259133014
452	bound_geometry	0.4134615384615385	2.040121478223659
452	receptor_only_geometry	0.4576923076923077	1.6085111243756105
453	bound_geometry	0.617948717948718	1.3779310005557461
453	receptor_only_geometry	0.5807692307692308	1.503707608053845
454	bound_geometry	0.7064102564102565	1.0264311000562634
454	receptor_only_geometry	0.594551282051282	1.7769881334999285
455	bound_geometry	0.4153846153846154	1.878428970905634
455	receptor_only_geometry	0.45128205128205123	2.250319092207665
456	bound_geometry	0.5807692307692308	1.6212583011690247
456	receptor_only_geometry	0.4503205128205128	1.6587928081306187
457	bound_geometry	0.6108974358974358	1.204101621273429
457	receptor_only_geometry	0.6323717948717947	1.2617482819729562
458	bound_geometry	0.3907051282051282	1.709725875694102
458	receptor_only_geometry	0.4439102564102564	1.6130254642665556
459	bound_geometry	0.632051282051282	1.433044560518593
459	receptor_only_geometry	0.3967948717948718	1.471133955725614
460	bound_geometry	0.5394230769230769	1.2632031607491327
460	receptor_only_geometry	0.46378205128205124	2.310511341129072
461	bound_geometry	0.5121794871794872	1.62124280297025
461	receptor_only_geometry	0.4467948717948718	2.07397378369887
462	bound_geometry	0.41474358974358977	1.8124710638270503
462	receptor_only_geometry	0.5105769230769232	1.4579695909561816
463	bound_geometry	0.4371794871794871	1.7190852576304227
463	receptor_only_geometry	0.555448717948718	2.0681719254767987
464	bound_geometry	0.5471153846153847	1.431157955179588
464	receptor_only_geometry	0.41250000000000003	1.930677181655687
465	bound_geometry	0.5493589743589743	1.7769487411804554
465	receptor_only_geometry	0.43685897435897436	2.87400590545351
466	bound_geometry	0.623076923076923	1.3111404906459017
466	receptor_only_geometry	0.4778846153846154	1.548593644025081
467	bound_geometry	0.4897435897435898	1.6272008786818022
467	receptor_only_geometry	0.34583333333333327	2.083660051123565
468	bound_geometry	0.4548076923076923	2.485787106587613
468	receptor_only_geometry	0.471474358974359	1.4504191605459829
469	bound_geometry	0.5092948717948719	1.5990869728405308
469	receptor_only_geometry	0.5371794871794872	1.2360694735753806
470	bound_geometry	0.5782051282051283	1.5173003226257
470	receptor_only_geometry	0.47884615384615375	1.8370365874850383
471	bound_geometry	0.3262820512820513	2.468308491340303
471	receptor_only_geometry	0.6791666666666667	1.1580904457158958
472	bound_geometry	0.5173076923076924	1.7086712271049835
472	receptor_only_geometry	0.5310897435897436	1.3929324028684793
473	bound_geometry	0.5596153846153845	1.5724625405345107
473	receptor_only_geometry	0.6339743589743589	1.2146346373172192
474	bound_geometry	0.6714743589743589	1.331113707397005
474	receptor_only_geometry	0.5407051282051282	1.2676326220874952
475	bound_geometry	0.4298076923076923	1.8286834867913175
475	receptor_only_geometry	0.4660256410256411	1.602180249033576
476	bound_geometry	0.5022435897435898	1.4675191286489269
476	receptor_only_geometry	0.39455128205128204	2.00961843619504
477	bound_geometry	0.4913461538461538	1.6237769137982985
477	receptor_only_geometry	0.5240384615384616	1.5990973801309023
478	bound_geometry	0.5432692307692307	1.383402414578078
478	receptor_only_geometry	0.3060897435897436	3.254189148043666
479	bound_geometry	0.5230769230769231	1.6314857191057555
479	receptor_only_geometry	0.35032051282051285	1.8318412116979808
480	bound_geometry	0.5346153846153846	1.2688779735630589
480	receptor_only_geometry	0.43205128205128207	1.8301745420398017
481	bound_geometry	0.3746794871794872	2.192621878603148
481	receptor_only_geometry	0.5894230769230769	1.3146546553425533
482	bound_geometry	0.34871794871794876	2.768676810918554
482	receptor_only_geometry	0.3429487179487179	2.453862923790704
483	bound_geometry	0.34679487179487173	2.3212543826601455
483	receptor_only_geometry	0.6355769230769232	1.214073490252413
484	bound_geometry	0.36666666666666664	2.7025205295761743
484	receptor_only_geometry	0.6612179487179487	1.323541520633369
485	bound_geometry	0.5458333333333333	1.491520912146449
485	receptor_only_geometry	0.3137820512820513	2.7588473298839036
486	bound_geometry	0.3746794871794871	2.184560814875863
486	receptor_only_geometry	0.7317307692307692	0.8768067423530268
487	bound_geometry	0.5823717948717949	1.5600904996223883
487	receptor_only_geometry	0.46538461538461534	1.5954529481074569
488	bound_geometry	0.639423076923077	1.2587806945665416
488	receptor_only_geometry	0.7131410256410257	1.0035794152812259
489	bound_geometry	0.4544871794871795	1.8232333491090489
489	receptor_only_geometry	0.4634615384615384	1.6589457781809918
490	bound_geometry	0.46410256410256406	1.5063451065537237
490	receptor_only_geometry	0.5416666666666666	1.4926257514443786
491	bound_geometry	0.6833333333333332	1.2071307255687769
491	receptor_only_geometry	0.47564102564102556	1.6824817074652962
492	bound_geometry	0.4814102564102564	1.6603005153379065
492	receptor_only_geometry	0.5278846153846154	1.2016542049051528
493	bound_geometry	0.34358974358974353	2.3544075601412064
493	receptor_only_geometry	0.41121794871794864	2.9236808810512134
494	bound_geometry	0.6038461538461539	1.1188760624044498
494	receptor_only_geometry	0.494551282051282	1.6010899986960598
495	bound_geometry	0.47211538461538466	1.626775031299034
495	receptor_only_geometry	0.6621794871794872	1.0880284441091814
496	bound_geometry	0.4682692307692308	1.9193697335800275
496	receptor_only_geometry	0.7567307692307691	0.8533150821115086
497	bound_geometry	0.514423076923077	1.7307626066511173
497	receptor_only_geometry	0.4647435897435897	1.669282271091617
498	bound_geometry	0.43365384615384617	1.8652519295231396
498	receptor_only_geometry	0.5493589743589743	1.510326725895804
499	bound_geometry	0.4272435897435897	1.948623612481286
499	receptor_only_geometry	0.49775641025641026	1.5967540076027742
500	bound_geometry	0.6365384615384615	1.123663606385726
500	receptor_only_geometry	0.6233974358974359	1.7402030504843098
501	bound_geometry	0.4378205128205128	1.9027728053012554
501	receptor_only_geometry	0.4448717948717949	1.7012788084463373
502	bound_geometry	0.48365384615384616	1.7923444522120167
502	receptor_only_geometry	0.7243589743589745	0.9300287839471356
503	bound_geometry	0.35032051282051274	2.2930886466370755
503	receptor_only_geometry	0.6375000000000001	1.2082848615175728
504	bound_geometry	0.4580128205128205	1.752491287767668
504	receptor_only_geometry	0.5307692307692308	1.2696819696446058
505	bound_geometry	0.35064102564102556	2.4234993601838912
505	receptor_only_geometry	0.476923076923077	1.6803253161505975
506	bound_geometry	0.4291666666666667	2.49827549479554
506	receptor_only_geometry	0.4727564102564103	1.854247566477297
507	bound_geometry	0.5967948717948718	1.268404826782775
507	receptor_only_geometry	0.49391025641025643	1.5271123516700613
508	bound_geometry	0.7467948717948718	1.0384287395695821
508	receptor_only_geometry	0.5397435897435897	1.8363211975219553
509	bound_geometry	0.46089743589743587	1.6807596160838054
509	receptor_only_geometry	0.3384615384615384	1.9235916404706523
510	bound_geometry	0.5115384615384615	1.592643286290389
510	receptor_only_geometry	0.6028846153846154	1.1645141694869112
511	bound_geometry	0.5233974358974359	1.5119341390971828
511	receptor_only_geometry	0.5814102564102565	1.2727660340609066
512	bound_geometry	0.5509615384615385	1.6196526982645354
512	receptor_only_geometry	0.5237179487179487	1.5284037720015502
513	bound_geometry	0.26826923076923076	2.3615894177823162
513	receptor_only_geometry	0.30128205128205127	3.141535930737566
514	bound_geometry	0.6230769230769231	1.601797209830858
514	receptor_only_geometry	0.4346153846153846	1.5681066479362826
515	bound_geometry	0.6391025641025642	1.2353461743254648
515	receptor_only_geometry	0.4105769230769231	1.9658765807568086
516	bound_geometry	0.5044871794871795	1.62662427975281
516	receptor_only_geometry	0.39935897435897433	2.354225239410403
517	bound_geometry	0.39455128205128204	1.7479999349573954
517	receptor_only_geometry	0.3548076923076923	2.211360216081233
518	bound_geometry	0.3791666666666667	2.2134568536911066
518	receptor_only_geometry	0.5522435897435897	2.794479811383328
519	bound_geometry	0.29134615384615387	2.8149527942295336
519	receptor_only_geometry	0.3301282051282051	2.2278263006673584
520	bound_geometry	0.566025641025641	1.180798312677097
520	receptor_only_geometry	0.4663461538461538	1.6946163678802286
521	bound_geometry	0.3330128205128205	2.350458986844361
521	receptor_only_geometry	0.3432692307692308	2.4479728818529556
522	bound_geometry	0.4118589743589743	1.9261437493415745
522	receptor_only_geometry	0.44583333333333336	2.020660058372848
523	bound_geometry	0.555448717948718	1.3057925212286146
523	receptor_only_geometry	0.3833333333333333	1.8567736993787751
524	bound_geometry	0.4259615384615385	1.5527067603954827
524	receptor_only_geometry	0.5605769230769231	1.5256121106854217
525	bound_geometry	0.6141025641025641	1.2455870149227954
525	receptor_only_geometry	0.6342948717948719	1.2304131760293897
526	bound_geometry	0.6166666666666666	1.1968069636950462
526	receptor_only_geometry	0.5551282051282052	1.2193365108223508
527	bound_geometry	0.35192307692307695	2.446264143235636
527	receptor_only_geometry	0.4942307692307692	1.6295021928475595
528	bound_geometry	0.5243589743589744	1.5791499494580241
528	receptor_only_geometry	0.6301282051282051	1.1978644850448397
529	bound_geometry	0.5685897435897437	1.4351119251954099
529	receptor_only_geometry	0.6214743589743591	1.2824962378030957
530	bound_geometry	0.3432692307692308	2.7278155841760627
530	receptor_only_geometry	0.6423076923076922	1.5343417459611979
531	bound_geometry	0.5442307692307692	1.3284017432108404
531	receptor_only_geometry	0.6128205128205129	1.3308262407493048
532	bound_geometry	0.4227564102564103	2.07606023199143
532	receptor_only_geometry	0.4875	1.3952469537937109
533	bound_geometry	0.38878205128205123	1.8065139471023164
533	receptor_only_geometry	0.34198717948717955	2.7536596617556044
534	bound_geometry	0.375	2.087875171519651
534	receptor_only_geometry	0.5205128205128206	1.490557059001092
535	bound_geometry	0.34551282051282056	2.130045643861234
535	receptor_only_geometry	0.5612179487179487	1.5447013755569787
536	bound_geometry	0.6958333333333333	1.7995750928331244
536	receptor_only_geometry	0.5375	1.719484311587343
537	bound_geometry	0.39967948717948715	1.8978587383393912
537	receptor_only_geometry	0.3525641025641026	2.712094839866244
538	bound_geometry	0.33717948717948715	2.251824743105546
538	receptor_only_geometry	0.603525641025641	1.414449262827617
539	bound_geometry	0.6375000000000001	1.1632558842957834
539	receptor_only_geometry	0.7836538461538461	0.8149473484706302
540	bound_geometry	0.576923076923077	1.8645934385309104
540	receptor_only_geometry	0.3919871794871795	3.233602688442627
541	bound_geometry	0.41442307692307684	1.9923086983539666
541	receptor_only_geometry	0.30897435897435893	2.1722412516069323
542	bound_geometry	0.6237179487179487	1.3758566894396584
542	receptor_only_geometry	0.5442307692307692	1.5121970610479845
543	bound_geometry	0.3298076923076923	2.3298263715559613
543	receptor_only_geometry	0.5378205128205129	1.6123725975388832
544	bound_geometry	0.43076923076923074	1.8503575815580942
544	receptor_only_geometry	0.6224358974358974	1.5154751429873223
545	bound_geometry	0.6044871794871794	1.1446110802093445
545	receptor_only_geometry	0.3753205128205128	1.7382277676580669
546	bound_geometry	0.46506410256410263	1.9030790840732186
546	receptor_only_geometry	0.3663461538461538	1.9706796766688386
547	bound_geometry	0.358974358974359	1.964578594908299
547	receptor_only_geometry	0.4679487179487179	1.3095170820211244
548	bound_geometry	0.4849358974358975	1.8071992237397845
548	receptor_only_geometry	0.6451923076923077	1.1877463016186023
549	bound_geometry	0.3278846153846154	2.1306224811363323
549	receptor_only_geometry	0.5336538461538461	1.412016423006885
550	bound_geometry	0.3935897435897436	2.2197394890076967
550	receptor_only_geometry	0.4987179487179487	1.7230112467069154
551	bound_geometry	0.4387820512820513	1.9053020406197838
551	receptor_only_geometry	0.541025641025641	1.3959438919964289
552	bound_geometry	0.5634615384615385	1.5892616875090102
552	receptor_only_geometry	0.4855769230769231	1.4516141023605555
553	bound_geometry	0.325	1.7964575331043773
553	receptor_only_geometry	0.5003205128205129	1.6234533256144286
554	bound_geometry	0.4807692307692308	1.615733361568873
554	receptor_only_geometry	0.4448717948717949	1.7867158057709287
555	bound_geometry	0.4009615384615384	1.8694910113596093
555	receptor_only_geometry	0.40833333333333327	1.6254397045800928
556	bound_geometry	0.4522435897435897	2.2066376169020914
556	receptor_only_geometry	0.46891025641025647	2.608423281039194
557	bound_geometry	0.37499999999999994	2.0100330772095174
557	receptor_only_geometry	0.4256410256410257	1.8317148564804198
558	bound_geometry	0.5323717948717949	1.2289985492958468
558	receptor_only_geometry	0.576602564102564	1.220897056529414
559	bound_geometry	0.7416666666666666	0.909620901589594
559	receptor_only_geometry	0.4714743589743589	1.3344700084606744
560	bound_geometry	0.6778846153846153	1.1277529253378042
560	receptor_only_geometry	0.5330128205128205	1.4925380591777384
561	bound_geometry	0.6060897435897435	1.2228240807275013
561	receptor_only_geometry	0.6775641025641025	1.1792850979427743
562	bound_geometry	0.5753205128205129	1.140750876765832
562	receptor_only_geometry	0.47852564102564105	1.3969205211396392
563	bound_geometry	0.4358974358974359	1.6599251965948225
563	receptor_only_geometry	0.5743589743589744	1.4035960757804085
564	bound_geometry	0.5865384615384616	1.309525938136891
564	receptor_only_geometry	0.6522435897435898	1.2047125068306823
565	bound_geometry	0.1689102564102564	2.624661920171876
565	receptor_only_geometry	0.3362179487179487	1.9838622426460455
566	bound_geometry	0.5275641025641026	1.456527082255703
566	receptor_only_geometry	0.4615384615384615	2.2208413141859196
567	bound_geometry	0.4269230769230769	1.6674733068863399
567	receptor_only_geometry	0.40961538461538455	1.6937918303217092
568	bound_geometry	0.7679487179487179	0.9833316150274977
568	receptor_only_geometry	0.596474358974359	1.7682435281350122
569	bound_geometry	0.2983974358974359	2.0056574736894475
569	receptor_only_geometry	0.6753205128205129	1.0683770202080192
570	bound_geometry	0.6596153846153846	1.122770205160399
570	receptor_only_geometry	0.5621794871794872	1.709585580446602
571	bound_geometry	0.5657051282051282	1.7052845335488107
571	receptor_only_geometry	0.5852564102564103	1.584622400998738
572	bound_geometry	0.4846153846153846	1.704110903224835
572	receptor_only_geometry	0.3176282051282051	1.8357029021436224
573	bound_geometry	0.2907051282051282	2.179758855861991
573	receptor_only_geometry	0.42628205128205127	1.6116820387431394
574	bound_geometry	0.4993589743589743	1.4979763305382028
574	receptor_only_geometry	0.2516025641025641	2.394545260112017
575	bound_geometry	0.623397435897436	1.3058729378353646
575	receptor_only_geometry	0.6387820512820513	1.4524565195837746
576	bound_geometry	0.6346153846153846	1.0122900812931659
576	receptor_only_geometry	0.26314102564102565	2.438003696689036
577	bound_geometry	0.5830128205128206	1.1651059909998154
577	receptor_only_geometry	0.5791666666666667	1.367082177295117
578	bound_geometry	0.3125	2.376841297388061
578	receptor_only_geometry	0.4304487179487179	1.6948374921681788
579	bound_geometry	0.5201923076923077	1.517080148000409
579	receptor_only_geometry	0.5913461538461539	1.1639638362138052
580	bound_geometry	0.65	1.397559370512254
580	receptor_only_geometry	0.5560897435897436	1.873510267225156
581	bound_geometry	0.466025641025641	1.687038852600688
581	receptor_only_geometry	0.44326923076923075	1.9936132373997242
582	bound_geometry	0.3112179487179487	2.533087604576815
582	receptor_only_geometry	0.3778846153846154	2.3764371285210677
583	bound_geometry	0.4003205128205128	2.015777492210999
583	receptor_only_geometry	0.2602564102564103	2.484239535140257
584	bound_geometry	0.530448717948718	1.4743992105793615
584	receptor_only_geometry	0.496474358974359	1.6738559735753054
585	bound_geometry	0.4230769230769231	1.5670577498939933
585	receptor_only_geometry	0.4564102564102564	2.221306064898234
586	bound_geometry	0.36923076923076925	2.162289670590196
586	receptor_only_geometry	0.5022435897435898	2.534189004294526
587	bound_geometry	0.4298076923076923	1.7651828374782506
587	receptor_only_geometry	0.41634615384615387	1.6887263719935062
588	bound_geometry	0.4855769230769231	1.7678655140154724
588	receptor_only_geometry	0.7948717948717948	0.841924304934811
589	bound_geometry	0.7810897435897436	0.9098015577705918
589	receptor_only_geometry	0.6243589743589744	1.320932462098127
590	bound_geometry	0.5801282051282051	1.504678294136361
590	receptor_only_geometry	0.583974358974359	1.34703756282846
591	bound_geometry	0.37403846153846154	1.741617176746857
591	receptor_only_geometry	0.18044871794871795	2.427633722826136
592	bound_geometry	0.3342948717948718	2.042093863230483
592	receptor_only_geometry	0.37243589743589745	2.163130250857706
593	bound_geometry	0.40320512820512827	2.3264915773653576
593	receptor_only_geometry	0.517948717948718	2.2231062673500945
594	bound_geometry	0.3493589743589743	1.8001633854082928
594	receptor_only_geometry	0.48365384615384616	2.5103676809321533
595	bound_geometry	0.6006410256410257	1.3358619465060293
595	receptor_only_geometry	0.6137820512820512	1.2602457511205445
596	bound_geometry	0.37435897435897436	1.7902204298659434
596	receptor_only_geometry	0.48493589743589743	1.751242963481445
597	bound_geometry	0.6141025641025641	1.173608815294881
597	receptor_only_geometry	0.6647435897435897	1.0702066631046718
598	bound_geometry	0.6961538461538462	1.016142563287562
598	receptor_only_geometry	0.4266025641025641	1.6679259557738053
599	bound_geometry	0.6480769230769231	1.2700404413073194
599	receptor_only_geometry	0.7092948717948718	1.0798209023588978
600	bound_geometry	0.37596153846153846	1.9543362522573535
600	receptor_only_geometry	0.4727564102564103	2.3581498217751236
601	bound_geometry	0.5314102564102564	1.5358591113577154
601	receptor_only_geometry	0.7038461538461539	1.0709216379840318
602	bound_geometry	0.6785256410256411	1.1061878148422004
602	receptor_only_geometry	0.6227564102564104	1.3726068033976846
603	bound_geometry	0.433974358974359	1.6147194602653547
603	receptor_only_geometry	0.6240384615384617	1.2393060506347302
604	bound_geometry	0.5512820512820512	1.4987863381369229
604	receptor_only_geometry	0.6092948717948717	1.5184467190824331
605	bound_geometry	0.6230769230769231	1.3982044715728188
605	receptor_only_geometry	0.5689102564102565	1.5022062030338748
606	bound_geometry	0.3336538461538461	2.0504454640589422
606	receptor_only_geometry	0.40769230769230774	1.7847521380895681
607	bound_geometry	0.4083333333333334	1.923970203674156
607	receptor_only_geometry	0.4782051282051282	1.613709486712232
608	bound_geometry	0.4269230769230769	1.5060171722826394
608	receptor_only_geometry	0.40929487179487173	2.112130848952041
609	bound_geometry	0.3560897435897436	1.7835183863374482
609	receptor_only_geometry	0.5948717948717949	1.2968595595422276
610	bound_geometry	0.47051282051282056	1.6669900061157361
610	receptor_only_geometry	0.6141025641025641	1.1650751255961092
611	bound_geometry	0.4310897435897436	2.1088624220347167
611	receptor_only_geometry	0.5557692307692308	1.3057744813034662
612	bound_geometry	0.37083333333333335	2.1093199540908394
612	receptor_only_geometry	0.4948717948717949	1.6615630592419348
613	bound_geometry	0.578525641025641	1.4051429593505376
613	receptor_only_geometry	0.4233974358974359	1.6673741330158363
614	bound_geometry	0.6548076923076923	1.0838623393572593
614	receptor_only_geometry	0.4217948717948718	1.953062472679096
615	bound_geometry	0.23012820512820512	2.2422137780353006
615	receptor_only_geometry	0.2907051282051282	2.103747269346152
616	bound_geometry	0.32724358974358975	2.231469024337065
616	receptor_only_geometry	0.47211538461538466	1.6478255412800717
617	bound_geometry	0.5576923076923076	1.5484181875586382
617	receptor_only_geometry	0.6362179487179488	1.209679808068129
618	bound_geometry	0.4051282051282052	1.8240972563886995
618	receptor_only_geometry	0.6227564102564103	1.2947131811066264
619	bound_geometry	0.655448717948718	1.3691235419671828
619	receptor_only_geometry	0.6358974358974359	1.0668535028510913
620	bound_geometry	0.40288461538461534	1.6541872656413577
620	receptor_only_geometry	0.8673076923076923	0.6800537520422191
621	bound_geometry	0.46314102564102555	1.6300685009400775
621	receptor_only_geometry	0.7006410256410257	1.3550573511589263
622	bound_geometry	0.4051282051282052	1.835008417650133
622	receptor_only_geometry	0.6285256410256411	1.0660045207430857
623	bound_geometry	0.6310897435897435	1.174752262517469
623	receptor_only_geometry	0.45416666666666666	1.8450567458146772
624	bound_geometry	0.507051282051282	1.4152913039048514
624	receptor_only_geometry	0.6576923076923077	1.044127239068064
625	bound_geometry	0.8041666666666667	0.841038410104493
625	receptor_only_geometry	0.7096153846153846	0.998703737428309
626	bound_geometry	0.27339743589743587	1.8967863732134893
626	receptor_only_geometry	0.5237179487179486	1.5540297004294876
627	bound_geometry	0.28974358974358977	1.8612351763329178
627	receptor_only_geometry	0.5115384615384616	1.539572954233741
628	bound_geometry	0.34391025641025647	2.8225807239582723
628	receptor_only_geometry	0.39038461538461533	2.0392621091755907
629	bound_geometry	0.32596153846153847	2.9524001966897395
629	receptor_only_geometry	0.35192307692307695	2.312641105078214
630	bound_geometry	0.5038461538461538	1.6806896797752635
630	receptor_only_geometry	0.5394230769230769	1.363160246499106
631	bound_geometry	0.6365384615384615	1.0808225123784247
631	receptor_only_geometry	0.49647435897435893	1.4812577427165572
632	bound_geometry	0.46858974358974353	2.17353128415707
632	receptor_only_geometry	0.4858974358974359	1.691423891599345
633	bound_geometry	0.4346153846153846	1.753071061729656
633	receptor_only_geometry	0.608974358974359	1.2119011741857462
634	bound_geometry	0.530448717948718	1.6126609617256769
634	receptor_only_geometry	0.7532051282051282	0.939284964872162
635	bound_geometry	0.3576923076923077	2.1572580739623595
635	receptor_only_geometry	0.45384615384615384	2.0673826886337854
636	bound_geometry	0.45897435897435895	1.8167031818327513
636	receptor_only_geometry	0.36410256410256414	1.9429563469514837
637	bound_geometry	0.5150641025641026	1.713073690625845
637	receptor_only_geometry	0.5067307692307693	1.8421737288273319
638	bound_geometry	0.4907051282051282	1.2535441644835088
638	receptor_only_geometry	0.4794871794871795	1.532519529468515
639	bound_geometry	0.43205128205128207	1.6729482689691406
639	receptor_only_geometry	0.5724358974358975	1.9352101841878406
640	bound_geometry	0.3512820512820513	1.7751634054818506
640	receptor_only_geometry	0.44326923076923075	1.594343237909523
641	bound_geometry	0.42243589743589743	1.8985753920656323
641	receptor_only_geometry	0.4644230769230769	2.0959116846884354
642	bound_geometry	0.525	1.6273266577048964
642	receptor_only_geometry	0.5269230769230769	2.139817119203164
643	bound_geometry	0.6964743589743589	1.1310473214438899
643	receptor_only_geometry	0.6967948717948719	1.086597118159742
644	bound_geometry	0.24583333333333335	2.3287801185497696
644	receptor_only_geometry	0.5301282051282051	1.872160599285018
645	bound_geometry	0.39967948717948715	1.7489749570719733
645	receptor_only_geometry	0.42532051282051286	1.7608735522183359
646	bound_geometry	0.28141025641025647	2.0240703211557074
646	receptor_only_geometry	0.5198717948717949	1.9601322606985692
647	bound_geometry	0.36955128205128207	1.783508330141351
647	receptor_only_geometry	0.5746794871794872	1.4479487553693153
648	bound_geometry	0.4676282051282052	1.925164097256148
648	receptor_only_geometry	0.18878205128205128	2.7695967133786996
649	bound_geometry	0.3753205128205128	2.0617903676603855
649	receptor_only_geometry	0.6333333333333333	1.1090704638112985
650	bound_geometry	0.45865384615384613	1.8463304391083488
650	receptor_only_geometry	0.6176282051282052	1.2404862862989148
651	bound_geometry	0.6724358974358974	1.1675349364118754
651	receptor_only_geometry	0.5378205128205128	1.481602560780165
652	bound_geometry	0.4516025641025641	1.4157639339214034
652	receptor_only_geometry	0.5118589743589744	1.4243969874098996
653	bound_geometry	0.3769230769230769	1.8223231008590741
653	receptor_only_geometry	0.5301282051282051	1.5512392139959137
654	bound_geometry	0.442948717948718	2.0142700393661888
654	receptor_only_geometry	0.34839743589743594	1.8684699101909341
655	bound_geometry	0.5073717948717948	1.5766691174405825
655	receptor_only_geometry	0.3615384615384616	1.7815114446987894
656	bound_geometry	0.5782051282051283	1.3410763844569444
656	receptor_only_geometry	0.41089743589743594	2.636112350272513
657	bound_geometry	0.3868589743589744	1.7812343797729093
657	receptor_only_geometry	0.4407051282051282	1.98220530443088
658	bound_geometry	0.2804487179487179	2.6015779017600806
658	receptor_only_geometry	0.3	2.500729517057992
659	bound_geometry	0.5157051282051283	1.8307720081630192
659	receptor_only_geometry	0.5012820512820513	1.5331312814077604
660	bound_geometry	0.49743589743589745	1.3159362902445233
660	receptor_only_geometry	0.5243589743589744	1.3489266868682774
661	bound_geometry	0.4458333333333333	1.7795355368168049
661	receptor_only_geometry	0.5089743589743589	1.4470551990283478
662	bound_geometry	0.6211538461538462	1.3139267989420547
662	receptor_only_geometry	0.5576923076923077	1.3743810740740752
663	bound_geometry	0.783974358974359	0.8200948264284609
663	receptor_only_geometry	0.5025641025641026	1.6235972411677144
664	bound_geometry	0.5233974358974359	1.581071721510418
664	receptor_only_geometry	0.4977564102564102	2.246155705981924
665	bound_geometry	0.32724358974358975	1.9874272629939762
665	receptor_only_geometry	0.4576923076923077	1.995544096086553
666	bound_geometry	0.40320512820512827	2.1553022784004208
666	receptor_only_geometry	0.4634615384615384	1.7565302598696126
667	bound_geometry	0.3778846153846154	2.0776669661186666
667	receptor_only_geometry	0.28557692307692306	2.2406142642092908
668	bound_geometry	0.5868589743589744	1.5639030977465909
668	receptor_only_geometry	0.6092948717948717	1.3429670229058064
669	bound_geometry	0.3400641025641025	2.642382309563916
669	receptor_only_geometry	0.4134615384615385	2.6000738484511228
670	bound_geometry	0.5676282051282052	1.9441749405320035
670	receptor_only_geometry	0.5041666666666668	1.558640311420198
671	bound_geometry	0.49679487179487175	1.6310602289360907
671	receptor_only_geometry	0.3891025641025641	1.9402830675896834
672	bound_geometry	0.4416666666666667	1.7544990420713822
672	receptor_only_geometry	0.2673076923076923	2.41083510824892
673	bound_geometry	0.5717948717948718	1.9065864502832532
673	receptor_only_geometry	0.48782051282051286	1.6627040248771174
674	bound_geometry	0.366025641025641	2.775049670240824
674	receptor_only_geometry	0.4631410256410257	1.5886708021545142
675	bound_geometry	0.42532051282051286	2.4211839135119733
675	receptor_only_geometry	0.6637820512820513	1.1845635320214027
676	bound_geometry	0.5317307692307692	1.6072664660967828
676	receptor_only_geometry	0.3698717948717949	2.0154100028221915
677	bound_geometry	0.37564102564102564	2.031931223139938
677	receptor_only_geometry	0.5064102564102563	1.3498699409454504
678	bound_geometry	0.4163461538461539	2.4023141107882084
678	receptor_only_geometry	0.5916666666666667	1.3580838830398423
679	bound_geometry	0.2641025641025641	1.937902186842192
679	receptor_only_geometry	0.38397435897435894	2.2397693760092103
680	bound_geometry	0.514423076923077	1.6039619444017916
680	receptor_only_geometry	0.430448717948718	2.1679321488080503
681	bound_geometry	0.5948717948717949	1.5264890445543964
681	receptor_only_geometry	0.3612179487179487	1.995610493456441
682	bound_geometry	0.6999999999999998	0.9601557375646826
682	receptor_only_geometry	0.5442307692307692	1.2179573530567724
683	bound_geometry	0.37884615384615383	2.334785417555968
683	receptor_only_geometry	0.5846153846153846	1.3576059206925377
684	bound_geometry	0.5426282051282051	1.4162748722990983
684	receptor_only_geometry	0.4548076923076923	2.952335302049267
685	bound_geometry	0.39839743589743587	2.0864234825864716
685	receptor_only_geometry	0.5176282051282051	1.6223515592470525
686	bound_geometry	0.5948717948717949	1.2592966800932335
686	receptor_only_geometry	0.5641025641025642	1.3320562875469926
687	bound_geometry	0.5221153846153846	1.575296328286624
687	receptor_only_geometry	0.5743589743589744	1.3788686871047888
688	bound_geometry	0.4150641025641025	2.20617580632419
688	receptor_only_geometry	0.3362179487179487	2.476735119917448
689	bound_geometry	0.44903846153846155	1.4845118546755427
689	receptor_only_geometry	0.571474358974359	1.5537764069644275
690	bound_geometry	0.530448717948718	1.5430843339507159
690	receptor_only_geometry	0.432051282051282	1.727252016959531
691	bound_geometry	0.3532051282051282	1.7468541882640547
691	receptor_only_geometry	0.3596153846153846	2.210072976273061
692	bound_geometry	0.47564102564102567	1.7160133413244365
692	receptor_only_geometry	0.5887820512820513	1.3946520074886157
693	bound_geometry	0.47852564102564105	1.5371839113553156
693	receptor_only_geometry	0.4596153846153846	1.6769220195405807
694	bound_geometry	0.4342948717948718	1.7438706564623572
694	receptor_only_geometry	0.4493589743589744	1.8383945291853696
695	bound_geometry	0.6400641025641024	1.0996218877027735
695	receptor_only_geometry	0.43846153846153846	2.5325124988086425
696	bound_geometry	0.525	1.755056043928008
696	receptor_only_geometry	0.4423076923076923	2.0238981170653503
697	bound_geometry	0.3939102564102564	1.7829804382537278
697	receptor_only_geometry	0.39038461538461533	1.8159274040953666
698	bound_geometry	0.47564102564102556	1.9154280455333246
698	receptor_only_geometry	0.39487179487179486	2.1666276904783155
699	bound_geometry	0.32307692307692304	2.065516671483448
699	receptor_only_geometry	0.3852564102564102	1.8265003490404652
700	bound_geometry	0.3762820512820513	2.1425685036557205
700	receptor_only_geometry	0.38397435897435894	1.8420872019694978
701	bound_geometry	0.22147435897435896	2.7636392364973523
701	receptor_only_geometry	0.41923076923076924	1.9696511657455673
702	bound_geometry	0.2608974358974359	2.1476263646024125
702	receptor_only_geometry	0.3673076923076923	1.9624772760970448
703	bound_geometry	0.4913461538461539	1.5576909651190802
703	receptor_only_geometry	0.4698717948717948	1.5030661874297084
704	bound_geometry	0.610897435897436	1.3087181246739568
704	receptor_only_geometry	0.45897435897435895	2.147075504709481
705	bound_geometry	0.6096153846153847	1.3000418557850106
705	receptor_only_geometry	0.5798076923076922	1.2606882386682559
706	bound_geometry	0.4378205128205128	1.8145352047298142
706	receptor_only_geometry	0.2676282051282051	2.7991739141726133
707	bound_geometry	0.6653846153846154	1.099524641402158
707	receptor_only_geometry	0.49903846153846154	1.5278907646089577
708	bound_geometry	0.3935897435897436	2.2276044368761005
708	receptor_only_geometry	0.701923076923077	1.246740420966404
709	bound_geometry	0.2951923076923077	3.330822619502056
709	receptor_only_geometry	0.4282051282051282	3.018720255717313
710	bound_geometry	0.4169871794871795	1.8109852170196332
710	receptor_only_geometry	0.6083333333333333	1.4293013798308711
711	bound_geometry	0.4314102564102564	1.7110150408678675
711	receptor_only_geometry	0.3958333333333333	1.7176751948429363
712	bound_geometry	0.5583333333333335	1.5397869116440381
712	receptor_only_geometry	0.4778846153846154	2.530233833612624
713	bound_geometry	0.444551282051282	1.938641700420181
713	receptor_only_geometry	0.4592948717948718	1.5150162947355408
714	bound_geometry	0.4560897435897436	1.76882008906029
714	receptor_only_geometry	0.40993589743589737	1.7749697767633283
715	bound_geometry	0.7464743589743589	0.948509817979986
715	receptor_only_geometry	0.4102564102564102	1.849052996639853
716	bound_geometry	0.2987179487179487	2.2178152252217447
716	receptor_only_geometry	0.44871794871794873	1.5447049504647004
717	bound_geometry	0.4948717948717949	1.6237555442251783
717	receptor_only_geometry	0.4115384615384616	1.956304320661641
718	bound_geometry	0.5067307692307693	1.4694474544994882
718	receptor_only_geometry	0.5836538461538462	1.1778117512900887
719	bound_geometry	0.49583333333333335	2.545166795552402
719	receptor_only_geometry	0.5897435897435898	1.258082528240686
720	bound_geometry	0.5442307692307692	1.5889839415336704
720	receptor_only_geometry	0.4509615384615384	2.1401951482551786
721	bound_geometry	0.5560897435897436	1.4578974913139275
721	receptor_only_geometry	0.5881410256410257	1.21003485302067
722	bound_geometry	0.5176282051282051	1.6178796120189611
722	receptor_only_geometry	0.5490384615384615	1.3998996044704652
723	bound_geometry	0.37083333333333335	2.344867645835775
723	receptor_only_geometry	0.43108974358974356	2.353737137696296
724	bound_geometry	0.7477564102564104	0.9800641144629384
724	receptor_only_geometry	0.5791666666666666	1.3454587115151218
725	bound_geometry	0.5221153846153846	1.6302944354110187
725	receptor_only_geometry	0.6211538461538462	1.2436581471819945
726	bound_geometry	0.5692307692307692	1.235926650436039
726	receptor_only_geometry	0.6099358974358975	1.3476509698549604
727	bound_geometry	0.4522435897435897	1.759842871347577
727	receptor_only_geometry	0.5490384615384616	1.5705143726067634
728	bound_geometry	0.4644230769230769	1.8254043753298252
728	receptor_only_geometry	0.3432692307692307	2.015764878674599
729	bound_geometry	0.48173076923076924	1.9857488537197423
729	receptor_only_geometry	0.5333333333333333	1.3809425473629442
730	bound_geometry	0.607051282051282	1.4521645126496856
730	receptor_only_geometry	0.3560897435897436	1.9494863357056138
731	bound_geometry	0.4003205128205128	2.074304071426554
731	receptor_only_geometry	0.5064102564102564	1.6988792218942494
732	bound_geometry	0.4391025641025641	1.9623236372091952
732	receptor_only_geometry	0.5012820512820513	1.7168973204452744
733	bound_geometry	0.46025641025641023	2.0844245340643717
733	receptor_only_geometry	0.425	2.0977619941622168
734	bound_geometry	0.4439102564102564	1.8895180663795803
734	receptor_only_geometry	0.47660256410256413	1.529231321303381
735	bound_geometry	0.5192307692307692	1.4573412747173837
735	receptor_only_geometry	0.2849358974358974	2.4585822138821096
736	bound_geometry	0.4891025641025641	1.6075897463607332
736	receptor_only_geometry	0.5493589743589743	1.6765685385225921
737	bound_geometry	0.4423076923076923	1.694097414780633
737	receptor_only_geometry	0.45705128205128204	1.8076205362069158
738	bound_geometry	0.403525641025641	1.7291818196568747
738	receptor_only_geometry	0.3294871794871795	2.5257804459153057
739	bound_geometry	0.7032051282051283	1.087825395297017
739	receptor_only_geometry	0.771474358974359	1.011836574463164
740	bound_geometry	0.45737179487179486	1.7177074698431092
740	receptor_only_geometry	0.507051282051282	1.6636649694770835
741	bound_geometry	0.5067307692307693	2.0186809414523132
741	receptor_only_geometry	0.43333333333333335	1.7812909513664894
742	bound_geometry	0.3852564102564102	2.088603699112845
742	receptor_only_geometry	0.35064102564102567	2.231088324905136
743	bound_geometry	0.37051282051282053	2.6721230743794546
743	receptor_only_geometry	0.47211538461538466	2.862779767258571
744	bound_geometry	0.37179487179487175	2.1833081691936624
744	receptor_only_geometry	0.5432692307692307	1.407873313145765
745	bound_geometry	0.49519230769230776	1.37050520036093
745	receptor_only_geometry	0.3653846153846154	3.0557218155534636
746	bound_geometry	0.31474358974358974	2.3334190366948433
746	receptor_only_geometry	0.3413461538461538	1.9196081806097487
747	bound_geometry	0.717948717948718	1.4796402616579538
747	receptor_only_geometry	0.6166666666666667	1.1205660952409207
748	bound_geometry	0.4826923076923077	1.5676637982676895
748	receptor_only_geometry	0.40320512820512827	2.2596258931137196
749	bound_geometry	0.5240384615384616	1.614364810360784
749	receptor_only_geometry	0.4314102564102564	1.8053323692596617
750	bound_geometry	0.5147435897435898	1.452878009172983
750	receptor_only_geometry	0.46025641025641023	1.5532026667741654
751	bound_geometry	0.27467948717948715	2.165681852416552
751	receptor_only_geometry	0.5708333333333334	1.2608338362374485
752	bound_geometry	0.514423076923077	2.4664634162674366
752	receptor_only_geometry	0.39935897435897433	1.7770076751870905
753	bound_geometry	0.41923076923076924	2.090832135552593
753	receptor_only_geometry	0.35544871794871796	2.342302908129095
754	bound_geometry	0.3442307692307693	2.0669700296401405
754	receptor_only_geometry	0.382051282051282	1.9172732470549378
755	bound_geometry	0.42852564102564106	1.8319431798394155
755	receptor_only_geometry	0.5634615384615385	1.4874353631607546
756	bound_geometry	0.5538461538461538	1.3392581046440855
756	receptor_only_geometry	0.3798076923076923	1.755232452696088
757	bound_geometry	0.2753205128205128	1.9363113896975652
757	receptor_only_geometry	0.48878205128205127	1.869570710514873
758	bound_geometry	0.3006410256410256	2.053092458358374
758	receptor_only_geometry	0.3416666666666666	2.267687845590833
759	bound_geometry	0.2923076923076923	2.1558831074247844
759	receptor_only_geometry	0.5269230769230769	1.4565772904916263
760	bound_geometry	0.41602564102564105	1.9790837975786733
760	receptor_only_geometry	0.5291666666666667	2.546931583698127
761	bound_geometry	0.4967948717948718	1.587586499000923
761	receptor_only_geometry	0.5166666666666666	1.859932319426023
762	bound_geometry	0.43525641025641026	1.671248735384304
762	receptor_only_geometry	0.4070512820512821	2.0159773515521846
763	bound_geometry	0.635897435897436	1.2398239970374993
763	receptor_only_geometry	0.5391025641025641	1.4020619617371561
764	bound_geometry	0.4480769230769231	1.8924838691467332
764	receptor_only_geometry	0.6721153846153846	1.172803199592145
765	bound_geometry	0.5201923076923077	1.328804009195603
765	receptor_only_geometry	0.5753205128205128	1.2779656755908637
766	bound_geometry	0.608974358974359	1.251379781413777
766	receptor_only_geometry	0.4987179487179487	1.314701403339844
767	bound_geometry	0.5657051282051282	1.5176860532640686
767	receptor_only_geometry	0.31185897435897436	2.4030507276022424
768	bound_geometry	0.40929487179487184	2.243520514127381
768	receptor_only_geometry	0.5371794871794872	1.4682693679963732
769	bound_geometry	0.4528846153846154	1.9847674864003697
769	receptor_only_geometry	0.31858974358974357	2.2037934881259846
770	bound_geometry	0.5169871794871795	1.569298609833396
770	receptor_only_geometry	0.5996794871794872	1.6664254540966075
771	bound_geometry	0.31442307692307697	2.0683889286717823
771	receptor_only_geometry	0.24903846153846154	2.4761720756408434
772	bound_geometry	0.4663461538461539	1.5396599245728846
772	receptor_only_geometry	0.5564102564102563	1.4531289279463444
773	bound_geometry	0.45801282051282044	1.9379911569798425
773	receptor_only_geometry	0.4134615384615385	1.7459252992031844
774	bound_geometry	0.5634615384615386	1.4681341208648169
774	receptor_only_geometry	0.5349358974358974	1.4005787008633188
775	bound_geometry	0.4057692307692308	2.0011112623648826
775	receptor_only_geometry	0.530448717948718	1.3099198463795334
776	bound_geometry	0.3663461538461538	1.8746193121426549
776	receptor_only_geometry	0.3342948717948718	2.2501309268956717
777	bound_geometry	0.358974358974359	2.572208571813178
777	receptor_only_geometry	0.551923076923077	1.3220755490536238
778	bound_geometry	0.4310897435897436	1.6109732626197615
778	receptor_only_geometry	0.3032051282051282	2.3563784546415643
779	bound_geometry	0.5826923076923077	1.913686646815391
779	receptor_only_geometry	0.5298076923076923	1.372649383525358
780	bound_geometry	0.3400641025641025	1.7455229289928098
780	receptor_only_geometry	0.2772435897435897	2.780037741611496
781	bound_geometry	0.4695512820512821	1.571470823120635
781	receptor_only_geometry	0.4647435897435898	1.4409364418486228
782	bound_geometry	0.6794871794871794	1.1211335040193495
782	receptor_only_geometry	0.5782051282051283	1.7681203168212312
783	bound_geometry	0.6368589743589744	1.4124520269259582
783	receptor_only_geometry	0.5330128205128205	1.6104985668369336
784	bound_geometry	0.5169871794871795	1.2784749709274037
784	receptor_only_geometry	0.6551282051282051	1.2314937267937882
785	bound_geometry	0.7391025641025641	0.9172947759650005
785	receptor_only_geometry	0.4823717948717949	2.0869143552532186
786	bound_geometry	0.6698717948717948	1.2415713953185277
786	receptor_only_geometry	0.3971153846153847	2.851245385251891
787	bound_geometry	0.3855769230769231	1.7907567070702735
787	receptor_only_geometry	0.31698717948717947	2.6089875909731473
788	bound_geometry	0.4599358974358974	1.9505162368342341
788	receptor_only_geometry	0.3432692307692307	2.086053579828894
789	bound_geometry	0.36185897435897435	2.238027353970724
789	receptor_only_geometry	0.5490384615384616	1.6949949718774684
790	bound_geometry	0.2833333333333333	2.5949340365230693
790	receptor_only_geometry	0.5131410256410257	1.4571805083656706
791	bound_geometry	0.607051282051282	1.2804860354789218
791	receptor_only_geometry	0.5961538461538461	1.6311099196218934
792	bound_geometry	0.6102564102564103	1.4881473510573915
792	receptor_only_geometry	0.25576923076923075	2.0928791930315
793	bound_geometry	0.5336538461538461	1.2872726320718142
793	receptor_only_geometry	0.36217948717948717	2.473907180300615
794	bound_geometry	0.3865384615384615	2.0020034127504966
794	receptor_only_geometry	0.7538461538461538	0.9816697213594708
795	bound_geometry	0.6641025641025641	1.047594869942895
795	receptor_only_geometry	0.5836538461538461	1.2829173043966169
796	bound_geometry	0.46570512820512827	1.4949545315536374
796	receptor_only_geometry	0.7403846153846153	0.8624156640392561
797	bound_geometry	0.6294871794871795	1.2954465275722034
797	receptor_only_geometry	0.6057692307692307	1.7434821918416479
798	bound_geometry	0.5711538461538461	1.584859932791345
798	receptor_only_geometry	0.42980769230769234	1.6691079378472877
799	bound_geometry	0.6519230769230769	1.3768066019014495
799	receptor_only_geometry	0.5416666666666666	1.593933881287321
800	bound_geometry	0.5189102564102565	1.6532082812389204
800	receptor_only_geometry	0.46249999999999997	1.6036940339496029
801	bound_geometry	0.494551282051282	2.0843327999051353
801	receptor_only_geometry	0.24166666666666667	2.3680655704820093
802	bound_geometry	0.36955128205128207	2.070111581918427
802	receptor_only_geometry	0.4439102564102564	1.6396619615974877
803	bound_geometry	0.5256410256410257	1.6571329458309751
803	receptor_only_geometry	0.4775641025641026	1.598692272718152
804	bound_geometry	0.47724358974358977	1.5203601342542545
804	receptor_only_geometry	0.29294871794871796	2.6056249426688924
805	bound_geometry	0.6493589743589744	1.1146038370531444
805	receptor_only_geometry	0.4823717948717949	1.4964786619546837
806	bound_geometry	0.49775641025641026	1.5525441627261414
806	receptor_only_geometry	0.6442307692307692	1.2910976819791156
807	bound_geometry	0.5548076923076923	1.2866767818189606
807	receptor_only_geometry	0.6685897435897434	1.065943259173401
808	bound_geometry	0.44903846153846155	2.2815634150847064
808	receptor_only_geometry	0.5400641025641026	1.8748010263481574
809	bound_geometry	0.5256410256410257	1.8151481796582591
809	receptor_only_geometry	0.5278846153846154	1.7959108454081318
810	bound_geometry	0.38557692307692304	2.312869061621459
810	receptor_only_geometry	0.47724358974358977	1.635452305539526
811	bound_geometry	0.5150641025641026	1.4183746146167437
811	receptor_only_geometry	0.46570512820512827	1.7101319529967811
812	bound_geometry	0.4461538461538462	1.5773261753260759
812	receptor_only_geometry	0.37532051282051276	2.4885027435929685
813	bound_geometry	0.5673076923076923	1.3128243090070333
813	receptor_only_geometry	0.36153846153846153	1.9787308089684974
814	bound_geometry	0.5637820512820513	1.2777475029183762
814	receptor_only_geometry	0.3733974358974359	1.855771395419102
815	bound_geometry	0.3278846153846154	2.2477101711090643
815	receptor_only_geometry	0.46891025641025635	1.83430850581477
816	bound_geometry	0.48493589743589743	1.5733647756538955
816	receptor_only_geometry	0.5798076923076922	1.3976077674313017
817	bound_geometry	0.6099358974358974	1.3176960927051895
817	receptor_only_geometry	0.42980769230769234	1.6543338091984081
818	bound_geometry	0.5756410256410257	1.2727368828948986
818	receptor_only_geometry	0.6884615384615383	1.127669635139953
819	bound_geometry	0.3205128205128205	2.769372348345703
819	receptor_only_geometry	0.421474358974359	2.1293540171646037
820	bound_geometry	0.5391025641025641	1.6193448626494156
820	receptor_only_geometry	0.49647435897435893	1.4868467286075073
821	bound_geometry	0.530448717948718	1.223991098007482
821	receptor_only_geometry	0.3362179487179487	2.078163100543292
822	bound_geometry	0.5740384615384615	1.5639463879116398
822	receptor_only_geometry	0.5884615384615385	1.6727934335051882
823	bound_geometry	0.5464743589743589	1.206777984426023
823	receptor_only_geometry	0.39487179487179486	1.9130573997643774
824	bound_geometry	0.6019230769230769	1.922951326220551
824	receptor_only_geometry	0.4019230769230769	2.1808437261767684
825	bound_geometry	0.6602564102564102	1.280833904868258
825	receptor_only_geometry	0.5583333333333335	2.3996016566297347
826	bound_geometry	0.3641025641025641	1.7916985275764121
826	receptor_only_geometry	0.3887820512820513	2.079193798724436
827	bound_geometry	0.6612179487179487	1.2223045129048824
827	receptor_only_geometry	0.617948717948718	1.4880590638125237
828	bound_geometry	0.3701923076923077	2.323060427440734
828	receptor_only_geometry	0.31282051282051276	1.9044702933080526
829	bound_geometry	0.38589743589743586	1.8146476194432364
829	receptor_only_geometry	0.528525641025641	1.4226929384388327
830	bound_geometry	0.5365384615384615	1.338397028188645
830	receptor_only_geometry	0.585576923076923	1.283024541988689
831	bound_geometry	0.20961538461538462	2.7169400619334008
831	receptor_only_geometry	0.3628205128205128	2.14935955661279
832	bound_geometry	0.4346153846153846	1.841239421012416
832	receptor_only_geometry	0.39102564102564097	1.9206823121778633
833	bound_geometry	0.5887820512820513	1.573128173224098
833	receptor_only_geometry	0.5900641025641026	1.4365686332846448
834	bound_geometry	0.6932692307692307	1.0592987159627927
834	receptor_only_geometry	0.6339743589743589	1.298620787846235
835	bound_geometry	0.3746794871794872	1.6615249167250585
835	receptor_only_geometry	0.5810897435897436	1.4081652615637519
836	bound_geometry	0.5541666666666667	1.5173186245892132
836	receptor_only_geometry	0.5974358974358974	1.270631147032856
837	bound_geometry	0.5884615384615385	1.7012331096781255
837	receptor_only_geometry	0.5003205128205127	2.5111962892363215
838	bound_geometry	0.4692307692307692	1.8803189998522296
838	receptor_only_geometry	0.5532051282051281	3.1595821349985327
839	bound_geometry	0.5086538461538462	1.5513871706776723
839	receptor_only_geometry	0.6314102564102565	1.1762971359458385
840	bound_geometry	0.5967948717948718	1.2078816348490313
840	receptor_only_geometry	0.5881410256410257	1.248873483808329
841	bound_geometry	0.530448717948718	1.6955374062571011
841	receptor_only_geometry	0.5099358974358975	1.52473305210139
842	bound_geometry	0.2708333333333333	2.4730895692833754
842	receptor_only_geometry	0.433974358974359	1.7550612900842237
843	bound_geometry	0.6246794871794873	1.4432509368058772
843	receptor_only_geometry	0.41410256410256413	2.3392257105438
844	bound_geometry	0.4108974358974358	2.070711613193964
844	receptor_only_geometry	0.4157051282051281	1.8502010663966588
845	bound_geometry	0.35512820512820514	1.9781592755634547
845	receptor_only_geometry	0.4105769230769231	2.2291832450870244
846	bound_geometry	0.5275641025641026	1.580180292252777
846	receptor_only_geometry	0.7124999999999999	0.9626323202461575
847	bound_geometry	0.4791666666666667	1.9689958501230918
847	receptor_only_geometry	0.701923076923077	1.0632151572062252
848	bound_geometry	0.41250000000000003	2.2103077596491585
848	receptor_only_geometry	0.6032051282051282	1.3574344228408697
849	bound_geometry	0.5589743589743589	1.502077948264031
849	receptor_only_geometry	0.4897435897435897	1.6383339454405261
850	bound_geometry	0.38589743589743586	1.9350759973573775
850	receptor_only_geometry	0.742948717948718	1.0172719788135187
851	bound_geometry	0.7211538461538461	1.0037407142250239
851	receptor_only_geometry	0.5160256410256411	1.8441033122638848
852	bound_geometry	0.5894230769230769	1.3023088369243137
852	receptor_only_geometry	0.43012820512820515	1.7522676404293707
853	bound_geometry	0.382051282051282	1.7105409913128404
853	receptor_only_geometry	0.5621794871794871	1.343100191017879
854	bound_geometry	0.3951923076923077	2.064815836130559
854	receptor_only_geometry	0.49358974358974345	2.0854561766524045
855	bound_geometry	0.6461538461538462	1.1384446477286274
855	receptor_only_geometry	0.7429487179487179	1.0184993849669868
856	bound_geometry	0.3644230769230769	2.0545616309959582
856	receptor_only_geometry	0.43301282051282053	1.7565852125773604
857	bound_geometry	0.42339743589743595	1.9209596706529348
857	receptor_only_geometry	0.5894230769230769	1.364481951327053
858	bound_geometry	0.6041666666666666	1.3911295178118925
858	receptor_only_geometry	0.5798076923076922	1.3364855746306616
859	bound_geometry	0.49102564102564106	2.0186924822666406
859	receptor_only_geometry	0.546474358974359	1.6774795964473872
860	bound_geometry	0.39391025641025634	1.7891635467239766
860	receptor_only_geometry	0.4846153846153846	1.9491449592039127
861	bound_geometry	0.3365384615384615	2.5095653955506507
861	receptor_only_geometry	0.4778846153846154	1.5316210288958472
862	bound_geometry	0.38717948717948714	2.005312552269027
862	receptor_only_geometry	0.6060897435897435	1.4598591168805757
863	bound_geometry	0.30769230769230765	1.951012522779895
863	receptor_only_geometry	0.4875	2.1863921514895583
864	bound_geometry	0.48173076923076924	1.7057871567192608
864	receptor_only_geometry	0.28012820512820513	3.1534420634453295
865	bound_geometry	0.5262820512820513	1.299405444044698
865	receptor_only_geometry	0.44647435897435894	1.5799555016719096
866	bound_geometry	0.2189102564102564	2.8171788406769314
866	receptor_only_geometry	0.5471153846153846	1.5479015230665172
867	bound_geometry	0.6134615384615385	1.2290255687097809
867	receptor_only_geometry	0.6384615384615384	1.4189095844162223
868	bound_geometry	0.6153846153846154	1.3360665116269965
868	receptor_only_geometry	0.5858974358974359	1.3351812210275356
869	bound_geometry	0.4782051282051281	1.4741479474019015
869	receptor_only_geometry	0.507051282051282	1.9254957303231564
870	bound_geometry	0.576923076923077	1.483003040578946
870	receptor_only_geometry	0.4288461538461538	2.223840046873498
871	bound_geometry	0.6028846153846154	1.4361833459495663
871	receptor_only_geometry	0.5717948717948718	1.2330058074090877
872	bound_geometry	0.22307692307692306	2.8555938399711844
872	receptor_only_geometry	0.4663461538461539	1.767428624973564
873	bound_geometry	0.4782051282051282	1.6350079955270207
873	receptor_only_geometry	0.7621794871794871	0.9573826542437059
874	bound_geometry	0.5679487179487179	1.3646465065486044
874	receptor_only_geometry	0.47179487179487173	1.680890892256513
875	bound_geometry	0.5262820512820513	1.937746458311711
875	receptor_only_geometry	0.3717948717948718	2.2999422790869892
876	bound_geometry	0.4282051282051282	1.6318175749608235
876	receptor_only_geometry	0.557051282051282	1.9601581441209648
877	bound_geometry	0.36570512820512824	2.0866135651056403
877	receptor_only_geometry	0.594551282051282	1.2666544248202827
878	bound_geometry	0.37948717948717947	1.8358254501519562
878	receptor_only_geometry	0.5221153846153846	1.4311859770071451
879	bound_geometry	0.5573717948717948	1.5812679613389133
879	receptor_only_geometry	0.5782051282051283	1.5380735204936782
880	bound_geometry	0.5580128205128205	1.330574328060886
880	receptor_only_geometry	0.7519230769230769	0.964507335398758
881	bound_geometry	0.4695512820512821	2.1320757124824103
881	receptor_only_geometry	0.5596153846153845	1.4695617816727384
882	bound_geometry	0.5173076923076922	1.9197570867782687
882	receptor_only_geometry	0.44743589743589746	1.9056306277944377
883	bound_geometry	0.6509615384615385	1.261005250341918
883	receptor_only_geometry	0.3416666666666666	2.7308783170519186
884	bound_geometry	0.5499999999999999	1.391022098074613
884	receptor_only_geometry	0.4102564102564103	1.6515670193561658
885	bound_geometry	0.29615384615384616	1.9872308563420478
885	receptor_only_geometry	0.5217948717948717	1.5551331606382233
886	bound_geometry	0.283974358974359	2.126887446961427
886	receptor_only_geometry	0.4599358974358974	1.6814303509740567
887	bound_geometry	0.30993589743589745	2.317400700370909
887	receptor_only_geometry	0.596474358974359	1.1949834846236667
888	bound_geometry	0.47724358974358977	1.6991921532024827
888	receptor_only_geometry	0.30288461538461536	3.0874111813444136
889	bound_geometry	0.3987179487179488	1.8918810674723932
889	receptor_only_geometry	0.5730769230769232	1.8050385428702365
890	bound_geometry	0.7490384615384617	1.2820428379996336
890	receptor_only_geometry	0.5092948717948718	1.5823910178583165
891	bound_geometry	0.29583333333333334	2.261164283456822
891	receptor_only_geometry	0.45865384615384613	1.5723061046449383
892	bound_geometry	0.37115384615384617	1.9883707181321404
892	receptor_only_geometry	0.5612179487179487	1.2565489525308158
893	bound_geometry	0.5163461538461539	1.5758019448308178
893	receptor_only_geometry	0.6717948717948717	1.1734399370090565
894	bound_geometry	0.4451923076923077	1.4921241065828577
894	receptor_only_geometry	0.8262820512820513	0.8401269635055125
895	bound_geometry	0.3817307692307692	2.135010263832344
895	receptor_only_geometry	0.34230769230769226	2.8723614471776227
896	bound_geometry	0.7240384615384615	1.161935625715113
896	receptor_only_geometry	0.460576923076923	1.7532070287042283
897	bound_geometry	0.2125	2.439648975929926
897	receptor_only_geometry	0.4137820512820513	2.1099783009493285
898	bound_geometry	0.5019230769230769	1.9828473986692958
898	receptor_only_geometry	0.4875	1.3138240077788061
899	bound_geometry	0.673076923076923	1.20388644883958
899	receptor_only_geometry	0.7410256410256411	0.9147923041915758
900	bound_geometry	0.6974358974358973	1.070515165246457
900	receptor_only_geometry	0.4580128205128205	1.784532175309081
901	bound_geometry	0.3846153846153846	1.8524370617191888
901	receptor_only_geometry	0.6352564102564102	1.7879554098312949
902	bound_geometry	0.5009615384615385	1.6625259182731016
902	receptor_only_geometry	0.4134615384615385	2.014060928583307
903	bound_geometry	0.5423076923076923	1.3246942349731416
903	receptor_only_geometry	0.3730769230769231	2.0709556823364927
904	bound_geometry	0.38269230769230766	1.9669724260389303
904	receptor_only_geometry	0.6964743589743589	1.0675708596067712
905	bound_geometry	0.4185897435897436	1.979666694086478
905	receptor_only_geometry	0.2237179487179487	2.817216281410866
906	bound_geometry	0.4679487179487179	1.745372046331724
906	receptor_only_geometry	0.48525641025641025	2.0248770568707055
907	bound_geometry	0.3541666666666667	2.122392988810705
907	receptor_only_geometry	0.27499999999999997	1.8587842167604012
908	bound_geometry	0.7128205128205128	1.117720383427215
908	receptor_only_geometry	0.6378205128205129	1.1520080286119596
909	bound_geometry	0.6272435897435896	1.5053910004157212
909	receptor_only_geometry	0.5586538461538462	1.42137968632498
910	bound_geometry	0.4089743589743589	2.269045446749049
910	receptor_only_geometry	0.6057692307692307	1.1604447228521337
911	bound_geometry	0.3814102564102564	1.880643166308427
911	receptor_only_geometry	0.5346153846153846	1.3276751768051838
912	bound_geometry	0.5201923076923077	1.6498591278704517
912	receptor_only_geometry	0.37980769230769235	2.0710267196803507
913	bound_geometry	0.3897435897435897	2.2659127845299247
913	receptor_only_geometry	0.583974358974359	1.2426182113100637
914	bound_geometry	0.7935897435897435	0.8699607212390599
914	receptor_only_geometry	0.6217948717948718	1.4716886488082088
915	bound_geometry	0.4798076923076923	1.4732379342247244
915	receptor_only_geometry	0.4862179487179487	1.9505146979522259
916	bound_geometry	0.4698717948717948	1.436994873562395
916	receptor_only_geometry	0.5939102564102564	1.1894422471961283
917	bound_geometry	0.4551282051282051	2.059396179048891
917	receptor_only_geometry	0.40608974358974353	3.3853556940998577
918	bound_geometry	0.4503205128205128	1.6731312547813437
918	receptor_only_geometry	0.4025641025641025	2.0669258207075085
919	bound_geometry	0.503525641025641	1.6135715093660068
919	receptor_only_geometry	0.4503205128205128	1.7114754476357303
920	bound_geometry	0.3525641025641026	2.0200319945621863
920	receptor_only_geometry	0.48493589743589743	1.7092275140506201
921	bound_geometry	0.525	1.4321778598450177
921	receptor_only_geometry	0.38269230769230766	1.7589460385704394
922	bound_geometry	0.5134615384615385	1.5085029556064067
922	receptor_only_geometry	0.4169871794871795	1.8832320653580703
923	bound_geometry	0.5349358974358974	1.6011318260314142
923	receptor_only_geometry	0.5384615384615384	1.5303014552671852
924	bound_geometry	0.4926282051282051	1.417709919595928
924	receptor_only_geometry	0.4455128205128205	1.8999108356286964
925	bound_geometry	0.25224358974358974	2.165020065846807
925	receptor_only_geometry	0.26602564102564097	2.3471105369518273
926	bound_geometry	0.473076923076923	1.6923016905487263
926	receptor_only_geometry	0.39455128205128204	1.8683444064048969
927	bound_geometry	0.5685897435897437	1.4417630851685053
927	receptor_only_geometry	0.40929487179487173	1.780418504503415
928	bound_geometry	0.614102564102564	1.7532186208317824
928	receptor_only_geometry	0.6362179487179488	1.2100276840193862
929	bound_geometry	0.5714743589743589	1.4524147938874774
929	receptor_only_geometry	0.5746794871794871	1.4748284759342505
930	bound_geometry	0.4346153846153846	2.086741878737397
930	receptor_only_geometry	0.5269230769230769	1.48756415280251
931	bound_geometry	0.2602564102564102	2.5196735647736057
931	receptor_only_geometry	0.4025641025641025	2.166645805846861
932	bound_geometry	0.3349358974358974	1.8112982865877028
932	receptor_only_geometry	0.4762820512820512	1.5860112889292894
933	bound_geometry	0.6673076923076923	1.134457084568111
933	receptor_only_geometry	0.4355769230769231	2.2489494620425052
934	bound_geometry	0.36538461538461536	1.683908000803576
934	receptor_only_geometry	0.4038461538461539	2.3126196413961235
935	bound_geometry	0.46891025641025647	1.9637396516546142
935	receptor_only_geometry	0.39935897435897433	1.9169824888084501
936	bound_geometry	0.471474358974359	1.6701606507579667
936	receptor_only_geometry	0.48397435897435903	1.5073641148112396
937	bound_geometry	0.6012820512820513	1.306032719446697
937	receptor_only_geometry	0.5400641025641026	1.549728204153083
938	bound_geometry	0.3548076923076923	1.9154257783483923
938	receptor_only_geometry	0.46057692307692316	1.8658177184301832
939	bound_geometry	0.5499999999999999	1.3215369031852933
939	receptor_only_geometry	0.5807692307692308	1.2528285921099889
940	bound_geometry	0.6182692307692308	1.308589573007347
940	receptor_only_geometry	0.34391025641025635	2.2025987382337067
941	bound_geometry	0.6644230769230769	1.3856472591346458
941	receptor_only_geometry	0.7108974358974359	1.0734944536255386
942	bound_geometry	0.34679487179487173	2.176994136258186
942	receptor_only_geometry	0.3217948717948718	1.7976183389202522
943	bound_geometry	0.4387820512820513	1.980369523697649
943	receptor_only_geometry	0.40448717948717944	1.7315234138563673
944	bound_geometry	0.6596153846153846	1.2620186929304535
944	receptor_only_geometry	0.5375	1.3262782280660426
945	bound_geometry	0.3836538461538462	1.9993612952372233
945	receptor_only_geometry	0.41442307692307684	2.498961406745947
946	bound_geometry	0.6381410256410256	1.1367003792319006
946	receptor_only_geometry	0.5192307692307693	1.432247038384586
947	bound_geometry	0.5102564102564102	1.5310865370698918
947	receptor_only_geometry	0.4596153846153846	1.6086830798753273
948	bound_geometry	0.5096153846153846	1.4595604715139083
948	receptor_only_geometry	0.49615384615384617	1.588143197544705
949	bound_geometry	0.4775641025641026	1.769034385612468
949	receptor_only_geometry	0.5314102564102564	1.4804144663213727
950	bound_geometry	0.6458333333333334	1.3666098943069078
950	receptor_only_geometry	0.46185897435897433	1.5265649935757803
951	bound_geometry	0.6089743589743589	1.172033562734367
951	receptor_only_geometry	0.49551282051282053	1.2812602225284797
952	bound_geometry	0.47243589743589737	1.542946354247822
952	receptor_only_geometry	0.4375	1.7013906958243163
953	bound_geometry	0.3939102564102564	2.141006167717565
953	receptor_only_geometry	0.401923076923077	1.9317281146889183
954	bound_geometry	0.6487179487179486	1.2056641710701346
954	receptor_only_geometry	0.7048076923076924	1.3522029720273063
955	bound_geometry	0.3951923076923077	2.1551078311527
955	receptor_only_geometry	0.4932692307692308	1.5175904057689544
956	bound_geometry	0.49262820512820515	1.6158829823424525
956	receptor_only_geometry	0.4858974358974359	1.5946380796047626
957	bound_geometry	0.6314102564102564	1.053140152026075
957	receptor_only_geometry	0.3717948717948718	2.0117032302701063
958	bound_geometry	0.4916666666666667	1.3332365878535546
958	receptor_only_geometry	0.4022435897435898	2.355864283221663
959	bound_geometry	0.31474358974358974	3.195680929844287
959	receptor_only_geometry	0.32916666666666666	3.139264305653424
960	bound_geometry	0.2974358974358975	2.296731851654412
960	receptor_only_geometry	0.44230769230769235	2.2422747312178632
961	bound_geometry	0.4711538461538462	1.8894521400545317
961	receptor_only_geometry	0.5003205128205128	1.917626920476363
962	bound_geometry	0.5708333333333333	1.3306323751026128
962	receptor_only_geometry	0.626602564102564	1.170379538625691
963	bound_geometry	0.3951923076923077	1.7853863395173386
963	receptor_only_geometry	0.4121794871794872	1.9577163268845572
964	bound_geometry	0.44743589743589746	1.9840950941414528
964	receptor_only_geometry	0.2967948717948718	1.8902441598238318
965	bound_geometry	0.6525641025641026	1.459103651368252
965	receptor_only_geometry	0.6935897435897437	1.0468590711944248
966	bound_geometry	0.5224358974358975	1.4205766102090545
966	receptor_only_geometry	0.4810897435897436	1.9187153583481407
967	bound_geometry	0.6099358974358974	1.2909499926797183
967	receptor_only_geometry	0.40288461538461534	1.944985619780787
968	bound_geometry	0.4916666666666667	1.4511685080383177
968	receptor_only_geometry	0.641025641025641	1.2716430317348646
969	bound_geometry	0.49615384615384617	1.2894310458081413
969	receptor_only_geometry	0.5685897435897437	1.346718057516417
970	bound_geometry	0.2644230769230769	1.9716027581442956
970	receptor_only_geometry	0.4083333333333334	1.9420062670942642
971	bound_geometry	0.757051282051282	0.8959544370826644
971	receptor_only_geometry	0.45384615384615384	1.6557007154829284
972	bound_geometry	0.6128205128205128	1.3638992953434232
972	receptor_only_geometry	0.5096153846153846	1.7536505078937485
973	bound_geometry	0.5641025641025641	1.5231296701569925
973	receptor_only_geometry	0.603525641025641	1.524259619299426
974	bound_geometry	0.6355769230769232	1.1821763564261683
974	receptor_only_geometry	0.5955128205128205	1.2563179598058005
975	bound_geometry	0.4987179487179487	1.9208559227025033
975	receptor_only_geometry	0.48493589743589743	1.450951119333181
976	bound_geometry	0.4246794871794872	2.279332487224019
976	receptor_only_geometry	0.4875	1.7188333496540429
977	bound_geometry	0.5080128205128206	1.418415296498805
977	receptor_only_geometry	0.4948717948717949	1.3251789018971243
978	bound_geometry	0.6012820512820513	1.311903000538319
978	receptor_only_geometry	0.6451923076923077	1.3858805206125442
979	bound_geometry	0.2541666666666667	2.431452935903914
979	receptor_only_geometry	0.3532051282051282	2.088302205779017
980	bound_geometry	0.4583333333333333	1.7272605737513622
980	receptor_only_geometry	0.4157051282051281	1.5459698610726937
981	bound_geometry	0.5147435897435897	1.7230795439404147
981	receptor_only_geometry	0.6826923076923078	1.183207302004229
982	bound_geometry	0.5487179487179488	1.2414451935447928
982	receptor_only_geometry	0.6221153846153846	1.056926432216354
983	bound_geometry	0.4926282051282051	1.6937332844592954
983	receptor_only_geometry	0.35705128205128206	1.6410798215751978
984	bound_geometry	0.47371794871794876	1.6016080050560197
984	receptor_only_geometry	0.641025641025641	1.4711260166692108
985	bound_geometry	0.5419871794871796	1.7216674570335015
985	receptor_only_geometry	0.6496794871794872	1.2305146078708478
986	bound_geometry	0.4551282051282051	1.7277741784749987
986	receptor_only_geometry	0.5897435897435898	1.1484030296508845
987	bound_geometry	0.557051282051282	1.2428562167586277
987	receptor_only_geometry	0.682051282051282	1.085184647037218
988	bound_geometry	0.5759615384615384	1.685058705014634
988	receptor_only_geometry	0.4246794871794872	1.991887440733579
989	bound_geometry	0.5474358974358974	1.5014842428507087
989	receptor_only_geometry	0.321474358974359	1.9846437248817432
990	bound_geometry	0.41314102564102567	2.4011910372058005
990	receptor_only_geometry	0.5875	1.3345346618937293
991	bound_geometry	0.3935897435897435	2.156721833720188
991	receptor_only_geometry	0.3746794871794872	3.7675825552246858
992	bound_geometry	0.432051282051282	1.6027649477402213
992	receptor_only_geometry	0.6198717948717949	1.2363880506344889
993	bound_geometry	0.7756410256410257	0.8630431131772509
993	receptor_only_geometry	0.4798076923076923	2.157190269278449
994	bound_geometry	0.4775641025641026	1.6109516896196627
994	receptor_only_geometry	0.5330128205128205	1.9755680213655202
995	bound_geometry	0.517948717948718	1.56344510335387
995	receptor_only_geometry	0.6134615384615385	1.2380795711376043
996	bound_geometry	0.6528846153846154	1.0632555292097583
996	receptor_only_geometry	0.4544871794871795	1.652566036193393
997	bound_geometry	0.4612179487179487	1.6172696532608413
997	receptor_only_geometry	0.751602564102564	1.0694204209188731
998	bound_geometry	0.5849358974358975	1.2796026615741216
998	receptor_only_geometry	0.6108974358974358	1.2701334663847104
999	bound_geometry	0.39423076923076916	2.8338348512814777
999	receptor_only_geometry	0.41474358974358966	1.775035616498508
