experiment	validation	fold	class_label	transformed_feature	coefficient	absolute_coefficient
bound_geometry	receptor_grouped_5fold	0	Gi/o	numeric__bound__activation_consensus_score	0.0	0.0
bound_geometry	receptor_grouped_5fold	0	Gi/o	numeric__bound__tm6_r350_634_distance	0.0	0.0
bound_geometry	receptor_grouped_5fold	0	Gi/o	numeric__bound__tm6_aligned_displacement	0.0	0.0
bound_geometry	receptor_grouped_5fold	0	Gi/o	numeric__bound__tm7_displacement	0.0	0.0
bound_geometry	receptor_grouped_5fold	0	Gi/o	numeric__bound__tm3_tm7_distance	0.0	0.0
bound_geometry	receptor_grouped_5fold	0	Gi/o	numeric__bound__tm6_r350_630_distance	0.0	0.0
bound_geometry	receptor_grouped_5fold	0	Gi/o	numeric__bound__dry_r350_630_min_distance	0.0	0.0
bound_geometry	receptor_grouped_5fold	0	Gi/o	numeric__bound__dry_r350_630_ca_distance	0.0	0.0
bound_geometry	receptor_grouped_5fold	0	Gi/o	numeric__bound__dry_d349_r350_min_distance	0.0	0.0
bound_geometry	receptor_grouped_5fold	0	Gi/o	numeric__bound__r350_chi1	0.0	0.0
bound_geometry	receptor_grouped_5fold	0	Gi/o	numeric__bound__r350_chi2	0.0	0.0
bound_geometry	receptor_grouped_5fold	0	Gi/o	numeric__bound__pif_550_340_distance	-0.011895080101823675	0.011895080101823675
bound_geometry	receptor_grouped_5fold	0	Gi/o	numeric__bound__pif_340_644_distance	0.0	0.0
bound_geometry	receptor_grouped_5fold	0	Gi/o	numeric__bound__pif_550_644_distance	0.0	0.0
bound_geometry	receptor_grouped_5fold	0	Gi/o	numeric__bound__pif_550_340_min_distance	0.0	0.0
bound_geometry	receptor_grouped_5fold	0	Gi/o	numeric__bound__pif_340_644_min_distance	0.0	0.0
bound_geometry	receptor_grouped_5fold	0	Gi/o	numeric__bound__pif_550_644_min_distance	0.0	0.0
bound_geometry	receptor_grouped_5fold	0	Gi/o	numeric__bound__pif_triangle_perimeter	0.0	0.0
bound_geometry	receptor_grouped_5fold	0	Gi/o	numeric__bound__position_644_chi1	0.0	0.0
bound_geometry	receptor_grouped_5fold	0	Gi/o	numeric__bound__position_644_chi2	-0.2734558064064814	0.2734558064064814
bound_geometry	receptor_grouped_5fold	0	Gi/o	numeric__bound__w648_chi1	0.25153661448271314	0.25153661448271314
bound_geometry	receptor_grouped_5fold	0	Gi/o	numeric__bound__w648_chi2	0.0	0.0
bound_geometry	receptor_grouped_5fold	0	Gi/o	numeric__bound__w648_displacement	0.0	0.0
bound_geometry	receptor_grouped_5fold	0	Gi/o	numeric__bound__w648_to_644_distance	0.0	0.0
bound_geometry	receptor_grouped_5fold	0	Gi/o	numeric__bound__cwxp_647_650_distance	0.0	0.0
bound_geometry	receptor_grouped_5fold	0	Gi/o	numeric__bound__y753_chi1	0.0	0.0
bound_geometry	receptor_grouped_5fold	0	Gi/o	numeric__bound__y753_chi2	0.0	0.0
bound_geometry	receptor_grouped_5fold	0	Gi/o	numeric__bound__y753_y558_distance	0.0	0.0
bound_geometry	receptor_grouped_5fold	0	Gi/o	numeric__bound__y753_y558_min_distance	0.0	0.0
bound_geometry	receptor_grouped_5fold	0	Gi/o	numeric__bound__n749_y753_distance	0.0	0.0
bound_geometry	receptor_grouped_5fold	0	Gi/o	numeric__bound__npxxy_local_spread	0.0	0.0
bound_geometry	receptor_grouped_5fold	0	Gi/o	numeric__bound__y753_displacement	0.0	0.0
bound_geometry	receptor_grouped_5fold	0	Gi/o	numeric__bound__sodium_d250_s339_distance	0.0	0.0
bound_geometry	receptor_grouped_5fold	0	Gi/o	numeric__bound__sodium_d250_n745_distance	0.0	0.0
bound_geometry	receptor_grouped_5fold	0	Gi/o	numeric__bound__sodium_d250_s746_distance	0.0	0.0
bound_geometry	receptor_grouped_5fold	0	Gi/o	numeric__bound__sodium_d250_n749_distance	0.0	0.0
bound_geometry	receptor_grouped_5fold	0	Gi/o	numeric__bound__sodium_pocket_volume	-0.28196849471739704	0.28196849471739704
bound_geometry	receptor_grouped_5fold	0	Gi/o	numeric__bound__sodium_pocket_spread	-0.030577410154945896	0.030577410154945896
bound_geometry	receptor_grouped_5fold	0	Gi/o	numeric__bound__tm7_rotation	0.0	0.0
bound_geometry	receptor_grouped_5fold	0	Gi/o	numeric__bound__icl2_generic_ca_count	0.0	0.0
bound_geometry	receptor_grouped_5fold	0	Gi/o	numeric__bound__icl2_end_to_end_distance	0.0	0.0
bound_geometry	receptor_grouped_5fold	0	Gi/o	numeric__bound__icl2_centroid_to_r350	0.0	0.0
bound_geometry	receptor_grouped_5fold	0	Gi/o	numeric__bound__icl2_centroid_to_tm5_561	0.0	0.0
bound_geometry	receptor_grouped_5fold	0	Gi/o	numeric__bound__icl2_centroid_to_tm6_634	0.0	0.0
bound_geometry	receptor_grouped_5fold	0	Gi/o	numeric__bound__icl2_centroid_to_tm7_753	0.0	0.0
bound_geometry	receptor_grouped_5fold	0	Gi/o	numeric__bound__icl2_axis_tm3_angle	0.0	0.0
bound_geometry	receptor_grouped_5fold	0	Gi/o	numeric__bound__icl2_axis_tm5_angle	0.0	0.0
bound_geometry	receptor_grouped_5fold	0	Gi/o	numeric__bound__icl2_active_reference_displacement	0.0	0.0
bound_geometry	receptor_grouped_5fold	0	Gi/o	numeric__bound__tm5_cytoplasmic_extension	0.0	0.0
bound_geometry	receptor_grouped_5fold	0	Gi/o	numeric__bound__tm5_cytoplasmic_kink	0.0	0.0
bound_geometry	receptor_grouped_5fold	0	Gi/o	numeric__bound__tm5_r350_561_distance	0.0	0.0
bound_geometry	receptor_grouped_5fold	0	Gi/o	numeric__bound__tm5_r350_564_distance	0.0	0.0
bound_geometry	receptor_grouped_5fold	0	Gi/o	numeric__bound__tm5_tm6_cavity_distance	0.0	0.0
bound_geometry	receptor_grouped_5fold	0	Gi/o	numeric__bound__tm5_axis_tm3_angle	0.0	0.0
bound_geometry	receptor_grouped_5fold	0	Gi/o	numeric__bound__tm6_lower_upper_kink	0.0	0.0
bound_geometry	receptor_grouped_5fold	0	Gi/o	numeric__bound__tm6_axis_tm3_angle	0.0	0.0
bound_geometry	receptor_grouped_5fold	0	Gi/o	numeric__bound__tm6_tm7_cavity_distance	0.0	0.0
bound_geometry	receptor_grouped_5fold	0	Gi/o	numeric__bound__tm7_h8_angle	0.0	0.0
bound_geometry	receptor_grouped_5fold	0	Gi/o	numeric__bound__h8_end_to_end_distance	0.0	0.0
bound_geometry	receptor_grouped_5fold	0	Gi/o	numeric__bound__h8_r350_distance	0.0	0.0
bound_geometry	receptor_grouped_5fold	0	Gi/o	numeric__bound__h8_tm6_distance	0.0	0.0
bound_geometry	receptor_grouped_5fold	0	Gi/o	numeric__bound__icl2_helix_fraction	0.0	0.0
bound_geometry	receptor_grouped_5fold	0	Gi/o	numeric__bound__icl2_longest_helix	0.0	0.0
bound_geometry	receptor_grouped_5fold	0	Gi/o	numeric__bound__icl2_mean_phi	0.0	0.0
bound_geometry	receptor_grouped_5fold	0	Gi/o	numeric__bound__icl2_mean_psi	0.0	0.0
bound_geometry	receptor_grouped_5fold	0	Gi/o	numeric__bound__intracellular_cavity_core_volume	0.0	0.0
bound_geometry	receptor_grouped_5fold	0	Gi/o	numeric__bound__intracellular_cavity_core_mouth_area	0.0	0.0
bound_geometry	receptor_grouped_5fold	0	Gi/o	numeric__bound__intracellular_cavity_core_depth	0.0	0.0
bound_geometry	receptor_grouped_5fold	0	Gi/o	numeric__bound__intracellular_cavity_core_maximum_width	0.0	0.0
bound_geometry	receptor_grouped_5fold	0	Gi/o	numeric__bound__intracellular_cavity_core_average_cross_section	0.0	0.0
bound_geometry	receptor_grouped_5fold	0	Gi/o	numeric__bound__intracellular_cavity_core_bottleneck_area	0.0	0.0
bound_geometry	receptor_grouped_5fold	0	Gi/o	numeric__bound__intracellular_cavity_core_bottleneck_radius	0.0	0.0
bound_geometry	receptor_grouped_5fold	0	Gi/o	numeric__bound__intracellular_cavity_core_max_inscribed_radius	0.0	0.0
bound_geometry	receptor_grouped_5fold	0	Gi/o	numeric__bound__intracellular_cavity_core_surface_area	0.0	0.0
bound_geometry	receptor_grouped_5fold	0	Gi/o	numeric__bound__intracellular_cavity_core_centroid_x	0.0	0.0
bound_geometry	receptor_grouped_5fold	0	Gi/o	numeric__bound__intracellular_cavity_core_centroid_y	0.0	0.0
bound_geometry	receptor_grouped_5fold	0	Gi/o	numeric__bound__intracellular_cavity_core_centroid_z	0.0	0.0
bound_geometry	receptor_grouped_5fold	0	Gi/o	numeric__bound__intracellular_cavity_core_principal_length_1	0.0	0.0
bound_geometry	receptor_grouped_5fold	0	Gi/o	numeric__bound__intracellular_cavity_core_principal_length_2	0.440784220528174	0.440784220528174
bound_geometry	receptor_grouped_5fold	0	Gi/o	numeric__bound__intracellular_cavity_core_principal_length_3	-0.12630235537978715	0.12630235537978715
bound_geometry	receptor_grouped_5fold	0	Gi/o	numeric__bound__intracellular_cavity_core_principal_axis_1_z_alignment	0.0	0.0
bound_geometry	receptor_grouped_5fold	0	Gi/o	numeric__bound__intracellular_cavity_core_eccentricity	0.0	0.0
bound_geometry	receptor_grouped_5fold	0	Gi/o	numeric__bound__intracellular_cavity_core_sphericity	0.0	0.0
bound_geometry	receptor_grouped_5fold	0	Gi/o	numeric__bound__intracellular_cavity_core_asymmetry	0.06273123385115215	0.06273123385115215
bound_geometry	receptor_grouped_5fold	0	Gi/o	numeric__bound__intracellular_cavity_core_tm3_side_fraction	0.0	0.0
bound_geometry	receptor_grouped_5fold	0	Gi/o	numeric__bound__intracellular_cavity_core_tm6_side_fraction	0.0	0.0
bound_geometry	receptor_grouped_5fold	0	Gi/o	numeric__bound__intracellular_cavity_core_tm5_side_fraction	0.0	0.0
bound_geometry	receptor_grouped_5fold	0	Gi/o	numeric__bound__intracellular_cavity_core_tm7_side_fraction	0.0	0.0
bound_geometry	receptor_grouped_5fold	0	Gi/o	numeric__bound__intracellular_cavity_core_wall_fraction_h8	0.0	0.0
bound_geometry	receptor_grouped_5fold	0	Gi/o	numeric__bound__intracellular_cavity_core_wall_fraction_icl2	0.0	0.0
bound_geometry	receptor_grouped_5fold	0	Gi/o	numeric__bound__intracellular_cavity_core_wall_fraction_tm3	0.0	0.0
bound_geometry	receptor_grouped_5fold	0	Gi/o	numeric__bound__intracellular_cavity_core_wall_fraction_tm7	0.0	0.0
bound_geometry	receptor_grouped_5fold	0	Gq/11	numeric__bound__activation_consensus_score	0.0	0.0
bound_geometry	receptor_grouped_5fold	0	Gq/11	numeric__bound__tm6_r350_634_distance	0.0	0.0
bound_geometry	receptor_grouped_5fold	0	Gq/11	numeric__bound__tm6_aligned_displacement	0.0	0.0
bound_geometry	receptor_grouped_5fold	0	Gq/11	numeric__bound__tm7_displacement	0.0	0.0
bound_geometry	receptor_grouped_5fold	0	Gq/11	numeric__bound__tm3_tm7_distance	0.0	0.0
bound_geometry	receptor_grouped_5fold	0	Gq/11	numeric__bound__tm6_r350_630_distance	0.0	0.0
bound_geometry	receptor_grouped_5fold	0	Gq/11	numeric__bound__dry_r350_630_min_distance	0.0	0.0
bound_geometry	receptor_grouped_5fold	0	Gq/11	numeric__bound__dry_r350_630_ca_distance	0.0	0.0
bound_geometry	receptor_grouped_5fold	0	Gq/11	numeric__bound__dry_d349_r350_min_distance	0.0	0.0
bound_geometry	receptor_grouped_5fold	0	Gq/11	numeric__bound__r350_chi1	0.0	0.0
bound_geometry	receptor_grouped_5fold	0	Gq/11	numeric__bound__r350_chi2	0.0	0.0
bound_geometry	receptor_grouped_5fold	0	Gq/11	numeric__bound__pif_550_340_distance	0.0	0.0
bound_geometry	receptor_grouped_5fold	0	Gq/11	numeric__bound__pif_340_644_distance	0.0	0.0
bound_geometry	receptor_grouped_5fold	0	Gq/11	numeric__bound__pif_550_644_distance	0.0	0.0
bound_geometry	receptor_grouped_5fold	0	Gq/11	numeric__bound__pif_550_340_min_distance	0.20060377576860947	0.20060377576860947
bound_geometry	receptor_grouped_5fold	0	Gq/11	numeric__bound__pif_340_644_min_distance	0.0	0.0
bound_geometry	receptor_grouped_5fold	0	Gq/11	numeric__bound__pif_550_644_min_distance	0.0	0.0
bound_geometry	receptor_grouped_5fold	0	Gq/11	numeric__bound__pif_triangle_perimeter	0.0	0.0
bound_geometry	receptor_grouped_5fold	0	Gq/11	numeric__bound__position_644_chi1	0.0	0.0
bound_geometry	receptor_grouped_5fold	0	Gq/11	numeric__bound__position_644_chi2	0.0	0.0
bound_geometry	receptor_grouped_5fold	0	Gq/11	numeric__bound__w648_chi1	0.0	0.0
bound_geometry	receptor_grouped_5fold	0	Gq/11	numeric__bound__w648_chi2	0.0	0.0
bound_geometry	receptor_grouped_5fold	0	Gq/11	numeric__bound__w648_displacement	0.0	0.0
bound_geometry	receptor_grouped_5fold	0	Gq/11	numeric__bound__w648_to_644_distance	0.0	0.0
bound_geometry	receptor_grouped_5fold	0	Gq/11	numeric__bound__cwxp_647_650_distance	0.0	0.0
bound_geometry	receptor_grouped_5fold	0	Gq/11	numeric__bound__y753_chi1	0.0	0.0
bound_geometry	receptor_grouped_5fold	0	Gq/11	numeric__bound__y753_chi2	0.0	0.0
bound_geometry	receptor_grouped_5fold	0	Gq/11	numeric__bound__y753_y558_distance	0.0	0.0
bound_geometry	receptor_grouped_5fold	0	Gq/11	numeric__bound__y753_y558_min_distance	0.0	0.0
bound_geometry	receptor_grouped_5fold	0	Gq/11	numeric__bound__n749_y753_distance	0.0	0.0
bound_geometry	receptor_grouped_5fold	0	Gq/11	numeric__bound__npxxy_local_spread	0.0	0.0
bound_geometry	receptor_grouped_5fold	0	Gq/11	numeric__bound__y753_displacement	0.0	0.0
bound_geometry	receptor_grouped_5fold	0	Gq/11	numeric__bound__sodium_d250_s339_distance	0.17936082110872922	0.17936082110872922
bound_geometry	receptor_grouped_5fold	0	Gq/11	numeric__bound__sodium_d250_n745_distance	0.0	0.0
bound_geometry	receptor_grouped_5fold	0	Gq/11	numeric__bound__sodium_d250_s746_distance	0.0	0.0
bound_geometry	receptor_grouped_5fold	0	Gq/11	numeric__bound__sodium_d250_n749_distance	0.0	0.0
bound_geometry	receptor_grouped_5fold	0	Gq/11	numeric__bound__sodium_pocket_volume	0.0	0.0
bound_geometry	receptor_grouped_5fold	0	Gq/11	numeric__bound__sodium_pocket_spread	0.0	0.0
bound_geometry	receptor_grouped_5fold	0	Gq/11	numeric__bound__tm7_rotation	0.0	0.0
bound_geometry	receptor_grouped_5fold	0	Gq/11	numeric__bound__icl2_generic_ca_count	0.0	0.0
bound_geometry	receptor_grouped_5fold	0	Gq/11	numeric__bound__icl2_end_to_end_distance	0.0	0.0
bound_geometry	receptor_grouped_5fold	0	Gq/11	numeric__bound__icl2_centroid_to_r350	0.0023863525643468436	0.0023863525643468436
bound_geometry	receptor_grouped_5fold	0	Gq/11	numeric__bound__icl2_centroid_to_tm5_561	0.05448453540970695	0.05448453540970695
bound_geometry	receptor_grouped_5fold	0	Gq/11	numeric__bound__icl2_centroid_to_tm6_634	0.0	0.0
bound_geometry	receptor_grouped_5fold	0	Gq/11	numeric__bound__icl2_centroid_to_tm7_753	0.0	0.0
bound_geometry	receptor_grouped_5fold	0	Gq/11	numeric__bound__icl2_axis_tm3_angle	0.0	0.0
bound_geometry	receptor_grouped_5fold	0	Gq/11	numeric__bound__icl2_axis_tm5_angle	0.0	0.0
bound_geometry	receptor_grouped_5fold	0	Gq/11	numeric__bound__icl2_active_reference_displacement	0.0	0.0
bound_geometry	receptor_grouped_5fold	0	Gq/11	numeric__bound__tm5_cytoplasmic_extension	0.0	0.0
bound_geometry	receptor_grouped_5fold	0	Gq/11	numeric__bound__tm5_cytoplasmic_kink	0.0	0.0
bound_geometry	receptor_grouped_5fold	0	Gq/11	numeric__bound__tm5_r350_561_distance	0.16590203170941634	0.16590203170941634
bound_geometry	receptor_grouped_5fold	0	Gq/11	numeric__bound__tm5_r350_564_distance	0.0	0.0
bound_geometry	receptor_grouped_5fold	0	Gq/11	numeric__bound__tm5_tm6_cavity_distance	0.0	0.0
bound_geometry	receptor_grouped_5fold	0	Gq/11	numeric__bound__tm5_axis_tm3_angle	0.0	0.0
bound_geometry	receptor_grouped_5fold	0	Gq/11	numeric__bound__tm6_lower_upper_kink	-0.21148598215217224	0.21148598215217224
bound_geometry	receptor_grouped_5fold	0	Gq/11	numeric__bound__tm6_axis_tm3_angle	0.0	0.0
bound_geometry	receptor_grouped_5fold	0	Gq/11	numeric__bound__tm6_tm7_cavity_distance	0.0	0.0
bound_geometry	receptor_grouped_5fold	0	Gq/11	numeric__bound__tm7_h8_angle	0.0	0.0
bound_geometry	receptor_grouped_5fold	0	Gq/11	numeric__bound__h8_end_to_end_distance	0.0	0.0
bound_geometry	receptor_grouped_5fold	0	Gq/11	numeric__bound__h8_r350_distance	0.0	0.0
bound_geometry	receptor_grouped_5fold	0	Gq/11	numeric__bound__h8_tm6_distance	0.0	0.0
bound_geometry	receptor_grouped_5fold	0	Gq/11	numeric__bound__icl2_helix_fraction	0.0	0.0
bound_geometry	receptor_grouped_5fold	0	Gq/11	numeric__bound__icl2_longest_helix	0.0	0.0
bound_geometry	receptor_grouped_5fold	0	Gq/11	numeric__bound__icl2_mean_phi	0.14043163300922532	0.14043163300922532
bound_geometry	receptor_grouped_5fold	0	Gq/11	numeric__bound__icl2_mean_psi	0.0	0.0
bound_geometry	receptor_grouped_5fold	0	Gq/11	numeric__bound__intracellular_cavity_core_volume	0.0	0.0
bound_geometry	receptor_grouped_5fold	0	Gq/11	numeric__bound__intracellular_cavity_core_mouth_area	0.0	0.0
bound_geometry	receptor_grouped_5fold	0	Gq/11	numeric__bound__intracellular_cavity_core_depth	0.0	0.0
bound_geometry	receptor_grouped_5fold	0	Gq/11	numeric__bound__intracellular_cavity_core_maximum_width	0.0	0.0
bound_geometry	receptor_grouped_5fold	0	Gq/11	numeric__bound__intracellular_cavity_core_average_cross_section	0.0	0.0
bound_geometry	receptor_grouped_5fold	0	Gq/11	numeric__bound__intracellular_cavity_core_bottleneck_area	0.0	0.0
bound_geometry	receptor_grouped_5fold	0	Gq/11	numeric__bound__intracellular_cavity_core_bottleneck_radius	0.0	0.0
bound_geometry	receptor_grouped_5fold	0	Gq/11	numeric__bound__intracellular_cavity_core_max_inscribed_radius	0.0	0.0
bound_geometry	receptor_grouped_5fold	0	Gq/11	numeric__bound__intracellular_cavity_core_surface_area	0.0	0.0
bound_geometry	receptor_grouped_5fold	0	Gq/11	numeric__bound__intracellular_cavity_core_centroid_x	0.0	0.0
bound_geometry	receptor_grouped_5fold	0	Gq/11	numeric__bound__intracellular_cavity_core_centroid_y	0.0	0.0
bound_geometry	receptor_grouped_5fold	0	Gq/11	numeric__bound__intracellular_cavity_core_centroid_z	0.0	0.0
bound_geometry	receptor_grouped_5fold	0	Gq/11	numeric__bound__intracellular_cavity_core_principal_length_1	0.0	0.0
bound_geometry	receptor_grouped_5fold	0	Gq/11	numeric__bound__intracellular_cavity_core_principal_length_2	0.0	0.0
bound_geometry	receptor_grouped_5fold	0	Gq/11	numeric__bound__intracellular_cavity_core_principal_length_3	0.0	0.0
bound_geometry	receptor_grouped_5fold	0	Gq/11	numeric__bound__intracellular_cavity_core_principal_axis_1_z_alignment	0.0	0.0
bound_geometry	receptor_grouped_5fold	0	Gq/11	numeric__bound__intracellular_cavity_core_eccentricity	0.0	0.0
bound_geometry	receptor_grouped_5fold	0	Gq/11	numeric__bound__intracellular_cavity_core_sphericity	0.0	0.0
bound_geometry	receptor_grouped_5fold	0	Gq/11	numeric__bound__intracellular_cavity_core_asymmetry	0.0	0.0
bound_geometry	receptor_grouped_5fold	0	Gq/11	numeric__bound__intracellular_cavity_core_tm3_side_fraction	0.0	0.0
bound_geometry	receptor_grouped_5fold	0	Gq/11	numeric__bound__intracellular_cavity_core_tm6_side_fraction	0.0	0.0
bound_geometry	receptor_grouped_5fold	0	Gq/11	numeric__bound__intracellular_cavity_core_tm5_side_fraction	0.0	0.0
bound_geometry	receptor_grouped_5fold	0	Gq/11	numeric__bound__intracellular_cavity_core_tm7_side_fraction	0.0	0.0
bound_geometry	receptor_grouped_5fold	0	Gq/11	numeric__bound__intracellular_cavity_core_wall_fraction_h8	0.0	0.0
bound_geometry	receptor_grouped_5fold	0	Gq/11	numeric__bound__intracellular_cavity_core_wall_fraction_icl2	0.0	0.0
bound_geometry	receptor_grouped_5fold	0	Gq/11	numeric__bound__intracellular_cavity_core_wall_fraction_tm3	0.0	0.0
bound_geometry	receptor_grouped_5fold	0	Gq/11	numeric__bound__intracellular_cavity_core_wall_fraction_tm7	0.0	0.0
bound_geometry	receptor_grouped_5fold	0	Gs	numeric__bound__activation_consensus_score	0.0	0.0
bound_geometry	receptor_grouped_5fold	0	Gs	numeric__bound__tm6_r350_634_distance	0.0	0.0
bound_geometry	receptor_grouped_5fold	0	Gs	numeric__bound__tm6_aligned_displacement	0.0	0.0
bound_geometry	receptor_grouped_5fold	0	Gs	numeric__bound__tm7_displacement	0.0	0.0
bound_geometry	receptor_grouped_5fold	0	Gs	numeric__bound__tm3_tm7_distance	0.0	0.0
bound_geometry	receptor_grouped_5fold	0	Gs	numeric__bound__tm6_r350_630_distance	0.0	0.0
bound_geometry	receptor_grouped_5fold	0	Gs	numeric__bound__dry_r350_630_min_distance	0.0	0.0
bound_geometry	receptor_grouped_5fold	0	Gs	numeric__bound__dry_r350_630_ca_distance	0.0	0.0
bound_geometry	receptor_grouped_5fold	0	Gs	numeric__bound__dry_d349_r350_min_distance	0.0	0.0
bound_geometry	receptor_grouped_5fold	0	Gs	numeric__bound__r350_chi1	0.0	0.0
bound_geometry	receptor_grouped_5fold	0	Gs	numeric__bound__r350_chi2	0.0	0.0
bound_geometry	receptor_grouped_5fold	0	Gs	numeric__bound__pif_550_340_distance	0.0	0.0
bound_geometry	receptor_grouped_5fold	0	Gs	numeric__bound__pif_340_644_distance	0.0	0.0
bound_geometry	receptor_grouped_5fold	0	Gs	numeric__bound__pif_550_644_distance	0.0	0.0
bound_geometry	receptor_grouped_5fold	0	Gs	numeric__bound__pif_550_340_min_distance	0.0	0.0
bound_geometry	receptor_grouped_5fold	0	Gs	numeric__bound__pif_340_644_min_distance	0.0	0.0
bound_geometry	receptor_grouped_5fold	0	Gs	numeric__bound__pif_550_644_min_distance	0.0	0.0
bound_geometry	receptor_grouped_5fold	0	Gs	numeric__bound__pif_triangle_perimeter	0.0	0.0
bound_geometry	receptor_grouped_5fold	0	Gs	numeric__bound__position_644_chi1	0.0	0.0
bound_geometry	receptor_grouped_5fold	0	Gs	numeric__bound__position_644_chi2	0.0	0.0
bound_geometry	receptor_grouped_5fold	0	Gs	numeric__bound__w648_chi1	0.0	0.0
bound_geometry	receptor_grouped_5fold	0	Gs	numeric__bound__w648_chi2	0.0	0.0
bound_geometry	receptor_grouped_5fold	0	Gs	numeric__bound__w648_displacement	0.0	0.0
bound_geometry	receptor_grouped_5fold	0	Gs	numeric__bound__w648_to_644_distance	0.0	0.0
bound_geometry	receptor_grouped_5fold	0	Gs	numeric__bound__cwxp_647_650_distance	0.0	0.0
bound_geometry	receptor_grouped_5fold	0	Gs	numeric__bound__y753_chi1	0.0	0.0
bound_geometry	receptor_grouped_5fold	0	Gs	numeric__bound__y753_chi2	0.0	0.0
bound_geometry	receptor_grouped_5fold	0	Gs	numeric__bound__y753_y558_distance	0.0	0.0
bound_geometry	receptor_grouped_5fold	0	Gs	numeric__bound__y753_y558_min_distance	-0.0809953459581897	0.0809953459581897
bound_geometry	receptor_grouped_5fold	0	Gs	numeric__bound__n749_y753_distance	0.0	0.0
bound_geometry	receptor_grouped_5fold	0	Gs	numeric__bound__npxxy_local_spread	0.0	0.0
bound_geometry	receptor_grouped_5fold	0	Gs	numeric__bound__y753_displacement	0.0	0.0
bound_geometry	receptor_grouped_5fold	0	Gs	numeric__bound__sodium_d250_s339_distance	0.0	0.0
bound_geometry	receptor_grouped_5fold	0	Gs	numeric__bound__sodium_d250_n745_distance	0.0	0.0
bound_geometry	receptor_grouped_5fold	0	Gs	numeric__bound__sodium_d250_s746_distance	0.0	0.0
bound_geometry	receptor_grouped_5fold	0	Gs	numeric__bound__sodium_d250_n749_distance	0.0	0.0
bound_geometry	receptor_grouped_5fold	0	Gs	numeric__bound__sodium_pocket_volume	0.0	0.0
bound_geometry	receptor_grouped_5fold	0	Gs	numeric__bound__sodium_pocket_spread	0.0	0.0
bound_geometry	receptor_grouped_5fold	0	Gs	numeric__bound__tm7_rotation	0.0	0.0
bound_geometry	receptor_grouped_5fold	0	Gs	numeric__bound__icl2_generic_ca_count	0.0	0.0
bound_geometry	receptor_grouped_5fold	0	Gs	numeric__bound__icl2_end_to_end_distance	0.0	0.0
bound_geometry	receptor_grouped_5fold	0	Gs	numeric__bound__icl2_centroid_to_r350	0.0	0.0
bound_geometry	receptor_grouped_5fold	0	Gs	numeric__bound__icl2_centroid_to_tm5_561	-0.015209825814625079	0.015209825814625079
bound_geometry	receptor_grouped_5fold	0	Gs	numeric__bound__icl2_centroid_to_tm6_634	0.0	0.0
bound_geometry	receptor_grouped_5fold	0	Gs	numeric__bound__icl2_centroid_to_tm7_753	0.0	0.0
bound_geometry	receptor_grouped_5fold	0	Gs	numeric__bound__icl2_axis_tm3_angle	0.0	0.0
bound_geometry	receptor_grouped_5fold	0	Gs	numeric__bound__icl2_axis_tm5_angle	0.0	0.0
bound_geometry	receptor_grouped_5fold	0	Gs	numeric__bound__icl2_active_reference_displacement	0.0	0.0
bound_geometry	receptor_grouped_5fold	0	Gs	numeric__bound__tm5_cytoplasmic_extension	0.0	0.0
bound_geometry	receptor_grouped_5fold	0	Gs	numeric__bound__tm5_cytoplasmic_kink	0.0	0.0
bound_geometry	receptor_grouped_5fold	0	Gs	numeric__bound__tm5_r350_561_distance	-0.04038093120627728	0.04038093120627728
bound_geometry	receptor_grouped_5fold	0	Gs	numeric__bound__tm5_r350_564_distance	-0.13195301340963297	0.13195301340963297
bound_geometry	receptor_grouped_5fold	0	Gs	numeric__bound__tm5_tm6_cavity_distance	0.0	0.0
bound_geometry	receptor_grouped_5fold	0	Gs	numeric__bound__tm5_axis_tm3_angle	0.0	0.0
bound_geometry	receptor_grouped_5fold	0	Gs	numeric__bound__tm6_lower_upper_kink	0.039689183339803286	0.039689183339803286
bound_geometry	receptor_grouped_5fold	0	Gs	numeric__bound__tm6_axis_tm3_angle	0.0	0.0
bound_geometry	receptor_grouped_5fold	0	Gs	numeric__bound__tm6_tm7_cavity_distance	0.0	0.0
bound_geometry	receptor_grouped_5fold	0	Gs	numeric__bound__tm7_h8_angle	0.0	0.0
bound_geometry	receptor_grouped_5fold	0	Gs	numeric__bound__h8_end_to_end_distance	0.0	0.0
bound_geometry	receptor_grouped_5fold	0	Gs	numeric__bound__h8_r350_distance	0.0	0.0
bound_geometry	receptor_grouped_5fold	0	Gs	numeric__bound__h8_tm6_distance	0.0	0.0
bound_geometry	receptor_grouped_5fold	0	Gs	numeric__bound__icl2_helix_fraction	0.0	0.0
bound_geometry	receptor_grouped_5fold	0	Gs	numeric__bound__icl2_longest_helix	-0.33438439036660356	0.33438439036660356
bound_geometry	receptor_grouped_5fold	0	Gs	numeric__bound__icl2_mean_phi	-0.240407739432725	0.240407739432725
bound_geometry	receptor_grouped_5fold	0	Gs	numeric__bound__icl2_mean_psi	0.0	0.0
bound_geometry	receptor_grouped_5fold	0	Gs	numeric__bound__intracellular_cavity_core_volume	0.0	0.0
bound_geometry	receptor_grouped_5fold	0	Gs	numeric__bound__intracellular_cavity_core_mouth_area	0.0	0.0
bound_geometry	receptor_grouped_5fold	0	Gs	numeric__bound__intracellular_cavity_core_depth	-0.23084862272772416	0.23084862272772416
bound_geometry	receptor_grouped_5fold	0	Gs	numeric__bound__intracellular_cavity_core_maximum_width	0.0	0.0
bound_geometry	receptor_grouped_5fold	0	Gs	numeric__bound__intracellular_cavity_core_average_cross_section	0.0	0.0
bound_geometry	receptor_grouped_5fold	0	Gs	numeric__bound__intracellular_cavity_core_bottleneck_area	0.0	0.0
bound_geometry	receptor_grouped_5fold	0	Gs	numeric__bound__intracellular_cavity_core_bottleneck_radius	0.0	0.0
bound_geometry	receptor_grouped_5fold	0	Gs	numeric__bound__intracellular_cavity_core_max_inscribed_radius	0.0	0.0
bound_geometry	receptor_grouped_5fold	0	Gs	numeric__bound__intracellular_cavity_core_surface_area	0.0	0.0
bound_geometry	receptor_grouped_5fold	0	Gs	numeric__bound__intracellular_cavity_core_centroid_x	0.0	0.0
bound_geometry	receptor_grouped_5fold	0	Gs	numeric__bound__intracellular_cavity_core_centroid_y	0.0	0.0
bound_geometry	receptor_grouped_5fold	0	Gs	numeric__bound__intracellular_cavity_core_centroid_z	0.0	0.0
bound_geometry	receptor_grouped_5fold	0	Gs	numeric__bound__intracellular_cavity_core_principal_length_1	-0.06825477808889806	0.06825477808889806
bound_geometry	receptor_grouped_5fold	0	Gs	numeric__bound__intracellular_cavity_core_principal_length_2	0.0	0.0
bound_geometry	receptor_grouped_5fold	0	Gs	numeric__bound__intracellular_cavity_core_principal_length_3	0.0	0.0
bound_geometry	receptor_grouped_5fold	0	Gs	numeric__bound__intracellular_cavity_core_principal_axis_1_z_alignment	0.0	0.0
bound_geometry	receptor_grouped_5fold	0	Gs	numeric__bound__intracellular_cavity_core_eccentricity	0.0	0.0
bound_geometry	receptor_grouped_5fold	0	Gs	numeric__bound__intracellular_cavity_core_sphericity	0.0	0.0
bound_geometry	receptor_grouped_5fold	0	Gs	numeric__bound__intracellular_cavity_core_asymmetry	-0.09135038913107739	0.09135038913107739
bound_geometry	receptor_grouped_5fold	0	Gs	numeric__bound__intracellular_cavity_core_tm3_side_fraction	0.0	0.0
bound_geometry	receptor_grouped_5fold	0	Gs	numeric__bound__intracellular_cavity_core_tm6_side_fraction	0.0	0.0
bound_geometry	receptor_grouped_5fold	0	Gs	numeric__bound__intracellular_cavity_core_tm5_side_fraction	0.0	0.0
bound_geometry	receptor_grouped_5fold	0	Gs	numeric__bound__intracellular_cavity_core_tm7_side_fraction	0.0	0.0
bound_geometry	receptor_grouped_5fold	0	Gs	numeric__bound__intracellular_cavity_core_wall_fraction_h8	0.0	0.0
bound_geometry	receptor_grouped_5fold	0	Gs	numeric__bound__intracellular_cavity_core_wall_fraction_icl2	0.0	0.0
bound_geometry	receptor_grouped_5fold	0	Gs	numeric__bound__intracellular_cavity_core_wall_fraction_tm3	0.0	0.0
bound_geometry	receptor_grouped_5fold	0	Gs	numeric__bound__intracellular_cavity_core_wall_fraction_tm7	0.0	0.0
bound_geometry	receptor_grouped_5fold	1	Gi/o	numeric__bound__activation_consensus_score	0.0	0.0
bound_geometry	receptor_grouped_5fold	1	Gi/o	numeric__bound__tm6_r350_634_distance	0.0	0.0
bound_geometry	receptor_grouped_5fold	1	Gi/o	numeric__bound__tm6_aligned_displacement	0.014351202100860353	0.014351202100860353
bound_geometry	receptor_grouped_5fold	1	Gi/o	numeric__bound__tm7_displacement	0.0	0.0
bound_geometry	receptor_grouped_5fold	1	Gi/o	numeric__bound__tm3_tm7_distance	0.26118904548245647	0.26118904548245647
bound_geometry	receptor_grouped_5fold	1	Gi/o	numeric__bound__tm6_r350_630_distance	0.0	0.0
bound_geometry	receptor_grouped_5fold	1	Gi/o	numeric__bound__dry_r350_630_min_distance	0.0	0.0
bound_geometry	receptor_grouped_5fold	1	Gi/o	numeric__bound__dry_r350_630_ca_distance	0.0	0.0
bound_geometry	receptor_grouped_5fold	1	Gi/o	numeric__bound__dry_d349_r350_min_distance	-0.3343551139421176	0.3343551139421176
bound_geometry	receptor_grouped_5fold	1	Gi/o	numeric__bound__r350_chi1	0.40938682344659744	0.40938682344659744
bound_geometry	receptor_grouped_5fold	1	Gi/o	numeric__bound__r350_chi2	-0.13165703900008222	0.13165703900008222
bound_geometry	receptor_grouped_5fold	1	Gi/o	numeric__bound__pif_550_340_distance	-0.07569643813868267	0.07569643813868267
bound_geometry	receptor_grouped_5fold	1	Gi/o	numeric__bound__pif_340_644_distance	0.0	0.0
bound_geometry	receptor_grouped_5fold	1	Gi/o	numeric__bound__pif_550_644_distance	-0.028048321038687606	0.028048321038687606
bound_geometry	receptor_grouped_5fold	1	Gi/o	numeric__bound__pif_550_340_min_distance	0.0	0.0
bound_geometry	receptor_grouped_5fold	1	Gi/o	numeric__bound__pif_340_644_min_distance	0.0	0.0
bound_geometry	receptor_grouped_5fold	1	Gi/o	numeric__bound__pif_550_644_min_distance	-0.20484295907997804	0.20484295907997804
bound_geometry	receptor_grouped_5fold	1	Gi/o	numeric__bound__pif_triangle_perimeter	-0.09004712859833544	0.09004712859833544
bound_geometry	receptor_grouped_5fold	1	Gi/o	numeric__bound__position_644_chi1	-0.11568161801764935	0.11568161801764935
bound_geometry	receptor_grouped_5fold	1	Gi/o	numeric__bound__position_644_chi2	-0.4190347483930865	0.4190347483930865
bound_geometry	receptor_grouped_5fold	1	Gi/o	numeric__bound__w648_chi1	-0.23361827381569164	0.23361827381569164
bound_geometry	receptor_grouped_5fold	1	Gi/o	numeric__bound__w648_chi2	0.0	0.0
bound_geometry	receptor_grouped_5fold	1	Gi/o	numeric__bound__w648_displacement	0.2514792743925418	0.2514792743925418
bound_geometry	receptor_grouped_5fold	1	Gi/o	numeric__bound__w648_to_644_distance	0.0	0.0
bound_geometry	receptor_grouped_5fold	1	Gi/o	numeric__bound__cwxp_647_650_distance	0.2337770551378234	0.2337770551378234
bound_geometry	receptor_grouped_5fold	1	Gi/o	numeric__bound__y753_chi1	0.0	0.0
bound_geometry	receptor_grouped_5fold	1	Gi/o	numeric__bound__y753_chi2	0.0	0.0
bound_geometry	receptor_grouped_5fold	1	Gi/o	numeric__bound__y753_y558_distance	0.0	0.0
bound_geometry	receptor_grouped_5fold	1	Gi/o	numeric__bound__y753_y558_min_distance	0.0	0.0
bound_geometry	receptor_grouped_5fold	1	Gi/o	numeric__bound__n749_y753_distance	0.1613520565646476	0.1613520565646476
bound_geometry	receptor_grouped_5fold	1	Gi/o	numeric__bound__npxxy_local_spread	0.0	0.0
bound_geometry	receptor_grouped_5fold	1	Gi/o	numeric__bound__y753_displacement	-0.09114051138070889	0.09114051138070889
bound_geometry	receptor_grouped_5fold	1	Gi/o	numeric__bound__sodium_d250_s339_distance	0.0	0.0
bound_geometry	receptor_grouped_5fold	1	Gi/o	numeric__bound__sodium_d250_n745_distance	-0.18511657667385623	0.18511657667385623
bound_geometry	receptor_grouped_5fold	1	Gi/o	numeric__bound__sodium_d250_s746_distance	-0.17398760614790335	0.17398760614790335
bound_geometry	receptor_grouped_5fold	1	Gi/o	numeric__bound__sodium_d250_n749_distance	-0.039382017926360195	0.039382017926360195
bound_geometry	receptor_grouped_5fold	1	Gi/o	numeric__bound__sodium_pocket_volume	0.0	0.0
bound_geometry	receptor_grouped_5fold	1	Gi/o	numeric__bound__sodium_pocket_spread	0.0	0.0
bound_geometry	receptor_grouped_5fold	1	Gi/o	numeric__bound__tm7_rotation	0.0	0.0
bound_geometry	receptor_grouped_5fold	1	Gi/o	numeric__bound__icl2_end_to_end_distance	0.0	0.0
bound_geometry	receptor_grouped_5fold	1	Gi/o	numeric__bound__icl2_centroid_to_r350	0.0	0.0
bound_geometry	receptor_grouped_5fold	1	Gi/o	numeric__bound__icl2_centroid_to_tm5_561	0.0	0.0
bound_geometry	receptor_grouped_5fold	1	Gi/o	numeric__bound__icl2_centroid_to_tm6_634	0.0	0.0
bound_geometry	receptor_grouped_5fold	1	Gi/o	numeric__bound__icl2_centroid_to_tm7_753	0.13760403980870478	0.13760403980870478
bound_geometry	receptor_grouped_5fold	1	Gi/o	numeric__bound__icl2_axis_tm3_angle	0.0	0.0
bound_geometry	receptor_grouped_5fold	1	Gi/o	numeric__bound__icl2_axis_tm5_angle	0.0	0.0
bound_geometry	receptor_grouped_5fold	1	Gi/o	numeric__bound__icl2_active_reference_displacement	0.0	0.0
bound_geometry	receptor_grouped_5fold	1	Gi/o	numeric__bound__tm5_cytoplasmic_extension	0.05253920672545995	0.05253920672545995
bound_geometry	receptor_grouped_5fold	1	Gi/o	numeric__bound__tm5_cytoplasmic_kink	0.0	0.0
bound_geometry	receptor_grouped_5fold	1	Gi/o	numeric__bound__tm5_r350_561_distance	0.0	0.0
bound_geometry	receptor_grouped_5fold	1	Gi/o	numeric__bound__tm5_r350_564_distance	0.0	0.0
bound_geometry	receptor_grouped_5fold	1	Gi/o	numeric__bound__tm5_tm6_cavity_distance	0.055530669027442726	0.055530669027442726
bound_geometry	receptor_grouped_5fold	1	Gi/o	numeric__bound__tm5_axis_tm3_angle	-0.07777188246501775	0.07777188246501775
bound_geometry	receptor_grouped_5fold	1	Gi/o	numeric__bound__tm6_lower_upper_kink	0.0	0.0
bound_geometry	receptor_grouped_5fold	1	Gi/o	numeric__bound__tm6_axis_tm3_angle	-0.0497959274243735	0.0497959274243735
bound_geometry	receptor_grouped_5fold	1	Gi/o	numeric__bound__tm6_tm7_cavity_distance	0.281655809884629	0.281655809884629
bound_geometry	receptor_grouped_5fold	1	Gi/o	numeric__bound__tm7_h8_angle	0.08532064734445272	0.08532064734445272
bound_geometry	receptor_grouped_5fold	1	Gi/o	numeric__bound__h8_end_to_end_distance	0.34334456148200987	0.34334456148200987
bound_geometry	receptor_grouped_5fold	1	Gi/o	numeric__bound__h8_r350_distance	-0.09153615045815373	0.09153615045815373
bound_geometry	receptor_grouped_5fold	1	Gi/o	numeric__bound__h8_tm6_distance	0.0	0.0
bound_geometry	receptor_grouped_5fold	1	Gi/o	numeric__bound__icl2_helix_fraction	0.0	0.0
bound_geometry	receptor_grouped_5fold	1	Gi/o	numeric__bound__icl2_longest_helix	0.0	0.0
bound_geometry	receptor_grouped_5fold	1	Gi/o	numeric__bound__icl2_mean_phi	0.10047771748340598	0.10047771748340598
bound_geometry	receptor_grouped_5fold	1	Gi/o	numeric__bound__icl2_mean_psi	0.0	0.0
bound_geometry	receptor_grouped_5fold	1	Gi/o	numeric__bound__intracellular_cavity_core_volume	0.0	0.0
bound_geometry	receptor_grouped_5fold	1	Gi/o	numeric__bound__intracellular_cavity_core_mouth_area	0.0	0.0
bound_geometry	receptor_grouped_5fold	1	Gi/o	numeric__bound__intracellular_cavity_core_depth	0.16491486458684618	0.16491486458684618
bound_geometry	receptor_grouped_5fold	1	Gi/o	numeric__bound__intracellular_cavity_core_maximum_width	0.0	0.0
bound_geometry	receptor_grouped_5fold	1	Gi/o	numeric__bound__intracellular_cavity_core_average_cross_section	0.0	0.0
bound_geometry	receptor_grouped_5fold	1	Gi/o	numeric__bound__intracellular_cavity_core_bottleneck_area	0.0	0.0
bound_geometry	receptor_grouped_5fold	1	Gi/o	numeric__bound__intracellular_cavity_core_bottleneck_radius	0.0	0.0
bound_geometry	receptor_grouped_5fold	1	Gi/o	numeric__bound__intracellular_cavity_core_max_inscribed_radius	0.1365771870076706	0.1365771870076706
bound_geometry	receptor_grouped_5fold	1	Gi/o	numeric__bound__intracellular_cavity_core_surface_area	0.0	0.0
bound_geometry	receptor_grouped_5fold	1	Gi/o	numeric__bound__intracellular_cavity_core_centroid_x	0.0	0.0
bound_geometry	receptor_grouped_5fold	1	Gi/o	numeric__bound__intracellular_cavity_core_centroid_y	0.0	0.0
bound_geometry	receptor_grouped_5fold	1	Gi/o	numeric__bound__intracellular_cavity_core_centroid_z	0.0	0.0
bound_geometry	receptor_grouped_5fold	1	Gi/o	numeric__bound__intracellular_cavity_core_principal_length_1	0.0	0.0
bound_geometry	receptor_grouped_5fold	1	Gi/o	numeric__bound__intracellular_cavity_core_principal_length_2	0.0	0.0
bound_geometry	receptor_grouped_5fold	1	Gi/o	numeric__bound__intracellular_cavity_core_principal_length_3	0.0	0.0
bound_geometry	receptor_grouped_5fold	1	Gi/o	numeric__bound__intracellular_cavity_core_principal_axis_1_z_alignment	0.0	0.0
bound_geometry	receptor_grouped_5fold	1	Gi/o	numeric__bound__intracellular_cavity_core_eccentricity	0.0	0.0
bound_geometry	receptor_grouped_5fold	1	Gi/o	numeric__bound__intracellular_cavity_core_sphericity	0.0	0.0
bound_geometry	receptor_grouped_5fold	1	Gi/o	numeric__bound__intracellular_cavity_core_asymmetry	0.13218250120655936	0.13218250120655936
bound_geometry	receptor_grouped_5fold	1	Gi/o	numeric__bound__intracellular_cavity_core_tm3_side_fraction	0.0	0.0
bound_geometry	receptor_grouped_5fold	1	Gi/o	numeric__bound__intracellular_cavity_core_tm6_side_fraction	0.0	0.0
bound_geometry	receptor_grouped_5fold	1	Gi/o	numeric__bound__intracellular_cavity_core_tm5_side_fraction	0.0	0.0
bound_geometry	receptor_grouped_5fold	1	Gi/o	numeric__bound__intracellular_cavity_core_tm7_side_fraction	0.0	0.0
bound_geometry	receptor_grouped_5fold	1	Gi/o	numeric__bound__intracellular_cavity_core_wall_fraction_h8	0.0	0.0
bound_geometry	receptor_grouped_5fold	1	Gi/o	numeric__bound__intracellular_cavity_core_wall_fraction_icl2	-0.35577910006886915	0.35577910006886915
bound_geometry	receptor_grouped_5fold	1	Gi/o	numeric__bound__intracellular_cavity_core_wall_fraction_tm3	0.0	0.0
bound_geometry	receptor_grouped_5fold	1	Gi/o	numeric__bound__intracellular_cavity_core_wall_fraction_tm7	0.0	0.0
bound_geometry	receptor_grouped_5fold	1	Gq/11	numeric__bound__activation_consensus_score	0.0	0.0
bound_geometry	receptor_grouped_5fold	1	Gq/11	numeric__bound__tm6_r350_634_distance	-0.04511293104295687	0.04511293104295687
bound_geometry	receptor_grouped_5fold	1	Gq/11	numeric__bound__tm6_aligned_displacement	0.0	0.0
bound_geometry	receptor_grouped_5fold	1	Gq/11	numeric__bound__tm7_displacement	0.0	0.0
bound_geometry	receptor_grouped_5fold	1	Gq/11	numeric__bound__tm3_tm7_distance	-0.02176456848073996	0.02176456848073996
bound_geometry	receptor_grouped_5fold	1	Gq/11	numeric__bound__tm6_r350_630_distance	0.0	0.0
bound_geometry	receptor_grouped_5fold	1	Gq/11	numeric__bound__dry_r350_630_min_distance	0.0	0.0
bound_geometry	receptor_grouped_5fold	1	Gq/11	numeric__bound__dry_r350_630_ca_distance	0.0	0.0
bound_geometry	receptor_grouped_5fold	1	Gq/11	numeric__bound__dry_d349_r350_min_distance	0.22305830294994858	0.22305830294994858
bound_geometry	receptor_grouped_5fold	1	Gq/11	numeric__bound__r350_chi1	-0.41758492518980556	0.41758492518980556
bound_geometry	receptor_grouped_5fold	1	Gq/11	numeric__bound__r350_chi2	0.0	0.0
bound_geometry	receptor_grouped_5fold	1	Gq/11	numeric__bound__pif_550_340_distance	0.05921786012806257	0.05921786012806257
bound_geometry	receptor_grouped_5fold	1	Gq/11	numeric__bound__pif_340_644_distance	0.0	0.0
bound_geometry	receptor_grouped_5fold	1	Gq/11	numeric__bound__pif_550_644_distance	0.0	0.0
bound_geometry	receptor_grouped_5fold	1	Gq/11	numeric__bound__pif_550_340_min_distance	0.05167070825958923	0.05167070825958923
bound_geometry	receptor_grouped_5fold	1	Gq/11	numeric__bound__pif_340_644_min_distance	0.0	0.0
bound_geometry	receptor_grouped_5fold	1	Gq/11	numeric__bound__pif_550_644_min_distance	0.0	0.0
bound_geometry	receptor_grouped_5fold	1	Gq/11	numeric__bound__pif_triangle_perimeter	0.0	0.0
bound_geometry	receptor_grouped_5fold	1	Gq/11	numeric__bound__position_644_chi1	0.4251298939946907	0.4251298939946907
bound_geometry	receptor_grouped_5fold	1	Gq/11	numeric__bound__position_644_chi2	0.010041078191027859	0.010041078191027859
bound_geometry	receptor_grouped_5fold	1	Gq/11	numeric__bound__w648_chi1	0.3197152844395584	0.3197152844395584
bound_geometry	receptor_grouped_5fold	1	Gq/11	numeric__bound__w648_chi2	0.0	0.0
bound_geometry	receptor_grouped_5fold	1	Gq/11	numeric__bound__w648_displacement	0.0	0.0
bound_geometry	receptor_grouped_5fold	1	Gq/11	numeric__bound__w648_to_644_distance	0.0	0.0
bound_geometry	receptor_grouped_5fold	1	Gq/11	numeric__bound__cwxp_647_650_distance	-0.07255540738115115	0.07255540738115115
bound_geometry	receptor_grouped_5fold	1	Gq/11	numeric__bound__y753_chi1	0.0632105241506031	0.0632105241506031
bound_geometry	receptor_grouped_5fold	1	Gq/11	numeric__bound__y753_chi2	0.0	0.0
bound_geometry	receptor_grouped_5fold	1	Gq/11	numeric__bound__y753_y558_distance	0.0	0.0
bound_geometry	receptor_grouped_5fold	1	Gq/11	numeric__bound__y753_y558_min_distance	0.0	0.0
bound_geometry	receptor_grouped_5fold	1	Gq/11	numeric__bound__n749_y753_distance	0.0	0.0
bound_geometry	receptor_grouped_5fold	1	Gq/11	numeric__bound__npxxy_local_spread	0.01452316105312421	0.01452316105312421
bound_geometry	receptor_grouped_5fold	1	Gq/11	numeric__bound__y753_displacement	0.0	0.0
bound_geometry	receptor_grouped_5fold	1	Gq/11	numeric__bound__sodium_d250_s339_distance	0.07391865747480761	0.07391865747480761
bound_geometry	receptor_grouped_5fold	1	Gq/11	numeric__bound__sodium_d250_n745_distance	0.11428025587868439	0.11428025587868439
bound_geometry	receptor_grouped_5fold	1	Gq/11	numeric__bound__sodium_d250_s746_distance	0.0	0.0
bound_geometry	receptor_grouped_5fold	1	Gq/11	numeric__bound__sodium_d250_n749_distance	0.0	0.0
bound_geometry	receptor_grouped_5fold	1	Gq/11	numeric__bound__sodium_pocket_volume	0.0	0.0
bound_geometry	receptor_grouped_5fold	1	Gq/11	numeric__bound__sodium_pocket_spread	0.0	0.0
bound_geometry	receptor_grouped_5fold	1	Gq/11	numeric__bound__tm7_rotation	-0.03570748101874541	0.03570748101874541
bound_geometry	receptor_grouped_5fold	1	Gq/11	numeric__bound__icl2_end_to_end_distance	0.0	0.0
bound_geometry	receptor_grouped_5fold	1	Gq/11	numeric__bound__icl2_centroid_to_r350	0.0	0.0
bound_geometry	receptor_grouped_5fold	1	Gq/11	numeric__bound__icl2_centroid_to_tm5_561	0.0	0.0
bound_geometry	receptor_grouped_5fold	1	Gq/11	numeric__bound__icl2_centroid_to_tm6_634	-0.009128770942943966	0.009128770942943966
bound_geometry	receptor_grouped_5fold	1	Gq/11	numeric__bound__icl2_centroid_to_tm7_753	0.0	0.0
bound_geometry	receptor_grouped_5fold	1	Gq/11	numeric__bound__icl2_axis_tm3_angle	0.0	0.0
bound_geometry	receptor_grouped_5fold	1	Gq/11	numeric__bound__icl2_axis_tm5_angle	0.0	0.0
bound_geometry	receptor_grouped_5fold	1	Gq/11	numeric__bound__icl2_active_reference_displacement	0.0	0.0
bound_geometry	receptor_grouped_5fold	1	Gq/11	numeric__bound__tm5_cytoplasmic_extension	0.24163313557674723	0.24163313557674723
bound_geometry	receptor_grouped_5fold	1	Gq/11	numeric__bound__tm5_cytoplasmic_kink	0.04604809382318484	0.04604809382318484
bound_geometry	receptor_grouped_5fold	1	Gq/11	numeric__bound__tm5_r350_561_distance	0.0	0.0
bound_geometry	receptor_grouped_5fold	1	Gq/11	numeric__bound__tm5_r350_564_distance	0.0	0.0
bound_geometry	receptor_grouped_5fold	1	Gq/11	numeric__bound__tm5_tm6_cavity_distance	-0.10095557829125518	0.10095557829125518
bound_geometry	receptor_grouped_5fold	1	Gq/11	numeric__bound__tm5_axis_tm3_angle	0.041380797172834625	0.041380797172834625
bound_geometry	receptor_grouped_5fold	1	Gq/11	numeric__bound__tm6_lower_upper_kink	0.0	0.0
bound_geometry	receptor_grouped_5fold	1	Gq/11	numeric__bound__tm6_axis_tm3_angle	0.0	0.0
bound_geometry	receptor_grouped_5fold	1	Gq/11	numeric__bound__tm6_tm7_cavity_distance	-0.30268438873826153	0.30268438873826153
bound_geometry	receptor_grouped_5fold	1	Gq/11	numeric__bound__tm7_h8_angle	-0.15474322093448842	0.15474322093448842
bound_geometry	receptor_grouped_5fold	1	Gq/11	numeric__bound__h8_end_to_end_distance	-0.26336682116336857	0.26336682116336857
bound_geometry	receptor_grouped_5fold	1	Gq/11	numeric__bound__h8_r350_distance	0.5619916937890255	0.5619916937890255
bound_geometry	receptor_grouped_5fold	1	Gq/11	numeric__bound__h8_tm6_distance	0.0	0.0
bound_geometry	receptor_grouped_5fold	1	Gq/11	numeric__bound__icl2_helix_fraction	0.0	0.0
bound_geometry	receptor_grouped_5fold	1	Gq/11	numeric__bound__icl2_longest_helix	0.0	0.0
bound_geometry	receptor_grouped_5fold	1	Gq/11	numeric__bound__icl2_mean_phi	0.12042520022389634	0.12042520022389634
bound_geometry	receptor_grouped_5fold	1	Gq/11	numeric__bound__icl2_mean_psi	0.0	0.0
bound_geometry	receptor_grouped_5fold	1	Gq/11	numeric__bound__intracellular_cavity_core_volume	0.0	0.0
bound_geometry	receptor_grouped_5fold	1	Gq/11	numeric__bound__intracellular_cavity_core_mouth_area	-0.03190389734502275	0.03190389734502275
bound_geometry	receptor_grouped_5fold	1	Gq/11	numeric__bound__intracellular_cavity_core_depth	0.0	0.0
bound_geometry	receptor_grouped_5fold	1	Gq/11	numeric__bound__intracellular_cavity_core_maximum_width	-0.029466925515449858	0.029466925515449858
bound_geometry	receptor_grouped_5fold	1	Gq/11	numeric__bound__intracellular_cavity_core_average_cross_section	0.0	0.0
bound_geometry	receptor_grouped_5fold	1	Gq/11	numeric__bound__intracellular_cavity_core_bottleneck_area	0.0	0.0
bound_geometry	receptor_grouped_5fold	1	Gq/11	numeric__bound__intracellular_cavity_core_bottleneck_radius	0.0	0.0
bound_geometry	receptor_grouped_5fold	1	Gq/11	numeric__bound__intracellular_cavity_core_max_inscribed_radius	0.0	0.0
bound_geometry	receptor_grouped_5fold	1	Gq/11	numeric__bound__intracellular_cavity_core_surface_area	0.0	0.0
bound_geometry	receptor_grouped_5fold	1	Gq/11	numeric__bound__intracellular_cavity_core_centroid_x	0.0	0.0
bound_geometry	receptor_grouped_5fold	1	Gq/11	numeric__bound__intracellular_cavity_core_centroid_y	0.0	0.0
bound_geometry	receptor_grouped_5fold	1	Gq/11	numeric__bound__intracellular_cavity_core_centroid_z	0.0	0.0
bound_geometry	receptor_grouped_5fold	1	Gq/11	numeric__bound__intracellular_cavity_core_principal_length_1	0.21120211642356307	0.21120211642356307
bound_geometry	receptor_grouped_5fold	1	Gq/11	numeric__bound__intracellular_cavity_core_principal_length_2	0.0	0.0
bound_geometry	receptor_grouped_5fold	1	Gq/11	numeric__bound__intracellular_cavity_core_principal_length_3	0.0	0.0
bound_geometry	receptor_grouped_5fold	1	Gq/11	numeric__bound__intracellular_cavity_core_principal_axis_1_z_alignment	0.0	0.0
bound_geometry	receptor_grouped_5fold	1	Gq/11	numeric__bound__intracellular_cavity_core_eccentricity	0.016432152560460885	0.016432152560460885
bound_geometry	receptor_grouped_5fold	1	Gq/11	numeric__bound__intracellular_cavity_core_sphericity	0.0	0.0
bound_geometry	receptor_grouped_5fold	1	Gq/11	numeric__bound__intracellular_cavity_core_asymmetry	0.0	0.0
bound_geometry	receptor_grouped_5fold	1	Gq/11	numeric__bound__intracellular_cavity_core_tm3_side_fraction	0.0	0.0
bound_geometry	receptor_grouped_5fold	1	Gq/11	numeric__bound__intracellular_cavity_core_tm6_side_fraction	0.0	0.0
bound_geometry	receptor_grouped_5fold	1	Gq/11	numeric__bound__intracellular_cavity_core_tm5_side_fraction	0.0	0.0
bound_geometry	receptor_grouped_5fold	1	Gq/11	numeric__bound__intracellular_cavity_core_tm7_side_fraction	0.0	0.0
bound_geometry	receptor_grouped_5fold	1	Gq/11	numeric__bound__intracellular_cavity_core_wall_fraction_h8	-0.11208947388268457	0.11208947388268457
bound_geometry	receptor_grouped_5fold	1	Gq/11	numeric__bound__intracellular_cavity_core_wall_fraction_icl2	0.0	0.0
bound_geometry	receptor_grouped_5fold	1	Gq/11	numeric__bound__intracellular_cavity_core_wall_fraction_tm3	0.0	0.0
bound_geometry	receptor_grouped_5fold	1	Gq/11	numeric__bound__intracellular_cavity_core_wall_fraction_tm7	0.0	0.0
bound_geometry	receptor_grouped_5fold	1	Gs	numeric__bound__activation_consensus_score	0.0	0.0
bound_geometry	receptor_grouped_5fold	1	Gs	numeric__bound__tm6_r350_634_distance	0.0	0.0
bound_geometry	receptor_grouped_5fold	1	Gs	numeric__bound__tm6_aligned_displacement	0.0	0.0
bound_geometry	receptor_grouped_5fold	1	Gs	numeric__bound__tm7_displacement	0.0	0.0
bound_geometry	receptor_grouped_5fold	1	Gs	numeric__bound__tm3_tm7_distance	0.0	0.0
bound_geometry	receptor_grouped_5fold	1	Gs	numeric__bound__tm6_r350_630_distance	0.0	0.0
bound_geometry	receptor_grouped_5fold	1	Gs	numeric__bound__dry_r350_630_min_distance	0.00435724588262047	0.00435724588262047
bound_geometry	receptor_grouped_5fold	1	Gs	numeric__bound__dry_r350_630_ca_distance	0.0	0.0
bound_geometry	receptor_grouped_5fold	1	Gs	numeric__bound__dry_d349_r350_min_distance	0.0	0.0
bound_geometry	receptor_grouped_5fold	1	Gs	numeric__bound__r350_chi1	0.0	0.0
bound_geometry	receptor_grouped_5fold	1	Gs	numeric__bound__r350_chi2	0.0	0.0
bound_geometry	receptor_grouped_5fold	1	Gs	numeric__bound__pif_550_340_distance	0.0	0.0
bound_geometry	receptor_grouped_5fold	1	Gs	numeric__bound__pif_340_644_distance	0.0	0.0
bound_geometry	receptor_grouped_5fold	1	Gs	numeric__bound__pif_550_644_distance	0.057419340294557246	0.057419340294557246
bound_geometry	receptor_grouped_5fold	1	Gs	numeric__bound__pif_550_340_min_distance	0.0	0.0
bound_geometry	receptor_grouped_5fold	1	Gs	numeric__bound__pif_340_644_min_distance	0.007274930246937401	0.007274930246937401
bound_geometry	receptor_grouped_5fold	1	Gs	numeric__bound__pif_550_644_min_distance	0.09447483034920605	0.09447483034920605
bound_geometry	receptor_grouped_5fold	1	Gs	numeric__bound__pif_triangle_perimeter	0.03407782498315547	0.03407782498315547
bound_geometry	receptor_grouped_5fold	1	Gs	numeric__bound__position_644_chi1	-0.027279793262413105	0.027279793262413105
bound_geometry	receptor_grouped_5fold	1	Gs	numeric__bound__position_644_chi2	0.126860638691504	0.126860638691504
bound_geometry	receptor_grouped_5fold	1	Gs	numeric__bound__w648_chi1	0.0	0.0
bound_geometry	receptor_grouped_5fold	1	Gs	numeric__bound__w648_chi2	0.0	0.0
bound_geometry	receptor_grouped_5fold	1	Gs	numeric__bound__w648_displacement	-0.09850624630389622	0.09850624630389622
bound_geometry	receptor_grouped_5fold	1	Gs	numeric__bound__w648_to_644_distance	0.0	0.0
bound_geometry	receptor_grouped_5fold	1	Gs	numeric__bound__cwxp_647_650_distance	0.0	0.0
bound_geometry	receptor_grouped_5fold	1	Gs	numeric__bound__y753_chi1	0.0	0.0
bound_geometry	receptor_grouped_5fold	1	Gs	numeric__bound__y753_chi2	0.0	0.0
bound_geometry	receptor_grouped_5fold	1	Gs	numeric__bound__y753_y558_distance	-0.04359873980655282	0.04359873980655282
bound_geometry	receptor_grouped_5fold	1	Gs	numeric__bound__y753_y558_min_distance	-0.0074935762181881785	0.0074935762181881785
bound_geometry	receptor_grouped_5fold	1	Gs	numeric__bound__n749_y753_distance	0.0	0.0
bound_geometry	receptor_grouped_5fold	1	Gs	numeric__bound__npxxy_local_spread	-0.004113547035097807	0.004113547035097807
bound_geometry	receptor_grouped_5fold	1	Gs	numeric__bound__y753_displacement	0.0	0.0
bound_geometry	receptor_grouped_5fold	1	Gs	numeric__bound__sodium_d250_s339_distance	0.0	0.0
bound_geometry	receptor_grouped_5fold	1	Gs	numeric__bound__sodium_d250_n745_distance	0.0	0.0
bound_geometry	receptor_grouped_5fold	1	Gs	numeric__bound__sodium_d250_s746_distance	0.0	0.0
bound_geometry	receptor_grouped_5fold	1	Gs	numeric__bound__sodium_d250_n749_distance	0.0	0.0
bound_geometry	receptor_grouped_5fold	1	Gs	numeric__bound__sodium_pocket_volume	0.0	0.0
bound_geometry	receptor_grouped_5fold	1	Gs	numeric__bound__sodium_pocket_spread	0.0	0.0
bound_geometry	receptor_grouped_5fold	1	Gs	numeric__bound__tm7_rotation	0.0	0.0
bound_geometry	receptor_grouped_5fold	1	Gs	numeric__bound__icl2_end_to_end_distance	0.0	0.0
bound_geometry	receptor_grouped_5fold	1	Gs	numeric__bound__icl2_centroid_to_r350	0.0	0.0
bound_geometry	receptor_grouped_5fold	1	Gs	numeric__bound__icl2_centroid_to_tm5_561	0.0	0.0
bound_geometry	receptor_grouped_5fold	1	Gs	numeric__bound__icl2_centroid_to_tm6_634	0.0	0.0
bound_geometry	receptor_grouped_5fold	1	Gs	numeric__bound__icl2_centroid_to_tm7_753	0.0	0.0
bound_geometry	receptor_grouped_5fold	1	Gs	numeric__bound__icl2_axis_tm3_angle	0.0	0.0
bound_geometry	receptor_grouped_5fold	1	Gs	numeric__bound__icl2_axis_tm5_angle	-0.10346624869866107	0.10346624869866107
bound_geometry	receptor_grouped_5fold	1	Gs	numeric__bound__icl2_active_reference_displacement	0.0	0.0
bound_geometry	receptor_grouped_5fold	1	Gs	numeric__bound__tm5_cytoplasmic_extension	-0.5764264836150008	0.5764264836150008
bound_geometry	receptor_grouped_5fold	1	Gs	numeric__bound__tm5_cytoplasmic_kink	0.0	0.0
bound_geometry	receptor_grouped_5fold	1	Gs	numeric__bound__tm5_r350_561_distance	0.0	0.0
bound_geometry	receptor_grouped_5fold	1	Gs	numeric__bound__tm5_r350_564_distance	0.0	0.0
bound_geometry	receptor_grouped_5fold	1	Gs	numeric__bound__tm5_tm6_cavity_distance	0.0	0.0
bound_geometry	receptor_grouped_5fold	1	Gs	numeric__bound__tm5_axis_tm3_angle	0.0	0.0
bound_geometry	receptor_grouped_5fold	1	Gs	numeric__bound__tm6_lower_upper_kink	0.0	0.0
bound_geometry	receptor_grouped_5fold	1	Gs	numeric__bound__tm6_axis_tm3_angle	0.0	0.0
bound_geometry	receptor_grouped_5fold	1	Gs	numeric__bound__tm6_tm7_cavity_distance	0.0	0.0
bound_geometry	receptor_grouped_5fold	1	Gs	numeric__bound__tm7_h8_angle	0.0	0.0
bound_geometry	receptor_grouped_5fold	1	Gs	numeric__bound__h8_end_to_end_distance	0.0	0.0
bound_geometry	receptor_grouped_5fold	1	Gs	numeric__bound__h8_r350_distance	-0.1883972572131842	0.1883972572131842
bound_geometry	receptor_grouped_5fold	1	Gs	numeric__bound__h8_tm6_distance	0.0	0.0
bound_geometry	receptor_grouped_5fold	1	Gs	numeric__bound__icl2_helix_fraction	0.0	0.0
bound_geometry	receptor_grouped_5fold	1	Gs	numeric__bound__icl2_longest_helix	-0.056388276590906915	0.056388276590906915
bound_geometry	receptor_grouped_5fold	1	Gs	numeric__bound__icl2_mean_phi	-0.5030101214003122	0.5030101214003122
bound_geometry	receptor_grouped_5fold	1	Gs	numeric__bound__icl2_mean_psi	0.0	0.0
bound_geometry	receptor_grouped_5fold	1	Gs	numeric__bound__intracellular_cavity_core_volume	0.0	0.0
bound_geometry	receptor_grouped_5fold	1	Gs	numeric__bound__intracellular_cavity_core_mouth_area	0.0	0.0
bound_geometry	receptor_grouped_5fold	1	Gs	numeric__bound__intracellular_cavity_core_depth	-0.299998849749091	0.299998849749091
bound_geometry	receptor_grouped_5fold	1	Gs	numeric__bound__intracellular_cavity_core_maximum_width	0.0	0.0
bound_geometry	receptor_grouped_5fold	1	Gs	numeric__bound__intracellular_cavity_core_average_cross_section	0.0	0.0
bound_geometry	receptor_grouped_5fold	1	Gs	numeric__bound__intracellular_cavity_core_bottleneck_area	0.0	0.0
bound_geometry	receptor_grouped_5fold	1	Gs	numeric__bound__intracellular_cavity_core_bottleneck_radius	0.0	0.0
bound_geometry	receptor_grouped_5fold	1	Gs	numeric__bound__intracellular_cavity_core_max_inscribed_radius	-0.30091628140238275	0.30091628140238275
bound_geometry	receptor_grouped_5fold	1	Gs	numeric__bound__intracellular_cavity_core_surface_area	0.0	0.0
bound_geometry	receptor_grouped_5fold	1	Gs	numeric__bound__intracellular_cavity_core_centroid_x	0.0	0.0
bound_geometry	receptor_grouped_5fold	1	Gs	numeric__bound__intracellular_cavity_core_centroid_y	0.09560274565269912	0.09560274565269912
bound_geometry	receptor_grouped_5fold	1	Gs	numeric__bound__intracellular_cavity_core_centroid_z	0.0	0.0
bound_geometry	receptor_grouped_5fold	1	Gs	numeric__bound__intracellular_cavity_core_principal_length_1	-0.014117982648010195	0.014117982648010195
bound_geometry	receptor_grouped_5fold	1	Gs	numeric__bound__intracellular_cavity_core_principal_length_2	0.0	0.0
bound_geometry	receptor_grouped_5fold	1	Gs	numeric__bound__intracellular_cavity_core_principal_length_3	0.0	0.0
bound_geometry	receptor_grouped_5fold	1	Gs	numeric__bound__intracellular_cavity_core_principal_axis_1_z_alignment	0.0	0.0
bound_geometry	receptor_grouped_5fold	1	Gs	numeric__bound__intracellular_cavity_core_eccentricity	-0.08674201686789135	0.08674201686789135
bound_geometry	receptor_grouped_5fold	1	Gs	numeric__bound__intracellular_cavity_core_sphericity	0.0	0.0
bound_geometry	receptor_grouped_5fold	1	Gs	numeric__bound__intracellular_cavity_core_asymmetry	-0.12147354199641154	0.12147354199641154
bound_geometry	receptor_grouped_5fold	1	Gs	numeric__bound__intracellular_cavity_core_tm3_side_fraction	0.0	0.0
bound_geometry	receptor_grouped_5fold	1	Gs	numeric__bound__intracellular_cavity_core_tm6_side_fraction	0.0	0.0
bound_geometry	receptor_grouped_5fold	1	Gs	numeric__bound__intracellular_cavity_core_tm5_side_fraction	0.001747242981830912	0.001747242981830912
bound_geometry	receptor_grouped_5fold	1	Gs	numeric__bound__intracellular_cavity_core_tm7_side_fraction	-0.0017472429818338553	0.0017472429818338553
bound_geometry	receptor_grouped_5fold	1	Gs	numeric__bound__intracellular_cavity_core_wall_fraction_h8	0.22168188788825577	0.22168188788825577
bound_geometry	receptor_grouped_5fold	1	Gs	numeric__bound__intracellular_cavity_core_wall_fraction_icl2	0.13303381825917862	0.13303381825917862
bound_geometry	receptor_grouped_5fold	1	Gs	numeric__bound__intracellular_cavity_core_wall_fraction_tm3	0.0	0.0
bound_geometry	receptor_grouped_5fold	1	Gs	numeric__bound__intracellular_cavity_core_wall_fraction_tm7	-0.13986871008739735	0.13986871008739735
bound_geometry	receptor_grouped_5fold	2	Gi/o	numeric__bound__activation_consensus_score	-0.08190577640532765	0.08190577640532765
bound_geometry	receptor_grouped_5fold	2	Gi/o	numeric__bound__tm6_r350_634_distance	0.0	0.0
bound_geometry	receptor_grouped_5fold	2	Gi/o	numeric__bound__tm6_aligned_displacement	0.0	0.0
bound_geometry	receptor_grouped_5fold	2	Gi/o	numeric__bound__tm7_displacement	-0.011380511738338666	0.011380511738338666
bound_geometry	receptor_grouped_5fold	2	Gi/o	numeric__bound__tm3_tm7_distance	0.23360775559067293	0.23360775559067293
bound_geometry	receptor_grouped_5fold	2	Gi/o	numeric__bound__tm6_r350_630_distance	0.0	0.0
bound_geometry	receptor_grouped_5fold	2	Gi/o	numeric__bound__dry_r350_630_min_distance	0.0	0.0
bound_geometry	receptor_grouped_5fold	2	Gi/o	numeric__bound__dry_r350_630_ca_distance	0.0	0.0
bound_geometry	receptor_grouped_5fold	2	Gi/o	numeric__bound__dry_d349_r350_min_distance	0.0	0.0
bound_geometry	receptor_grouped_5fold	2	Gi/o	numeric__bound__r350_chi1	0.0	0.0
bound_geometry	receptor_grouped_5fold	2	Gi/o	numeric__bound__r350_chi2	-0.10166373260295662	0.10166373260295662
bound_geometry	receptor_grouped_5fold	2	Gi/o	numeric__bound__pif_550_340_distance	0.0	0.0
bound_geometry	receptor_grouped_5fold	2	Gi/o	numeric__bound__pif_340_644_distance	0.0	0.0
bound_geometry	receptor_grouped_5fold	2	Gi/o	numeric__bound__pif_550_644_distance	0.0	0.0
bound_geometry	receptor_grouped_5fold	2	Gi/o	numeric__bound__pif_550_340_min_distance	0.0	0.0
bound_geometry	receptor_grouped_5fold	2	Gi/o	numeric__bound__pif_340_644_min_distance	0.0	0.0
bound_geometry	receptor_grouped_5fold	2	Gi/o	numeric__bound__pif_550_644_min_distance	0.0	0.0
bound_geometry	receptor_grouped_5fold	2	Gi/o	numeric__bound__pif_triangle_perimeter	0.0	0.0
bound_geometry	receptor_grouped_5fold	2	Gi/o	numeric__bound__position_644_chi1	0.0	0.0
bound_geometry	receptor_grouped_5fold	2	Gi/o	numeric__bound__position_644_chi2	-0.15375014168932724	0.15375014168932724
bound_geometry	receptor_grouped_5fold	2	Gi/o	numeric__bound__w648_chi1	0.0	0.0
bound_geometry	receptor_grouped_5fold	2	Gi/o	numeric__bound__w648_chi2	0.0	0.0
bound_geometry	receptor_grouped_5fold	2	Gi/o	numeric__bound__w648_displacement	0.0	0.0
bound_geometry	receptor_grouped_5fold	2	Gi/o	numeric__bound__w648_to_644_distance	0.0	0.0
bound_geometry	receptor_grouped_5fold	2	Gi/o	numeric__bound__cwxp_647_650_distance	0.08557923853844146	0.08557923853844146
bound_geometry	receptor_grouped_5fold	2	Gi/o	numeric__bound__y753_chi1	0.0	0.0
bound_geometry	receptor_grouped_5fold	2	Gi/o	numeric__bound__y753_chi2	0.0	0.0
bound_geometry	receptor_grouped_5fold	2	Gi/o	numeric__bound__y753_y558_distance	0.0	0.0
bound_geometry	receptor_grouped_5fold	2	Gi/o	numeric__bound__y753_y558_min_distance	0.0	0.0
bound_geometry	receptor_grouped_5fold	2	Gi/o	numeric__bound__n749_y753_distance	0.12839006531509797	0.12839006531509797
bound_geometry	receptor_grouped_5fold	2	Gi/o	numeric__bound__npxxy_local_spread	0.0	0.0
bound_geometry	receptor_grouped_5fold	2	Gi/o	numeric__bound__y753_displacement	-0.1884322403214395	0.1884322403214395
bound_geometry	receptor_grouped_5fold	2	Gi/o	numeric__bound__sodium_d250_s339_distance	0.0	0.0
bound_geometry	receptor_grouped_5fold	2	Gi/o	numeric__bound__sodium_d250_n745_distance	0.0	0.0
bound_geometry	receptor_grouped_5fold	2	Gi/o	numeric__bound__sodium_d250_s746_distance	0.0	0.0
bound_geometry	receptor_grouped_5fold	2	Gi/o	numeric__bound__sodium_d250_n749_distance	0.08642524600037729	0.08642524600037729
bound_geometry	receptor_grouped_5fold	2	Gi/o	numeric__bound__sodium_pocket_volume	0.0	0.0
bound_geometry	receptor_grouped_5fold	2	Gi/o	numeric__bound__sodium_pocket_spread	0.0	0.0
bound_geometry	receptor_grouped_5fold	2	Gi/o	numeric__bound__tm7_rotation	0.0	0.0
bound_geometry	receptor_grouped_5fold	2	Gi/o	numeric__bound__icl2_generic_ca_count	0.0	0.0
bound_geometry	receptor_grouped_5fold	2	Gi/o	numeric__bound__icl2_end_to_end_distance	0.0	0.0
bound_geometry	receptor_grouped_5fold	2	Gi/o	numeric__bound__icl2_centroid_to_r350	0.0	0.0
bound_geometry	receptor_grouped_5fold	2	Gi/o	numeric__bound__icl2_centroid_to_tm5_561	0.0	0.0
bound_geometry	receptor_grouped_5fold	2	Gi/o	numeric__bound__icl2_centroid_to_tm6_634	0.0	0.0
bound_geometry	receptor_grouped_5fold	2	Gi/o	numeric__bound__icl2_centroid_to_tm7_753	0.06201598143759941	0.06201598143759941
bound_geometry	receptor_grouped_5fold	2	Gi/o	numeric__bound__icl2_axis_tm3_angle	0.0	0.0
bound_geometry	receptor_grouped_5fold	2	Gi/o	numeric__bound__icl2_axis_tm5_angle	0.0	0.0
bound_geometry	receptor_grouped_5fold	2	Gi/o	numeric__bound__icl2_active_reference_displacement	0.0	0.0
bound_geometry	receptor_grouped_5fold	2	Gi/o	numeric__bound__tm5_cytoplasmic_extension	0.0	0.0
bound_geometry	receptor_grouped_5fold	2	Gi/o	numeric__bound__tm5_cytoplasmic_kink	0.0	0.0
bound_geometry	receptor_grouped_5fold	2	Gi/o	numeric__bound__tm5_r350_561_distance	0.0	0.0
bound_geometry	receptor_grouped_5fold	2	Gi/o	numeric__bound__tm5_r350_564_distance	0.0	0.0
bound_geometry	receptor_grouped_5fold	2	Gi/o	numeric__bound__tm5_tm6_cavity_distance	0.0	0.0
bound_geometry	receptor_grouped_5fold	2	Gi/o	numeric__bound__tm5_axis_tm3_angle	0.0	0.0
bound_geometry	receptor_grouped_5fold	2	Gi/o	numeric__bound__tm6_lower_upper_kink	0.0	0.0
bound_geometry	receptor_grouped_5fold	2	Gi/o	numeric__bound__tm6_axis_tm3_angle	-0.244950287405008	0.244950287405008
bound_geometry	receptor_grouped_5fold	2	Gi/o	numeric__bound__tm6_tm7_cavity_distance	0.0	0.0
bound_geometry	receptor_grouped_5fold	2	Gi/o	numeric__bound__tm7_h8_angle	0.27153211569177027	0.27153211569177027
bound_geometry	receptor_grouped_5fold	2	Gi/o	numeric__bound__h8_end_to_end_distance	0.07364451534275582	0.07364451534275582
bound_geometry	receptor_grouped_5fold	2	Gi/o	numeric__bound__h8_r350_distance	0.0	0.0
bound_geometry	receptor_grouped_5fold	2	Gi/o	numeric__bound__h8_tm6_distance	0.0	0.0
bound_geometry	receptor_grouped_5fold	2	Gi/o	numeric__bound__icl2_helix_fraction	0.0	0.0
bound_geometry	receptor_grouped_5fold	2	Gi/o	numeric__bound__icl2_longest_helix	0.0	0.0
bound_geometry	receptor_grouped_5fold	2	Gi/o	numeric__bound__icl2_mean_phi	0.04184301458665223	0.04184301458665223
bound_geometry	receptor_grouped_5fold	2	Gi/o	numeric__bound__icl2_mean_psi	0.0	0.0
bound_geometry	receptor_grouped_5fold	2	Gi/o	numeric__bound__intracellular_cavity_core_volume	0.0	0.0
bound_geometry	receptor_grouped_5fold	2	Gi/o	numeric__bound__intracellular_cavity_core_mouth_area	-0.06187758695292814	0.06187758695292814
bound_geometry	receptor_grouped_5fold	2	Gi/o	numeric__bound__intracellular_cavity_core_depth	0.0	0.0
bound_geometry	receptor_grouped_5fold	2	Gi/o	numeric__bound__intracellular_cavity_core_maximum_width	-0.05972018947223798	0.05972018947223798
bound_geometry	receptor_grouped_5fold	2	Gi/o	numeric__bound__intracellular_cavity_core_average_cross_section	0.0	0.0
bound_geometry	receptor_grouped_5fold	2	Gi/o	numeric__bound__intracellular_cavity_core_bottleneck_area	0.0	0.0
bound_geometry	receptor_grouped_5fold	2	Gi/o	numeric__bound__intracellular_cavity_core_bottleneck_radius	0.0	0.0
bound_geometry	receptor_grouped_5fold	2	Gi/o	numeric__bound__intracellular_cavity_core_max_inscribed_radius	0.0	0.0
bound_geometry	receptor_grouped_5fold	2	Gi/o	numeric__bound__intracellular_cavity_core_surface_area	0.0	0.0
bound_geometry	receptor_grouped_5fold	2	Gi/o	numeric__bound__intracellular_cavity_core_centroid_x	0.0	0.0
bound_geometry	receptor_grouped_5fold	2	Gi/o	numeric__bound__intracellular_cavity_core_centroid_y	0.0	0.0
bound_geometry	receptor_grouped_5fold	2	Gi/o	numeric__bound__intracellular_cavity_core_centroid_z	0.0	0.0
bound_geometry	receptor_grouped_5fold	2	Gi/o	numeric__bound__intracellular_cavity_core_principal_length_1	0.0	0.0
bound_geometry	receptor_grouped_5fold	2	Gi/o	numeric__bound__intracellular_cavity_core_principal_length_2	0.0999083895885684	0.0999083895885684
bound_geometry	receptor_grouped_5fold	2	Gi/o	numeric__bound__intracellular_cavity_core_principal_length_3	-0.021246407001076606	0.021246407001076606
bound_geometry	receptor_grouped_5fold	2	Gi/o	numeric__bound__intracellular_cavity_core_principal_axis_1_z_alignment	0.0	0.0
bound_geometry	receptor_grouped_5fold	2	Gi/o	numeric__bound__intracellular_cavity_core_eccentricity	0.0	0.0
bound_geometry	receptor_grouped_5fold	2	Gi/o	numeric__bound__intracellular_cavity_core_sphericity	0.0	0.0
bound_geometry	receptor_grouped_5fold	2	Gi/o	numeric__bound__intracellular_cavity_core_asymmetry	0.003838078936383841	0.003838078936383841
bound_geometry	receptor_grouped_5fold	2	Gi/o	numeric__bound__intracellular_cavity_core_tm3_side_fraction	0.0	0.0
bound_geometry	receptor_grouped_5fold	2	Gi/o	numeric__bound__intracellular_cavity_core_tm6_side_fraction	0.0	0.0
bound_geometry	receptor_grouped_5fold	2	Gi/o	numeric__bound__intracellular_cavity_core_tm5_side_fraction	0.0	0.0
bound_geometry	receptor_grouped_5fold	2	Gi/o	numeric__bound__intracellular_cavity_core_tm7_side_fraction	0.0	0.0
bound_geometry	receptor_grouped_5fold	2	Gi/o	numeric__bound__intracellular_cavity_core_wall_fraction_h8	-0.2541837365542889	0.2541837365542889
bound_geometry	receptor_grouped_5fold	2	Gi/o	numeric__bound__intracellular_cavity_core_wall_fraction_icl2	0.0	0.0
bound_geometry	receptor_grouped_5fold	2	Gi/o	numeric__bound__intracellular_cavity_core_wall_fraction_tm3	0.0	0.0
bound_geometry	receptor_grouped_5fold	2	Gi/o	numeric__bound__intracellular_cavity_core_wall_fraction_tm7	0.039387816635148905	0.039387816635148905
bound_geometry	receptor_grouped_5fold	2	Gq/11	numeric__bound__activation_consensus_score	0.0	0.0
bound_geometry	receptor_grouped_5fold	2	Gq/11	numeric__bound__tm6_r350_634_distance	0.0	0.0
bound_geometry	receptor_grouped_5fold	2	Gq/11	numeric__bound__tm6_aligned_displacement	0.0	0.0
bound_geometry	receptor_grouped_5fold	2	Gq/11	numeric__bound__tm7_displacement	0.0	0.0
bound_geometry	receptor_grouped_5fold	2	Gq/11	numeric__bound__tm3_tm7_distance	-0.07664403709389013	0.07664403709389013
bound_geometry	receptor_grouped_5fold	2	Gq/11	numeric__bound__tm6_r350_630_distance	0.0	0.0
bound_geometry	receptor_grouped_5fold	2	Gq/11	numeric__bound__dry_r350_630_min_distance	0.0	0.0
bound_geometry	receptor_grouped_5fold	2	Gq/11	numeric__bound__dry_r350_630_ca_distance	0.0	0.0
bound_geometry	receptor_grouped_5fold	2	Gq/11	numeric__bound__dry_d349_r350_min_distance	0.0	0.0
bound_geometry	receptor_grouped_5fold	2	Gq/11	numeric__bound__r350_chi1	0.0	0.0
bound_geometry	receptor_grouped_5fold	2	Gq/11	numeric__bound__r350_chi2	0.0	0.0
bound_geometry	receptor_grouped_5fold	2	Gq/11	numeric__bound__pif_550_340_distance	0.0	0.0
bound_geometry	receptor_grouped_5fold	2	Gq/11	numeric__bound__pif_340_644_distance	-0.06167885848596183	0.06167885848596183
bound_geometry	receptor_grouped_5fold	2	Gq/11	numeric__bound__pif_550_644_distance	-0.10526618425280515	0.10526618425280515
bound_geometry	receptor_grouped_5fold	2	Gq/11	numeric__bound__pif_550_340_min_distance	0.0	0.0
bound_geometry	receptor_grouped_5fold	2	Gq/11	numeric__bound__pif_340_644_min_distance	-0.15835878565711642	0.15835878565711642
bound_geometry	receptor_grouped_5fold	2	Gq/11	numeric__bound__pif_550_644_min_distance	-0.08892341908662374	0.08892341908662374
bound_geometry	receptor_grouped_5fold	2	Gq/11	numeric__bound__pif_triangle_perimeter	-0.02293680663967313	0.02293680663967313
bound_geometry	receptor_grouped_5fold	2	Gq/11	numeric__bound__position_644_chi1	0.2164011122622697	0.2164011122622697
bound_geometry	receptor_grouped_5fold	2	Gq/11	numeric__bound__position_644_chi2	0.0	0.0
bound_geometry	receptor_grouped_5fold	2	Gq/11	numeric__bound__w648_chi1	0.08652365049000844	0.08652365049000844
bound_geometry	receptor_grouped_5fold	2	Gq/11	numeric__bound__w648_chi2	0.0	0.0
bound_geometry	receptor_grouped_5fold	2	Gq/11	numeric__bound__w648_displacement	0.0	0.0
bound_geometry	receptor_grouped_5fold	2	Gq/11	numeric__bound__w648_to_644_distance	-0.05591596874562484	0.05591596874562484
bound_geometry	receptor_grouped_5fold	2	Gq/11	numeric__bound__cwxp_647_650_distance	-0.12832777483577684	0.12832777483577684
bound_geometry	receptor_grouped_5fold	2	Gq/11	numeric__bound__y753_chi1	0.05249774743810019	0.05249774743810019
bound_geometry	receptor_grouped_5fold	2	Gq/11	numeric__bound__y753_chi2	0.0	0.0
bound_geometry	receptor_grouped_5fold	2	Gq/11	numeric__bound__y753_y558_distance	0.0	0.0
bound_geometry	receptor_grouped_5fold	2	Gq/11	numeric__bound__y753_y558_min_distance	0.0	0.0
bound_geometry	receptor_grouped_5fold	2	Gq/11	numeric__bound__n749_y753_distance	-0.30716919115582014	0.30716919115582014
bound_geometry	receptor_grouped_5fold	2	Gq/11	numeric__bound__npxxy_local_spread	0.0	0.0
bound_geometry	receptor_grouped_5fold	2	Gq/11	numeric__bound__y753_displacement	0.026355860306538387	0.026355860306538387
bound_geometry	receptor_grouped_5fold	2	Gq/11	numeric__bound__sodium_d250_s339_distance	0.0	0.0
bound_geometry	receptor_grouped_5fold	2	Gq/11	numeric__bound__sodium_d250_n745_distance	0.0	0.0
bound_geometry	receptor_grouped_5fold	2	Gq/11	numeric__bound__sodium_d250_s746_distance	0.0	0.0
bound_geometry	receptor_grouped_5fold	2	Gq/11	numeric__bound__sodium_d250_n749_distance	-0.2088383099387658	0.2088383099387658
bound_geometry	receptor_grouped_5fold	2	Gq/11	numeric__bound__sodium_pocket_volume	0.0	0.0
bound_geometry	receptor_grouped_5fold	2	Gq/11	numeric__bound__sodium_pocket_spread	0.0	0.0
bound_geometry	receptor_grouped_5fold	2	Gq/11	numeric__bound__tm7_rotation	0.0	0.0
bound_geometry	receptor_grouped_5fold	2	Gq/11	numeric__bound__icl2_generic_ca_count	0.0	0.0
bound_geometry	receptor_grouped_5fold	2	Gq/11	numeric__bound__icl2_end_to_end_distance	0.0	0.0
bound_geometry	receptor_grouped_5fold	2	Gq/11	numeric__bound__icl2_centroid_to_r350	0.11457314096353816	0.11457314096353816
bound_geometry	receptor_grouped_5fold	2	Gq/11	numeric__bound__icl2_centroid_to_tm5_561	0.0	0.0
bound_geometry	receptor_grouped_5fold	2	Gq/11	numeric__bound__icl2_centroid_to_tm6_634	0.0	0.0
bound_geometry	receptor_grouped_5fold	2	Gq/11	numeric__bound__icl2_centroid_to_tm7_753	0.0	0.0
bound_geometry	receptor_grouped_5fold	2	Gq/11	numeric__bound__icl2_axis_tm3_angle	0.0	0.0
bound_geometry	receptor_grouped_5fold	2	Gq/11	numeric__bound__icl2_axis_tm5_angle	0.0	0.0
bound_geometry	receptor_grouped_5fold	2	Gq/11	numeric__bound__icl2_active_reference_displacement	0.0	0.0
bound_geometry	receptor_grouped_5fold	2	Gq/11	numeric__bound__tm5_cytoplasmic_extension	0.0	0.0
bound_geometry	receptor_grouped_5fold	2	Gq/11	numeric__bound__tm5_cytoplasmic_kink	0.0	0.0
bound_geometry	receptor_grouped_5fold	2	Gq/11	numeric__bound__tm5_r350_561_distance	0.0	0.0
bound_geometry	receptor_grouped_5fold	2	Gq/11	numeric__bound__tm5_r350_564_distance	0.0	0.0
bound_geometry	receptor_grouped_5fold	2	Gq/11	numeric__bound__tm5_tm6_cavity_distance	0.0	0.0
bound_geometry	receptor_grouped_5fold	2	Gq/11	numeric__bound__tm5_axis_tm3_angle	0.0	0.0
bound_geometry	receptor_grouped_5fold	2	Gq/11	numeric__bound__tm6_lower_upper_kink	-0.20408201025295533	0.20408201025295533
bound_geometry	receptor_grouped_5fold	2	Gq/11	numeric__bound__tm6_axis_tm3_angle	0.0	0.0
bound_geometry	receptor_grouped_5fold	2	Gq/11	numeric__bound__tm6_tm7_cavity_distance	-0.021804837956643622	0.021804837956643622
bound_geometry	receptor_grouped_5fold	2	Gq/11	numeric__bound__tm7_h8_angle	-0.04326705916478355	0.04326705916478355
bound_geometry	receptor_grouped_5fold	2	Gq/11	numeric__bound__h8_end_to_end_distance	0.0	0.0
bound_geometry	receptor_grouped_5fold	2	Gq/11	numeric__bound__h8_r350_distance	0.0	0.0
bound_geometry	receptor_grouped_5fold	2	Gq/11	numeric__bound__h8_tm6_distance	0.0	0.0
bound_geometry	receptor_grouped_5fold	2	Gq/11	numeric__bound__icl2_helix_fraction	0.0	0.0
bound_geometry	receptor_grouped_5fold	2	Gq/11	numeric__bound__icl2_longest_helix	0.0	0.0
bound_geometry	receptor_grouped_5fold	2	Gq/11	numeric__bound__icl2_mean_phi	0.0	0.0
bound_geometry	receptor_grouped_5fold	2	Gq/11	numeric__bound__icl2_mean_psi	0.0	0.0
bound_geometry	receptor_grouped_5fold	2	Gq/11	numeric__bound__intracellular_cavity_core_volume	0.0	0.0
bound_geometry	receptor_grouped_5fold	2	Gq/11	numeric__bound__intracellular_cavity_core_mouth_area	0.0	0.0
bound_geometry	receptor_grouped_5fold	2	Gq/11	numeric__bound__intracellular_cavity_core_depth	0.0	0.0
bound_geometry	receptor_grouped_5fold	2	Gq/11	numeric__bound__intracellular_cavity_core_maximum_width	0.0	0.0
bound_geometry	receptor_grouped_5fold	2	Gq/11	numeric__bound__intracellular_cavity_core_average_cross_section	0.0	0.0
bound_geometry	receptor_grouped_5fold	2	Gq/11	numeric__bound__intracellular_cavity_core_bottleneck_area	0.0	0.0
bound_geometry	receptor_grouped_5fold	2	Gq/11	numeric__bound__intracellular_cavity_core_bottleneck_radius	0.0	0.0
bound_geometry	receptor_grouped_5fold	2	Gq/11	numeric__bound__intracellular_cavity_core_max_inscribed_radius	0.0	0.0
bound_geometry	receptor_grouped_5fold	2	Gq/11	numeric__bound__intracellular_cavity_core_surface_area	0.0	0.0
bound_geometry	receptor_grouped_5fold	2	Gq/11	numeric__bound__intracellular_cavity_core_centroid_x	0.0	0.0
bound_geometry	receptor_grouped_5fold	2	Gq/11	numeric__bound__intracellular_cavity_core_centroid_y	0.0	0.0
bound_geometry	receptor_grouped_5fold	2	Gq/11	numeric__bound__intracellular_cavity_core_centroid_z	0.0	0.0
bound_geometry	receptor_grouped_5fold	2	Gq/11	numeric__bound__intracellular_cavity_core_principal_length_1	0.0	0.0
bound_geometry	receptor_grouped_5fold	2	Gq/11	numeric__bound__intracellular_cavity_core_principal_length_2	0.0	0.0
bound_geometry	receptor_grouped_5fold	2	Gq/11	numeric__bound__intracellular_cavity_core_principal_length_3	0.0	0.0
bound_geometry	receptor_grouped_5fold	2	Gq/11	numeric__bound__intracellular_cavity_core_principal_axis_1_z_alignment	0.0	0.0
bound_geometry	receptor_grouped_5fold	2	Gq/11	numeric__bound__intracellular_cavity_core_eccentricity	0.0	0.0
bound_geometry	receptor_grouped_5fold	2	Gq/11	numeric__bound__intracellular_cavity_core_sphericity	0.0	0.0
bound_geometry	receptor_grouped_5fold	2	Gq/11	numeric__bound__intracellular_cavity_core_asymmetry	0.0	0.0
bound_geometry	receptor_grouped_5fold	2	Gq/11	numeric__bound__intracellular_cavity_core_tm3_side_fraction	0.0	0.0
bound_geometry	receptor_grouped_5fold	2	Gq/11	numeric__bound__intracellular_cavity_core_tm6_side_fraction	0.0	0.0
bound_geometry	receptor_grouped_5fold	2	Gq/11	numeric__bound__intracellular_cavity_core_tm5_side_fraction	0.0	0.0
bound_geometry	receptor_grouped_5fold	2	Gq/11	numeric__bound__intracellular_cavity_core_tm7_side_fraction	0.0	0.0
bound_geometry	receptor_grouped_5fold	2	Gq/11	numeric__bound__intracellular_cavity_core_wall_fraction_h8	0.0	0.0
bound_geometry	receptor_grouped_5fold	2	Gq/11	numeric__bound__intracellular_cavity_core_wall_fraction_icl2	0.0	0.0
bound_geometry	receptor_grouped_5fold	2	Gq/11	numeric__bound__intracellular_cavity_core_wall_fraction_tm3	0.0	0.0
bound_geometry	receptor_grouped_5fold	2	Gq/11	numeric__bound__intracellular_cavity_core_wall_fraction_tm7	0.0	0.0
bound_geometry	receptor_grouped_5fold	2	Gs	numeric__bound__activation_consensus_score	0.0	0.0
bound_geometry	receptor_grouped_5fold	2	Gs	numeric__bound__tm6_r350_634_distance	0.05310691268375348	0.05310691268375348
bound_geometry	receptor_grouped_5fold	2	Gs	numeric__bound__tm6_aligned_displacement	0.0	0.0
bound_geometry	receptor_grouped_5fold	2	Gs	numeric__bound__tm7_displacement	0.0	0.0
bound_geometry	receptor_grouped_5fold	2	Gs	numeric__bound__tm3_tm7_distance	0.0	0.0
bound_geometry	receptor_grouped_5fold	2	Gs	numeric__bound__tm6_r350_630_distance	0.07343561491102378	0.07343561491102378
bound_geometry	receptor_grouped_5fold	2	Gs	numeric__bound__dry_r350_630_min_distance	0.004339277430843978	0.004339277430843978
bound_geometry	receptor_grouped_5fold	2	Gs	numeric__bound__dry_r350_630_ca_distance	0.07343561491102378	0.07343561491102378
bound_geometry	receptor_grouped_5fold	2	Gs	numeric__bound__dry_d349_r350_min_distance	0.0	0.0
bound_geometry	receptor_grouped_5fold	2	Gs	numeric__bound__r350_chi1	0.0	0.0
bound_geometry	receptor_grouped_5fold	2	Gs	numeric__bound__r350_chi2	0.0	0.0
bound_geometry	receptor_grouped_5fold	2	Gs	numeric__bound__pif_550_340_distance	0.0	0.0
bound_geometry	receptor_grouped_5fold	2	Gs	numeric__bound__pif_340_644_distance	0.0	0.0
bound_geometry	receptor_grouped_5fold	2	Gs	numeric__bound__pif_550_644_distance	0.03127095572975047	0.03127095572975047
bound_geometry	receptor_grouped_5fold	2	Gs	numeric__bound__pif_550_340_min_distance	0.0	0.0
bound_geometry	receptor_grouped_5fold	2	Gs	numeric__bound__pif_340_644_min_distance	0.1313152521219655	0.1313152521219655
bound_geometry	receptor_grouped_5fold	2	Gs	numeric__bound__pif_550_644_min_distance	0.030207852790349838	0.030207852790349838
bound_geometry	receptor_grouped_5fold	2	Gs	numeric__bound__pif_triangle_perimeter	0.0	0.0
bound_geometry	receptor_grouped_5fold	2	Gs	numeric__bound__position_644_chi1	0.0	0.0
bound_geometry	receptor_grouped_5fold	2	Gs	numeric__bound__position_644_chi2	0.0	0.0
bound_geometry	receptor_grouped_5fold	2	Gs	numeric__bound__w648_chi1	0.0	0.0
bound_geometry	receptor_grouped_5fold	2	Gs	numeric__bound__w648_chi2	0.0	0.0
bound_geometry	receptor_grouped_5fold	2	Gs	numeric__bound__w648_displacement	-0.11320887215885193	0.11320887215885193
bound_geometry	receptor_grouped_5fold	2	Gs	numeric__bound__w648_to_644_distance	0.17030826576788827	0.17030826576788827
bound_geometry	receptor_grouped_5fold	2	Gs	numeric__bound__cwxp_647_650_distance	0.0	0.0
bound_geometry	receptor_grouped_5fold	2	Gs	numeric__bound__y753_chi1	0.0	0.0
bound_geometry	receptor_grouped_5fold	2	Gs	numeric__bound__y753_chi2	0.0	0.0
bound_geometry	receptor_grouped_5fold	2	Gs	numeric__bound__y753_y558_distance	-0.023741770006124655	0.023741770006124655
bound_geometry	receptor_grouped_5fold	2	Gs	numeric__bound__y753_y558_min_distance	-0.031103648353648976	0.031103648353648976
bound_geometry	receptor_grouped_5fold	2	Gs	numeric__bound__n749_y753_distance	0.0	0.0
bound_geometry	receptor_grouped_5fold	2	Gs	numeric__bound__npxxy_local_spread	0.0	0.0
bound_geometry	receptor_grouped_5fold	2	Gs	numeric__bound__y753_displacement	0.0	0.0
bound_geometry	receptor_grouped_5fold	2	Gs	numeric__bound__sodium_d250_s339_distance	0.0	0.0
bound_geometry	receptor_grouped_5fold	2	Gs	numeric__bound__sodium_d250_n745_distance	0.0	0.0
bound_geometry	receptor_grouped_5fold	2	Gs	numeric__bound__sodium_d250_s746_distance	0.0	0.0
bound_geometry	receptor_grouped_5fold	2	Gs	numeric__bound__sodium_d250_n749_distance	0.0	0.0
bound_geometry	receptor_grouped_5fold	2	Gs	numeric__bound__sodium_pocket_volume	0.0	0.0
bound_geometry	receptor_grouped_5fold	2	Gs	numeric__bound__sodium_pocket_spread	0.0	0.0
bound_geometry	receptor_grouped_5fold	2	Gs	numeric__bound__tm7_rotation	0.0	0.0
bound_geometry	receptor_grouped_5fold	2	Gs	numeric__bound__icl2_generic_ca_count	-0.039452185429992646	0.039452185429992646
bound_geometry	receptor_grouped_5fold	2	Gs	numeric__bound__icl2_end_to_end_distance	0.0	0.0
bound_geometry	receptor_grouped_5fold	2	Gs	numeric__bound__icl2_centroid_to_r350	-0.06054626761328029	0.06054626761328029
bound_geometry	receptor_grouped_5fold	2	Gs	numeric__bound__icl2_centroid_to_tm5_561	0.0	0.0
bound_geometry	receptor_grouped_5fold	2	Gs	numeric__bound__icl2_centroid_to_tm6_634	0.0	0.0
bound_geometry	receptor_grouped_5fold	2	Gs	numeric__bound__icl2_centroid_to_tm7_753	0.0	0.0
bound_geometry	receptor_grouped_5fold	2	Gs	numeric__bound__icl2_axis_tm3_angle	0.0	0.0
bound_geometry	receptor_grouped_5fold	2	Gs	numeric__bound__icl2_axis_tm5_angle	0.0	0.0
bound_geometry	receptor_grouped_5fold	2	Gs	numeric__bound__icl2_active_reference_displacement	0.0	0.0
bound_geometry	receptor_grouped_5fold	2	Gs	numeric__bound__tm5_cytoplasmic_extension	0.0	0.0
bound_geometry	receptor_grouped_5fold	2	Gs	numeric__bound__tm5_cytoplasmic_kink	0.0	0.0
bound_geometry	receptor_grouped_5fold	2	Gs	numeric__bound__tm5_r350_561_distance	0.0	0.0
bound_geometry	receptor_grouped_5fold	2	Gs	numeric__bound__tm5_r350_564_distance	0.0	0.0
bound_geometry	receptor_grouped_5fold	2	Gs	numeric__bound__tm5_tm6_cavity_distance	0.06724228128474465	0.06724228128474465
bound_geometry	receptor_grouped_5fold	2	Gs	numeric__bound__tm5_axis_tm3_angle	0.03749003986950546	0.03749003986950546
bound_geometry	receptor_grouped_5fold	2	Gs	numeric__bound__tm6_lower_upper_kink	0.05527255330267505	0.05527255330267505
bound_geometry	receptor_grouped_5fold	2	Gs	numeric__bound__tm6_axis_tm3_angle	0.08541428871887534	0.08541428871887534
bound_geometry	receptor_grouped_5fold	2	Gs	numeric__bound__tm6_tm7_cavity_distance	0.0	0.0
bound_geometry	receptor_grouped_5fold	2	Gs	numeric__bound__tm7_h8_angle	0.0	0.0
bound_geometry	receptor_grouped_5fold	2	Gs	numeric__bound__h8_end_to_end_distance	0.0	0.0
bound_geometry	receptor_grouped_5fold	2	Gs	numeric__bound__h8_r350_distance	0.0	0.0
bound_geometry	receptor_grouped_5fold	2	Gs	numeric__bound__h8_tm6_distance	0.0	0.0
bound_geometry	receptor_grouped_5fold	2	Gs	numeric__bound__icl2_helix_fraction	0.0	0.0
bound_geometry	receptor_grouped_5fold	2	Gs	numeric__bound__icl2_longest_helix	0.0	0.0
bound_geometry	receptor_grouped_5fold	2	Gs	numeric__bound__icl2_mean_phi	-0.10304074653246212	0.10304074653246212
bound_geometry	receptor_grouped_5fold	2	Gs	numeric__bound__icl2_mean_psi	0.0	0.0
bound_geometry	receptor_grouped_5fold	2	Gs	numeric__bound__intracellular_cavity_core_volume	0.0	0.0
bound_geometry	receptor_grouped_5fold	2	Gs	numeric__bound__intracellular_cavity_core_mouth_area	0.0	0.0
bound_geometry	receptor_grouped_5fold	2	Gs	numeric__bound__intracellular_cavity_core_depth	-0.15958730864033044	0.15958730864033044
bound_geometry	receptor_grouped_5fold	2	Gs	numeric__bound__intracellular_cavity_core_maximum_width	0.0	0.0
bound_geometry	receptor_grouped_5fold	2	Gs	numeric__bound__intracellular_cavity_core_average_cross_section	0.0	0.0
bound_geometry	receptor_grouped_5fold	2	Gs	numeric__bound__intracellular_cavity_core_bottleneck_area	0.0	0.0
bound_geometry	receptor_grouped_5fold	2	Gs	numeric__bound__intracellular_cavity_core_bottleneck_radius	0.0	0.0
bound_geometry	receptor_grouped_5fold	2	Gs	numeric__bound__intracellular_cavity_core_max_inscribed_radius	0.0	0.0
bound_geometry	receptor_grouped_5fold	2	Gs	numeric__bound__intracellular_cavity_core_surface_area	0.0	0.0
bound_geometry	receptor_grouped_5fold	2	Gs	numeric__bound__intracellular_cavity_core_centroid_x	0.0	0.0
bound_geometry	receptor_grouped_5fold	2	Gs	numeric__bound__intracellular_cavity_core_centroid_y	0.0	0.0
bound_geometry	receptor_grouped_5fold	2	Gs	numeric__bound__intracellular_cavity_core_centroid_z	0.0	0.0
bound_geometry	receptor_grouped_5fold	2	Gs	numeric__bound__intracellular_cavity_core_principal_length_1	-0.19698558362628724	0.19698558362628724
bound_geometry	receptor_grouped_5fold	2	Gs	numeric__bound__intracellular_cavity_core_principal_length_2	0.0	0.0
bound_geometry	receptor_grouped_5fold	2	Gs	numeric__bound__intracellular_cavity_core_principal_length_3	0.0016669610898526791	0.0016669610898526791
bound_geometry	receptor_grouped_5fold	2	Gs	numeric__bound__intracellular_cavity_core_principal_axis_1_z_alignment	0.0	0.0
bound_geometry	receptor_grouped_5fold	2	Gs	numeric__bound__intracellular_cavity_core_eccentricity	-0.16125910980764893	0.16125910980764893
bound_geometry	receptor_grouped_5fold	2	Gs	numeric__bound__intracellular_cavity_core_sphericity	0.0	0.0
bound_geometry	receptor_grouped_5fold	2	Gs	numeric__bound__intracellular_cavity_core_asymmetry	0.0	0.0
bound_geometry	receptor_grouped_5fold	2	Gs	numeric__bound__intracellular_cavity_core_tm3_side_fraction	0.0	0.0
bound_geometry	receptor_grouped_5fold	2	Gs	numeric__bound__intracellular_cavity_core_tm6_side_fraction	0.0	0.0
bound_geometry	receptor_grouped_5fold	2	Gs	numeric__bound__intracellular_cavity_core_tm5_side_fraction	0.0	0.0
bound_geometry	receptor_grouped_5fold	2	Gs	numeric__bound__intracellular_cavity_core_tm7_side_fraction	0.0	0.0
bound_geometry	receptor_grouped_5fold	2	Gs	numeric__bound__intracellular_cavity_core_wall_fraction_h8	0.17504045729000295	0.17504045729000295
bound_geometry	receptor_grouped_5fold	2	Gs	numeric__bound__intracellular_cavity_core_wall_fraction_icl2	0.0	0.0
bound_geometry	receptor_grouped_5fold	2	Gs	numeric__bound__intracellular_cavity_core_wall_fraction_tm3	0.0	0.0
bound_geometry	receptor_grouped_5fold	2	Gs	numeric__bound__intracellular_cavity_core_wall_fraction_tm7	0.0	0.0
receptor_only_geometry	receptor_grouped_5fold	0	Gi/o	numeric__receptor_only__activation_consensus_score	0.0	0.0
receptor_only_geometry	receptor_grouped_5fold	0	Gi/o	numeric__receptor_only__tm6_r350_634_distance	0.0	0.0
receptor_only_geometry	receptor_grouped_5fold	0	Gi/o	numeric__receptor_only__tm6_aligned_displacement	0.0	0.0
receptor_only_geometry	receptor_grouped_5fold	0	Gi/o	numeric__receptor_only__tm7_displacement	0.0	0.0
receptor_only_geometry	receptor_grouped_5fold	0	Gi/o	numeric__receptor_only__tm3_tm7_distance	0.0	0.0
receptor_only_geometry	receptor_grouped_5fold	0	Gi/o	numeric__receptor_only__tm6_r350_630_distance	0.0	0.0
receptor_only_geometry	receptor_grouped_5fold	0	Gi/o	numeric__receptor_only__dry_r350_630_min_distance	0.0	0.0
receptor_only_geometry	receptor_grouped_5fold	0	Gi/o	numeric__receptor_only__dry_r350_630_ca_distance	0.0	0.0
receptor_only_geometry	receptor_grouped_5fold	0	Gi/o	numeric__receptor_only__dry_d349_r350_min_distance	0.0	0.0
receptor_only_geometry	receptor_grouped_5fold	0	Gi/o	numeric__receptor_only__r350_chi1	0.0	0.0
receptor_only_geometry	receptor_grouped_5fold	0	Gi/o	numeric__receptor_only__r350_chi2	0.0	0.0
receptor_only_geometry	receptor_grouped_5fold	0	Gi/o	numeric__receptor_only__pif_550_340_distance	0.0	0.0
receptor_only_geometry	receptor_grouped_5fold	0	Gi/o	numeric__receptor_only__pif_340_644_distance	0.0	0.0
receptor_only_geometry	receptor_grouped_5fold	0	Gi/o	numeric__receptor_only__pif_550_644_distance	0.0	0.0
receptor_only_geometry	receptor_grouped_5fold	0	Gi/o	numeric__receptor_only__pif_550_340_min_distance	0.0	0.0
receptor_only_geometry	receptor_grouped_5fold	0	Gi/o	numeric__receptor_only__pif_340_644_min_distance	0.0	0.0
receptor_only_geometry	receptor_grouped_5fold	0	Gi/o	numeric__receptor_only__pif_550_644_min_distance	0.0	0.0
receptor_only_geometry	receptor_grouped_5fold	0	Gi/o	numeric__receptor_only__pif_triangle_perimeter	-0.42878582973815416	0.42878582973815416
receptor_only_geometry	receptor_grouped_5fold	0	Gi/o	numeric__receptor_only__position_644_chi1	0.0	0.0
receptor_only_geometry	receptor_grouped_5fold	0	Gi/o	numeric__receptor_only__position_644_chi2	0.0	0.0
receptor_only_geometry	receptor_grouped_5fold	0	Gi/o	numeric__receptor_only__w648_chi1	0.0	0.0
receptor_only_geometry	receptor_grouped_5fold	0	Gi/o	numeric__receptor_only__w648_chi2	0.0	0.0
receptor_only_geometry	receptor_grouped_5fold	0	Gi/o	numeric__receptor_only__w648_displacement	0.0	0.0
receptor_only_geometry	receptor_grouped_5fold	0	Gi/o	numeric__receptor_only__w648_to_644_distance	0.0	0.0
receptor_only_geometry	receptor_grouped_5fold	0	Gi/o	numeric__receptor_only__cwxp_647_650_distance	0.0	0.0
receptor_only_geometry	receptor_grouped_5fold	0	Gi/o	numeric__receptor_only__y753_chi1	-0.8900987575705317	0.8900987575705317
receptor_only_geometry	receptor_grouped_5fold	0	Gi/o	numeric__receptor_only__y753_chi2	0.0	0.0
receptor_only_geometry	receptor_grouped_5fold	0	Gi/o	numeric__receptor_only__y753_y558_distance	0.0	0.0
receptor_only_geometry	receptor_grouped_5fold	0	Gi/o	numeric__receptor_only__y753_y558_min_distance	0.0	0.0
receptor_only_geometry	receptor_grouped_5fold	0	Gi/o	numeric__receptor_only__n749_y753_distance	0.0	0.0
receptor_only_geometry	receptor_grouped_5fold	0	Gi/o	numeric__receptor_only__npxxy_local_spread	0.0	0.0
receptor_only_geometry	receptor_grouped_5fold	0	Gi/o	numeric__receptor_only__y753_displacement	0.0	0.0
receptor_only_geometry	receptor_grouped_5fold	0	Gi/o	numeric__receptor_only__sodium_d250_s339_distance	0.0	0.0
receptor_only_geometry	receptor_grouped_5fold	0	Gi/o	numeric__receptor_only__sodium_d250_n745_distance	0.0	0.0
receptor_only_geometry	receptor_grouped_5fold	0	Gi/o	numeric__receptor_only__sodium_d250_s746_distance	0.13346391449585152	0.13346391449585152
receptor_only_geometry	receptor_grouped_5fold	0	Gi/o	numeric__receptor_only__sodium_d250_n749_distance	0.0	0.0
receptor_only_geometry	receptor_grouped_5fold	0	Gi/o	numeric__receptor_only__sodium_pocket_volume	0.0	0.0
receptor_only_geometry	receptor_grouped_5fold	0	Gi/o	numeric__receptor_only__sodium_pocket_spread	0.0	0.0
receptor_only_geometry	receptor_grouped_5fold	0	Gi/o	numeric__receptor_only__tm7_rotation	0.0	0.0
receptor_only_geometry	receptor_grouped_5fold	0	Gi/o	numeric__receptor_only__icl2_generic_ca_count	0.0	0.0
receptor_only_geometry	receptor_grouped_5fold	0	Gi/o	numeric__receptor_only__icl2_end_to_end_distance	0.0	0.0
receptor_only_geometry	receptor_grouped_5fold	0	Gi/o	numeric__receptor_only__icl2_centroid_to_r350	0.0	0.0
receptor_only_geometry	receptor_grouped_5fold	0	Gi/o	numeric__receptor_only__icl2_centroid_to_tm5_561	0.0	0.0
receptor_only_geometry	receptor_grouped_5fold	0	Gi/o	numeric__receptor_only__icl2_centroid_to_tm6_634	0.0	0.0
receptor_only_geometry	receptor_grouped_5fold	0	Gi/o	numeric__receptor_only__icl2_centroid_to_tm7_753	0.0	0.0
receptor_only_geometry	receptor_grouped_5fold	0	Gi/o	numeric__receptor_only__icl2_axis_tm3_angle	0.0	0.0
receptor_only_geometry	receptor_grouped_5fold	0	Gi/o	numeric__receptor_only__icl2_axis_tm5_angle	0.0	0.0
receptor_only_geometry	receptor_grouped_5fold	0	Gi/o	numeric__receptor_only__icl2_active_reference_displacement	0.0	0.0
receptor_only_geometry	receptor_grouped_5fold	0	Gi/o	numeric__receptor_only__tm5_cytoplasmic_extension	0.0	0.0
receptor_only_geometry	receptor_grouped_5fold	0	Gi/o	numeric__receptor_only__tm5_cytoplasmic_kink	0.0	0.0
receptor_only_geometry	receptor_grouped_5fold	0	Gi/o	numeric__receptor_only__tm5_r350_561_distance	0.0	0.0
receptor_only_geometry	receptor_grouped_5fold	0	Gi/o	numeric__receptor_only__tm5_r350_564_distance	0.0	0.0
receptor_only_geometry	receptor_grouped_5fold	0	Gi/o	numeric__receptor_only__tm5_tm6_cavity_distance	0.0	0.0
receptor_only_geometry	receptor_grouped_5fold	0	Gi/o	numeric__receptor_only__tm5_axis_tm3_angle	0.0	0.0
receptor_only_geometry	receptor_grouped_5fold	0	Gi/o	numeric__receptor_only__tm6_lower_upper_kink	0.0	0.0
receptor_only_geometry	receptor_grouped_5fold	0	Gi/o	numeric__receptor_only__tm6_axis_tm3_angle	0.0	0.0
receptor_only_geometry	receptor_grouped_5fold	0	Gi/o	numeric__receptor_only__tm6_tm7_cavity_distance	0.0	0.0
receptor_only_geometry	receptor_grouped_5fold	0	Gi/o	numeric__receptor_only__tm7_h8_angle	0.0	0.0
receptor_only_geometry	receptor_grouped_5fold	0	Gi/o	numeric__receptor_only__h8_end_to_end_distance	0.0	0.0
receptor_only_geometry	receptor_grouped_5fold	0	Gi/o	numeric__receptor_only__h8_r350_distance	0.0	0.0
receptor_only_geometry	receptor_grouped_5fold	0	Gi/o	numeric__receptor_only__h8_tm6_distance	0.0	0.0
receptor_only_geometry	receptor_grouped_5fold	0	Gi/o	numeric__receptor_only__icl2_helix_fraction	0.0	0.0
receptor_only_geometry	receptor_grouped_5fold	0	Gi/o	numeric__receptor_only__icl2_longest_helix	0.0	0.0
receptor_only_geometry	receptor_grouped_5fold	0	Gi/o	numeric__receptor_only__icl2_mean_phi	0.0	0.0
receptor_only_geometry	receptor_grouped_5fold	0	Gi/o	numeric__receptor_only__icl2_mean_psi	0.0	0.0
receptor_only_geometry	receptor_grouped_5fold	0	Gi/o	numeric__receptor_only__intracellular_cavity_core_volume	0.0	0.0
receptor_only_geometry	receptor_grouped_5fold	0	Gi/o	numeric__receptor_only__intracellular_cavity_core_mouth_area	0.0	0.0
receptor_only_geometry	receptor_grouped_5fold	0	Gi/o	numeric__receptor_only__intracellular_cavity_core_depth	0.0	0.0
receptor_only_geometry	receptor_grouped_5fold	0	Gi/o	numeric__receptor_only__intracellular_cavity_core_maximum_width	0.0	0.0
receptor_only_geometry	receptor_grouped_5fold	0	Gi/o	numeric__receptor_only__intracellular_cavity_core_average_cross_section	0.0	0.0
receptor_only_geometry	receptor_grouped_5fold	0	Gi/o	numeric__receptor_only__intracellular_cavity_core_bottleneck_area	0.0	0.0
receptor_only_geometry	receptor_grouped_5fold	0	Gi/o	numeric__receptor_only__intracellular_cavity_core_bottleneck_radius	0.0	0.0
receptor_only_geometry	receptor_grouped_5fold	0	Gi/o	numeric__receptor_only__intracellular_cavity_core_max_inscribed_radius	0.0	0.0
receptor_only_geometry	receptor_grouped_5fold	0	Gi/o	numeric__receptor_only__intracellular_cavity_core_surface_area	0.0	0.0
receptor_only_geometry	receptor_grouped_5fold	0	Gi/o	numeric__receptor_only__intracellular_cavity_core_centroid_x	0.0	0.0
receptor_only_geometry	receptor_grouped_5fold	0	Gi/o	numeric__receptor_only__intracellular_cavity_core_centroid_y	0.0	0.0
receptor_only_geometry	receptor_grouped_5fold	0	Gi/o	numeric__receptor_only__intracellular_cavity_core_centroid_z	0.0	0.0
receptor_only_geometry	receptor_grouped_5fold	0	Gi/o	numeric__receptor_only__intracellular_cavity_core_principal_length_1	0.0	0.0
receptor_only_geometry	receptor_grouped_5fold	0	Gi/o	numeric__receptor_only__intracellular_cavity_core_principal_length_2	0.0	0.0
receptor_only_geometry	receptor_grouped_5fold	0	Gi/o	numeric__receptor_only__intracellular_cavity_core_principal_length_3	0.0	0.0
receptor_only_geometry	receptor_grouped_5fold	0	Gi/o	numeric__receptor_only__intracellular_cavity_core_principal_axis_1_z_alignment	0.0	0.0
receptor_only_geometry	receptor_grouped_5fold	0	Gi/o	numeric__receptor_only__intracellular_cavity_core_eccentricity	0.0	0.0
receptor_only_geometry	receptor_grouped_5fold	0	Gi/o	numeric__receptor_only__intracellular_cavity_core_sphericity	0.0	0.0
receptor_only_geometry	receptor_grouped_5fold	0	Gi/o	numeric__receptor_only__intracellular_cavity_core_asymmetry	0.0	0.0
receptor_only_geometry	receptor_grouped_5fold	0	Gi/o	numeric__receptor_only__intracellular_cavity_core_tm3_side_fraction	0.0	0.0
receptor_only_geometry	receptor_grouped_5fold	0	Gi/o	numeric__receptor_only__intracellular_cavity_core_tm6_side_fraction	0.0	0.0
receptor_only_geometry	receptor_grouped_5fold	0	Gi/o	numeric__receptor_only__intracellular_cavity_core_tm5_side_fraction	0.0	0.0
receptor_only_geometry	receptor_grouped_5fold	0	Gi/o	numeric__receptor_only__intracellular_cavity_core_tm7_side_fraction	0.0	0.0
receptor_only_geometry	receptor_grouped_5fold	0	Gi/o	numeric__receptor_only__intracellular_cavity_core_wall_fraction_h8	0.0	0.0
receptor_only_geometry	receptor_grouped_5fold	0	Gi/o	numeric__receptor_only__intracellular_cavity_core_wall_fraction_icl2	0.0	0.0
receptor_only_geometry	receptor_grouped_5fold	0	Gi/o	numeric__receptor_only__intracellular_cavity_core_wall_fraction_tm3	0.0	0.0
receptor_only_geometry	receptor_grouped_5fold	0	Gi/o	numeric__receptor_only__intracellular_cavity_core_wall_fraction_tm7	0.0	0.0
receptor_only_geometry	receptor_grouped_5fold	0	Gq/11	numeric__receptor_only__activation_consensus_score	0.0	0.0
receptor_only_geometry	receptor_grouped_5fold	0	Gq/11	numeric__receptor_only__tm6_r350_634_distance	0.0	0.0
receptor_only_geometry	receptor_grouped_5fold	0	Gq/11	numeric__receptor_only__tm6_aligned_displacement	0.0	0.0
receptor_only_geometry	receptor_grouped_5fold	0	Gq/11	numeric__receptor_only__tm7_displacement	0.0	0.0
receptor_only_geometry	receptor_grouped_5fold	0	Gq/11	numeric__receptor_only__tm3_tm7_distance	0.0	0.0
receptor_only_geometry	receptor_grouped_5fold	0	Gq/11	numeric__receptor_only__tm6_r350_630_distance	0.0	0.0
receptor_only_geometry	receptor_grouped_5fold	0	Gq/11	numeric__receptor_only__dry_r350_630_min_distance	0.0	0.0
receptor_only_geometry	receptor_grouped_5fold	0	Gq/11	numeric__receptor_only__dry_r350_630_ca_distance	0.0	0.0
receptor_only_geometry	receptor_grouped_5fold	0	Gq/11	numeric__receptor_only__dry_d349_r350_min_distance	0.0	0.0
receptor_only_geometry	receptor_grouped_5fold	0	Gq/11	numeric__receptor_only__r350_chi1	0.0	0.0
receptor_only_geometry	receptor_grouped_5fold	0	Gq/11	numeric__receptor_only__r350_chi2	0.0	0.0
receptor_only_geometry	receptor_grouped_5fold	0	Gq/11	numeric__receptor_only__pif_550_340_distance	0.0	0.0
receptor_only_geometry	receptor_grouped_5fold	0	Gq/11	numeric__receptor_only__pif_340_644_distance	0.0	0.0
receptor_only_geometry	receptor_grouped_5fold	0	Gq/11	numeric__receptor_only__pif_550_644_distance	0.0	0.0
receptor_only_geometry	receptor_grouped_5fold	0	Gq/11	numeric__receptor_only__pif_550_340_min_distance	1.1192285038594805	1.1192285038594805
receptor_only_geometry	receptor_grouped_5fold	0	Gq/11	numeric__receptor_only__pif_340_644_min_distance	0.0	0.0
receptor_only_geometry	receptor_grouped_5fold	0	Gq/11	numeric__receptor_only__pif_550_644_min_distance	0.0	0.0
receptor_only_geometry	receptor_grouped_5fold	0	Gq/11	numeric__receptor_only__pif_triangle_perimeter	0.0	0.0
receptor_only_geometry	receptor_grouped_5fold	0	Gq/11	numeric__receptor_only__position_644_chi1	0.0	0.0
receptor_only_geometry	receptor_grouped_5fold	0	Gq/11	numeric__receptor_only__position_644_chi2	0.0	0.0
receptor_only_geometry	receptor_grouped_5fold	0	Gq/11	numeric__receptor_only__w648_chi1	0.0	0.0
receptor_only_geometry	receptor_grouped_5fold	0	Gq/11	numeric__receptor_only__w648_chi2	0.0	0.0
receptor_only_geometry	receptor_grouped_5fold	0	Gq/11	numeric__receptor_only__w648_displacement	0.0	0.0
receptor_only_geometry	receptor_grouped_5fold	0	Gq/11	numeric__receptor_only__w648_to_644_distance	0.0	0.0
receptor_only_geometry	receptor_grouped_5fold	0	Gq/11	numeric__receptor_only__cwxp_647_650_distance	0.0	0.0
receptor_only_geometry	receptor_grouped_5fold	0	Gq/11	numeric__receptor_only__y753_chi1	0.0	0.0
receptor_only_geometry	receptor_grouped_5fold	0	Gq/11	numeric__receptor_only__y753_chi2	0.0	0.0
receptor_only_geometry	receptor_grouped_5fold	0	Gq/11	numeric__receptor_only__y753_y558_distance	0.0	0.0
receptor_only_geometry	receptor_grouped_5fold	0	Gq/11	numeric__receptor_only__y753_y558_min_distance	0.0	0.0
receptor_only_geometry	receptor_grouped_5fold	0	Gq/11	numeric__receptor_only__n749_y753_distance	0.0	0.0
receptor_only_geometry	receptor_grouped_5fold	0	Gq/11	numeric__receptor_only__npxxy_local_spread	0.0	0.0
receptor_only_geometry	receptor_grouped_5fold	0	Gq/11	numeric__receptor_only__y753_displacement	0.0	0.0
receptor_only_geometry	receptor_grouped_5fold	0	Gq/11	numeric__receptor_only__sodium_d250_s339_distance	0.0	0.0
receptor_only_geometry	receptor_grouped_5fold	0	Gq/11	numeric__receptor_only__sodium_d250_n745_distance	0.0	0.0
receptor_only_geometry	receptor_grouped_5fold	0	Gq/11	numeric__receptor_only__sodium_d250_s746_distance	0.0	0.0
receptor_only_geometry	receptor_grouped_5fold	0	Gq/11	numeric__receptor_only__sodium_d250_n749_distance	0.0	0.0
receptor_only_geometry	receptor_grouped_5fold	0	Gq/11	numeric__receptor_only__sodium_pocket_volume	0.0	0.0
receptor_only_geometry	receptor_grouped_5fold	0	Gq/11	numeric__receptor_only__sodium_pocket_spread	0.0	0.0
receptor_only_geometry	receptor_grouped_5fold	0	Gq/11	numeric__receptor_only__tm7_rotation	0.0	0.0
receptor_only_geometry	receptor_grouped_5fold	0	Gq/11	numeric__receptor_only__icl2_generic_ca_count	0.0	0.0
receptor_only_geometry	receptor_grouped_5fold	0	Gq/11	numeric__receptor_only__icl2_end_to_end_distance	0.0	0.0
receptor_only_geometry	receptor_grouped_5fold	0	Gq/11	numeric__receptor_only__icl2_centroid_to_r350	0.0	0.0
receptor_only_geometry	receptor_grouped_5fold	0	Gq/11	numeric__receptor_only__icl2_centroid_to_tm5_561	0.0	0.0
receptor_only_geometry	receptor_grouped_5fold	0	Gq/11	numeric__receptor_only__icl2_centroid_to_tm6_634	0.0	0.0
receptor_only_geometry	receptor_grouped_5fold	0	Gq/11	numeric__receptor_only__icl2_centroid_to_tm7_753	0.0	0.0
receptor_only_geometry	receptor_grouped_5fold	0	Gq/11	numeric__receptor_only__icl2_axis_tm3_angle	0.0	0.0
receptor_only_geometry	receptor_grouped_5fold	0	Gq/11	numeric__receptor_only__icl2_axis_tm5_angle	0.0	0.0
receptor_only_geometry	receptor_grouped_5fold	0	Gq/11	numeric__receptor_only__icl2_active_reference_displacement	0.0	0.0
receptor_only_geometry	receptor_grouped_5fold	0	Gq/11	numeric__receptor_only__tm5_cytoplasmic_extension	0.0	0.0
receptor_only_geometry	receptor_grouped_5fold	0	Gq/11	numeric__receptor_only__tm5_cytoplasmic_kink	0.0	0.0
receptor_only_geometry	receptor_grouped_5fold	0	Gq/11	numeric__receptor_only__tm5_r350_561_distance	0.0	0.0
receptor_only_geometry	receptor_grouped_5fold	0	Gq/11	numeric__receptor_only__tm5_r350_564_distance	0.0	0.0
receptor_only_geometry	receptor_grouped_5fold	0	Gq/11	numeric__receptor_only__tm5_tm6_cavity_distance	0.0	0.0
receptor_only_geometry	receptor_grouped_5fold	0	Gq/11	numeric__receptor_only__tm5_axis_tm3_angle	0.0	0.0
receptor_only_geometry	receptor_grouped_5fold	0	Gq/11	numeric__receptor_only__tm6_lower_upper_kink	0.0	0.0
receptor_only_geometry	receptor_grouped_5fold	0	Gq/11	numeric__receptor_only__tm6_axis_tm3_angle	0.0	0.0
receptor_only_geometry	receptor_grouped_5fold	0	Gq/11	numeric__receptor_only__tm6_tm7_cavity_distance	0.0	0.0
receptor_only_geometry	receptor_grouped_5fold	0	Gq/11	numeric__receptor_only__tm7_h8_angle	0.0	0.0
receptor_only_geometry	receptor_grouped_5fold	0	Gq/11	numeric__receptor_only__h8_end_to_end_distance	0.0	0.0
receptor_only_geometry	receptor_grouped_5fold	0	Gq/11	numeric__receptor_only__h8_r350_distance	0.0	0.0
receptor_only_geometry	receptor_grouped_5fold	0	Gq/11	numeric__receptor_only__h8_tm6_distance	0.0	0.0
receptor_only_geometry	receptor_grouped_5fold	0	Gq/11	numeric__receptor_only__icl2_helix_fraction	0.0	0.0
receptor_only_geometry	receptor_grouped_5fold	0	Gq/11	numeric__receptor_only__icl2_longest_helix	0.0	0.0
receptor_only_geometry	receptor_grouped_5fold	0	Gq/11	numeric__receptor_only__icl2_mean_phi	0.0	0.0
receptor_only_geometry	receptor_grouped_5fold	0	Gq/11	numeric__receptor_only__icl2_mean_psi	0.0	0.0
receptor_only_geometry	receptor_grouped_5fold	0	Gq/11	numeric__receptor_only__intracellular_cavity_core_volume	0.0	0.0
receptor_only_geometry	receptor_grouped_5fold	0	Gq/11	numeric__receptor_only__intracellular_cavity_core_mouth_area	0.0	0.0
receptor_only_geometry	receptor_grouped_5fold	0	Gq/11	numeric__receptor_only__intracellular_cavity_core_depth	0.0	0.0
receptor_only_geometry	receptor_grouped_5fold	0	Gq/11	numeric__receptor_only__intracellular_cavity_core_maximum_width	0.0	0.0
receptor_only_geometry	receptor_grouped_5fold	0	Gq/11	numeric__receptor_only__intracellular_cavity_core_average_cross_section	0.0	0.0
receptor_only_geometry	receptor_grouped_5fold	0	Gq/11	numeric__receptor_only__intracellular_cavity_core_bottleneck_area	0.0	0.0
receptor_only_geometry	receptor_grouped_5fold	0	Gq/11	numeric__receptor_only__intracellular_cavity_core_bottleneck_radius	0.0	0.0
receptor_only_geometry	receptor_grouped_5fold	0	Gq/11	numeric__receptor_only__intracellular_cavity_core_max_inscribed_radius	0.0	0.0
receptor_only_geometry	receptor_grouped_5fold	0	Gq/11	numeric__receptor_only__intracellular_cavity_core_surface_area	0.0	0.0
receptor_only_geometry	receptor_grouped_5fold	0	Gq/11	numeric__receptor_only__intracellular_cavity_core_centroid_x	0.0	0.0
receptor_only_geometry	receptor_grouped_5fold	0	Gq/11	numeric__receptor_only__intracellular_cavity_core_centroid_y	0.0	0.0
receptor_only_geometry	receptor_grouped_5fold	0	Gq/11	numeric__receptor_only__intracellular_cavity_core_centroid_z	0.0	0.0
receptor_only_geometry	receptor_grouped_5fold	0	Gq/11	numeric__receptor_only__intracellular_cavity_core_principal_length_1	0.0	0.0
receptor_only_geometry	receptor_grouped_5fold	0	Gq/11	numeric__receptor_only__intracellular_cavity_core_principal_length_2	0.0	0.0
receptor_only_geometry	receptor_grouped_5fold	0	Gq/11	numeric__receptor_only__intracellular_cavity_core_principal_length_3	0.0	0.0
receptor_only_geometry	receptor_grouped_5fold	0	Gq/11	numeric__receptor_only__intracellular_cavity_core_principal_axis_1_z_alignment	0.0	0.0
receptor_only_geometry	receptor_grouped_5fold	0	Gq/11	numeric__receptor_only__intracellular_cavity_core_eccentricity	0.0	0.0
receptor_only_geometry	receptor_grouped_5fold	0	Gq/11	numeric__receptor_only__intracellular_cavity_core_sphericity	0.0	0.0
receptor_only_geometry	receptor_grouped_5fold	0	Gq/11	numeric__receptor_only__intracellular_cavity_core_asymmetry	0.0	0.0
receptor_only_geometry	receptor_grouped_5fold	0	Gq/11	numeric__receptor_only__intracellular_cavity_core_tm3_side_fraction	0.0	0.0
receptor_only_geometry	receptor_grouped_5fold	0	Gq/11	numeric__receptor_only__intracellular_cavity_core_tm6_side_fraction	0.0	0.0
receptor_only_geometry	receptor_grouped_5fold	0	Gq/11	numeric__receptor_only__intracellular_cavity_core_tm5_side_fraction	0.0	0.0
receptor_only_geometry	receptor_grouped_5fold	0	Gq/11	numeric__receptor_only__intracellular_cavity_core_tm7_side_fraction	0.0	0.0
receptor_only_geometry	receptor_grouped_5fold	0	Gq/11	numeric__receptor_only__intracellular_cavity_core_wall_fraction_h8	0.0	0.0
receptor_only_geometry	receptor_grouped_5fold	0	Gq/11	numeric__receptor_only__intracellular_cavity_core_wall_fraction_icl2	0.0	0.0
receptor_only_geometry	receptor_grouped_5fold	0	Gq/11	numeric__receptor_only__intracellular_cavity_core_wall_fraction_tm3	0.0	0.0
receptor_only_geometry	receptor_grouped_5fold	0	Gq/11	numeric__receptor_only__intracellular_cavity_core_wall_fraction_tm7	0.0	0.0
receptor_only_geometry	receptor_grouped_5fold	0	Gs	numeric__receptor_only__activation_consensus_score	0.0	0.0
receptor_only_geometry	receptor_grouped_5fold	0	Gs	numeric__receptor_only__tm6_r350_634_distance	0.0	0.0
receptor_only_geometry	receptor_grouped_5fold	0	Gs	numeric__receptor_only__tm6_aligned_displacement	0.0	0.0
receptor_only_geometry	receptor_grouped_5fold	0	Gs	numeric__receptor_only__tm7_displacement	0.0	0.0
receptor_only_geometry	receptor_grouped_5fold	0	Gs	numeric__receptor_only__tm3_tm7_distance	0.0	0.0
receptor_only_geometry	receptor_grouped_5fold	0	Gs	numeric__receptor_only__tm6_r350_630_distance	0.0	0.0
receptor_only_geometry	receptor_grouped_5fold	0	Gs	numeric__receptor_only__dry_r350_630_min_distance	0.0	0.0
receptor_only_geometry	receptor_grouped_5fold	0	Gs	numeric__receptor_only__dry_r350_630_ca_distance	0.0	0.0
receptor_only_geometry	receptor_grouped_5fold	0	Gs	numeric__receptor_only__dry_d349_r350_min_distance	0.0	0.0
receptor_only_geometry	receptor_grouped_5fold	0	Gs	numeric__receptor_only__r350_chi1	0.0	0.0
receptor_only_geometry	receptor_grouped_5fold	0	Gs	numeric__receptor_only__r350_chi2	0.0	0.0
receptor_only_geometry	receptor_grouped_5fold	0	Gs	numeric__receptor_only__pif_550_340_distance	0.0	0.0
receptor_only_geometry	receptor_grouped_5fold	0	Gs	numeric__receptor_only__pif_340_644_distance	0.0	0.0
receptor_only_geometry	receptor_grouped_5fold	0	Gs	numeric__receptor_only__pif_550_644_distance	0.06147653120346904	0.06147653120346904
receptor_only_geometry	receptor_grouped_5fold	0	Gs	numeric__receptor_only__pif_550_340_min_distance	0.0	0.0
receptor_only_geometry	receptor_grouped_5fold	0	Gs	numeric__receptor_only__pif_340_644_min_distance	0.0	0.0
receptor_only_geometry	receptor_grouped_5fold	0	Gs	numeric__receptor_only__pif_550_644_min_distance	0.0	0.0
receptor_only_geometry	receptor_grouped_5fold	0	Gs	numeric__receptor_only__pif_triangle_perimeter	0.05690693875029189	0.05690693875029189
receptor_only_geometry	receptor_grouped_5fold	0	Gs	numeric__receptor_only__position_644_chi1	0.0	0.0
receptor_only_geometry	receptor_grouped_5fold	0	Gs	numeric__receptor_only__position_644_chi2	0.0	0.0
receptor_only_geometry	receptor_grouped_5fold	0	Gs	numeric__receptor_only__w648_chi1	0.0	0.0
receptor_only_geometry	receptor_grouped_5fold	0	Gs	numeric__receptor_only__w648_chi2	0.0	0.0
receptor_only_geometry	receptor_grouped_5fold	0	Gs	numeric__receptor_only__w648_displacement	0.0	0.0
receptor_only_geometry	receptor_grouped_5fold	0	Gs	numeric__receptor_only__w648_to_644_distance	0.0	0.0
receptor_only_geometry	receptor_grouped_5fold	0	Gs	numeric__receptor_only__cwxp_647_650_distance	0.0	0.0
receptor_only_geometry	receptor_grouped_5fold	0	Gs	numeric__receptor_only__y753_chi1	0.0	0.0
receptor_only_geometry	receptor_grouped_5fold	0	Gs	numeric__receptor_only__y753_chi2	0.0	0.0
receptor_only_geometry	receptor_grouped_5fold	0	Gs	numeric__receptor_only__y753_y558_distance	0.0	0.0
receptor_only_geometry	receptor_grouped_5fold	0	Gs	numeric__receptor_only__y753_y558_min_distance	0.0	0.0
receptor_only_geometry	receptor_grouped_5fold	0	Gs	numeric__receptor_only__n749_y753_distance	0.0	0.0
receptor_only_geometry	receptor_grouped_5fold	0	Gs	numeric__receptor_only__npxxy_local_spread	0.0	0.0
receptor_only_geometry	receptor_grouped_5fold	0	Gs	numeric__receptor_only__y753_displacement	0.0	0.0
receptor_only_geometry	receptor_grouped_5fold	0	Gs	numeric__receptor_only__sodium_d250_s339_distance	0.0	0.0
receptor_only_geometry	receptor_grouped_5fold	0	Gs	numeric__receptor_only__sodium_d250_n745_distance	0.0	0.0
receptor_only_geometry	receptor_grouped_5fold	0	Gs	numeric__receptor_only__sodium_d250_s746_distance	0.0	0.0
receptor_only_geometry	receptor_grouped_5fold	0	Gs	numeric__receptor_only__sodium_d250_n749_distance	0.0	0.0
receptor_only_geometry	receptor_grouped_5fold	0	Gs	numeric__receptor_only__sodium_pocket_volume	0.0	0.0
receptor_only_geometry	receptor_grouped_5fold	0	Gs	numeric__receptor_only__sodium_pocket_spread	0.0	0.0
receptor_only_geometry	receptor_grouped_5fold	0	Gs	numeric__receptor_only__tm7_rotation	0.0	0.0
receptor_only_geometry	receptor_grouped_5fold	0	Gs	numeric__receptor_only__icl2_generic_ca_count	0.0	0.0
receptor_only_geometry	receptor_grouped_5fold	0	Gs	numeric__receptor_only__icl2_end_to_end_distance	0.0	0.0
receptor_only_geometry	receptor_grouped_5fold	0	Gs	numeric__receptor_only__icl2_centroid_to_r350	0.0	0.0
receptor_only_geometry	receptor_grouped_5fold	0	Gs	numeric__receptor_only__icl2_centroid_to_tm5_561	0.0	0.0
receptor_only_geometry	receptor_grouped_5fold	0	Gs	numeric__receptor_only__icl2_centroid_to_tm6_634	0.0	0.0
receptor_only_geometry	receptor_grouped_5fold	0	Gs	numeric__receptor_only__icl2_centroid_to_tm7_753	0.0	0.0
receptor_only_geometry	receptor_grouped_5fold	0	Gs	numeric__receptor_only__icl2_axis_tm3_angle	0.0	0.0
receptor_only_geometry	receptor_grouped_5fold	0	Gs	numeric__receptor_only__icl2_axis_tm5_angle	0.0	0.0
receptor_only_geometry	receptor_grouped_5fold	0	Gs	numeric__receptor_only__icl2_active_reference_displacement	0.0	0.0
receptor_only_geometry	receptor_grouped_5fold	0	Gs	numeric__receptor_only__tm5_cytoplasmic_extension	0.20836358612498632	0.20836358612498632
receptor_only_geometry	receptor_grouped_5fold	0	Gs	numeric__receptor_only__tm5_cytoplasmic_kink	0.0	0.0
receptor_only_geometry	receptor_grouped_5fold	0	Gs	numeric__receptor_only__tm5_r350_561_distance	0.0	0.0
receptor_only_geometry	receptor_grouped_5fold	0	Gs	numeric__receptor_only__tm5_r350_564_distance	0.0	0.0
receptor_only_geometry	receptor_grouped_5fold	0	Gs	numeric__receptor_only__tm5_tm6_cavity_distance	0.0	0.0
receptor_only_geometry	receptor_grouped_5fold	0	Gs	numeric__receptor_only__tm5_axis_tm3_angle	0.0	0.0
receptor_only_geometry	receptor_grouped_5fold	0	Gs	numeric__receptor_only__tm6_lower_upper_kink	0.0	0.0
receptor_only_geometry	receptor_grouped_5fold	0	Gs	numeric__receptor_only__tm6_axis_tm3_angle	0.0	0.0
receptor_only_geometry	receptor_grouped_5fold	0	Gs	numeric__receptor_only__tm6_tm7_cavity_distance	0.0	0.0
receptor_only_geometry	receptor_grouped_5fold	0	Gs	numeric__receptor_only__tm7_h8_angle	0.0	0.0
receptor_only_geometry	receptor_grouped_5fold	0	Gs	numeric__receptor_only__h8_end_to_end_distance	0.0	0.0
receptor_only_geometry	receptor_grouped_5fold	0	Gs	numeric__receptor_only__h8_r350_distance	0.0	0.0
receptor_only_geometry	receptor_grouped_5fold	0	Gs	numeric__receptor_only__h8_tm6_distance	0.0	0.0
receptor_only_geometry	receptor_grouped_5fold	0	Gs	numeric__receptor_only__icl2_helix_fraction	0.0	0.0
receptor_only_geometry	receptor_grouped_5fold	0	Gs	numeric__receptor_only__icl2_longest_helix	0.0	0.0
receptor_only_geometry	receptor_grouped_5fold	0	Gs	numeric__receptor_only__icl2_mean_phi	0.0	0.0
receptor_only_geometry	receptor_grouped_5fold	0	Gs	numeric__receptor_only__icl2_mean_psi	0.0	0.0
receptor_only_geometry	receptor_grouped_5fold	0	Gs	numeric__receptor_only__intracellular_cavity_core_volume	0.0	0.0
receptor_only_geometry	receptor_grouped_5fold	0	Gs	numeric__receptor_only__intracellular_cavity_core_mouth_area	0.0	0.0
receptor_only_geometry	receptor_grouped_5fold	0	Gs	numeric__receptor_only__intracellular_cavity_core_depth	0.0	0.0
receptor_only_geometry	receptor_grouped_5fold	0	Gs	numeric__receptor_only__intracellular_cavity_core_maximum_width	0.0	0.0
receptor_only_geometry	receptor_grouped_5fold	0	Gs	numeric__receptor_only__intracellular_cavity_core_average_cross_section	0.0	0.0
receptor_only_geometry	receptor_grouped_5fold	0	Gs	numeric__receptor_only__intracellular_cavity_core_bottleneck_area	0.0	0.0
receptor_only_geometry	receptor_grouped_5fold	0	Gs	numeric__receptor_only__intracellular_cavity_core_bottleneck_radius	0.0	0.0
receptor_only_geometry	receptor_grouped_5fold	0	Gs	numeric__receptor_only__intracellular_cavity_core_max_inscribed_radius	0.0	0.0
receptor_only_geometry	receptor_grouped_5fold	0	Gs	numeric__receptor_only__intracellular_cavity_core_surface_area	0.0	0.0
receptor_only_geometry	receptor_grouped_5fold	0	Gs	numeric__receptor_only__intracellular_cavity_core_centroid_x	0.0	0.0
receptor_only_geometry	receptor_grouped_5fold	0	Gs	numeric__receptor_only__intracellular_cavity_core_centroid_y	0.0	0.0
receptor_only_geometry	receptor_grouped_5fold	0	Gs	numeric__receptor_only__intracellular_cavity_core_centroid_z	0.0	0.0
receptor_only_geometry	receptor_grouped_5fold	0	Gs	numeric__receptor_only__intracellular_cavity_core_principal_length_1	0.0	0.0
receptor_only_geometry	receptor_grouped_5fold	0	Gs	numeric__receptor_only__intracellular_cavity_core_principal_length_2	0.0	0.0
receptor_only_geometry	receptor_grouped_5fold	0	Gs	numeric__receptor_only__intracellular_cavity_core_principal_length_3	0.0	0.0
receptor_only_geometry	receptor_grouped_5fold	0	Gs	numeric__receptor_only__intracellular_cavity_core_principal_axis_1_z_alignment	0.0	0.0
receptor_only_geometry	receptor_grouped_5fold	0	Gs	numeric__receptor_only__intracellular_cavity_core_eccentricity	-0.4935092906183853	0.4935092906183853
receptor_only_geometry	receptor_grouped_5fold	0	Gs	numeric__receptor_only__intracellular_cavity_core_sphericity	0.0	0.0
receptor_only_geometry	receptor_grouped_5fold	0	Gs	numeric__receptor_only__intracellular_cavity_core_asymmetry	0.0	0.0
receptor_only_geometry	receptor_grouped_5fold	0	Gs	numeric__receptor_only__intracellular_cavity_core_tm3_side_fraction	0.0	0.0
receptor_only_geometry	receptor_grouped_5fold	0	Gs	numeric__receptor_only__intracellular_cavity_core_tm6_side_fraction	0.0	0.0
receptor_only_geometry	receptor_grouped_5fold	0	Gs	numeric__receptor_only__intracellular_cavity_core_tm5_side_fraction	0.0	0.0
receptor_only_geometry	receptor_grouped_5fold	0	Gs	numeric__receptor_only__intracellular_cavity_core_tm7_side_fraction	0.0	0.0
receptor_only_geometry	receptor_grouped_5fold	0	Gs	numeric__receptor_only__intracellular_cavity_core_wall_fraction_h8	0.0	0.0
receptor_only_geometry	receptor_grouped_5fold	0	Gs	numeric__receptor_only__intracellular_cavity_core_wall_fraction_icl2	0.0	0.0
receptor_only_geometry	receptor_grouped_5fold	0	Gs	numeric__receptor_only__intracellular_cavity_core_wall_fraction_tm3	0.0	0.0
receptor_only_geometry	receptor_grouped_5fold	0	Gs	numeric__receptor_only__intracellular_cavity_core_wall_fraction_tm7	0.0	0.0
receptor_only_geometry	receptor_grouped_5fold	1	Gi/o	numeric__receptor_only__activation_consensus_score	0.0	0.0
receptor_only_geometry	receptor_grouped_5fold	1	Gi/o	numeric__receptor_only__tm6_r350_634_distance	0.0	0.0
receptor_only_geometry	receptor_grouped_5fold	1	Gi/o	numeric__receptor_only__tm6_aligned_displacement	0.0	0.0
receptor_only_geometry	receptor_grouped_5fold	1	Gi/o	numeric__receptor_only__tm7_displacement	0.0	0.0
receptor_only_geometry	receptor_grouped_5fold	1	Gi/o	numeric__receptor_only__tm3_tm7_distance	0.0	0.0
receptor_only_geometry	receptor_grouped_5fold	1	Gi/o	numeric__receptor_only__tm6_r350_630_distance	0.0	0.0
receptor_only_geometry	receptor_grouped_5fold	1	Gi/o	numeric__receptor_only__dry_r350_630_min_distance	0.0	0.0
receptor_only_geometry	receptor_grouped_5fold	1	Gi/o	numeric__receptor_only__dry_r350_630_ca_distance	0.0	0.0
receptor_only_geometry	receptor_grouped_5fold	1	Gi/o	numeric__receptor_only__dry_d349_r350_min_distance	0.0	0.0
receptor_only_geometry	receptor_grouped_5fold	1	Gi/o	numeric__receptor_only__r350_chi1	0.0	0.0
receptor_only_geometry	receptor_grouped_5fold	1	Gi/o	numeric__receptor_only__r350_chi2	0.0	0.0
receptor_only_geometry	receptor_grouped_5fold	1	Gi/o	numeric__receptor_only__pif_550_340_distance	0.0	0.0
receptor_only_geometry	receptor_grouped_5fold	1	Gi/o	numeric__receptor_only__pif_340_644_distance	0.0	0.0
receptor_only_geometry	receptor_grouped_5fold	1	Gi/o	numeric__receptor_only__pif_550_644_distance	0.0	0.0
receptor_only_geometry	receptor_grouped_5fold	1	Gi/o	numeric__receptor_only__pif_550_340_min_distance	0.0	0.0
receptor_only_geometry	receptor_grouped_5fold	1	Gi/o	numeric__receptor_only__pif_340_644_min_distance	0.0	0.0
receptor_only_geometry	receptor_grouped_5fold	1	Gi/o	numeric__receptor_only__pif_550_644_min_distance	0.0	0.0
receptor_only_geometry	receptor_grouped_5fold	1	Gi/o	numeric__receptor_only__pif_triangle_perimeter	0.0	0.0
receptor_only_geometry	receptor_grouped_5fold	1	Gi/o	numeric__receptor_only__position_644_chi1	0.0	0.0
receptor_only_geometry	receptor_grouped_5fold	1	Gi/o	numeric__receptor_only__position_644_chi2	0.0	0.0
receptor_only_geometry	receptor_grouped_5fold	1	Gi/o	numeric__receptor_only__w648_chi1	0.0	0.0
receptor_only_geometry	receptor_grouped_5fold	1	Gi/o	numeric__receptor_only__w648_chi2	0.0	0.0
receptor_only_geometry	receptor_grouped_5fold	1	Gi/o	numeric__receptor_only__w648_displacement	0.0	0.0
receptor_only_geometry	receptor_grouped_5fold	1	Gi/o	numeric__receptor_only__w648_to_644_distance	0.0	0.0
receptor_only_geometry	receptor_grouped_5fold	1	Gi/o	numeric__receptor_only__cwxp_647_650_distance	0.0	0.0
receptor_only_geometry	receptor_grouped_5fold	1	Gi/o	numeric__receptor_only__y753_chi1	0.0	0.0
receptor_only_geometry	receptor_grouped_5fold	1	Gi/o	numeric__receptor_only__y753_chi2	0.0	0.0
receptor_only_geometry	receptor_grouped_5fold	1	Gi/o	numeric__receptor_only__y753_y558_distance	0.0	0.0
receptor_only_geometry	receptor_grouped_5fold	1	Gi/o	numeric__receptor_only__y753_y558_min_distance	0.0	0.0
receptor_only_geometry	receptor_grouped_5fold	1	Gi/o	numeric__receptor_only__n749_y753_distance	0.0	0.0
receptor_only_geometry	receptor_grouped_5fold	1	Gi/o	numeric__receptor_only__npxxy_local_spread	0.0	0.0
receptor_only_geometry	receptor_grouped_5fold	1	Gi/o	numeric__receptor_only__y753_displacement	0.0	0.0
receptor_only_geometry	receptor_grouped_5fold	1	Gi/o	numeric__receptor_only__sodium_d250_s339_distance	0.0	0.0
receptor_only_geometry	receptor_grouped_5fold	1	Gi/o	numeric__receptor_only__sodium_d250_n745_distance	0.0	0.0
receptor_only_geometry	receptor_grouped_5fold	1	Gi/o	numeric__receptor_only__sodium_d250_s746_distance	0.0	0.0
receptor_only_geometry	receptor_grouped_5fold	1	Gi/o	numeric__receptor_only__sodium_d250_n749_distance	0.0	0.0
receptor_only_geometry	receptor_grouped_5fold	1	Gi/o	numeric__receptor_only__sodium_pocket_volume	0.0	0.0
receptor_only_geometry	receptor_grouped_5fold	1	Gi/o	numeric__receptor_only__sodium_pocket_spread	0.0	0.0
receptor_only_geometry	receptor_grouped_5fold	1	Gi/o	numeric__receptor_only__tm7_rotation	0.0	0.0
receptor_only_geometry	receptor_grouped_5fold	1	Gi/o	numeric__receptor_only__icl2_generic_ca_count	0.0	0.0
receptor_only_geometry	receptor_grouped_5fold	1	Gi/o	numeric__receptor_only__icl2_end_to_end_distance	0.0	0.0
receptor_only_geometry	receptor_grouped_5fold	1	Gi/o	numeric__receptor_only__icl2_centroid_to_r350	0.0	0.0
receptor_only_geometry	receptor_grouped_5fold	1	Gi/o	numeric__receptor_only__icl2_centroid_to_tm5_561	0.0	0.0
receptor_only_geometry	receptor_grouped_5fold	1	Gi/o	numeric__receptor_only__icl2_centroid_to_tm6_634	0.0	0.0
receptor_only_geometry	receptor_grouped_5fold	1	Gi/o	numeric__receptor_only__icl2_centroid_to_tm7_753	0.0	0.0
receptor_only_geometry	receptor_grouped_5fold	1	Gi/o	numeric__receptor_only__icl2_axis_tm3_angle	0.0	0.0
receptor_only_geometry	receptor_grouped_5fold	1	Gi/o	numeric__receptor_only__icl2_axis_tm5_angle	0.0	0.0
receptor_only_geometry	receptor_grouped_5fold	1	Gi/o	numeric__receptor_only__icl2_active_reference_displacement	0.0	0.0
receptor_only_geometry	receptor_grouped_5fold	1	Gi/o	numeric__receptor_only__tm5_cytoplasmic_extension	0.0	0.0
receptor_only_geometry	receptor_grouped_5fold	1	Gi/o	numeric__receptor_only__tm5_cytoplasmic_kink	0.0	0.0
receptor_only_geometry	receptor_grouped_5fold	1	Gi/o	numeric__receptor_only__tm5_r350_561_distance	0.0	0.0
receptor_only_geometry	receptor_grouped_5fold	1	Gi/o	numeric__receptor_only__tm5_r350_564_distance	0.0	0.0
receptor_only_geometry	receptor_grouped_5fold	1	Gi/o	numeric__receptor_only__tm5_tm6_cavity_distance	0.0	0.0
receptor_only_geometry	receptor_grouped_5fold	1	Gi/o	numeric__receptor_only__tm5_axis_tm3_angle	0.0	0.0
receptor_only_geometry	receptor_grouped_5fold	1	Gi/o	numeric__receptor_only__tm6_lower_upper_kink	0.0	0.0
receptor_only_geometry	receptor_grouped_5fold	1	Gi/o	numeric__receptor_only__tm6_axis_tm3_angle	0.0	0.0
receptor_only_geometry	receptor_grouped_5fold	1	Gi/o	numeric__receptor_only__tm6_tm7_cavity_distance	0.0	0.0
receptor_only_geometry	receptor_grouped_5fold	1	Gi/o	numeric__receptor_only__tm7_h8_angle	0.0	0.0
receptor_only_geometry	receptor_grouped_5fold	1	Gi/o	numeric__receptor_only__h8_end_to_end_distance	0.0	0.0
receptor_only_geometry	receptor_grouped_5fold	1	Gi/o	numeric__receptor_only__h8_r350_distance	0.0	0.0
receptor_only_geometry	receptor_grouped_5fold	1	Gi/o	numeric__receptor_only__h8_tm6_distance	0.0	0.0
receptor_only_geometry	receptor_grouped_5fold	1	Gi/o	numeric__receptor_only__icl2_helix_fraction	0.0	0.0
receptor_only_geometry	receptor_grouped_5fold	1	Gi/o	numeric__receptor_only__icl2_longest_helix	0.0	0.0
receptor_only_geometry	receptor_grouped_5fold	1	Gi/o	numeric__receptor_only__icl2_mean_phi	0.0	0.0
receptor_only_geometry	receptor_grouped_5fold	1	Gi/o	numeric__receptor_only__icl2_mean_psi	0.0	0.0
receptor_only_geometry	receptor_grouped_5fold	1	Gi/o	numeric__receptor_only__intracellular_cavity_core_volume	0.0	0.0
receptor_only_geometry	receptor_grouped_5fold	1	Gi/o	numeric__receptor_only__intracellular_cavity_core_mouth_area	0.0	0.0
receptor_only_geometry	receptor_grouped_5fold	1	Gi/o	numeric__receptor_only__intracellular_cavity_core_depth	0.0	0.0
receptor_only_geometry	receptor_grouped_5fold	1	Gi/o	numeric__receptor_only__intracellular_cavity_core_maximum_width	0.0	0.0
receptor_only_geometry	receptor_grouped_5fold	1	Gi/o	numeric__receptor_only__intracellular_cavity_core_average_cross_section	0.0	0.0
receptor_only_geometry	receptor_grouped_5fold	1	Gi/o	numeric__receptor_only__intracellular_cavity_core_bottleneck_area	0.0	0.0
receptor_only_geometry	receptor_grouped_5fold	1	Gi/o	numeric__receptor_only__intracellular_cavity_core_bottleneck_radius	0.0	0.0
receptor_only_geometry	receptor_grouped_5fold	1	Gi/o	numeric__receptor_only__intracellular_cavity_core_max_inscribed_radius	0.0	0.0
receptor_only_geometry	receptor_grouped_5fold	1	Gi/o	numeric__receptor_only__intracellular_cavity_core_surface_area	0.0	0.0
receptor_only_geometry	receptor_grouped_5fold	1	Gi/o	numeric__receptor_only__intracellular_cavity_core_centroid_x	-0.039636840340387065	0.039636840340387065
receptor_only_geometry	receptor_grouped_5fold	1	Gi/o	numeric__receptor_only__intracellular_cavity_core_centroid_y	0.0	0.0
receptor_only_geometry	receptor_grouped_5fold	1	Gi/o	numeric__receptor_only__intracellular_cavity_core_centroid_z	0.00444347781981325	0.00444347781981325
receptor_only_geometry	receptor_grouped_5fold	1	Gi/o	numeric__receptor_only__intracellular_cavity_core_principal_length_1	0.0	0.0
receptor_only_geometry	receptor_grouped_5fold	1	Gi/o	numeric__receptor_only__intracellular_cavity_core_principal_length_2	0.0	0.0
receptor_only_geometry	receptor_grouped_5fold	1	Gi/o	numeric__receptor_only__intracellular_cavity_core_principal_length_3	0.0	0.0
receptor_only_geometry	receptor_grouped_5fold	1	Gi/o	numeric__receptor_only__intracellular_cavity_core_principal_axis_1_z_alignment	0.0	0.0
receptor_only_geometry	receptor_grouped_5fold	1	Gi/o	numeric__receptor_only__intracellular_cavity_core_eccentricity	0.0	0.0
receptor_only_geometry	receptor_grouped_5fold	1	Gi/o	numeric__receptor_only__intracellular_cavity_core_sphericity	0.0	0.0
receptor_only_geometry	receptor_grouped_5fold	1	Gi/o	numeric__receptor_only__intracellular_cavity_core_asymmetry	0.0	0.0
receptor_only_geometry	receptor_grouped_5fold	1	Gi/o	numeric__receptor_only__intracellular_cavity_core_tm3_side_fraction	0.01222405953150704	0.01222405953150704
receptor_only_geometry	receptor_grouped_5fold	1	Gi/o	numeric__receptor_only__intracellular_cavity_core_tm6_side_fraction	-0.012224059531506936	0.012224059531506936
receptor_only_geometry	receptor_grouped_5fold	1	Gi/o	numeric__receptor_only__intracellular_cavity_core_tm5_side_fraction	0.0	0.0
receptor_only_geometry	receptor_grouped_5fold	1	Gi/o	numeric__receptor_only__intracellular_cavity_core_tm7_side_fraction	0.0	0.0
receptor_only_geometry	receptor_grouped_5fold	1	Gi/o	numeric__receptor_only__intracellular_cavity_core_wall_fraction_h8	0.01580413388189887	0.01580413388189887
receptor_only_geometry	receptor_grouped_5fold	1	Gi/o	numeric__receptor_only__intracellular_cavity_core_wall_fraction_icl2	0.0	0.0
receptor_only_geometry	receptor_grouped_5fold	1	Gi/o	numeric__receptor_only__intracellular_cavity_core_wall_fraction_tm3	0.0	0.0
receptor_only_geometry	receptor_grouped_5fold	1	Gi/o	numeric__receptor_only__intracellular_cavity_core_wall_fraction_tm7	0.0	0.0
receptor_only_geometry	receptor_grouped_5fold	1	Gq/11	numeric__receptor_only__activation_consensus_score	0.0	0.0
receptor_only_geometry	receptor_grouped_5fold	1	Gq/11	numeric__receptor_only__tm6_r350_634_distance	0.0	0.0
receptor_only_geometry	receptor_grouped_5fold	1	Gq/11	numeric__receptor_only__tm6_aligned_displacement	0.0	0.0
receptor_only_geometry	receptor_grouped_5fold	1	Gq/11	numeric__receptor_only__tm7_displacement	0.0	0.0
receptor_only_geometry	receptor_grouped_5fold	1	Gq/11	numeric__receptor_only__tm3_tm7_distance	0.0	0.0
receptor_only_geometry	receptor_grouped_5fold	1	Gq/11	numeric__receptor_only__tm6_r350_630_distance	0.0	0.0
receptor_only_geometry	receptor_grouped_5fold	1	Gq/11	numeric__receptor_only__dry_r350_630_min_distance	0.0	0.0
receptor_only_geometry	receptor_grouped_5fold	1	Gq/11	numeric__receptor_only__dry_r350_630_ca_distance	0.0	0.0
receptor_only_geometry	receptor_grouped_5fold	1	Gq/11	numeric__receptor_only__dry_d349_r350_min_distance	0.0	0.0
receptor_only_geometry	receptor_grouped_5fold	1	Gq/11	numeric__receptor_only__r350_chi1	0.0	0.0
receptor_only_geometry	receptor_grouped_5fold	1	Gq/11	numeric__receptor_only__r350_chi2	0.0	0.0
receptor_only_geometry	receptor_grouped_5fold	1	Gq/11	numeric__receptor_only__pif_550_340_distance	0.0	0.0
receptor_only_geometry	receptor_grouped_5fold	1	Gq/11	numeric__receptor_only__pif_340_644_distance	0.0	0.0
receptor_only_geometry	receptor_grouped_5fold	1	Gq/11	numeric__receptor_only__pif_550_644_distance	0.0	0.0
receptor_only_geometry	receptor_grouped_5fold	1	Gq/11	numeric__receptor_only__pif_550_340_min_distance	0.0	0.0
receptor_only_geometry	receptor_grouped_5fold	1	Gq/11	numeric__receptor_only__pif_340_644_min_distance	0.0	0.0
receptor_only_geometry	receptor_grouped_5fold	1	Gq/11	numeric__receptor_only__pif_550_644_min_distance	0.0	0.0
receptor_only_geometry	receptor_grouped_5fold	1	Gq/11	numeric__receptor_only__pif_triangle_perimeter	0.0	0.0
receptor_only_geometry	receptor_grouped_5fold	1	Gq/11	numeric__receptor_only__position_644_chi1	0.0	0.0
receptor_only_geometry	receptor_grouped_5fold	1	Gq/11	numeric__receptor_only__position_644_chi2	0.0	0.0
receptor_only_geometry	receptor_grouped_5fold	1	Gq/11	numeric__receptor_only__w648_chi1	0.0	0.0
receptor_only_geometry	receptor_grouped_5fold	1	Gq/11	numeric__receptor_only__w648_chi2	0.0	0.0
receptor_only_geometry	receptor_grouped_5fold	1	Gq/11	numeric__receptor_only__w648_displacement	0.0	0.0
receptor_only_geometry	receptor_grouped_5fold	1	Gq/11	numeric__receptor_only__w648_to_644_distance	0.0	0.0
receptor_only_geometry	receptor_grouped_5fold	1	Gq/11	numeric__receptor_only__cwxp_647_650_distance	0.0	0.0
receptor_only_geometry	receptor_grouped_5fold	1	Gq/11	numeric__receptor_only__y753_chi1	0.0	0.0
receptor_only_geometry	receptor_grouped_5fold	1	Gq/11	numeric__receptor_only__y753_chi2	0.0	0.0
receptor_only_geometry	receptor_grouped_5fold	1	Gq/11	numeric__receptor_only__y753_y558_distance	0.0	0.0
receptor_only_geometry	receptor_grouped_5fold	1	Gq/11	numeric__receptor_only__y753_y558_min_distance	0.0	0.0
receptor_only_geometry	receptor_grouped_5fold	1	Gq/11	numeric__receptor_only__n749_y753_distance	0.0	0.0
receptor_only_geometry	receptor_grouped_5fold	1	Gq/11	numeric__receptor_only__npxxy_local_spread	0.0	0.0
receptor_only_geometry	receptor_grouped_5fold	1	Gq/11	numeric__receptor_only__y753_displacement	0.0	0.0
receptor_only_geometry	receptor_grouped_5fold	1	Gq/11	numeric__receptor_only__sodium_d250_s339_distance	0.0	0.0
receptor_only_geometry	receptor_grouped_5fold	1	Gq/11	numeric__receptor_only__sodium_d250_n745_distance	0.0	0.0
receptor_only_geometry	receptor_grouped_5fold	1	Gq/11	numeric__receptor_only__sodium_d250_s746_distance	0.0	0.0
receptor_only_geometry	receptor_grouped_5fold	1	Gq/11	numeric__receptor_only__sodium_d250_n749_distance	0.0	0.0
receptor_only_geometry	receptor_grouped_5fold	1	Gq/11	numeric__receptor_only__sodium_pocket_volume	0.0	0.0
receptor_only_geometry	receptor_grouped_5fold	1	Gq/11	numeric__receptor_only__sodium_pocket_spread	0.0	0.0
receptor_only_geometry	receptor_grouped_5fold	1	Gq/11	numeric__receptor_only__tm7_rotation	0.0	0.0
receptor_only_geometry	receptor_grouped_5fold	1	Gq/11	numeric__receptor_only__icl2_generic_ca_count	0.0	0.0
receptor_only_geometry	receptor_grouped_5fold	1	Gq/11	numeric__receptor_only__icl2_end_to_end_distance	0.0	0.0
receptor_only_geometry	receptor_grouped_5fold	1	Gq/11	numeric__receptor_only__icl2_centroid_to_r350	0.0	0.0
receptor_only_geometry	receptor_grouped_5fold	1	Gq/11	numeric__receptor_only__icl2_centroid_to_tm5_561	0.0	0.0
receptor_only_geometry	receptor_grouped_5fold	1	Gq/11	numeric__receptor_only__icl2_centroid_to_tm6_634	0.0	0.0
receptor_only_geometry	receptor_grouped_5fold	1	Gq/11	numeric__receptor_only__icl2_centroid_to_tm7_753	0.0	0.0
receptor_only_geometry	receptor_grouped_5fold	1	Gq/11	numeric__receptor_only__icl2_axis_tm3_angle	0.0	0.0
receptor_only_geometry	receptor_grouped_5fold	1	Gq/11	numeric__receptor_only__icl2_axis_tm5_angle	0.0	0.0
receptor_only_geometry	receptor_grouped_5fold	1	Gq/11	numeric__receptor_only__icl2_active_reference_displacement	0.0	0.0
receptor_only_geometry	receptor_grouped_5fold	1	Gq/11	numeric__receptor_only__tm5_cytoplasmic_extension	0.0	0.0
receptor_only_geometry	receptor_grouped_5fold	1	Gq/11	numeric__receptor_only__tm5_cytoplasmic_kink	0.0	0.0
receptor_only_geometry	receptor_grouped_5fold	1	Gq/11	numeric__receptor_only__tm5_r350_561_distance	0.0	0.0
receptor_only_geometry	receptor_grouped_5fold	1	Gq/11	numeric__receptor_only__tm5_r350_564_distance	0.0	0.0
receptor_only_geometry	receptor_grouped_5fold	1	Gq/11	numeric__receptor_only__tm5_tm6_cavity_distance	0.0	0.0
receptor_only_geometry	receptor_grouped_5fold	1	Gq/11	numeric__receptor_only__tm5_axis_tm3_angle	0.0	0.0
receptor_only_geometry	receptor_grouped_5fold	1	Gq/11	numeric__receptor_only__tm6_lower_upper_kink	0.0	0.0
receptor_only_geometry	receptor_grouped_5fold	1	Gq/11	numeric__receptor_only__tm6_axis_tm3_angle	-0.0035790167295113987	0.0035790167295113987
receptor_only_geometry	receptor_grouped_5fold	1	Gq/11	numeric__receptor_only__tm6_tm7_cavity_distance	0.0	0.0
receptor_only_geometry	receptor_grouped_5fold	1	Gq/11	numeric__receptor_only__tm7_h8_angle	0.00642546046287872	0.00642546046287872
receptor_only_geometry	receptor_grouped_5fold	1	Gq/11	numeric__receptor_only__h8_end_to_end_distance	0.0	0.0
receptor_only_geometry	receptor_grouped_5fold	1	Gq/11	numeric__receptor_only__h8_r350_distance	0.0	0.0
receptor_only_geometry	receptor_grouped_5fold	1	Gq/11	numeric__receptor_only__h8_tm6_distance	0.0	0.0
receptor_only_geometry	receptor_grouped_5fold	1	Gq/11	numeric__receptor_only__icl2_helix_fraction	-0.028459348271706264	0.028459348271706264
receptor_only_geometry	receptor_grouped_5fold	1	Gq/11	numeric__receptor_only__icl2_longest_helix	0.0	0.0
receptor_only_geometry	receptor_grouped_5fold	1	Gq/11	numeric__receptor_only__icl2_mean_phi	0.0	0.0
receptor_only_geometry	receptor_grouped_5fold	1	Gq/11	numeric__receptor_only__icl2_mean_psi	0.0	0.0
receptor_only_geometry	receptor_grouped_5fold	1	Gq/11	numeric__receptor_only__intracellular_cavity_core_volume	0.0	0.0
receptor_only_geometry	receptor_grouped_5fold	1	Gq/11	numeric__receptor_only__intracellular_cavity_core_mouth_area	0.0	0.0
receptor_only_geometry	receptor_grouped_5fold	1	Gq/11	numeric__receptor_only__intracellular_cavity_core_depth	0.0	0.0
receptor_only_geometry	receptor_grouped_5fold	1	Gq/11	numeric__receptor_only__intracellular_cavity_core_maximum_width	0.0	0.0
receptor_only_geometry	receptor_grouped_5fold	1	Gq/11	numeric__receptor_only__intracellular_cavity_core_average_cross_section	0.0	0.0
receptor_only_geometry	receptor_grouped_5fold	1	Gq/11	numeric__receptor_only__intracellular_cavity_core_bottleneck_area	0.0	0.0
receptor_only_geometry	receptor_grouped_5fold	1	Gq/11	numeric__receptor_only__intracellular_cavity_core_bottleneck_radius	0.0	0.0
receptor_only_geometry	receptor_grouped_5fold	1	Gq/11	numeric__receptor_only__intracellular_cavity_core_max_inscribed_radius	0.0	0.0
receptor_only_geometry	receptor_grouped_5fold	1	Gq/11	numeric__receptor_only__intracellular_cavity_core_surface_area	0.0	0.0
receptor_only_geometry	receptor_grouped_5fold	1	Gq/11	numeric__receptor_only__intracellular_cavity_core_centroid_x	0.0	0.0
receptor_only_geometry	receptor_grouped_5fold	1	Gq/11	numeric__receptor_only__intracellular_cavity_core_centroid_y	0.0	0.0
receptor_only_geometry	receptor_grouped_5fold	1	Gq/11	numeric__receptor_only__intracellular_cavity_core_centroid_z	0.0	0.0
receptor_only_geometry	receptor_grouped_5fold	1	Gq/11	numeric__receptor_only__intracellular_cavity_core_principal_length_1	0.0	0.0
receptor_only_geometry	receptor_grouped_5fold	1	Gq/11	numeric__receptor_only__intracellular_cavity_core_principal_length_2	0.0	0.0
receptor_only_geometry	receptor_grouped_5fold	1	Gq/11	numeric__receptor_only__intracellular_cavity_core_principal_length_3	0.0	0.0
receptor_only_geometry	receptor_grouped_5fold	1	Gq/11	numeric__receptor_only__intracellular_cavity_core_principal_axis_1_z_alignment	0.0	0.0
receptor_only_geometry	receptor_grouped_5fold	1	Gq/11	numeric__receptor_only__intracellular_cavity_core_eccentricity	0.0	0.0
receptor_only_geometry	receptor_grouped_5fold	1	Gq/11	numeric__receptor_only__intracellular_cavity_core_sphericity	0.0	0.0
receptor_only_geometry	receptor_grouped_5fold	1	Gq/11	numeric__receptor_only__intracellular_cavity_core_asymmetry	0.0	0.0
receptor_only_geometry	receptor_grouped_5fold	1	Gq/11	numeric__receptor_only__intracellular_cavity_core_tm3_side_fraction	0.0	0.0
receptor_only_geometry	receptor_grouped_5fold	1	Gq/11	numeric__receptor_only__intracellular_cavity_core_tm6_side_fraction	0.0	0.0
receptor_only_geometry	receptor_grouped_5fold	1	Gq/11	numeric__receptor_only__intracellular_cavity_core_tm5_side_fraction	0.0	0.0
receptor_only_geometry	receptor_grouped_5fold	1	Gq/11	numeric__receptor_only__intracellular_cavity_core_tm7_side_fraction	0.0	0.0
receptor_only_geometry	receptor_grouped_5fold	1	Gq/11	numeric__receptor_only__intracellular_cavity_core_wall_fraction_h8	0.0	0.0
receptor_only_geometry	receptor_grouped_5fold	1	Gq/11	numeric__receptor_only__intracellular_cavity_core_wall_fraction_icl2	0.0	0.0
receptor_only_geometry	receptor_grouped_5fold	1	Gq/11	numeric__receptor_only__intracellular_cavity_core_wall_fraction_tm3	0.0	0.0
receptor_only_geometry	receptor_grouped_5fold	1	Gq/11	numeric__receptor_only__intracellular_cavity_core_wall_fraction_tm7	0.0	0.0
receptor_only_geometry	receptor_grouped_5fold	1	Gs	numeric__receptor_only__activation_consensus_score	0.0	0.0
receptor_only_geometry	receptor_grouped_5fold	1	Gs	numeric__receptor_only__tm6_r350_634_distance	0.0	0.0
receptor_only_geometry	receptor_grouped_5fold	1	Gs	numeric__receptor_only__tm6_aligned_displacement	0.0	0.0
receptor_only_geometry	receptor_grouped_5fold	1	Gs	numeric__receptor_only__tm7_displacement	0.0	0.0
receptor_only_geometry	receptor_grouped_5fold	1	Gs	numeric__receptor_only__tm3_tm7_distance	0.010641754647060003	0.010641754647060003
receptor_only_geometry	receptor_grouped_5fold	1	Gs	numeric__receptor_only__tm6_r350_630_distance	0.0	0.0
receptor_only_geometry	receptor_grouped_5fold	1	Gs	numeric__receptor_only__dry_r350_630_min_distance	0.0	0.0
receptor_only_geometry	receptor_grouped_5fold	1	Gs	numeric__receptor_only__dry_r350_630_ca_distance	0.0	0.0
receptor_only_geometry	receptor_grouped_5fold	1	Gs	numeric__receptor_only__dry_d349_r350_min_distance	0.0	0.0
receptor_only_geometry	receptor_grouped_5fold	1	Gs	numeric__receptor_only__r350_chi1	0.0	0.0
receptor_only_geometry	receptor_grouped_5fold	1	Gs	numeric__receptor_only__r350_chi2	0.0	0.0
receptor_only_geometry	receptor_grouped_5fold	1	Gs	numeric__receptor_only__pif_550_340_distance	0.0	0.0
receptor_only_geometry	receptor_grouped_5fold	1	Gs	numeric__receptor_only__pif_340_644_distance	0.003047532003547757	0.003047532003547757
receptor_only_geometry	receptor_grouped_5fold	1	Gs	numeric__receptor_only__pif_550_644_distance	0.04958765604808485	0.04958765604808485
receptor_only_geometry	receptor_grouped_5fold	1	Gs	numeric__receptor_only__pif_550_340_min_distance	0.0	0.0
receptor_only_geometry	receptor_grouped_5fold	1	Gs	numeric__receptor_only__pif_340_644_min_distance	0.023101995154211824	0.023101995154211824
receptor_only_geometry	receptor_grouped_5fold	1	Gs	numeric__receptor_only__pif_550_644_min_distance	0.05732504829419518	0.05732504829419518
receptor_only_geometry	receptor_grouped_5fold	1	Gs	numeric__receptor_only__pif_triangle_perimeter	0.04355626871606583	0.04355626871606583
receptor_only_geometry	receptor_grouped_5fold	1	Gs	numeric__receptor_only__position_644_chi1	0.0	0.0
receptor_only_geometry	receptor_grouped_5fold	1	Gs	numeric__receptor_only__position_644_chi2	0.0	0.0
receptor_only_geometry	receptor_grouped_5fold	1	Gs	numeric__receptor_only__w648_chi1	0.0	0.0
receptor_only_geometry	receptor_grouped_5fold	1	Gs	numeric__receptor_only__w648_chi2	0.0	0.0
receptor_only_geometry	receptor_grouped_5fold	1	Gs	numeric__receptor_only__w648_displacement	0.0	0.0
receptor_only_geometry	receptor_grouped_5fold	1	Gs	numeric__receptor_only__w648_to_644_distance	0.0	0.0
receptor_only_geometry	receptor_grouped_5fold	1	Gs	numeric__receptor_only__cwxp_647_650_distance	0.0	0.0
receptor_only_geometry	receptor_grouped_5fold	1	Gs	numeric__receptor_only__y753_chi1	0.0	0.0
receptor_only_geometry	receptor_grouped_5fold	1	Gs	numeric__receptor_only__y753_chi2	0.0	0.0
receptor_only_geometry	receptor_grouped_5fold	1	Gs	numeric__receptor_only__y753_y558_distance	0.0	0.0
receptor_only_geometry	receptor_grouped_5fold	1	Gs	numeric__receptor_only__y753_y558_min_distance	0.0	0.0
receptor_only_geometry	receptor_grouped_5fold	1	Gs	numeric__receptor_only__n749_y753_distance	0.0	0.0
receptor_only_geometry	receptor_grouped_5fold	1	Gs	numeric__receptor_only__npxxy_local_spread	0.0	0.0
receptor_only_geometry	receptor_grouped_5fold	1	Gs	numeric__receptor_only__y753_displacement	0.0	0.0
receptor_only_geometry	receptor_grouped_5fold	1	Gs	numeric__receptor_only__sodium_d250_s339_distance	0.0	0.0
receptor_only_geometry	receptor_grouped_5fold	1	Gs	numeric__receptor_only__sodium_d250_n745_distance	0.0	0.0
receptor_only_geometry	receptor_grouped_5fold	1	Gs	numeric__receptor_only__sodium_d250_s746_distance	0.0	0.0
receptor_only_geometry	receptor_grouped_5fold	1	Gs	numeric__receptor_only__sodium_d250_n749_distance	0.0	0.0
receptor_only_geometry	receptor_grouped_5fold	1	Gs	numeric__receptor_only__sodium_pocket_volume	0.0	0.0
receptor_only_geometry	receptor_grouped_5fold	1	Gs	numeric__receptor_only__sodium_pocket_spread	0.0	0.0
receptor_only_geometry	receptor_grouped_5fold	1	Gs	numeric__receptor_only__tm7_rotation	0.0	0.0
receptor_only_geometry	receptor_grouped_5fold	1	Gs	numeric__receptor_only__icl2_generic_ca_count	0.00034357586466760026	0.00034357586466760026
receptor_only_geometry	receptor_grouped_5fold	1	Gs	numeric__receptor_only__icl2_end_to_end_distance	0.0	0.0
receptor_only_geometry	receptor_grouped_5fold	1	Gs	numeric__receptor_only__icl2_centroid_to_r350	0.0	0.0
receptor_only_geometry	receptor_grouped_5fold	1	Gs	numeric__receptor_only__icl2_centroid_to_tm5_561	0.0	0.0
receptor_only_geometry	receptor_grouped_5fold	1	Gs	numeric__receptor_only__icl2_centroid_to_tm6_634	0.0	0.0
receptor_only_geometry	receptor_grouped_5fold	1	Gs	numeric__receptor_only__icl2_centroid_to_tm7_753	0.0	0.0
receptor_only_geometry	receptor_grouped_5fold	1	Gs	numeric__receptor_only__icl2_axis_tm3_angle	0.0	0.0
receptor_only_geometry	receptor_grouped_5fold	1	Gs	numeric__receptor_only__icl2_axis_tm5_angle	0.0	0.0
receptor_only_geometry	receptor_grouped_5fold	1	Gs	numeric__receptor_only__icl2_active_reference_displacement	0.0	0.0
receptor_only_geometry	receptor_grouped_5fold	1	Gs	numeric__receptor_only__tm5_cytoplasmic_extension	0.0	0.0
receptor_only_geometry	receptor_grouped_5fold	1	Gs	numeric__receptor_only__tm5_cytoplasmic_kink	0.0	0.0
receptor_only_geometry	receptor_grouped_5fold	1	Gs	numeric__receptor_only__tm5_r350_561_distance	0.0	0.0
receptor_only_geometry	receptor_grouped_5fold	1	Gs	numeric__receptor_only__tm5_r350_564_distance	0.0	0.0
receptor_only_geometry	receptor_grouped_5fold	1	Gs	numeric__receptor_only__tm5_tm6_cavity_distance	0.0	0.0
receptor_only_geometry	receptor_grouped_5fold	1	Gs	numeric__receptor_only__tm5_axis_tm3_angle	0.06482606352870451	0.06482606352870451
receptor_only_geometry	receptor_grouped_5fold	1	Gs	numeric__receptor_only__tm6_lower_upper_kink	0.0	0.0
receptor_only_geometry	receptor_grouped_5fold	1	Gs	numeric__receptor_only__tm6_axis_tm3_angle	0.025751674861672402	0.025751674861672402
receptor_only_geometry	receptor_grouped_5fold	1	Gs	numeric__receptor_only__tm6_tm7_cavity_distance	0.0	0.0
receptor_only_geometry	receptor_grouped_5fold	1	Gs	numeric__receptor_only__tm7_h8_angle	0.0	0.0
receptor_only_geometry	receptor_grouped_5fold	1	Gs	numeric__receptor_only__h8_end_to_end_distance	0.0	0.0
receptor_only_geometry	receptor_grouped_5fold	1	Gs	numeric__receptor_only__h8_r350_distance	0.0	0.0
receptor_only_geometry	receptor_grouped_5fold	1	Gs	numeric__receptor_only__h8_tm6_distance	0.0	0.0
receptor_only_geometry	receptor_grouped_5fold	1	Gs	numeric__receptor_only__icl2_helix_fraction	0.0069878751863711635	0.0069878751863711635
receptor_only_geometry	receptor_grouped_5fold	1	Gs	numeric__receptor_only__icl2_longest_helix	0.0	0.0
receptor_only_geometry	receptor_grouped_5fold	1	Gs	numeric__receptor_only__icl2_mean_phi	0.0	0.0
receptor_only_geometry	receptor_grouped_5fold	1	Gs	numeric__receptor_only__icl2_mean_psi	0.0	0.0
receptor_only_geometry	receptor_grouped_5fold	1	Gs	numeric__receptor_only__intracellular_cavity_core_volume	0.0	0.0
receptor_only_geometry	receptor_grouped_5fold	1	Gs	numeric__receptor_only__intracellular_cavity_core_mouth_area	0.0	0.0
receptor_only_geometry	receptor_grouped_5fold	1	Gs	numeric__receptor_only__intracellular_cavity_core_depth	0.0	0.0
receptor_only_geometry	receptor_grouped_5fold	1	Gs	numeric__receptor_only__intracellular_cavity_core_maximum_width	0.0	0.0
receptor_only_geometry	receptor_grouped_5fold	1	Gs	numeric__receptor_only__intracellular_cavity_core_average_cross_section	0.0	0.0
receptor_only_geometry	receptor_grouped_5fold	1	Gs	numeric__receptor_only__intracellular_cavity_core_bottleneck_area	0.0	0.0
receptor_only_geometry	receptor_grouped_5fold	1	Gs	numeric__receptor_only__intracellular_cavity_core_bottleneck_radius	0.0	0.0
receptor_only_geometry	receptor_grouped_5fold	1	Gs	numeric__receptor_only__intracellular_cavity_core_max_inscribed_radius	0.0	0.0
receptor_only_geometry	receptor_grouped_5fold	1	Gs	numeric__receptor_only__intracellular_cavity_core_surface_area	0.0	0.0
receptor_only_geometry	receptor_grouped_5fold	1	Gs	numeric__receptor_only__intracellular_cavity_core_centroid_x	0.0	0.0
receptor_only_geometry	receptor_grouped_5fold	1	Gs	numeric__receptor_only__intracellular_cavity_core_centroid_y	0.0	0.0
receptor_only_geometry	receptor_grouped_5fold	1	Gs	numeric__receptor_only__intracellular_cavity_core_centroid_z	0.0	0.0
receptor_only_geometry	receptor_grouped_5fold	1	Gs	numeric__receptor_only__intracellular_cavity_core_principal_length_1	0.0	0.0
receptor_only_geometry	receptor_grouped_5fold	1	Gs	numeric__receptor_only__intracellular_cavity_core_principal_length_2	0.0	0.0
receptor_only_geometry	receptor_grouped_5fold	1	Gs	numeric__receptor_only__intracellular_cavity_core_principal_length_3	0.0	0.0
receptor_only_geometry	receptor_grouped_5fold	1	Gs	numeric__receptor_only__intracellular_cavity_core_principal_axis_1_z_alignment	0.0	0.0
receptor_only_geometry	receptor_grouped_5fold	1	Gs	numeric__receptor_only__intracellular_cavity_core_eccentricity	0.0	0.0
receptor_only_geometry	receptor_grouped_5fold	1	Gs	numeric__receptor_only__intracellular_cavity_core_sphericity	0.0	0.0
receptor_only_geometry	receptor_grouped_5fold	1	Gs	numeric__receptor_only__intracellular_cavity_core_asymmetry	0.0	0.0
receptor_only_geometry	receptor_grouped_5fold	1	Gs	numeric__receptor_only__intracellular_cavity_core_tm3_side_fraction	0.0	0.0
receptor_only_geometry	receptor_grouped_5fold	1	Gs	numeric__receptor_only__intracellular_cavity_core_tm6_side_fraction	0.0	0.0
receptor_only_geometry	receptor_grouped_5fold	1	Gs	numeric__receptor_only__intracellular_cavity_core_tm5_side_fraction	0.0	0.0
receptor_only_geometry	receptor_grouped_5fold	1	Gs	numeric__receptor_only__intracellular_cavity_core_tm7_side_fraction	0.0	0.0
receptor_only_geometry	receptor_grouped_5fold	1	Gs	numeric__receptor_only__intracellular_cavity_core_wall_fraction_h8	0.0	0.0
receptor_only_geometry	receptor_grouped_5fold	1	Gs	numeric__receptor_only__intracellular_cavity_core_wall_fraction_icl2	0.0	0.0
receptor_only_geometry	receptor_grouped_5fold	1	Gs	numeric__receptor_only__intracellular_cavity_core_wall_fraction_tm3	0.0	0.0
receptor_only_geometry	receptor_grouped_5fold	1	Gs	numeric__receptor_only__intracellular_cavity_core_wall_fraction_tm7	0.0	0.0
receptor_only_geometry	receptor_grouped_5fold	2	Gi/o	numeric__receptor_only__activation_consensus_score	0.0	0.0
receptor_only_geometry	receptor_grouped_5fold	2	Gi/o	numeric__receptor_only__tm6_r350_634_distance	0.0	0.0
receptor_only_geometry	receptor_grouped_5fold	2	Gi/o	numeric__receptor_only__tm6_aligned_displacement	0.0	0.0
receptor_only_geometry	receptor_grouped_5fold	2	Gi/o	numeric__receptor_only__tm7_displacement	0.0	0.0
receptor_only_geometry	receptor_grouped_5fold	2	Gi/o	numeric__receptor_only__tm3_tm7_distance	0.0	0.0
receptor_only_geometry	receptor_grouped_5fold	2	Gi/o	numeric__receptor_only__tm6_r350_630_distance	0.0	0.0
receptor_only_geometry	receptor_grouped_5fold	2	Gi/o	numeric__receptor_only__dry_r350_630_min_distance	0.0	0.0
receptor_only_geometry	receptor_grouped_5fold	2	Gi/o	numeric__receptor_only__dry_r350_630_ca_distance	0.0	0.0
receptor_only_geometry	receptor_grouped_5fold	2	Gi/o	numeric__receptor_only__dry_d349_r350_min_distance	0.0	0.0
receptor_only_geometry	receptor_grouped_5fold	2	Gi/o	numeric__receptor_only__r350_chi1	0.0	0.0
receptor_only_geometry	receptor_grouped_5fold	2	Gi/o	numeric__receptor_only__r350_chi2	0.0	0.0
receptor_only_geometry	receptor_grouped_5fold	2	Gi/o	numeric__receptor_only__pif_550_340_distance	0.0	0.0
receptor_only_geometry	receptor_grouped_5fold	2	Gi/o	numeric__receptor_only__pif_340_644_distance	0.0	0.0
receptor_only_geometry	receptor_grouped_5fold	2	Gi/o	numeric__receptor_only__pif_550_644_distance	0.0	0.0
receptor_only_geometry	receptor_grouped_5fold	2	Gi/o	numeric__receptor_only__pif_550_340_min_distance	0.0	0.0
receptor_only_geometry	receptor_grouped_5fold	2	Gi/o	numeric__receptor_only__pif_340_644_min_distance	0.0	0.0
receptor_only_geometry	receptor_grouped_5fold	2	Gi/o	numeric__receptor_only__pif_550_644_min_distance	0.0	0.0
receptor_only_geometry	receptor_grouped_5fold	2	Gi/o	numeric__receptor_only__pif_triangle_perimeter	0.0	0.0
receptor_only_geometry	receptor_grouped_5fold	2	Gi/o	numeric__receptor_only__position_644_chi1	0.0	0.0
receptor_only_geometry	receptor_grouped_5fold	2	Gi/o	numeric__receptor_only__position_644_chi2	0.0	0.0
receptor_only_geometry	receptor_grouped_5fold	2	Gi/o	numeric__receptor_only__w648_chi1	0.0	0.0
receptor_only_geometry	receptor_grouped_5fold	2	Gi/o	numeric__receptor_only__w648_chi2	0.0	0.0
receptor_only_geometry	receptor_grouped_5fold	2	Gi/o	numeric__receptor_only__w648_displacement	0.0	0.0
receptor_only_geometry	receptor_grouped_5fold	2	Gi/o	numeric__receptor_only__w648_to_644_distance	0.0	0.0
receptor_only_geometry	receptor_grouped_5fold	2	Gi/o	numeric__receptor_only__cwxp_647_650_distance	0.0	0.0
receptor_only_geometry	receptor_grouped_5fold	2	Gi/o	numeric__receptor_only__y753_chi1	0.0	0.0
receptor_only_geometry	receptor_grouped_5fold	2	Gi/o	numeric__receptor_only__y753_chi2	0.0	0.0
receptor_only_geometry	receptor_grouped_5fold	2	Gi/o	numeric__receptor_only__y753_y558_distance	0.0	0.0
receptor_only_geometry	receptor_grouped_5fold	2	Gi/o	numeric__receptor_only__y753_y558_min_distance	0.0	0.0
receptor_only_geometry	receptor_grouped_5fold	2	Gi/o	numeric__receptor_only__n749_y753_distance	0.0	0.0
receptor_only_geometry	receptor_grouped_5fold	2	Gi/o	numeric__receptor_only__npxxy_local_spread	0.0	0.0
receptor_only_geometry	receptor_grouped_5fold	2	Gi/o	numeric__receptor_only__y753_displacement	0.0	0.0
receptor_only_geometry	receptor_grouped_5fold	2	Gi/o	numeric__receptor_only__sodium_d250_s339_distance	0.0	0.0
receptor_only_geometry	receptor_grouped_5fold	2	Gi/o	numeric__receptor_only__sodium_d250_n745_distance	0.0	0.0
receptor_only_geometry	receptor_grouped_5fold	2	Gi/o	numeric__receptor_only__sodium_d250_s746_distance	0.0	0.0
receptor_only_geometry	receptor_grouped_5fold	2	Gi/o	numeric__receptor_only__sodium_d250_n749_distance	0.0	0.0
receptor_only_geometry	receptor_grouped_5fold	2	Gi/o	numeric__receptor_only__sodium_pocket_volume	0.0	0.0
receptor_only_geometry	receptor_grouped_5fold	2	Gi/o	numeric__receptor_only__sodium_pocket_spread	0.0	0.0
receptor_only_geometry	receptor_grouped_5fold	2	Gi/o	numeric__receptor_only__tm7_rotation	0.0	0.0
receptor_only_geometry	receptor_grouped_5fold	2	Gi/o	numeric__receptor_only__icl2_generic_ca_count	0.0	0.0
receptor_only_geometry	receptor_grouped_5fold	2	Gi/o	numeric__receptor_only__icl2_end_to_end_distance	0.15886642923475114	0.15886642923475114
receptor_only_geometry	receptor_grouped_5fold	2	Gi/o	numeric__receptor_only__icl2_centroid_to_r350	0.0	0.0
receptor_only_geometry	receptor_grouped_5fold	2	Gi/o	numeric__receptor_only__icl2_centroid_to_tm5_561	0.0	0.0
receptor_only_geometry	receptor_grouped_5fold	2	Gi/o	numeric__receptor_only__icl2_centroid_to_tm6_634	0.0	0.0
receptor_only_geometry	receptor_grouped_5fold	2	Gi/o	numeric__receptor_only__icl2_centroid_to_tm7_753	0.0	0.0
receptor_only_geometry	receptor_grouped_5fold	2	Gi/o	numeric__receptor_only__icl2_axis_tm3_angle	0.0	0.0
receptor_only_geometry	receptor_grouped_5fold	2	Gi/o	numeric__receptor_only__icl2_axis_tm5_angle	0.0	0.0
receptor_only_geometry	receptor_grouped_5fold	2	Gi/o	numeric__receptor_only__icl2_active_reference_displacement	0.0	0.0
receptor_only_geometry	receptor_grouped_5fold	2	Gi/o	numeric__receptor_only__tm5_cytoplasmic_extension	0.0	0.0
receptor_only_geometry	receptor_grouped_5fold	2	Gi/o	numeric__receptor_only__tm5_cytoplasmic_kink	0.0	0.0
receptor_only_geometry	receptor_grouped_5fold	2	Gi/o	numeric__receptor_only__tm5_r350_561_distance	0.0	0.0
receptor_only_geometry	receptor_grouped_5fold	2	Gi/o	numeric__receptor_only__tm5_r350_564_distance	0.0	0.0
receptor_only_geometry	receptor_grouped_5fold	2	Gi/o	numeric__receptor_only__tm5_tm6_cavity_distance	0.0	0.0
receptor_only_geometry	receptor_grouped_5fold	2	Gi/o	numeric__receptor_only__tm5_axis_tm3_angle	0.0	0.0
receptor_only_geometry	receptor_grouped_5fold	2	Gi/o	numeric__receptor_only__tm6_lower_upper_kink	0.0	0.0
receptor_only_geometry	receptor_grouped_5fold	2	Gi/o	numeric__receptor_only__tm6_axis_tm3_angle	0.0	0.0
receptor_only_geometry	receptor_grouped_5fold	2	Gi/o	numeric__receptor_only__tm6_tm7_cavity_distance	0.0	0.0
receptor_only_geometry	receptor_grouped_5fold	2	Gi/o	numeric__receptor_only__tm7_h8_angle	0.0	0.0
receptor_only_geometry	receptor_grouped_5fold	2	Gi/o	numeric__receptor_only__h8_end_to_end_distance	0.0	0.0
receptor_only_geometry	receptor_grouped_5fold	2	Gi/o	numeric__receptor_only__h8_r350_distance	0.0	0.0
receptor_only_geometry	receptor_grouped_5fold	2	Gi/o	numeric__receptor_only__h8_tm6_distance	0.0	0.0
receptor_only_geometry	receptor_grouped_5fold	2	Gi/o	numeric__receptor_only__icl2_helix_fraction	0.0	0.0
receptor_only_geometry	receptor_grouped_5fold	2	Gi/o	numeric__receptor_only__icl2_longest_helix	0.0	0.0
receptor_only_geometry	receptor_grouped_5fold	2	Gi/o	numeric__receptor_only__icl2_mean_phi	0.0	0.0
receptor_only_geometry	receptor_grouped_5fold	2	Gi/o	numeric__receptor_only__icl2_mean_psi	0.0	0.0
receptor_only_geometry	receptor_grouped_5fold	2	Gi/o	numeric__receptor_only__intracellular_cavity_core_volume	0.0	0.0
receptor_only_geometry	receptor_grouped_5fold	2	Gi/o	numeric__receptor_only__intracellular_cavity_core_mouth_area	0.0	0.0
receptor_only_geometry	receptor_grouped_5fold	2	Gi/o	numeric__receptor_only__intracellular_cavity_core_depth	0.0	0.0
receptor_only_geometry	receptor_grouped_5fold	2	Gi/o	numeric__receptor_only__intracellular_cavity_core_maximum_width	0.0	0.0
receptor_only_geometry	receptor_grouped_5fold	2	Gi/o	numeric__receptor_only__intracellular_cavity_core_average_cross_section	0.0	0.0
receptor_only_geometry	receptor_grouped_5fold	2	Gi/o	numeric__receptor_only__intracellular_cavity_core_bottleneck_area	0.0	0.0
receptor_only_geometry	receptor_grouped_5fold	2	Gi/o	numeric__receptor_only__intracellular_cavity_core_bottleneck_radius	0.0	0.0
receptor_only_geometry	receptor_grouped_5fold	2	Gi/o	numeric__receptor_only__intracellular_cavity_core_max_inscribed_radius	0.0	0.0
receptor_only_geometry	receptor_grouped_5fold	2	Gi/o	numeric__receptor_only__intracellular_cavity_core_surface_area	0.0	0.0
receptor_only_geometry	receptor_grouped_5fold	2	Gi/o	numeric__receptor_only__intracellular_cavity_core_centroid_x	0.0	0.0
receptor_only_geometry	receptor_grouped_5fold	2	Gi/o	numeric__receptor_only__intracellular_cavity_core_centroid_y	0.0	0.0
receptor_only_geometry	receptor_grouped_5fold	2	Gi/o	numeric__receptor_only__intracellular_cavity_core_centroid_z	0.0	0.0
receptor_only_geometry	receptor_grouped_5fold	2	Gi/o	numeric__receptor_only__intracellular_cavity_core_principal_length_1	0.0	0.0
receptor_only_geometry	receptor_grouped_5fold	2	Gi/o	numeric__receptor_only__intracellular_cavity_core_principal_length_2	0.0	0.0
receptor_only_geometry	receptor_grouped_5fold	2	Gi/o	numeric__receptor_only__intracellular_cavity_core_principal_length_3	0.0	0.0
receptor_only_geometry	receptor_grouped_5fold	2	Gi/o	numeric__receptor_only__intracellular_cavity_core_principal_axis_1_z_alignment	0.0	0.0
receptor_only_geometry	receptor_grouped_5fold	2	Gi/o	numeric__receptor_only__intracellular_cavity_core_eccentricity	0.0	0.0
receptor_only_geometry	receptor_grouped_5fold	2	Gi/o	numeric__receptor_only__intracellular_cavity_core_sphericity	0.0	0.0
receptor_only_geometry	receptor_grouped_5fold	2	Gi/o	numeric__receptor_only__intracellular_cavity_core_asymmetry	0.0	0.0
receptor_only_geometry	receptor_grouped_5fold	2	Gi/o	numeric__receptor_only__intracellular_cavity_core_tm3_side_fraction	0.0	0.0
receptor_only_geometry	receptor_grouped_5fold	2	Gi/o	numeric__receptor_only__intracellular_cavity_core_tm6_side_fraction	0.0	0.0
receptor_only_geometry	receptor_grouped_5fold	2	Gi/o	numeric__receptor_only__intracellular_cavity_core_tm5_side_fraction	0.0	0.0
receptor_only_geometry	receptor_grouped_5fold	2	Gi/o	numeric__receptor_only__intracellular_cavity_core_tm7_side_fraction	0.0	0.0
receptor_only_geometry	receptor_grouped_5fold	2	Gi/o	numeric__receptor_only__intracellular_cavity_core_wall_fraction_h8	0.0	0.0
receptor_only_geometry	receptor_grouped_5fold	2	Gi/o	numeric__receptor_only__intracellular_cavity_core_wall_fraction_icl2	0.0	0.0
receptor_only_geometry	receptor_grouped_5fold	2	Gi/o	numeric__receptor_only__intracellular_cavity_core_wall_fraction_tm3	0.0	0.0
receptor_only_geometry	receptor_grouped_5fold	2	Gi/o	numeric__receptor_only__intracellular_cavity_core_wall_fraction_tm7	0.0	0.0
receptor_only_geometry	receptor_grouped_5fold	2	Gq/11	numeric__receptor_only__activation_consensus_score	0.0	0.0
receptor_only_geometry	receptor_grouped_5fold	2	Gq/11	numeric__receptor_only__tm6_r350_634_distance	0.0	0.0
receptor_only_geometry	receptor_grouped_5fold	2	Gq/11	numeric__receptor_only__tm6_aligned_displacement	0.0	0.0
receptor_only_geometry	receptor_grouped_5fold	2	Gq/11	numeric__receptor_only__tm7_displacement	0.0	0.0
receptor_only_geometry	receptor_grouped_5fold	2	Gq/11	numeric__receptor_only__tm3_tm7_distance	0.0	0.0
receptor_only_geometry	receptor_grouped_5fold	2	Gq/11	numeric__receptor_only__tm6_r350_630_distance	0.0	0.0
receptor_only_geometry	receptor_grouped_5fold	2	Gq/11	numeric__receptor_only__dry_r350_630_min_distance	0.0	0.0
receptor_only_geometry	receptor_grouped_5fold	2	Gq/11	numeric__receptor_only__dry_r350_630_ca_distance	0.0	0.0
receptor_only_geometry	receptor_grouped_5fold	2	Gq/11	numeric__receptor_only__dry_d349_r350_min_distance	0.0	0.0
receptor_only_geometry	receptor_grouped_5fold	2	Gq/11	numeric__receptor_only__r350_chi1	0.0	0.0
receptor_only_geometry	receptor_grouped_5fold	2	Gq/11	numeric__receptor_only__r350_chi2	-0.11693984949559437	0.11693984949559437
receptor_only_geometry	receptor_grouped_5fold	2	Gq/11	numeric__receptor_only__pif_550_340_distance	0.0	0.0
receptor_only_geometry	receptor_grouped_5fold	2	Gq/11	numeric__receptor_only__pif_340_644_distance	-0.05354961001245278	0.05354961001245278
receptor_only_geometry	receptor_grouped_5fold	2	Gq/11	numeric__receptor_only__pif_550_644_distance	0.0	0.0
receptor_only_geometry	receptor_grouped_5fold	2	Gq/11	numeric__receptor_only__pif_550_340_min_distance	0.0	0.0
receptor_only_geometry	receptor_grouped_5fold	2	Gq/11	numeric__receptor_only__pif_340_644_min_distance	0.0	0.0
receptor_only_geometry	receptor_grouped_5fold	2	Gq/11	numeric__receptor_only__pif_550_644_min_distance	0.0	0.0
receptor_only_geometry	receptor_grouped_5fold	2	Gq/11	numeric__receptor_only__pif_triangle_perimeter	0.0	0.0
receptor_only_geometry	receptor_grouped_5fold	2	Gq/11	numeric__receptor_only__position_644_chi1	0.0	0.0
receptor_only_geometry	receptor_grouped_5fold	2	Gq/11	numeric__receptor_only__position_644_chi2	0.0	0.0
receptor_only_geometry	receptor_grouped_5fold	2	Gq/11	numeric__receptor_only__w648_chi1	0.0	0.0
receptor_only_geometry	receptor_grouped_5fold	2	Gq/11	numeric__receptor_only__w648_chi2	0.0	0.0
receptor_only_geometry	receptor_grouped_5fold	2	Gq/11	numeric__receptor_only__w648_displacement	0.0	0.0
receptor_only_geometry	receptor_grouped_5fold	2	Gq/11	numeric__receptor_only__w648_to_644_distance	0.0	0.0
receptor_only_geometry	receptor_grouped_5fold	2	Gq/11	numeric__receptor_only__cwxp_647_650_distance	0.0	0.0
receptor_only_geometry	receptor_grouped_5fold	2	Gq/11	numeric__receptor_only__y753_chi1	0.0	0.0
receptor_only_geometry	receptor_grouped_5fold	2	Gq/11	numeric__receptor_only__y753_chi2	0.0	0.0
receptor_only_geometry	receptor_grouped_5fold	2	Gq/11	numeric__receptor_only__y753_y558_distance	0.0	0.0
receptor_only_geometry	receptor_grouped_5fold	2	Gq/11	numeric__receptor_only__y753_y558_min_distance	0.0	0.0
receptor_only_geometry	receptor_grouped_5fold	2	Gq/11	numeric__receptor_only__n749_y753_distance	0.0	0.0
receptor_only_geometry	receptor_grouped_5fold	2	Gq/11	numeric__receptor_only__npxxy_local_spread	0.0	0.0
receptor_only_geometry	receptor_grouped_5fold	2	Gq/11	numeric__receptor_only__y753_displacement	0.0	0.0
receptor_only_geometry	receptor_grouped_5fold	2	Gq/11	numeric__receptor_only__sodium_d250_s339_distance	0.0	0.0
receptor_only_geometry	receptor_grouped_5fold	2	Gq/11	numeric__receptor_only__sodium_d250_n745_distance	0.0	0.0
receptor_only_geometry	receptor_grouped_5fold	2	Gq/11	numeric__receptor_only__sodium_d250_s746_distance	0.0	0.0
receptor_only_geometry	receptor_grouped_5fold	2	Gq/11	numeric__receptor_only__sodium_d250_n749_distance	0.0	0.0
receptor_only_geometry	receptor_grouped_5fold	2	Gq/11	numeric__receptor_only__sodium_pocket_volume	0.3115374702342866	0.3115374702342866
receptor_only_geometry	receptor_grouped_5fold	2	Gq/11	numeric__receptor_only__sodium_pocket_spread	0.0	0.0
receptor_only_geometry	receptor_grouped_5fold	2	Gq/11	numeric__receptor_only__tm7_rotation	0.0	0.0
receptor_only_geometry	receptor_grouped_5fold	2	Gq/11	numeric__receptor_only__icl2_generic_ca_count	0.0	0.0
receptor_only_geometry	receptor_grouped_5fold	2	Gq/11	numeric__receptor_only__icl2_end_to_end_distance	0.0	0.0
receptor_only_geometry	receptor_grouped_5fold	2	Gq/11	numeric__receptor_only__icl2_centroid_to_r350	0.0	0.0
receptor_only_geometry	receptor_grouped_5fold	2	Gq/11	numeric__receptor_only__icl2_centroid_to_tm5_561	0.0	0.0
receptor_only_geometry	receptor_grouped_5fold	2	Gq/11	numeric__receptor_only__icl2_centroid_to_tm6_634	0.0	0.0
receptor_only_geometry	receptor_grouped_5fold	2	Gq/11	numeric__receptor_only__icl2_centroid_to_tm7_753	0.0	0.0
receptor_only_geometry	receptor_grouped_5fold	2	Gq/11	numeric__receptor_only__icl2_axis_tm3_angle	0.0	0.0
receptor_only_geometry	receptor_grouped_5fold	2	Gq/11	numeric__receptor_only__icl2_axis_tm5_angle	0.0	0.0
receptor_only_geometry	receptor_grouped_5fold	2	Gq/11	numeric__receptor_only__icl2_active_reference_displacement	0.0	0.0
receptor_only_geometry	receptor_grouped_5fold	2	Gq/11	numeric__receptor_only__tm5_cytoplasmic_extension	0.0	0.0
receptor_only_geometry	receptor_grouped_5fold	2	Gq/11	numeric__receptor_only__tm5_cytoplasmic_kink	0.0	0.0
receptor_only_geometry	receptor_grouped_5fold	2	Gq/11	numeric__receptor_only__tm5_r350_561_distance	0.0	0.0
receptor_only_geometry	receptor_grouped_5fold	2	Gq/11	numeric__receptor_only__tm5_r350_564_distance	0.0	0.0
receptor_only_geometry	receptor_grouped_5fold	2	Gq/11	numeric__receptor_only__tm5_tm6_cavity_distance	0.0	0.0
receptor_only_geometry	receptor_grouped_5fold	2	Gq/11	numeric__receptor_only__tm5_axis_tm3_angle	0.0	0.0
receptor_only_geometry	receptor_grouped_5fold	2	Gq/11	numeric__receptor_only__tm6_lower_upper_kink	0.0	0.0
receptor_only_geometry	receptor_grouped_5fold	2	Gq/11	numeric__receptor_only__tm6_axis_tm3_angle	0.0	0.0
receptor_only_geometry	receptor_grouped_5fold	2	Gq/11	numeric__receptor_only__tm6_tm7_cavity_distance	0.0	0.0
receptor_only_geometry	receptor_grouped_5fold	2	Gq/11	numeric__receptor_only__tm7_h8_angle	0.0	0.0
receptor_only_geometry	receptor_grouped_5fold	2	Gq/11	numeric__receptor_only__h8_end_to_end_distance	0.0	0.0
receptor_only_geometry	receptor_grouped_5fold	2	Gq/11	numeric__receptor_only__h8_r350_distance	0.0	0.0
receptor_only_geometry	receptor_grouped_5fold	2	Gq/11	numeric__receptor_only__h8_tm6_distance	0.0	0.0
receptor_only_geometry	receptor_grouped_5fold	2	Gq/11	numeric__receptor_only__icl2_helix_fraction	0.0	0.0
receptor_only_geometry	receptor_grouped_5fold	2	Gq/11	numeric__receptor_only__icl2_longest_helix	0.0	0.0
receptor_only_geometry	receptor_grouped_5fold	2	Gq/11	numeric__receptor_only__icl2_mean_phi	0.0	0.0
receptor_only_geometry	receptor_grouped_5fold	2	Gq/11	numeric__receptor_only__icl2_mean_psi	0.0	0.0
receptor_only_geometry	receptor_grouped_5fold	2	Gq/11	numeric__receptor_only__intracellular_cavity_core_volume	0.0	0.0
receptor_only_geometry	receptor_grouped_5fold	2	Gq/11	numeric__receptor_only__intracellular_cavity_core_mouth_area	0.0	0.0
receptor_only_geometry	receptor_grouped_5fold	2	Gq/11	numeric__receptor_only__intracellular_cavity_core_depth	0.0	0.0
receptor_only_geometry	receptor_grouped_5fold	2	Gq/11	numeric__receptor_only__intracellular_cavity_core_maximum_width	0.0	0.0
receptor_only_geometry	receptor_grouped_5fold	2	Gq/11	numeric__receptor_only__intracellular_cavity_core_average_cross_section	0.0	0.0
receptor_only_geometry	receptor_grouped_5fold	2	Gq/11	numeric__receptor_only__intracellular_cavity_core_bottleneck_area	0.0	0.0
receptor_only_geometry	receptor_grouped_5fold	2	Gq/11	numeric__receptor_only__intracellular_cavity_core_bottleneck_radius	0.0	0.0
receptor_only_geometry	receptor_grouped_5fold	2	Gq/11	numeric__receptor_only__intracellular_cavity_core_max_inscribed_radius	0.0	0.0
receptor_only_geometry	receptor_grouped_5fold	2	Gq/11	numeric__receptor_only__intracellular_cavity_core_surface_area	0.0	0.0
receptor_only_geometry	receptor_grouped_5fold	2	Gq/11	numeric__receptor_only__intracellular_cavity_core_centroid_x	0.0	0.0
receptor_only_geometry	receptor_grouped_5fold	2	Gq/11	numeric__receptor_only__intracellular_cavity_core_centroid_y	0.0	0.0
receptor_only_geometry	receptor_grouped_5fold	2	Gq/11	numeric__receptor_only__intracellular_cavity_core_centroid_z	0.0	0.0
receptor_only_geometry	receptor_grouped_5fold	2	Gq/11	numeric__receptor_only__intracellular_cavity_core_principal_length_1	0.0	0.0
receptor_only_geometry	receptor_grouped_5fold	2	Gq/11	numeric__receptor_only__intracellular_cavity_core_principal_length_2	0.0	0.0
receptor_only_geometry	receptor_grouped_5fold	2	Gq/11	numeric__receptor_only__intracellular_cavity_core_principal_length_3	0.0	0.0
receptor_only_geometry	receptor_grouped_5fold	2	Gq/11	numeric__receptor_only__intracellular_cavity_core_principal_axis_1_z_alignment	0.0	0.0
receptor_only_geometry	receptor_grouped_5fold	2	Gq/11	numeric__receptor_only__intracellular_cavity_core_eccentricity	0.0	0.0
receptor_only_geometry	receptor_grouped_5fold	2	Gq/11	numeric__receptor_only__intracellular_cavity_core_sphericity	0.0	0.0
receptor_only_geometry	receptor_grouped_5fold	2	Gq/11	numeric__receptor_only__intracellular_cavity_core_asymmetry	0.0	0.0
receptor_only_geometry	receptor_grouped_5fold	2	Gq/11	numeric__receptor_only__intracellular_cavity_core_tm3_side_fraction	0.0	0.0
receptor_only_geometry	receptor_grouped_5fold	2	Gq/11	numeric__receptor_only__intracellular_cavity_core_tm6_side_fraction	0.0	0.0
receptor_only_geometry	receptor_grouped_5fold	2	Gq/11	numeric__receptor_only__intracellular_cavity_core_tm5_side_fraction	0.0	0.0
receptor_only_geometry	receptor_grouped_5fold	2	Gq/11	numeric__receptor_only__intracellular_cavity_core_tm7_side_fraction	0.0	0.0
receptor_only_geometry	receptor_grouped_5fold	2	Gq/11	numeric__receptor_only__intracellular_cavity_core_wall_fraction_h8	0.0	0.0
receptor_only_geometry	receptor_grouped_5fold	2	Gq/11	numeric__receptor_only__intracellular_cavity_core_wall_fraction_icl2	0.0	0.0
receptor_only_geometry	receptor_grouped_5fold	2	Gq/11	numeric__receptor_only__intracellular_cavity_core_wall_fraction_tm3	0.0	0.0
receptor_only_geometry	receptor_grouped_5fold	2	Gq/11	numeric__receptor_only__intracellular_cavity_core_wall_fraction_tm7	0.0	0.0
receptor_only_geometry	receptor_grouped_5fold	2	Gs	numeric__receptor_only__activation_consensus_score	0.0	0.0
receptor_only_geometry	receptor_grouped_5fold	2	Gs	numeric__receptor_only__tm6_r350_634_distance	0.0	0.0
receptor_only_geometry	receptor_grouped_5fold	2	Gs	numeric__receptor_only__tm6_aligned_displacement	0.0	0.0
receptor_only_geometry	receptor_grouped_5fold	2	Gs	numeric__receptor_only__tm7_displacement	0.0	0.0
receptor_only_geometry	receptor_grouped_5fold	2	Gs	numeric__receptor_only__tm3_tm7_distance	0.0	0.0
receptor_only_geometry	receptor_grouped_5fold	2	Gs	numeric__receptor_only__tm6_r350_630_distance	0.0	0.0
receptor_only_geometry	receptor_grouped_5fold	2	Gs	numeric__receptor_only__dry_r350_630_min_distance	0.0	0.0
receptor_only_geometry	receptor_grouped_5fold	2	Gs	numeric__receptor_only__dry_r350_630_ca_distance	0.0	0.0
receptor_only_geometry	receptor_grouped_5fold	2	Gs	numeric__receptor_only__dry_d349_r350_min_distance	0.0	0.0
receptor_only_geometry	receptor_grouped_5fold	2	Gs	numeric__receptor_only__r350_chi1	0.0	0.0
receptor_only_geometry	receptor_grouped_5fold	2	Gs	numeric__receptor_only__r350_chi2	0.196313152061593	0.196313152061593
receptor_only_geometry	receptor_grouped_5fold	2	Gs	numeric__receptor_only__pif_550_340_distance	0.0	0.0
receptor_only_geometry	receptor_grouped_5fold	2	Gs	numeric__receptor_only__pif_340_644_distance	0.0	0.0
receptor_only_geometry	receptor_grouped_5fold	2	Gs	numeric__receptor_only__pif_550_644_distance	0.0	0.0
receptor_only_geometry	receptor_grouped_5fold	2	Gs	numeric__receptor_only__pif_550_340_min_distance	0.0	0.0
receptor_only_geometry	receptor_grouped_5fold	2	Gs	numeric__receptor_only__pif_340_644_min_distance	0.0	0.0
receptor_only_geometry	receptor_grouped_5fold	2	Gs	numeric__receptor_only__pif_550_644_min_distance	0.0	0.0
receptor_only_geometry	receptor_grouped_5fold	2	Gs	numeric__receptor_only__pif_triangle_perimeter	0.0	0.0
receptor_only_geometry	receptor_grouped_5fold	2	Gs	numeric__receptor_only__position_644_chi1	0.0	0.0
receptor_only_geometry	receptor_grouped_5fold	2	Gs	numeric__receptor_only__position_644_chi2	0.0	0.0
receptor_only_geometry	receptor_grouped_5fold	2	Gs	numeric__receptor_only__w648_chi1	0.0	0.0
receptor_only_geometry	receptor_grouped_5fold	2	Gs	numeric__receptor_only__w648_chi2	0.0	0.0
receptor_only_geometry	receptor_grouped_5fold	2	Gs	numeric__receptor_only__w648_displacement	0.0	0.0
receptor_only_geometry	receptor_grouped_5fold	2	Gs	numeric__receptor_only__w648_to_644_distance	0.0	0.0
receptor_only_geometry	receptor_grouped_5fold	2	Gs	numeric__receptor_only__cwxp_647_650_distance	0.0	0.0
receptor_only_geometry	receptor_grouped_5fold	2	Gs	numeric__receptor_only__y753_chi1	0.0	0.0
receptor_only_geometry	receptor_grouped_5fold	2	Gs	numeric__receptor_only__y753_chi2	0.0	0.0
receptor_only_geometry	receptor_grouped_5fold	2	Gs	numeric__receptor_only__y753_y558_distance	0.0	0.0
receptor_only_geometry	receptor_grouped_5fold	2	Gs	numeric__receptor_only__y753_y558_min_distance	0.0	0.0
receptor_only_geometry	receptor_grouped_5fold	2	Gs	numeric__receptor_only__n749_y753_distance	0.0	0.0
receptor_only_geometry	receptor_grouped_5fold	2	Gs	numeric__receptor_only__npxxy_local_spread	0.0	0.0
receptor_only_geometry	receptor_grouped_5fold	2	Gs	numeric__receptor_only__y753_displacement	0.0	0.0
receptor_only_geometry	receptor_grouped_5fold	2	Gs	numeric__receptor_only__sodium_d250_s339_distance	0.0	0.0
receptor_only_geometry	receptor_grouped_5fold	2	Gs	numeric__receptor_only__sodium_d250_n745_distance	0.0	0.0
receptor_only_geometry	receptor_grouped_5fold	2	Gs	numeric__receptor_only__sodium_d250_s746_distance	0.0	0.0
receptor_only_geometry	receptor_grouped_5fold	2	Gs	numeric__receptor_only__sodium_d250_n749_distance	0.0	0.0
receptor_only_geometry	receptor_grouped_5fold	2	Gs	numeric__receptor_only__sodium_pocket_volume	0.0	0.0
receptor_only_geometry	receptor_grouped_5fold	2	Gs	numeric__receptor_only__sodium_pocket_spread	0.0	0.0
receptor_only_geometry	receptor_grouped_5fold	2	Gs	numeric__receptor_only__tm7_rotation	0.0	0.0
receptor_only_geometry	receptor_grouped_5fold	2	Gs	numeric__receptor_only__icl2_generic_ca_count	0.0	0.0
receptor_only_geometry	receptor_grouped_5fold	2	Gs	numeric__receptor_only__icl2_end_to_end_distance	0.0	0.0
receptor_only_geometry	receptor_grouped_5fold	2	Gs	numeric__receptor_only__icl2_centroid_to_r350	0.0	0.0
receptor_only_geometry	receptor_grouped_5fold	2	Gs	numeric__receptor_only__icl2_centroid_to_tm5_561	0.0	0.0
receptor_only_geometry	receptor_grouped_5fold	2	Gs	numeric__receptor_only__icl2_centroid_to_tm6_634	0.0	0.0
receptor_only_geometry	receptor_grouped_5fold	2	Gs	numeric__receptor_only__icl2_centroid_to_tm7_753	0.0	0.0
receptor_only_geometry	receptor_grouped_5fold	2	Gs	numeric__receptor_only__icl2_axis_tm3_angle	0.0	0.0
receptor_only_geometry	receptor_grouped_5fold	2	Gs	numeric__receptor_only__icl2_axis_tm5_angle	0.0	0.0
receptor_only_geometry	receptor_grouped_5fold	2	Gs	numeric__receptor_only__icl2_active_reference_displacement	0.0	0.0
receptor_only_geometry	receptor_grouped_5fold	2	Gs	numeric__receptor_only__tm5_cytoplasmic_extension	0.0	0.0
receptor_only_geometry	receptor_grouped_5fold	2	Gs	numeric__receptor_only__tm5_cytoplasmic_kink	0.0	0.0
receptor_only_geometry	receptor_grouped_5fold	2	Gs	numeric__receptor_only__tm5_r350_561_distance	0.0	0.0
receptor_only_geometry	receptor_grouped_5fold	2	Gs	numeric__receptor_only__tm5_r350_564_distance	0.0	0.0
receptor_only_geometry	receptor_grouped_5fold	2	Gs	numeric__receptor_only__tm5_tm6_cavity_distance	0.0	0.0
receptor_only_geometry	receptor_grouped_5fold	2	Gs	numeric__receptor_only__tm5_axis_tm3_angle	0.0	0.0
receptor_only_geometry	receptor_grouped_5fold	2	Gs	numeric__receptor_only__tm6_lower_upper_kink	0.0	0.0
receptor_only_geometry	receptor_grouped_5fold	2	Gs	numeric__receptor_only__tm6_axis_tm3_angle	0.0	0.0
receptor_only_geometry	receptor_grouped_5fold	2	Gs	numeric__receptor_only__tm6_tm7_cavity_distance	0.0	0.0
receptor_only_geometry	receptor_grouped_5fold	2	Gs	numeric__receptor_only__tm7_h8_angle	-0.16855568428985523	0.16855568428985523
receptor_only_geometry	receptor_grouped_5fold	2	Gs	numeric__receptor_only__h8_end_to_end_distance	0.0	0.0
receptor_only_geometry	receptor_grouped_5fold	2	Gs	numeric__receptor_only__h8_r350_distance	0.0	0.0
receptor_only_geometry	receptor_grouped_5fold	2	Gs	numeric__receptor_only__h8_tm6_distance	0.0	0.0
receptor_only_geometry	receptor_grouped_5fold	2	Gs	numeric__receptor_only__icl2_helix_fraction	0.0	0.0
receptor_only_geometry	receptor_grouped_5fold	2	Gs	numeric__receptor_only__icl2_longest_helix	0.0	0.0
receptor_only_geometry	receptor_grouped_5fold	2	Gs	numeric__receptor_only__icl2_mean_phi	0.0	0.0
receptor_only_geometry	receptor_grouped_5fold	2	Gs	numeric__receptor_only__icl2_mean_psi	0.0	0.0
receptor_only_geometry	receptor_grouped_5fold	2	Gs	numeric__receptor_only__intracellular_cavity_core_volume	0.0	0.0
receptor_only_geometry	receptor_grouped_5fold	2	Gs	numeric__receptor_only__intracellular_cavity_core_mouth_area	0.004189098301533815	0.004189098301533815
receptor_only_geometry	receptor_grouped_5fold	2	Gs	numeric__receptor_only__intracellular_cavity_core_depth	0.0	0.0
receptor_only_geometry	receptor_grouped_5fold	2	Gs	numeric__receptor_only__intracellular_cavity_core_maximum_width	0.0	0.0
receptor_only_geometry	receptor_grouped_5fold	2	Gs	numeric__receptor_only__intracellular_cavity_core_average_cross_section	0.0	0.0
receptor_only_geometry	receptor_grouped_5fold	2	Gs	numeric__receptor_only__intracellular_cavity_core_bottleneck_area	0.0	0.0
receptor_only_geometry	receptor_grouped_5fold	2	Gs	numeric__receptor_only__intracellular_cavity_core_bottleneck_radius	0.0	0.0
receptor_only_geometry	receptor_grouped_5fold	2	Gs	numeric__receptor_only__intracellular_cavity_core_max_inscribed_radius	0.0	0.0
receptor_only_geometry	receptor_grouped_5fold	2	Gs	numeric__receptor_only__intracellular_cavity_core_surface_area	0.0	0.0
receptor_only_geometry	receptor_grouped_5fold	2	Gs	numeric__receptor_only__intracellular_cavity_core_centroid_x	0.0	0.0
receptor_only_geometry	receptor_grouped_5fold	2	Gs	numeric__receptor_only__intracellular_cavity_core_centroid_y	0.0	0.0
receptor_only_geometry	receptor_grouped_5fold	2	Gs	numeric__receptor_only__intracellular_cavity_core_centroid_z	0.0	0.0
receptor_only_geometry	receptor_grouped_5fold	2	Gs	numeric__receptor_only__intracellular_cavity_core_principal_length_1	-0.2701274621585431	0.2701274621585431
receptor_only_geometry	receptor_grouped_5fold	2	Gs	numeric__receptor_only__intracellular_cavity_core_principal_length_2	0.0	0.0
receptor_only_geometry	receptor_grouped_5fold	2	Gs	numeric__receptor_only__intracellular_cavity_core_principal_length_3	0.1520144439636898	0.1520144439636898
receptor_only_geometry	receptor_grouped_5fold	2	Gs	numeric__receptor_only__intracellular_cavity_core_principal_axis_1_z_alignment	0.0	0.0
receptor_only_geometry	receptor_grouped_5fold	2	Gs	numeric__receptor_only__intracellular_cavity_core_eccentricity	-0.5420130004522857	0.5420130004522857
receptor_only_geometry	receptor_grouped_5fold	2	Gs	numeric__receptor_only__intracellular_cavity_core_sphericity	0.0	0.0
receptor_only_geometry	receptor_grouped_5fold	2	Gs	numeric__receptor_only__intracellular_cavity_core_asymmetry	0.0	0.0
receptor_only_geometry	receptor_grouped_5fold	2	Gs	numeric__receptor_only__intracellular_cavity_core_tm3_side_fraction	0.0	0.0
receptor_only_geometry	receptor_grouped_5fold	2	Gs	numeric__receptor_only__intracellular_cavity_core_tm6_side_fraction	0.0	0.0
receptor_only_geometry	receptor_grouped_5fold	2	Gs	numeric__receptor_only__intracellular_cavity_core_tm5_side_fraction	0.0	0.0
receptor_only_geometry	receptor_grouped_5fold	2	Gs	numeric__receptor_only__intracellular_cavity_core_tm7_side_fraction	0.0	0.0
receptor_only_geometry	receptor_grouped_5fold	2	Gs	numeric__receptor_only__intracellular_cavity_core_wall_fraction_h8	0.0	0.0
receptor_only_geometry	receptor_grouped_5fold	2	Gs	numeric__receptor_only__intracellular_cavity_core_wall_fraction_icl2	0.0	0.0
receptor_only_geometry	receptor_grouped_5fold	2	Gs	numeric__receptor_only__intracellular_cavity_core_wall_fraction_tm3	0.0	0.0
receptor_only_geometry	receptor_grouped_5fold	2	Gs	numeric__receptor_only__intracellular_cavity_core_wall_fraction_tm7	0.0	0.0
